date,sport,category,home_team,away_team,market,selection,odds_source,ai_probability,bookmaker_odds,value,safety_score,safety_level,stake,bet_mode,stake_percent,kelly_fraction,bankroll,confidence,ia_badge,learning_adjustment,calibration_adjustment,threshold_profile,decision_status,refusal_reason,decision_reason,result,profit,final_winner,final_score_home,final_score_away,status_detail,resolved_at,score_exact_1,score_exact_1_proba,score_exact_2,score_exact_2_proba,score_exact_3,score_exact_3_proba,tennis_engine_score,tennis_edge,priority,suggested_stake
2026-06-01T13:00:00Z,tennis_atp_french_open,tennis,Felix Auger-Aliassime,Alejandro Tabilo,Player 1 Win,Felix Auger-Aliassime,the-odds-api,0.6671,1.58,0.054,93.5,3 - VALUE BET,0.5,VALUE BET,0.05,0.0931,10.0,Moyenne,VALUE BET,BASELINE,BASELINE,MEGA 74%/3% | SAFE 67%/1% | VALUE 62%/3%,JOUABLE,ok,Value positive 5.4% | Proba IA 66.7% | Mode VALUE BET | Source the-odds-api,WIN,0.29,Felix Auger-Aliassime,3.0,0.0,RESOLVED_FROM_SOFASCORE,2026-06-03T07:10:25.789682+00:00,2-0,62.0,2-1,38.0,,,71.28,0.054,208.3,0.5
2026-06-01T18:15:00Z,tennis_wta_french_open,tennis,Aryna Sabalenka,Naomi Osaka,Player 1 Win,Aryna Sabalenka,the-odds-api,0.82,1.24,0.0168,88.62,2 - SAFE PICK,1.0,SAFE PICK,0.1,0.07,10.0,Elite,SAFE PICK,BASELINE,BASELINE,MEGA 74%/3% | SAFE 67%/1% | VALUE 62%/3%,JOUABLE,ok,Value positive 1.7% | Proba IA 82.0% | Mode SAFE PICK | Source the-odds-api,WIN,0.24,Aryna Sabalenka,2.0,0.0,RESOLVED_FROM_SOFASCORE,2026-06-03T07:10:25.860306+00:00,2-0,61.0,2-1,39.0,,,78.83,0.0168,195.78,1.0
2026-06-03T17:00:00Z,soccer_international_friendlies,football,Gibraltar,British Virgin Islands,Home Win,Gibraltar,verified-web-fallback,0.7498,1.38,0.0347,91.33,1 - MEGA VALUE,1.5,MEGA VALUE,0.15,0.0914,10.0,Forte,MEGA VALUE,BASELINE,+4.0% (12 obs),MEGA 70%/3% | SAFE 63%/1% | VALUE 58%/3%,JOUABLE,ok,Value positive 3.5% | Proba IA 75.0% | Mode MEGA VALUE | MARCHE JUSTE | Calibration +4.0% (12 obs) | Source verified-web-fallback,WIN,0.5699999999999998,Gibraltar,4.0,0.0,RESOLVED_FROM_MANUAL_RESULTS,2026-06-04T06:56:48.973916+00:00,1-0,12.18,2-0,11.33,1-1,8.53,0.0,0.0,202.59,1.5
2026-06-03T18:45:00Z,soccer_international_friendlies,football,Netherlands,Algeria,Home Win,Netherlands,verified-web-fallback,0.7647,1.3,-0.0059,79.29,2B - FAVORI SOLIDE,1.0,FAVORI SOLIDE,0.1,0.0,10.0,Forte,FAVORI SOLIDE,BASELINE,+4.0% (12 obs),MEGA 70%/3% | SAFE 63%/1% | VALUE 58%/3%,JOUABLE,ok,Value negative ou nulle | Proba IA 76.5% | Mode FAVORI SOLIDE | MARCHE JUSTE | Calibration +4.0% (12 obs) | Source verified-web-fallback,LOSS,-1.0,Algeria,0.0,1.0,RESOLVED_FROM_MANUAL_RESULTS,2026-06-04T06:56:48.978040+00:00,1-0,12.12,2-0,11.29,1-1,8.52,0.0,0.0,170.88,1.0
2026-06-03T18:15:00Z,tennis_atp_french_open,tennis,Matteo Berrettini,Matteo Arnaldi,Player 1 Win,Matteo Berrettini,the-odds-api,0.6678018379761036,1.57,0.0484,92.38,3 - VALUE BET,1.0,VALUE BET,0.1,0.085,10.0,Moyenne,VALUE BET,BOOST,BASELINE,MEGA 74%/3% | SAFE 67%/1% | VALUE 62%/3%,JOUABLE,ok,Value positive 4.8% | Proba IA 66.8% | Mode VALUE BET | Learning BOOST | Source the-odds-api,LOSS,-1.0,Matteo Arnaldi,0.0,2.0,RESOLVED_FROM_MANUAL_RESULTS,2026-06-04T06:38:00.891988+00:00,2-0,56.0,2-1,44.0,,,67.36,0.0214,204.3,1.0
2026-06-03T09:00:00Z,tennis_wta_french_open,tennis,Anna Kalinskaya,Maja Chwalinska,Player 1 Win,Anna Kalinskaya,the-odds-api,0.6473,1.73,0.1198,99.86,3 - VALUE BET,0.17,VALUE BET,0.05,0.1641,10.0,Moyenne,VALUE BET,BASELINE,BASELINE,MEGA 74%/3% | SAFE 67%/1% | VALUE 62%/3%,JOUABLE,ok,Value positive 12.0% | Proba IA 64.7% | Mode VALUE BET | Source the-odds-api,LOSS,-0.17,Maja Chwalinska,0.0,2.0,RESOLVED_FROM_SOFASCORE,2026-06-03T11:42:20.700046+00:00,2-0,66.0,2-1,34.0,,,68.42,0.1199,244.63,0.17
2026-06-03T11:30:00Z,tennis_wta_french_open,tennis,Aryna Sabalenka,Diana Shnaider,Player 1 Win,Aryna Sabalenka,the-odds-api,0.8416807672001305,1.11,-0.0657,79.85,2B - FAVORI SOLIDE,1.5,FAVORI SOLIDE,0.15,0.0,10.0,Elite,FAVORI SOLIDE,BOOST,BASELINE,MEGA 74%/3% | SAFE 67%/1% | VALUE 62%/3%,JOUABLE,ok,Value negative ou nulle | Proba IA 84.2% | Mode FAVORI SOLIDE | Learning BOOST | Source the-odds-api,LOSS,-1.5,Diana Shnaider,1.0,2.0,RESOLVED_FROM_MANUAL_RESULTS,2026-06-04T06:38:00.895993+00:00,2-0,66.0,2-1,34.0,,,77.4,-0.0898,177.1,1.5
2026-06-04T19:10:00Z,soccer_international_friendlies,football,France,Côte d'Ivoire,Home Win,France,verified-web-fallback,0.703359,1.35,-0.0505,79.59,2B - FAVORI SOLIDE,1.34,FAVORI SOLIDE,0.180349932705249,0.0,7.43,Forte,FAVORI SOLIDE,GLOBAL_RECENT_REDUCE,+4.0% (13 obs),MEGA 70%/3% | SAFE 63%/1% | VALUE 58%/3%,JOUABLE,ok,Value negative ou nulle | Proba IA 70.3% | Mode FAVORI SOLIDE | MARCHE JUSTE | Learning GLOBAL_RECENT_REDUCE | Calibration +4.0% (13 obs) | Source verified-web-fallback,PENDING,0.0,,,,RESULT_NOT_FOUND_VERIFY_MANUALLY,,1-0,12.18,2-0,11.33,1-1,8.53,0.0,0.0,167.03,1.34
2026-06-04T16:00:00Z,soccer_international_friendlies,football,Slovenia,Cyprus,Home Win,Slovenia,verified-web-fallback,0.6908040000000001,1.37,-0.0536,78.7,2B - FAVORI SOLIDE,1.34,FAVORI SOLIDE,0.180349932705249,0.0,7.43,Forte,FAVORI SOLIDE,GLOBAL_RECENT_REDUCE,+4.0% (13 obs),MEGA 70%/3% | SAFE 63%/1% | VALUE 58%/3%,JOUABLE,ok,Value negative ou nulle | Proba IA 69.1% | Mode FAVORI SOLIDE | MARCHE JUSTE | Learning GLOBAL_RECENT_REDUCE | Calibration +4.0% (13 obs) | Source verified-web-fallback,PENDING,0.0,,,,RESULT_NOT_FOUND_VERIFY_MANUALLY,,1-0,12.37,2-0,11.47,1-1,8.58,0.0,0.0,164.83,1.34
2026-06-05T12:30:00Z,tennis_atp_french_open,tennis,Jakub Mensik,Alexander Zverev,Player 2 Win,Alexander Zverev,the-odds-api,0.8079,1.26,0.018,88.15,2 - SAFE PICK,0.33,SAFE PICK,0.1,0.0691,10.0,Elite,SAFE PICK,BASELINE,BASELINE,MEGA 74%/3% | SAFE 67%/1% | VALUE 62%/3%,JOUABLE,ok,Value positive 1.8% | Proba IA 80.8% | Mode SAFE PICK | Source the-odds-api,PENDING,0.0,,,,RESULT_NOT_FOUND_VERIFY_MANUALLY,,2-0,66.0,2-1,34.0,,,78.07,0.0179,194.74,0.33
2026-06-08T19:10:00Z,soccer_international_friendlies,football,France,Northern Ireland,Home Win,France,verified-web-fallback,0.8424,1.11,-0.0649,75.76,2B - FAVORI SOLIDE,2.0,FAVORI SOLIDE,0.2692,0.0,7.43,Elite,FAVORI SOLIDE,BASELINE,BASELINE,MEGA 70%/3% | SAFE 63%/1% | VALUE 58%/3%,JOUABLE,ok,Value negative ou nulle | Proba IA 84.2% | Mode FAVORI SOLIDE | Source verified-web-fallback,PENDING,0.0,,,,RESULT_NOT_FOUND_VERIFY_MANUALLY,,2-0,21.51,3-0,21.25,4-0,14.11,0.0,0.0,171.09,2.0
2026-06-08T14:00:00Z,tennis_wta_queens_club_champ,tennis,Harriet Dart,Liudmila Samsonova,Player 2 Win,Liudmila Samsonova,the-odds-api,0.6887,1.5,0.0331,91.2,2 - SAFE PICK,2.0,SAFE PICK,0.2692,0.0661,7.43,Forte,SAFE PICK,BASELINE,BASELINE,MEGA 74%/3% | SAFE 67%/1% | VALUE 62%/3%,JOUABLE,ok,Value positive 3.3% | Proba IA 68.9% | Mode SAFE PICK | Source the-odds-api,PENDING,0.0,,,,RESULT_NOT_FOUND_VERIFY_MANUALLY,,2-0,43.1,2-1,25.77,,,65.18,0.033,197.4,2.0
2026-06-09T19:00:00Z,soccer_international_friendlies,football,Peru,Spain,Away Win,Spain,verified-web-fallback,0.8391,1.18,-0.0099,81.96,2B - FAVORI SOLIDE,2.0,FAVORI SOLIDE,0.2692,0.0,7.43,Elite,FAVORI SOLIDE,BASELINE,BASELINE,MEGA 70%/3% | SAFE 63%/1% | VALUE 58%/3%,JOUABLE,ok,Value negative ou nulle | Proba IA 83.9% | Mode FAVORI SOLIDE | MARCHE JUSTE | Source verified-web-fallback,PENDING,0.0,,,,RESULT_NOT_FOUND_VERIFY_MANUALLY,,0-2,24.1,0-3,20.43,0-1,11.57,0.0,0.0,180.04,2.0
2026-06-09T09:00:00Z,tennis_wta_queens_club_champ,tennis,Marie Bouzkova,Polina Kudermetova,Player 1 Win,Marie Bouzkova,the-odds-api,0.7304,1.39,0.0153,91.85,2 - SAFE PICK,2.0,SAFE PICK,0.2692,0.0391,7.43,Forte,SAFE PICK,BASELINE,BASELINE,MEGA 74%/3% | SAFE 67%/1% | VALUE 62%/3%,JOUABLE,ok,Value positive 1.5% | Proba IA 73.0% | Mode SAFE PICK | Source the-odds-api,WIN,0.78,Marie Bouzkova,2.0,0.0,RESOLVED_FROM_SOFASCORE,2026-06-10T11:52:26.787537+00:00,2-0,50.66,2-1,22.39,,,72.43,0.0153,193.63,2.0
2026-06-10T19:00:00Z,soccer_international_friendlies,football,England,Costa Rica,Home Win,England,verified-web-fallback,0.8546,1.17,-0.0001,83.73,2B - FAVORI SOLIDE,2.0,FAVORI SOLIDE,0.2691790040376851,0.0,7.43,Elite,FAVORI SOLIDE,BASELINE,BASELINE,MEGA 70%/3% | SAFE 63%/1% | VALUE 58%/3%,JOUABLE,ok,Value negative ou nulle | Proba IA 85.5% | Mode FAVORI SOLIDE | Source verified-web-fallback,PENDING,0.0,,,,RESULT_NOT_FOUND_VERIFY_MANUALLY,,3-0,21.95,2-0,21.92,4-0,14.77,0.0,0.0,183.74,2.0
2026-06-10T18:45:00Z,soccer_international_friendlies,football,Portugal,Nigeria,Home Win,Portugal,verified-web-fallback,0.7962,1.26,0.0032,81.66,2B - FAVORI SOLIDE,1.5,FAVORI SOLIDE,0.2018842530282638,0.0124,7.43,Elite,FAVORI SOLIDE,BASELINE,BASELINE,MEGA 70%/3% | SAFE 63%/1% | VALUE 58%/3%,JOUABLE,ok,Value positive 0.3% | Proba IA 79.6% | Mode FAVORI SOLIDE | Source verified-web-fallback,PENDING,0.0,,,,RESULT_NOT_FOUND_VERIFY_MANUALLY,,2-0,23.84,3-0,22.13,4-0,13.79,0.0,0.0,177.97,1.5
2026-06-10T11:50:00Z,tennis_wta_queens_club_champ,tennis,Laura Siegemund,Amanda Anisimova,Player 2 Win,Amanda Anisimova,the-odds-api,0.7959,1.32,0.0506,91.65,1 - MEGA VALUE,3.0,MEGA VALUE,0.4038,0.1581,7.43,Elite,MEGA VALUE,BASELINE,BASELINE,MEGA 74%/3% | SAFE 67%/1% | VALUE 62%/3%,JOUABLE,ok,Value positive 5.1% | Proba IA 79.6% | Mode MEGA VALUE | Source the-odds-api,WIN,0.96,Amanda Anisimova,0.0,2.0,RESOLVED_FROM_SOFASCORE,2026-06-11T12:37:21.251467+00:00,2-0,57.31,2-1,22.29,,,80.02,0.0506,213.11,3.0
2026-06-11T19:00:00Z,soccer_fifa_world_cup,football,Mexico,South Africa,Home Win,Mexico,the-odds-api,0.772,1.45,0.1194,100.0,1 - MEGA VALUE,3.0,MEGA VALUE,0.4038,0.22,7.43,Forte,MEGA VALUE,BASELINE,+4.0% (15 obs),MEGA 70%/3% | SAFE 63%/1% | VALUE 58%/3%,JOUABLE,ok,Value positive 11.9% | Proba IA 77.2% | Mode MEGA VALUE | VALUE CLAIRE | Calibration +4.0% (15 obs) | Source the-odds-api,WIN,1.35,Mexico,2.0,0.0,RESOLVED_FROM_ODDS_API,2026-06-12T11:59:10.274996+00:00,2-0,24.43,3-0,19.84,1-0,12.27,0.0,0.0,253.38,3.0
2026-06-11T09:00:00Z,tennis_wta_queens_club_champ,tennis,Elena Rybakina,Tatjana Maria,Player 1 Win,Elena Rybakina,the-odds-api,0.7626,1.23,-0.062,76.44,2B - FAVORI SOLIDE,1.83,FAVORI SOLIDE,0.2463,0.0,7.43,Forte,FAVORI SOLIDE,LOW_VALUE_FAVORITE,BASELINE,MEGA 74%/3% | SAFE 67%/1% | VALUE 62%/3%,JOUABLE,ok,Value negative ou nulle | Proba IA 76.3% | Mode FAVORI SOLIDE | Learning LOW_VALUE_FAVORITE | Source the-odds-api,PENDING,0.0,,,,RESULT_NOT_FOUND_VERIFY_MANUALLY,,2-0,54.24,2-1,22.02,,,73.38,-0.062,166.51,1.83
2026-06-12T19:00:00Z,soccer_fifa_world_cup,football,Canada,Bosnia & Herzegovina,Home Win,Canada,the-odds-api,0.6109,1.85,0.1302,96.48,3 - VALUE BET,1.0,VALUE BET,0.1346,0.1531,7.43,Moyenne,VALUE BET,BASELINE,+4.0% (24 obs),MEGA 70%/3% | SAFE 63%/1% | VALUE 58%/3%,JOUABLE,ok,Value positive 13.0% | Proba IA 61.1% | Mode VALUE BET | Calibration +4.0% (24 obs) | Source the-odds-api,LOSS,-1.0,DRAW,1.0,1.0,RESOLVED_FROM_ODDS_API,2026-06-13T09:50:23.128653+00:00,1-0,17.9,2-0,15.5,2-1,11.64,0.0,0.0,241.52,1.0
2026-06-12T10:08:00Z,tennis_wta_queens_club_champ,tennis,Elena Rybakina,Tatjana Maria,Player 1 Win,Elena Rybakina,the-odds-api,0.7573,1.5,0.136,100.0,1 - MEGA VALUE,3.0,MEGA VALUE,0.4038,0.22,7.43,Forte,MEGA VALUE,BASELINE,BASELINE,MEGA 74%/3% | SAFE 67%/1% | VALUE 62%/3%,JOUABLE,ok,Value positive 13.6% | Proba IA 75.7% | Mode MEGA VALUE | Source the-odds-api,PENDING,0.0,,,,RESULT_NOT_FOUND_VERIFY_MANUALLY,,2-0,53.63,2-1,22.1,,,84.56,0.1359,259.47,3.0
2026-06-12T09:00:00Z,tennis_wta_queens_club_champ,tennis,Iva Jović,Amanda Anisimova,Player 2 Win,Amanda Anisimova,the-odds-api,0.6221,1.8,0.1198,99.49,3 - VALUE BET,1.0,VALUE BET,0.1346,0.1497,7.43,Moyenne,VALUE BET,BASELINE,BASELINE,MEGA 74%/3% | SAFE 67%/1% | VALUE 62%/3%,JOUABLE,ok,Value positive 12.0% | Proba IA 62.2% | Mode VALUE BET | Source the-odds-api,PENDING,0.0,,,,RESULT_NOT_FOUND_VERIFY_MANUALLY,,2-0,38.52,2-1,23.69,,,73.74,0.1198,242.3,1.0
2026-06-13T19:00:00Z,soccer_fifa_world_cup,football,Qatar,Switzerland,Away Win,Switzerland,the-odds-api,0.8075,1.25,0.0094,82.84,2B - FAVORI SOLIDE,2.0,FAVORI SOLIDE,0.2692,0.0375,7.43,Elite,FAVORI SOLIDE,BASELINE,BASELINE,MEGA 70%/3% | SAFE 63%/1% | VALUE 58%/3%,JOUABLE,ok,Value positive 0.9% | Proba IA 80.8% | Mode FAVORI SOLIDE | MARCHE JUSTE | Source the-odds-api,LOSS,-2.0,DRAW,1.0,1.0,RESOLVED_FROM_ODDS_API,2026-06-14T10:36:53.319822+00:00,0-2,24.5,0-3,19.98,0-1,12.21,0.0,0.0,183.16,2.0
2026-06-14T04:00:00Z,soccer_fifa_world_cup,football,Australia,Turkey,Away Win,Turkey,the-odds-api,0.6073,1.75,0.0628,88.58,3 - VALUE BET,1.0,VALUE BET,0.1346,0.0837,7.43,Moyenne,VALUE BET,BASELINE,+2.8% (28 obs),MEGA 70%/3% | SAFE 63%/1% | VALUE 58%/3%,JOUABLE,ok,Value positive 6.3% | Proba IA 60.7% | Mode VALUE BET | MARCHE JUSTE | Calibration +2.8% (28 obs) | Source the-odds-api,LOSS,-1.0,Australia,2.0,0.0,RESOLVED_FROM_ODDS_API,2026-06-14T10:36:53.335024+00:00,0-1,18.7,0-2,14.12,1-1,12.37,0.0,0.0,200.6,1.0
2026-06-14T17:00:00Z,soccer_fifa_world_cup,football,Germany,Curaçao,Home Win,Germany,the-odds-api,0.9037,1.06,-0.0421,80.97,2B - FAVORI SOLIDE,1.83,FAVORI SOLIDE,0.2463,0.0,7.43,Elite,FAVORI SOLIDE,BASELINE,BASELINE,MEGA 70%/3% | SAFE 63%/1% | VALUE 58%/3%,JOUABLE,ok,Value negative ou nulle | Proba IA 90.4% | Mode FAVORI SOLIDE | Source the-odds-api,WIN,0.11,Germany,7.0,1.0,RESOLVED_FROM_ODDS_API,2026-06-15T17:37:45.903609+00:00,3-0,22.84,2-0,22.24,4-0,15.77,0.0,0.0,183.09,1.83
2026-06-14T01:00:00Z,soccer_fifa_world_cup,football,Haiti,Scotland,Away Win,Scotland,the-odds-api,0.6909,1.49,0.0294,88.25,2 - SAFE PICK,0.33,SAFE PICK,0.1,0.0601,10.0,Forte,SAFE PICK,BASELINE,+4.0% (23 obs),MEGA 70%/3% | SAFE 63%/1% | VALUE 58%/3%,JOUABLE,ok,Value positive 2.9% | Proba IA 69.1% | Mode SAFE PICK | Calibration +4.0% (23 obs) | Source the-odds-api,WIN,0.16,Scotland,0.0,1.0,RESOLVED_FROM_ODDS_API,2026-06-14T10:36:53.365136+00:00,0-1,13.03,1-1,10.23,0-2,10.17,0.0,0.0,191.63,0.33
2026-06-14T23:00:00Z,soccer_fifa_world_cup,football,Ivory Coast,Ecuador,Draw,Draw,the-odds-api,0.3175,2.94,-0.0665,52.53,3B - NUL POSSIBLE,1.0,NUL POSSIBLE,0.1346,0.0,7.43,A EVITER,NUL POSSIBLE,BASELINE,-2.9% (18 obs),MEGA 70%/3% | SAFE 63%/1% | VALUE 58%/3%,JOUABLE,ok,Value negative ou nulle | Proba IA 31.8% | Mode NUL POSSIBLE | NUL SERRE | Calibration -2.9% (18 obs) | Source the-odds-api,LOSS,-1.0,Ivory Coast,1.0,0.0,RESOLVED_FROM_ODDS_API,2026-06-15T17:37:45.916034+00:00,1-1,15.06,1-0,12.09,0-1,11.55,0.0,0.0,99.97,1.0
2026-06-14T19:00:00Z,soccer_spain_segunda_division,football,Málaga,Almería,Draw,Draw,the-odds-api,0.2782,3.4,-0.0541,52.31,3B - NUL POSSIBLE,1.0,NUL POSSIBLE,0.1346,0.0,7.43,A EVITER,NUL POSSIBLE,BASELINE,-0.3% (175 obs),MEGA 70%/3% | SAFE 63%/1% | VALUE 58%/3%,JOUABLE,ok,Value negative ou nulle | Proba IA 27.8% | Mode NUL POSSIBLE | MARCHE JUSTE | Calibration -0.3% (175 obs) | Source the-odds-api,WIN,2.4,DRAW,0.0,0.0,RESOLVED_FROM_ODDS_API,2026-06-15T17:37:45.919610+00:00,1-0,14.73,1-1,13.4,2-0,11.02,0.0,0.0,96.89,1.0
2026-06-15T19:00:00Z,soccer_fifa_world_cup,football,Belgium,Egypt,Home Win,Belgium,the-odds-api,0.6493,1.6,0.0389,87.59,2 - SAFE PICK,1.83,SAFE PICK,0.2463,0.0648,7.43,Moyenne,SAFE PICK,BASELINE,-1.8% (14 obs),MEGA 70%/3% | SAFE 63%/1% | VALUE 58%/3%,JOUABLE,ok,Value positive 3.9% | Proba IA 64.9% | Mode SAFE PICK | VALUE CLAIRE | Calibration -1.8% (14 obs) | Source the-odds-api,LOSS,-1.83,DRAW,1.0,1.0,RESOLVED_FROM_ODDS_API,2026-06-16T16:15:10.838260+00:00,2-0,20.25,1-0,17.91,2-1,9.98,0.0,0.0,191.8,1.83
2026-06-15T22:00:00Z,soccer_fifa_world_cup,football,Saudi Arabia,Uruguay,Away Win,Uruguay,the-odds-api,0.7294,1.49,0.0868,96.47,1 - MEGA VALUE,1.83,MEGA VALUE,0.2463,0.1772,7.43,Forte,MEGA VALUE,BASELINE,+4.0% (22 obs),MEGA 70%/3% | SAFE 63%/1% | VALUE 58%/3%,JOUABLE,ok,Value positive 8.7% | Proba IA 72.9% | Mode MEGA VALUE | Calibration +4.0% (22 obs) | Source the-odds-api,LOSS,-1.83,DRAW,1.0,1.0,RESOLVED_FROM_ODDS_API,2026-06-16T16:15:10.851140+00:00,0-2,20.84,0-1,20.14,1-2,9.11,0.0,0.0,231.16,1.83
2026-06-15T16:00:00Z,soccer_fifa_world_cup,football,Spain,Cape Verde,Home Win,Spain,the-odds-api,0.8876,1.11,-0.0148,83.43,2B - FAVORI SOLIDE,2.0,FAVORI SOLIDE,0.2692,0.0,7.43,Elite,FAVORI SOLIDE,BASELINE,BASELINE,MEGA 70%/3% | SAFE 63%/1% | VALUE 58%/3%,JOUABLE,ok,Value negative ou nulle | Proba IA 88.8% | Mode FAVORI SOLIDE | MARCHE JUSTE | Source the-odds-api,LOSS,-2.0,DRAW,0.0,0.0,RESOLVED_FROM_ODDS_API,2026-06-16T16:15:10.862094+00:00,3-0,22.84,2-0,22.24,4-0,15.77,0.0,0.0,185.61,2.0
2026-06-16T19:00:00Z,soccer_fifa_world_cup,football,France,Senegal,Home Win,France,the-odds-api,0.7486,1.5,0.1229,100.0,1 - MEGA VALUE,3.0,MEGA VALUE,0.4038,0.22,7.43,Forte,MEGA VALUE,BASELINE,+4.0% (15 obs),MEGA 70%/3% | SAFE 63%/1% | VALUE 58%/3%,JOUABLE,ok,Value positive 12.3% | Proba IA 74.9% | Mode MEGA VALUE | VALUE CLAIRE | Calibration +4.0% (15 obs) | Source the-odds-api,WIN,1.5,France,3.0,1.0,RESOLVED_FROM_ODDS_API,2026-06-17T13:00:35.355931+00:00,2-0,23.66,3-0,18.32,1-0,12.45,0.0,0.0,253.25,3.0
2026-06-16T10:30:00Z,tennis_atp_queens_club_champ,tennis,Jakub Mensik,Adrian Mannarino,Player 1 Win,Jakub Mensik,the-odds-api,0.7252,1.54,0.1168,100.0,2 - SAFE PICK,1.83,SAFE PICK,0.2463,0.2163,7.43,Forte,SAFE PICK,BASELINE,BASELINE,MEGA 74%/3% | SAFE 67%/1% | VALUE 62%/3%,JOUABLE,ok,Value positive 11.7% | Proba IA 72.5% | Mode SAFE PICK | Source the-odds-api,PENDING,0.0,,,,RESULT_NOT_FOUND_VERIFY_MANUALLY,,2-0,50.09,2-1,22.42,,,80.68,0.1167,248.99,1.83
2026-06-16T17:45:00Z,tennis_atp_queens_club_champ,tennis,Kamil Majchrzak,Jiri Lehecka,Player 2 Win,Jiri Lehecka,the-odds-api,0.6945,1.52,0.0556,95.1,2 - SAFE PICK,1.83,SAFE PICK,0.2463,0.107,7.43,Forte,SAFE PICK,BASELINE,BASELINE,MEGA 74%/3% | SAFE 67%/1% | VALUE 62%/3%,JOUABLE,ok,Value positive 5.6% | Proba IA 69.5% | Mode SAFE PICK | Source the-odds-api,PENDING,0.0,,,,RESULT_NOT_FOUND_VERIFY_MANUALLY,,2-0,46.92,2-1,22.53,,,73.35,0.0557,213.29,1.83
2026-06-17T01:00:00Z,soccer_fifa_world_cup,football,Argentina,Algeria,Home Win,Argentina,the-odds-api,0.7403,1.41,0.0438,91.98,1 - MEGA VALUE,0.47,MEGA VALUE,0.18,0.1069,10.0,Forte,MEGA VALUE,BASELINE,+4.0% (12 obs),MEGA 70%/3% | SAFE 63%/1% | VALUE 58%/3%,JOUABLE,ok,Value positive 4.4% | Proba IA 74.0% | Mode MEGA VALUE | MARCHE JUSTE | Calibration +4.0% (12 obs) | Source the-odds-api,WIN,0.19,Argentina,3.0,0.0,RESOLVED_FROM_ODDS_API,2026-06-17T13:00:37.703854+00:00,1-0,12.4,2-0,11.49,1-1,8.59,0.0,0.0,206.8,0.47
2026-06-17T04:00:00Z,soccer_fifa_world_cup,football,Austria,Jordan,Home Win,Austria,the-odds-api,0.7638,1.35,0.0311,91.51,1 - MEGA VALUE,0.5,MEGA VALUE,0.15,0.0889,10.0,Forte,MEGA VALUE,BASELINE,+4.0% (12 obs),MEGA 70%/3% | SAFE 63%/1% | VALUE 58%/3%,JOUABLE,ok,Value positive 3.1% | Proba IA 76.4% | Mode MEGA VALUE | MARCHE JUSTE | Calibration +4.0% (12 obs) | Source the-odds-api,WIN,0.18,Austria,3.0,1.0,RESOLVED_FROM_ODDS_API,2026-06-17T13:00:37.717543+00:00,1-0,12.09,2-0,11.27,1-1,8.51,0.0,0.0,202.29,0.5
2026-06-17T20:00:00Z,soccer_fifa_world_cup,football,England,Croatia,Home Win,England,the-odds-api,0.6196,1.78,0.1029,93.71,3 - VALUE BET,0.17,VALUE BET,0.05,0.1319,10.0,Moyenne,VALUE BET,BASELINE,+4.0% (24 obs),MEGA 70%/3% | SAFE 63%/1% | VALUE 58%/3%,JOUABLE,ok,Value positive 10.3% | Proba IA 62.0% | Mode VALUE BET | Calibration +4.0% (24 obs) | Source the-odds-api,WIN,0.13,England,4.0,2.0,RESOLVED_FROM_ODDS_API,2026-06-18T12:03:51.512257+00:00,1-0,12.56,2-0,10.78,1-1,9.66,0.0,0.0,226.3,0.17
2026-06-17T09:30:00Z,tennis_atp_halle_open,tennis,Ben Shelton,Nick Kyrgios,Player 1 Win,Ben Shelton,the-odds-api,0.7761,1.41,0.0943,100.0,1 - MEGA VALUE,1.83,MEGA VALUE,0.2463,0.22,7.43,Forte,MEGA VALUE,BASELINE,BASELINE,MEGA 74%/3% | SAFE 67%/1% | VALUE 62%/3%,JOUABLE,ok,Value positive 9.4% | Proba IA 77.6% | Mode MEGA VALUE | Source the-odds-api,PENDING,0.0,,,,RESULT_NOT_FOUND_VERIFY_MANUALLY,,2-0,55.81,2-1,21.8,,,74.84,0.0943,242.88,1.83
2026-06-17T11:33:00Z,tennis_atp_halle_open,tennis,Frances Tiafoe,Sho Shimabukuro,Player 1 Win,Frances Tiafoe,the-odds-api,0.82,1.35,0.107,100.0,1 - MEGA VALUE,3.0,MEGA VALUE,0.4038,0.22,7.43,Elite,MEGA VALUE,BASELINE,BASELINE,MEGA 74%/3% | SAFE 67%/1% | VALUE 62%/3%,JOUABLE,ok,Value positive 10.7% | Proba IA 82.0% | Mode MEGA VALUE | Source the-odds-api,PENDING,0.0,,,,RESULT_NOT_FOUND_VERIFY_MANUALLY,,2-0,59.04,2-1,22.96,,,79.41,0.107,251.41,3.0
2026-06-17T13:30:00Z,tennis_wta_german_open,tennis,Paula Badosa,Coco Gauff,Player 2 Win,Coco Gauff,the-odds-api,0.7843,1.34,0.051,91.1,1 - MEGA VALUE,1.83,MEGA VALUE,0.2463,0.1499,7.43,Elite,MEGA VALUE,BASELINE,BASELINE,MEGA 74%/3% | SAFE 67%/1% | VALUE 62%/3%,JOUABLE,ok,Value positive 5.1% | Proba IA 78.4% | Mode MEGA VALUE | Source the-odds-api,PENDING,0.0,,,,RESULT_NOT_FOUND_VERIFY_MANUALLY,,2-0,56.47,2-1,21.96,,,79.23,0.0509,211.64,1.83
2026-06-18T22:00:00Z,soccer_fifa_world_cup,football,Canada,Qatar,Home Win,Canada,the-odds-api,0.7603,1.35,0.0264,90.82,2 - SAFE PICK,0.33,SAFE PICK,0.1,0.0754,10.0,Forte,SAFE PICK,BASELINE,+4.0% (12 obs),MEGA 70%/3% | SAFE 63%/1% | VALUE 58%/3%,JOUABLE,ok,Value positive 2.6% | Proba IA 76.0% | Mode SAFE PICK | MARCHE JUSTE | Calibration +4.0% (12 obs) | Source the-odds-api,WIN,0.12,Canada,6.0,0.0,RESOLVED_FROM_ODDS_API,2026-06-19T12:41:31.872196+00:00,1-0,12.19,2-0,11.34,1-1,8.54,0.0,0.0,198.99,0.33
2026-06-18T16:00:00Z,soccer_fifa_world_cup,football,Czech Republic,South Africa,Home Win,Czech Republic,the-odds-api,0.6258,1.82,0.139,98.11,3 - VALUE BET,1.0,VALUE BET,0.1346,0.1695,7.43,Moyenne,VALUE BET,BASELINE,+4.0% (24 obs),MEGA 70%/3% | SAFE 63%/1% | VALUE 58%/3%,JOUABLE,ok,Value positive 13.9% | Proba IA 62.6% | Mode VALUE BET | VALUE CLAIRE | Calibration +4.0% (24 obs) | Source the-odds-api,LOSS,-1.0,DRAW,1.0,1.0,RESOLVED_FROM_ODDS_API,2026-06-19T12:41:31.890406+00:00,1-0,17.2,2-0,17.17,2-1,11.21,0.0,0.0,248.76,1.0
2026-06-18T02:00:00Z,soccer_fifa_world_cup,football,Uzbekistan,Colombia,Away Win,Colombia,the-odds-api,0.7098,1.43,0.015,87.39,2 - SAFE PICK,0.32,SAFE PICK,0.12,0.0349,10.0,Forte,SAFE PICK,BASELINE,+4.0% (23 obs),MEGA 70%/3% | SAFE 63%/1% | VALUE 58%/3%,JOUABLE,ok,Value positive 1.5% | Proba IA 71.0% | Mode SAFE PICK | Calibration +4.0% (23 obs) | Source the-odds-api,WIN,0.14,Colombia,1.0,3.0,RESOLVED_FROM_ODDS_API,2026-06-18T12:03:55.597586+00:00,0-1,13.05,1-1,10.23,0-2,10.18,0.0,0.0,185.48,0.32
2026-06-18T08:00:00Z,tennis_atp_queens_club_champ,tennis,Rinky Hijikata,Jiri Lehecka,Player 2 Win,Jiri Lehecka,the-odds-api,0.7767,1.34,0.0408,89.43,1 - MEGA VALUE,1.83,MEGA VALUE,0.2463,0.1199,7.43,Forte,MEGA VALUE,BASELINE,BASELINE,MEGA 74%/3% | SAFE 67%/1% | VALUE 62%/3%,JOUABLE,ok,Value positive 4.1% | Proba IA 77.7% | Mode MEGA VALUE | Source the-odds-api,PENDING,0.0,,,,RESULT_NOT_FOUND_VERIFY_MANUALLY,,2-0,55.89,2-1,21.78,,,77.84,0.0408,204.26,1.83
2026-06-18T15:30:00Z,tennis_wta_german_open,tennis,Alexandra Eala,Elena Rybakina,Player 2 Win,Elena Rybakina,the-odds-api,0.852,1.22,0.0394,93.11,1 - MEGA VALUE,3.0,MEGA VALUE,0.4038,0.1793,7.43,Elite,MEGA VALUE,BASELINE,BASELINE,MEGA 74%/3% | SAFE 67%/1% | VALUE 62%/3%,JOUABLE,ok,Value positive 3.9% | Proba IA 85.2% | Mode MEGA VALUE | Source the-odds-api,PENDING,0.0,,,,RESULT_NOT_FOUND_VERIFY_MANUALLY,,2-0,61.34,2-1,23.86,,,82.99,0.0394,214.4,3.0
2026-06-19T01:00:00Z,soccer_fifa_world_cup,football,Mexico,South Korea,Home Win,Mexico,the-odds-api,0.6036,1.85,0.1167,94.62,3 - VALUE BET,1.0,VALUE BET,0.1346,0.1372,7.43,Moyenne,VALUE BET,BASELINE,+4.0% (24 obs),MEGA 70%/3% | SAFE 63%/1% | VALUE 58%/3%,JOUABLE,ok,Value positive 11.7% | Proba IA 60.4% | Mode VALUE BET | Calibration +4.0% (24 obs) | Source the-odds-api,WIN,0.85,Mexico,1.0,0.0,RESOLVED_FROM_ODDS_API,2026-06-19T12:41:34.600717+00:00,1-0,17.83,2-0,15.31,2-1,11.63,0.0,0.0,232.45,1.0
2026-06-19T22:00:00Z,soccer_fifa_world_cup,football,Scotland,Morocco,Away Win,Morocco,the-odds-api,0.5925464682971014,1.76,0.0429,85.67,3 - VALUE BET,1.0,VALUE BET,0.1346,0.0564,7.43,Moyenne,VALUE BET,REDUCE,+2.8% (28 obs),MEGA 70%/3% | SAFE 63%/1% | VALUE 58%/3%,JOUABLE,ok,Value positive 4.3% | Proba IA 59.3% | Mode VALUE BET | MARCHE JUSTE | Learning REDUCE | Calibration +2.8% (28 obs) | Source the-odds-api,WIN,0.76,Morocco,0.0,1.0,RESOLVED_FROM_ODDS_API,2026-06-20T23:20:57.158465+00:00,0-1,18.83,0-2,14.21,1-1,12.33,0.0,0.0,186.71,1.0
2026-06-19T19:00:00Z,soccer_fifa_world_cup,football,USA,Australia,Home Win,USA,the-odds-api,0.6137,1.77,0.0862,91.54,3 - VALUE BET,0.17,VALUE BET,0.05,0.112,10.0,Moyenne,VALUE BET,BASELINE,+4.0% (24 obs),MEGA 70%/3% | SAFE 63%/1% | VALUE 58%/3%,JOUABLE,ok,Value positive 8.6% | Proba IA 61.4% | Mode VALUE BET | Calibration +4.0% (24 obs) | Source the-odds-api,WIN,0.13,USA,2.0,0.0,RESOLVED_FROM_ODDS_API,2026-06-19T23:10:03.298039+00:00,1-0,12.45,2-0,10.6,1-1,9.74,0.0,0.0,215.53,0.17
2026-06-19T09:30:00Z,tennis_atp_halle_open,tennis,Daniel Altmaier,Daniil Medvedev,Player 2 Win,Daniil Medvedev,the-odds-api,0.7857689339658445,1.19,-0.0649,77.4,2B - FAVORI SOLIDE,1.83,FAVORI SOLIDE,0.2463,0.0,7.43,Elite,FAVORI SOLIDE,LOW_VALUE_FAVORITE|REDUCE,BASELINE,MEGA 74%/3% | SAFE 67%/1% | VALUE 62%/3%,JOUABLE,ok,Value negative ou nulle | Proba IA 78.6% | Mode FAVORI SOLIDE | Learning LOW_VALUE_FAVORITE|REDUCE | Source the-odds-api,PENDING,0.0,,,,RESULT_NOT_FOUND_VERIFY_MANUALLY,,2-0,57.52,2-1,22.37,,,75.92,-0.0493,169.56,1.83
2026-06-19T10:30:00Z,tennis_atp_queens_club_champ,tennis,Arthur Fery,Francisco Cerundolo,Player 2 Win,Francisco Cerundolo,the-odds-api,0.6626,1.6,0.0602,93.12,3 - VALUE BET,1.0,VALUE BET,0.1346,0.1003,7.43,Moyenne,VALUE BET,BASELINE,BASELINE,MEGA 74%/3% | SAFE 67%/1% | VALUE 62%/3%,JOUABLE,ok,Value positive 6.0% | Proba IA 66.3% | Mode VALUE BET | Source the-odds-api,PENDING,0.0,,,,RESULT_NOT_FOUND_VERIFY_MANUALLY,,2-0,43.73,2-1,22.53,,,64.42,0.0602,210.07,1.0
2026-06-19T15:30:00Z,tennis_wta_german_open,tennis,Elina Svitolina,Alexandra Eala,Player 1 Win,Elina Svitolina,the-odds-api,0.7598,1.46,0.1093,100.0,1 - MEGA VALUE,3.0,MEGA VALUE,0.4038,0.22,7.43,Forte,MEGA VALUE,BASELINE,BASELINE,MEGA 74%/3% | SAFE 67%/1% | VALUE 62%/3%,JOUABLE,ok,Value positive 10.9% | Proba IA 76.0% | Mode MEGA VALUE | Source the-odds-api,PENDING,0.0,,,,RESULT_NOT_FOUND_VERIFY_MANUALLY,,2-0,53.92,2-1,22.06,,,82.48,0.1093,248.19,3.0
2026-06-20T01:00:00Z,soccer_fifa_world_cup,football,Brazil,Haiti,Home Win,Brazil,the-odds-api,0.8917,1.09,-0.028,82.08,2B - FAVORI SOLIDE,2.0,FAVORI SOLIDE,0.2692,0.0,7.43,Elite,FAVORI SOLIDE,BASELINE,BASELINE,MEGA 70%/3% | SAFE 63%/1% | VALUE 58%/3%,JOUABLE,ok,Value negative ou nulle | Proba IA 89.2% | Mode FAVORI SOLIDE | Source the-odds-api,WIN,0.18,Brazil,3.0,0.0,RESOLVED_FROM_ODDS_API,2026-06-20T23:21:01.233427+00:00,3-0,22.84,2-0,22.24,4-0,15.77,0.0,0.0,183.9,2.0
2026-06-20T20:00:00Z,soccer_fifa_world_cup,football,Germany,Ivory Coast,Home Win,Germany,the-odds-api,0.6471,1.57,0.0159,84.86,2 - SAFE PICK,2.0,SAFE PICK,0.2692,0.028,7.43,Moyenne,SAFE PICK,BASELINE,-1.8% (14 obs),MEGA 70%/3% | SAFE 63%/1% | VALUE 58%/3%,JOUABLE,ok,Value positive 1.6% | Proba IA 64.7% | Mode SAFE PICK | Calibration -1.8% (14 obs) | Source the-odds-api,WIN,1.14,Germany,2.0,1.0,RESOLVED_FROM_ODDS_API,2026-06-20T23:21:01.247744+00:00,2-0,19.78,1-0,17.6,2-1,10.2,0.0,0.0,177.75,2.0
2026-06-20T17:00:00Z,soccer_fifa_world_cup,football,Netherlands,Sweden,Home Win,Netherlands,the-odds-api,0.6304,1.73,0.0906,92.74,2 - SAFE PICK,0.33,SAFE PICK,0.1,0.1241,10.0,Moyenne,SAFE PICK,BASELINE,+4.0% (24 obs),MEGA 70%/3% | SAFE 63%/1% | VALUE 58%/3%,JOUABLE,ok,Value positive 9.1% | Proba IA 63.0% | Mode SAFE PICK | Calibration +4.0% (24 obs) | Source the-odds-api,WIN,0.24,Netherlands,5.0,1.0,RESOLVED_FROM_ODDS_API,2026-06-20T23:21:01.261792+00:00,1-0,12.6,2-0,10.93,1-1,9.59,0.0,0.0,220.34,0.33
2026-06-20T13:00:00Z,tennis_atp_halle_open,tennis,Alexander Zverev,Taylor Fritz,Player 1 Win,Alexander Zverev,the-odds-api,0.6444,1.76,0.1341,100.0,3 - VALUE BET,1.0,VALUE BET,0.1346,0.1765,7.43,Moyenne,VALUE BET,BASELINE,BASELINE,MEGA 74%/3% | SAFE 67%/1% | VALUE 62%/3%,JOUABLE,ok,Value positive 13.4% | Proba IA 64.4% | Mode VALUE BET | Source the-odds-api,PENDING,0.0,,,,RESULT_NOT_FOUND_VERIFY_MANUALLY,,2-0,39.82,2-1,24.61,,,76.5,0.1341,250.79,1.0
2026-06-20T14:10:00Z,tennis_atp_halle_open,tennis,Daniel Altmaier,Frances Tiafoe,Player 2 Win,Frances Tiafoe,the-odds-api,0.7545,1.36,0.0261,94.45,2 - SAFE PICK,2.0,SAFE PICK,0.2692,0.0726,7.43,Forte,SAFE PICK,BASELINE,BASELINE,MEGA 74%/3% | SAFE 67%/1% | VALUE 62%/3%,JOUABLE,ok,Value positive 2.6% | Proba IA 75.4% | Mode SAFE PICK | Source the-odds-api,PENDING,0.0,,,,RESULT_NOT_FOUND_VERIFY_MANUALLY,,2-0,53.31,2-1,22.14,,,75.04,0.0261,203.83,2.0
2026-06-20T12:00:00Z,tennis_wta_german_open,tennis,Linda Noskova,Alexandra Eala,Player 1 Win,Linda Noskova,the-odds-api,0.6459,1.73,0.1174,100.0,3 - VALUE BET,1.0,VALUE BET,0.1346,0.1608,7.43,Moyenne,VALUE BET,BASELINE,BASELINE,MEGA 74%/3% | SAFE 67%/1% | VALUE 62%/3%,JOUABLE,ok,Value positive 11.7% | Proba IA 64.6% | Mode VALUE BET | Source the-odds-api,PENDING,0.0,,,,RESULT_NOT_FOUND_VERIFY_MANUALLY,,2-0,41.44,2-1,23.14,,,75.18,0.1173,243.7,1.0
2026-06-21T19:00:00Z,soccer_fifa_world_cup,football,Belgium,Iran,Home Win,Belgium,the-odds-api,0.7686,1.44,0.1068,100.0,1 - MEGA VALUE,3.0,MEGA VALUE,0.4038,0.22,7.43,Forte,MEGA VALUE,BASELINE,+4.0% (15 obs),MEGA 70%/3% | SAFE 63%/1% | VALUE 58%/3%,JOUABLE,ok,Value positive 10.7% | Proba IA 76.9% | Mode MEGA VALUE | Calibration +4.0% (15 obs) | Source the-odds-api,LOSS,-3.0,DRAW,0.0,0.0,RESOLVED_FROM_ODDS_API,2026-06-21T23:27:10.309087+00:00,2-0,24.14,3-0,19.47,1-0,12.2,0.0,0.0,247.72,3.0
2026-06-21T00:00:00Z,soccer_fifa_world_cup,football,Ecuador,Curaçao,Home Win,Ecuador,the-odds-api,0.8215654436647646,1.15,-0.0552,76.01,2B - FAVORI SOLIDE,1.83,FAVORI SOLIDE,0.2463,0.0,7.43,Elite,FAVORI SOLIDE,REDUCE,BASELINE,MEGA 70%/3% | SAFE 63%/1% | VALUE 58%/3%,JOUABLE,ok,Value negative ou nulle | Proba IA 82.2% | Mode FAVORI SOLIDE | MARCHE JUSTE | Learning REDUCE | Source the-odds-api,LOSS,-1.83,DRAW,0.0,0.0,RESOLVED_FROM_SOFASCORE,2026-06-21T23:27:10.313279+00:00,3-0,22.85,2-0,22.24,4-0,15.76,0.0,0.0,170.0,1.83
2026-06-21T16:00:00Z,soccer_fifa_world_cup,football,Spain,Saudi Arabia,Home Win,Spain,the-odds-api,0.8749,1.13,-0.0114,83.29,2B - FAVORI SOLIDE,1.83,FAVORI SOLIDE,0.2463,0.0,7.43,Elite,FAVORI SOLIDE,BASELINE,BASELINE,MEGA 70%/3% | SAFE 63%/1% | VALUE 58%/3%,JOUABLE,ok,Value negative ou nulle | Proba IA 87.5% | Mode FAVORI SOLIDE | MARCHE JUSTE | Source the-odds-api,WIN,0.24,Spain,4.0,0.0,RESOLVED_FROM_ODDS_API,2026-06-21T23:27:10.326753+00:00,3-0,22.85,2-0,22.25,4-0,15.76,0.0,0.0,184.51,1.83
2026-06-21T04:00:00Z,soccer_fifa_world_cup,football,Tunisia,Japan,Away Win,Japan,the-odds-api,0.7066,1.54,0.0882,95.67,1 - MEGA VALUE,1.83,MEGA VALUE,0.2463,0.1633,7.43,Forte,MEGA VALUE,BASELINE,+4.0% (23 obs),MEGA 70%/3% | SAFE 63%/1% | VALUE 58%/3%,JOUABLE,ok,Value positive 8.8% | Proba IA 70.7% | Mode MEGA VALUE | Calibration +4.0% (23 obs) | Source the-odds-api,WIN,0.99,Japan,0.0,4.0,RESOLVED_FROM_ODDS_API,2026-06-21T23:27:10.338688+00:00,0-1,19.37,0-2,18.89,1-1,9.9,0.0,0.0,228.96,1.83
2026-06-21T22:00:00Z,soccer_fifa_world_cup,football,Uruguay,Cape Verde,Home Win,Uruguay,the-odds-api,0.756,1.45,0.0962,98.66,1 - MEGA VALUE,3.0,MEGA VALUE,0.4038,0.2138,7.43,Forte,MEGA VALUE,BASELINE,+4.0% (15 obs),MEGA 70%/3% | SAFE 63%/1% | VALUE 58%/3%,JOUABLE,ok,Value positive 9.6% | Proba IA 75.6% | Mode MEGA VALUE | Calibration +4.0% (15 obs) | Source the-odds-api,LOSS,-3.0,DRAW,2.0,2.0,RESOLVED_FROM_ODDS_API,2026-06-22T23:30:00.212042+00:00,2-0,23.76,3-0,18.66,1-0,12.32,0.0,0.0,240.3,3.0
2026-06-22T21:00:00Z,soccer_fifa_world_cup,football,France,Iraq,Home Win,France,the-odds-api,0.8672,1.15,-0.0027,83.96,2B - FAVORI SOLIDE,1.83,FAVORI SOLIDE,0.2463,0.0,7.43,Elite,FAVORI SOLIDE,BASELINE,BASELINE,MEGA 70%/3% | SAFE 63%/1% | VALUE 58%/3%,JOUABLE,ok,Value negative ou nulle | Proba IA 86.7% | Mode FAVORI SOLIDE | MARCHE JUSTE | Source the-odds-api,WIN,0.27,France,3.0,0.0,RESOLVED_FROM_ODDS_API,2026-06-23T23:17:23.133156+00:00,3-0,22.89,2-0,22.54,4-0,15.62,0.0,0.0,184.96,1.83
2026-06-22T10:00:00Z,tennis_atp_wimbledon,tennis,Mark Lajal,Luka Pavlovic,Player 1 Win,Mark Lajal,the-odds-api,0.6966256566478242,1.36,-0.0526,80.33,2B - FAVORI SOLIDE,2.0,FAVORI SOLIDE,0.2692,0.0,7.43,Forte,FAVORI SOLIDE,REDUCE|GLOBAL_REDUCE,BASELINE,MEGA 74%/3% | SAFE 67%/1% | VALUE 62%/3%,JOUABLE,ok,Value negative ou nulle | Proba IA 69.7% | Mode FAVORI SOLIDE | Learning REDUCE|GLOBAL_REDUCE | Source the-odds-api,PENDING,0.0,,,,RESULT_NOT_FOUND_VERIFY_MANUALLY,,2-0,49.88,2-1,22.44,,,54.79,-0.0165,167.65,2.0
2026-06-22T09:00:00Z,tennis_wta_bad_homburg_open,tennis,Clara Tauson,Diana Shnaider,Player 2 Win,Diana Shnaider,the-odds-api,0.6806242,1.5,0.0209,90.34,2 - SAFE PICK,2.0,SAFE PICK,0.2692,0.0419,7.43,Forte,SAFE PICK,GLOBAL_REDUCE,BASELINE,MEGA 74%/3% | SAFE 67%/1% | VALUE 62%/3%,JOUABLE,ok,Value positive 2.1% | Proba IA 68.1% | Mode SAFE PICK | Learning GLOBAL_REDUCE | Source the-odds-api,PENDING,0.0,,,,RESULT_NOT_FOUND_VERIFY_MANUALLY,,2-0,46.78,2-1,22.53,,,71.89,0.0397,190.35,2.0
2026-06-23T20:00:00Z,soccer_fifa_world_cup,football,England,Ghana,Home Win,England,the-odds-api,0.7598,1.36,0.0333,91.59,1 - MEGA VALUE,0.5,MEGA VALUE,0.15,0.0926,10.0,Forte,MEGA VALUE,BASELINE,+4.0% (12 obs),MEGA 70%/3% | SAFE 63%/1% | VALUE 58%/3%,JOUABLE,ok,Value positive 3.3% | Proba IA 76.0% | Mode MEGA VALUE | MARCHE JUSTE | Calibration +4.0% (12 obs) | Source the-odds-api,LOSS,-0.5,DRAW,0.0,0.0,RESOLVED_FROM_ODDS_API,2026-06-23T23:17:25.786621+00:00,1-0,12.14,2-0,11.3,1-1,8.53,0.0,0.0,203.07,0.5
2026-06-23T03:00:00Z,soccer_fifa_world_cup,football,Jordan,Algeria,Away Win,Algeria,the-odds-api,0.6951,1.55,0.0774,93.95,2 - SAFE PICK,1.83,SAFE PICK,0.2463,0.1407,7.43,Forte,SAFE PICK,BASELINE,+4.0% (22 obs),MEGA 70%/3% | SAFE 63%/1% | VALUE 58%/3%,JOUABLE,ok,Value positive 7.7% | Proba IA 69.5% | Mode SAFE PICK | Calibration +4.0% (22 obs) | Source the-odds-api,WIN,1.01,Algeria,1.0,2.0,RESOLVED_FROM_ODDS_API,2026-06-23T23:17:25.798288+00:00,0-1,18.77,0-2,17.89,1-1,10.33,0.0,0.0,220.99,1.83
2026-06-23T23:00:00Z,soccer_fifa_world_cup,football,Panama,Croatia,Away Win,Croatia,the-odds-api,0.7071,1.51,0.0677,93.34,1 - MEGA VALUE,3.0,MEGA VALUE,0.4038,0.1328,7.43,Forte,MEGA VALUE,BASELINE,+4.0% (22 obs),MEGA 70%/3% | SAFE 63%/1% | VALUE 58%/3%,JOUABLE,ok,Value positive 6.8% | Proba IA 70.7% | Mode MEGA VALUE | Calibration +4.0% (22 obs) | Source the-odds-api,WIN,1.53,Croatia,0.0,1.0,RESOLVED_FROM_ODDS_API,2026-06-24T23:17:18.473944+00:00,0-1,19.29,0-2,18.83,1-1,9.92,0.0,0.0,216.76,3.0
2026-06-23T17:00:00Z,soccer_fifa_world_cup,football,Portugal,Uzbekistan,Home Win,Portugal,the-odds-api,0.802,1.29,0.0346,85.51,1 - MEGA VALUE,1.83,MEGA VALUE,0.2463,0.1192,7.43,Elite,MEGA VALUE,BASELINE,BASELINE,MEGA 70%/3% | SAFE 63%/1% | VALUE 58%/3%,JOUABLE,ok,Value positive 3.5% | Proba IA 80.2% | Mode MEGA VALUE | Source the-odds-api,WIN,0.53,Portugal,5.0,0.0,RESOLVED_FROM_ODDS_API,2026-06-23T23:17:25.822290+00:00,2-0,23.64,3-0,22.22,4-0,14.01,0.0,0.0,197.56,1.83
2026-06-23T09:30:00Z,tennis_wta_bad_homburg_open,tennis,Elena Gabriela Ruse,Linda Noskova,Player 2 Win,Linda Noskova,the-odds-api,0.6819655,1.5,0.0229,90.98,2 - SAFE PICK,2.0,SAFE PICK,0.2692,0.0459,7.43,Forte,SAFE PICK,GLOBAL_RECENT_REDUCE,BASELINE,MEGA 74%/3% | SAFE 67%/1% | VALUE 62%/3%,JOUABLE,ok,Value positive 2.3% | Proba IA 68.2% | Mode SAFE PICK | Learning GLOBAL_RECENT_REDUCE | Source the-odds-api,PENDING,0.0,,,,RESULT_NOT_FOUND_VERIFY_MANUALLY,,2-0,48.16,2-1,22.51,,,74.57,0.06,192.26,2.0
2026-06-23T15:30:00Z,tennis_wta_bad_homburg_open,tennis,Liudmila Samsonova,Elina Svitolina,Player 2 Win,Elina Svitolina,the-odds-api,0.707345,1.44,0.0186,91.73,2 - SAFE PICK,2.0,SAFE PICK,0.2692,0.0422,7.43,Forte,SAFE PICK,GLOBAL_RECENT_REDUCE,BASELINE,MEGA 74%/3% | SAFE 67%/1% | VALUE 62%/3%,JOUABLE,ok,Value positive 1.9% | Proba IA 70.7% | Mode SAFE PICK | Learning GLOBAL_RECENT_REDUCE | Source the-odds-api,PENDING,0.0,,,,RESULT_NOT_FOUND_VERIFY_MANUALLY,,2-0,50.93,2-1,22.37,,,76.02,0.0555,193.26,2.0
2026-06-24T19:00:00Z,soccer_fifa_world_cup,football,Bosnia & Herzegovina,Qatar,Home Win,Bosnia & Herzegovina,the-odds-api,0.6511,1.57,0.0222,85.75,2 - SAFE PICK,1.83,SAFE PICK,0.2463,0.039,7.43,Moyenne,SAFE PICK,BASELINE,-1.8% (14 obs),MEGA 70%/3% | SAFE 63%/1% | VALUE 58%/3%,JOUABLE,ok,Value positive 2.2% | Proba IA 65.1% | Mode SAFE PICK | Calibration -1.8% (14 obs) | Source the-odds-api,WIN,1.04,Bosnia & Herzegovina,3.0,1.0,RESOLVED_FROM_ODDS_API,2026-06-24T23:17:20.339890+00:00,2-0,20.33,1-0,17.92,2-1,9.95,0.0,0.0,182.04,1.83
2026-06-24T02:00:00Z,soccer_fifa_world_cup,football,Colombia,DR Congo,Home Win,Colombia,the-odds-api,0.7438,1.5,0.1157,100.0,1 - MEGA VALUE,3.0,MEGA VALUE,0.4038,0.22,7.43,Forte,MEGA VALUE,BASELINE,+4.0% (15 obs),MEGA 70%/3% | SAFE 63%/1% | VALUE 58%/3%,JOUABLE,ok,Value positive 11.6% | Proba IA 74.4% | Mode MEGA VALUE | Calibration +4.0% (15 obs) | Source the-odds-api,WIN,1.5,Colombia,1.0,0.0,RESOLVED_FROM_ODDS_API,2026-06-24T23:17:20.346902+00:00,2-0,20.72,1-0,16.87,3-0,15.88,0.0,0.0,249.82,3.0
2026-06-24T22:00:00Z,soccer_fifa_world_cup,football,Morocco,Haiti,Home Win,Morocco,the-odds-api,0.7709,1.33,0.0253,83.14,2 - SAFE PICK,1.83,SAFE PICK,0.2463,0.0767,7.43,Forte,SAFE PICK,BASELINE,BASELINE,MEGA 70%/3% | SAFE 63%/1% | VALUE 58%/3%,JOUABLE,ok,Value positive 2.5% | Proba IA 77.1% | Mode SAFE PICK | Source the-odds-api,WIN,0.6,Morocco,4.0,2.0,RESOLVED_FROM_ODDS_API,2026-06-25T23:28:19.442463+00:00,2-0,24.97,3-0,21.99,1-0,11.6,0.0,0.0,187.89,1.83
2026-06-24T22:00:00Z,soccer_fifa_world_cup,football,Scotland,Brazil,Away Win,Brazil,the-odds-api,0.7275,1.46,0.0621,93.55,1 - MEGA VALUE,3.0,MEGA VALUE,0.4038,0.1351,7.43,Forte,MEGA VALUE,BASELINE,+4.0% (22 obs),MEGA 70%/3% | SAFE 63%/1% | VALUE 58%/3%,JOUABLE,ok,Value positive 6.2% | Proba IA 72.8% | Mode MEGA VALUE | Calibration +4.0% (22 obs) | Source the-odds-api,WIN,1.38,Brazil,0.0,3.0,RESOLVED_FROM_ODDS_API,2026-06-25T23:28:19.453488+00:00,0-2,20.48,0-1,19.87,1-2,9.28,0.0,0.0,216.1,3.0
2026-06-24T09:00:00Z,tennis_wta_bad_homburg_open,tennis,Ekaterina Alexandrova,Mirra Andreeva,Player 2 Win,Mirra Andreeva,the-odds-api,0.7211808000000001,1.43,0.0313,93.73,2 - SAFE PICK,2.0,SAFE PICK,0.2692,0.0728,7.43,Forte,SAFE PICK,GLOBAL_REDUCE,BASELINE,MEGA 74%/3% | SAFE 67%/1% | VALUE 62%/3%,JOUABLE,ok,Value positive 3.1% | Proba IA 72.1% | Mode SAFE PICK | Learning GLOBAL_REDUCE | Source the-odds-api,PENDING,0.0,,,,RESULT_NOT_FOUND_VERIFY_MANUALLY,,2-0,51.09,2-1,22.35,,,75.68,0.0503,202.66,2.0
2026-06-25T20:00:00Z,soccer_fifa_world_cup,football,Curaçao,Ivory Coast,Away Win,Ivory Coast,the-odds-api,0.847,1.18,-0.0005,83.36,2B - FAVORI SOLIDE,1.83,FAVORI SOLIDE,0.2463,0.0,7.43,Elite,FAVORI SOLIDE,BASELINE,BASELINE,MEGA 70%/3% | SAFE 63%/1% | VALUE 58%/3%,JOUABLE,ok,Value negative ou nulle | Proba IA 84.7% | Mode FAVORI SOLIDE | MARCHE JUSTE | Source the-odds-api,WIN,0.33,Ivory Coast,0.0,2.0,RESOLVED_FROM_ODDS_API,2026-06-25T23:28:20.798394+00:00,0-2,23.99,0-3,20.54,0-1,11.41,0.0,0.0,182.66,1.83
2026-06-25T23:00:00Z,soccer_fifa_world_cup,football,Tunisia,Netherlands,Away Win,Netherlands,the-odds-api,0.6925,1.53,0.0595,91.78,2 - SAFE PICK,1.83,SAFE PICK,0.2463,0.1123,7.43,Forte,SAFE PICK,BASELINE,+4.0% (22 obs),MEGA 70%/3% | SAFE 63%/1% | VALUE 58%/3%,JOUABLE,ok,Value positive 5.9% | Proba IA 69.2% | Mode SAFE PICK | Calibration +4.0% (22 obs) | Source the-odds-api,WIN,0.97,Netherlands,1.0,3.0,RESOLVED_FROM_ODDS_API,2026-06-26T23:18:58.821044+00:00,0-1,18.92,0-2,17.96,1-1,10.3,0.0,0.0,209.91,1.83
2026-06-25T15:00:00Z,tennis_wta_bad_homburg_open,tennis,Karolina Muchova,Clara Tauson,Player 1 Win,Karolina Muchova,the-odds-api,0.7389,1.48,0.0936,100.0,2 - SAFE PICK,2.0,SAFE PICK,0.2692,0.1949,7.43,Forte,SAFE PICK,BASELINE,BASELINE,MEGA 74%/3% | SAFE 67%/1% | VALUE 62%/3%,JOUABLE,ok,Value positive 9.4% | Proba IA 73.9% | Mode SAFE PICK | Source the-odds-api,PENDING,0.0,,,,RESULT_NOT_FOUND_VERIFY_MANUALLY,,2-0,51.57,2-1,22.31,,,79.67,0.0935,239.96,2.0
2026-06-25T09:00:00Z,tennis_wta_bad_homburg_open,tennis,Naomi Osaka,Ekaterina Alexandrova,Player 1 Win,Naomi Osaka,the-odds-api,0.6342,1.77,0.1225,100.0,3 - VALUE BET,1.0,VALUE BET,0.1346,0.1591,7.43,Moyenne,VALUE BET,BASELINE,BASELINE,MEGA 74%/3% | SAFE 67%/1% | VALUE 62%/3%,JOUABLE,ok,Value positive 12.2% | Proba IA 63.4% | Mode VALUE BET | Source the-odds-api,PENDING,0.0,,,,RESULT_NOT_FOUND_VERIFY_MANUALLY,,2-0,41.05,2-1,22.36,,,74.8,0.1225,245.08,1.0
2026-06-26T19:00:00Z,soccer_fifa_world_cup,football,Senegal,Iraq,Home Win,Senegal,the-odds-api,0.7461,1.48,0.1042,99.17,1 - MEGA VALUE,3.0,MEGA VALUE,0.4038,0.2171,7.43,Forte,MEGA VALUE,BASELINE,+4.0% (15 obs),MEGA 70%/3% | SAFE 63%/1% | VALUE 58%/3%,JOUABLE,ok,Value positive 10.4% | Proba IA 74.6% | Mode MEGA VALUE | Calibration +4.0% (15 obs) | Source the-odds-api,WIN,1.44,Senegal,5.0,0.0,RESOLVED_FROM_ODDS_API,2026-06-26T23:19:01.435199+00:00,2-0,20.6,1-0,16.7,3-0,15.85,0.0,0.0,243.82,3.0
2026-06-27T23:30:00Z,soccer_fifa_world_cup,football,Colombia,Portugal,Draw,Draw,the-odds-api,0.2786093798913043,3.4,-0.0527,52.49,3B - NUL POSSIBLE,1.0,NUL POSSIBLE,0.1346,0.0,7.43,A EVITER,NUL POSSIBLE,REDUCE,+0.1% (176 obs),MEGA 70%/3% | SAFE 63%/1% | VALUE 58%/3%,JOUABLE,ok,Value negative ou nulle | Proba IA 27.9% | Mode NUL POSSIBLE | MARCHE JUSTE | Learning REDUCE | Calibration +0.1% (176 obs) | Source the-odds-api,WIN,2.4,DRAW,0.0,0.0,RESOLVED_FROM_ODDS_API,2026-06-28T23:15:54.988133+00:00,1-1,14.3,0-1,12.78,1-0,11.26,0.0,0.0,97.19,1.0
2026-06-27T21:00:00Z,soccer_fifa_world_cup,football,Croatia,Ghana,Home Win,Croatia,the-odds-api,0.6151,1.75,0.0764,90.47,3 - VALUE BET,0.17,VALUE BET,0.05,0.1019,10.0,Moyenne,VALUE BET,BASELINE,+4.0% (24 obs),MEGA 70%/3% | SAFE 63%/1% | VALUE 58%/3%,JOUABLE,ok,Value positive 7.6% | Proba IA 61.5% | Mode VALUE BET | Calibration +4.0% (24 obs) | Source the-odds-api,WIN,0.13,Croatia,2.0,1.0,RESOLVED_FROM_ODDS_API,2026-06-27T23:14:01.149705+00:00,1-0,12.66,2-0,10.84,1-1,9.64,0.0,0.0,209.82,0.17
2026-06-27T23:30:00Z,soccer_fifa_world_cup,football,DR Congo,Uzbekistan,Home Win,DR Congo,the-odds-api,0.5878780036259104,1.81,0.0641,87.91,3 - VALUE BET,1.0,VALUE BET,0.1346,0.0791,7.43,Moyenne,VALUE BET,REDUCE,+4.0% (24 obs),MEGA 70%/3% | SAFE 63%/1% | VALUE 58%/3%,JOUABLE,ok,Value positive 6.4% | Proba IA 58.8% | Mode VALUE BET | Learning REDUCE | Calibration +4.0% (24 obs) | Source the-odds-api,WIN,0.81,DR Congo,3.0,1.0,RESOLVED_FROM_ODDS_API,2026-06-28T23:15:54.996515+00:00,1-0,17.61,2-0,15.28,2-1,11.74,0.0,0.0,198.8,1.0
2026-06-27T03:00:00Z,soccer_fifa_world_cup,football,New Zealand,Belgium,Away Win,Belgium,the-odds-api,0.7768,1.3,0.0098,81.61,2B - FAVORI SOLIDE,2.0,FAVORI SOLIDE,0.2692,0.0328,7.43,Forte,FAVORI SOLIDE,BASELINE,BASELINE,MEGA 70%/3% | SAFE 63%/1% | VALUE 58%/3%,JOUABLE,ok,Value positive 1.0% | Proba IA 77.7% | Mode FAVORI SOLIDE | Source the-odds-api,WIN,0.6,Belgium,1.0,5.0,RESOLVED_FROM_ODDS_API,2026-06-27T23:14:01.168893+00:00,0-2,24.95,0-3,19.32,0-1,13.07,0.0,0.0,179.39,2.0
2026-06-27T21:00:00Z,soccer_fifa_world_cup,football,Panama,England,Away Win,England,the-odds-api,0.7693,1.32,0.0155,81.94,2 - SAFE PICK,2.0,SAFE PICK,0.2692,0.0484,7.43,Forte,SAFE PICK,BASELINE,BASELINE,MEGA 70%/3% | SAFE 63%/1% | VALUE 58%/3%,JOUABLE,ok,Value positive 1.6% | Proba IA 76.9% | Mode SAFE PICK | Source the-odds-api,WIN,0.64,England,0.0,2.0,RESOLVED_FROM_ODDS_API,2026-06-27T23:14:01.177739+00:00,0-2,25.08,0-3,19.09,0-1,13.35,0.0,0.0,181.78,2.0
2026-06-27T00:00:00Z,soccer_fifa_world_cup,football,Uruguay,Spain,Away Win,Spain,the-odds-api,0.65376979660001,1.55,0.0133,84.84,2 - SAFE PICK,2.0,SAFE PICK,0.2692,0.0243,7.43,Moyenne,SAFE PICK,REDUCE|GLOBAL_REDUCE,+4.0% (22 obs),MEGA 70%/3% | SAFE 63%/1% | VALUE 58%/3%,JOUABLE,ok,Value positive 1.3% | Proba IA 65.4% | Mode SAFE PICK | Learning REDUCE|GLOBAL_REDUCE | Calibration +4.0% (22 obs) | Source the-odds-api,WIN,1.1,Spain,0.0,1.0,RESOLVED_FROM_SOFASCORE,2026-06-27T23:14:01.181466+00:00,0-1,19.44,0-2,19.12,1-1,9.8,0.0,0.0,177.06,2.0
2026-06-28T02:00:00Z,soccer_fifa_world_cup,football,Algeria,Austria,Draw,Draw,the-odds-api,0.2872,3.3,-0.0522,52.9,3B - NUL POSSIBLE,1.0,NUL POSSIBLE,0.1346,0.0,7.43,A EVITER,NUL POSSIBLE,BASELINE,-0.3% (175 obs),MEGA 70%/3% | SAFE 63%/1% | VALUE 58%/3%,JOUABLE,ok,Value negative ou nulle | Proba IA 28.7% | Mode NUL POSSIBLE | MARCHE JUSTE | Calibration -0.3% (175 obs) | Source the-odds-api,WIN,2.3,DRAW,3.0,3.0,RESOLVED_FROM_ODDS_API,2026-06-28T23:15:55.003606+00:00,1-1,14.37,0-1,12.7,1-0,11.34,0.0,0.0,98.4,1.0
2026-06-28T02:00:00Z,soccer_fifa_world_cup,football,Jordan,Argentina,Away Win,Argentina,the-odds-api,0.816,1.2,-0.0208,79.73,2B - FAVORI SOLIDE,2.0,FAVORI SOLIDE,0.2692,0.0,7.43,Elite,FAVORI SOLIDE,BASELINE,BASELINE,MEGA 70%/3% | SAFE 63%/1% | VALUE 58%/3%,JOUABLE,ok,Value negative ou nulle | Proba IA 81.6% | Mode FAVORI SOLIDE | MARCHE JUSTE | Source the-odds-api,WIN,0.4,Argentina,1.0,3.0,RESOLVED_FROM_ODDS_API,2026-06-28T23:15:55.011149+00:00,0-2,24.38,0-3,20.13,0-1,12.01,0.0,0.0,175.12,2.0
2026-06-28T19:00:00Z,soccer_fifa_world_cup,football,South Africa,Canada,Away Win,Canada,the-odds-api,0.6082,1.73,0.0522,87.4,3 - VALUE BET,1.0,VALUE BET,0.1346,0.0715,7.43,Moyenne,VALUE BET,BASELINE,+2.2% (30 obs),MEGA 70%/3% | SAFE 63%/1% | VALUE 58%/3%,JOUABLE,ok,Value positive 5.2% | Proba IA 60.8% | Mode VALUE BET | MARCHE JUSTE | Calibration +2.2% (30 obs) | Source the-odds-api,WIN,0.73,Canada,0.0,1.0,RESOLVED_FROM_ODDS_API,2026-06-28T23:15:55.019825+00:00,0-1,19.1,0-2,14.57,1-1,12.18,0.0,0.0,194.37,1.0
2026-06-29T10:00:00Z,tennis_atp_wimbledon,tennis,Andrey Rublev,Roman Safiullin,Player 1 Win,Andrey Rublev,the-odds-api,0.7252,1.54,0.1168,100.0,2 - SAFE PICK,2.0,SAFE PICK,0.2692,0.2163,7.43,Forte,SAFE PICK,BASELINE,BASELINE,MEGA 74%/3% | SAFE 67%/1% | VALUE 62%/3%,JOUABLE,ok,Value positive 11.7% | Proba IA 72.5% | Mode SAFE PICK | Source the-odds-api,PENDING,0.0,,,,RESULT_NOT_FOUND_VERIFY_MANUALLY,,2-0,50.09,2-1,22.42,,,80.68,0.1167,248.99,2.0
2026-06-29T09:00:00Z,tennis_wta_wimbledon,tennis,Jessica Bouzas Maneiro,Anastasia Potapova,Player 2 Win,Anastasia Potapova,the-odds-api,0.6512,1.72,0.1201,100.0,3 - VALUE BET,1.0,VALUE BET,0.1346,0.1668,7.43,Moyenne,VALUE BET,BASELINE,BASELINE,MEGA 74%/3% | SAFE 67%/1% | VALUE 62%/3%,JOUABLE,ok,Value positive 12.0% | Proba IA 65.1% | Mode VALUE BET | Source the-odds-api,PENDING,0.0,,,,RESULT_NOT_FOUND_VERIFY_MANUALLY,,2-0,39.28,2-1,25.84,,,75.79,0.1201,245.21,1.0
2026-06-29T09:00:00Z,tennis_wta_wimbledon,tennis,Magda Linette,Mirra Andreeva,Player 2 Win,Mirra Andreeva,the-odds-api,0.8426,1.23,0.0364,92.24,1 - MEGA VALUE,3.0,MEGA VALUE,0.4038,0.1583,7.43,Elite,MEGA VALUE,BASELINE,BASELINE,MEGA 74%/3% | SAFE 67%/1% | VALUE 62%/3%,JOUABLE,ok,Value positive 3.6% | Proba IA 84.3% | Mode MEGA VALUE | Source the-odds-api,PENDING,0.0,,,,RESULT_NOT_FOUND_VERIFY_MANUALLY,,2-0,60.66,2-1,23.59,,,82.07,0.0364,211.15,3.0
2026-06-30T01:00:00Z,soccer_fifa_world_cup,football,Netherlands,Morocco,Draw,Draw,the-odds-api,0.2874,3.3,-0.0516,52.99,3B - NUL POSSIBLE,1.0,NUL POSSIBLE,0.1346,0.0,7.43,A EVITER,NUL POSSIBLE,BASELINE,+0.1% (176 obs),MEGA 70%/3% | SAFE 63%/1% | VALUE 58%/3%,JOUABLE,ok,Value negative ou nulle | Proba IA 28.7% | Mode NUL POSSIBLE | Calibration +0.1% (176 obs) | Source the-odds-api,WIN,2.3,DRAW,1.0,1.0,RESOLVED_FROM_ODDS_API,2026-06-30T23:23:28.787851+00:00,1-0,15.04,1-1,13.27,2-0,11.45,0.0,0.0,98.54,1.0
2026-06-30T10:00:00Z,tennis_atp_wimbledon,tennis,Jakub Mensik,Toby Samuel,Player 1 Win,Jakub Mensik,the-odds-api,0.7568,1.45,0.0974,100.0,1 - MEGA VALUE,3.0,MEGA VALUE,0.4038,0.2164,7.43,Forte,MEGA VALUE,BASELINE,BASELINE,MEGA 74%/3% | SAFE 67%/1% | VALUE 62%/3%,JOUABLE,ok,Value positive 9.7% | Proba IA 75.7% | Mode MEGA VALUE | Source the-odds-api,PENDING,0.0,,,,RESULT_NOT_FOUND_VERIFY_MANUALLY,,2-0,53.57,2-1,22.11,,,71.67,0.0974,242.84,3.0
2026-06-30T09:00:00Z,tennis_atp_wimbledon,tennis,Raphael Collignon,Arthur Fils,Player 2 Win,Arthur Fils,the-odds-api,0.6377,1.77,0.1287,100.0,3 - VALUE BET,1.0,VALUE BET,0.1346,0.1672,7.43,Moyenne,VALUE BET,BASELINE,BASELINE,MEGA 74%/3% | SAFE 67%/1% | VALUE 62%/3%,JOUABLE,ok,Value positive 12.9% | Proba IA 63.8% | Mode VALUE BET | Source the-odds-api,PENDING,0.0,,,,RESULT_NOT_FOUND_VERIFY_MANUALLY,,2-0,39.23,2-1,24.54,,,75.58,0.1287,247.99,1.0
2026-07-01T16:00:00Z,soccer_fifa_world_cup,football,England,DR Congo,Home Win,England,the-odds-api,0.8181915,1.29,0.0555,88.59,1 - MEGA VALUE,3.0,MEGA VALUE,0.4038,0.1913,7.43,Elite,MEGA VALUE,GLOBAL_BOOST,BASELINE,MEGA 70%/3% | SAFE 63%/1% | VALUE 58%/3%,JOUABLE,ok,Value positive 5.5% | Proba IA 81.8% | Mode MEGA VALUE | Learning GLOBAL_BOOST | Source the-odds-api,WIN,0.87,England,2.0,1.0,RESOLVED_FROM_ODDS_API,2026-07-01T23:26:27.391443+00:00,2-0,23.56,3-0,22.24,4-0,14.09,0.0,0.0,212.24,3.0
2026-07-01T10:00:00Z,tennis_atp_wimbledon,tennis,Arthur Rinderknech,Martin Damm Jr.,Player 1 Win,Arthur Rinderknech,the-odds-api,0.6570094999999999,1.67,0.0972,96.86,3 - VALUE BET,1.0,VALUE BET,0.1346,0.1451,7.43,Moyenne,VALUE BET,GLOBAL_BOOST,BASELINE,MEGA 74%/3% | SAFE 67%/1% | VALUE 62%/3%,JOUABLE,ok,Value positive 9.7% | Proba IA 65.7% | Mode VALUE BET | Learning GLOBAL_BOOST | Source the-odds-api,PENDING,0.0,,,,RESULT_NOT_FOUND_VERIFY_MANUALLY,,2-0,41.82,2-1,22.92,,,62.2,0.081,231.14,1.0
2026-07-01T16:30:00Z,tennis_atp_wimbledon,tennis,Stefanos Tsitsipas,Novak Djokovic,Player 2 Win,Novak Djokovic,the-odds-api,0.8701594999999999,1.2,0.0442,94.35,1 - MEGA VALUE,1.83,MEGA VALUE,0.2463,0.22,7.43,Elite,MEGA VALUE,GLOBAL_BOOST,BASELINE,MEGA 74%/3% | SAFE 67%/1% | VALUE 62%/3%,JOUABLE,ok,Value positive 4.4% | Proba IA 87.0% | Mode MEGA VALUE | Learning GLOBAL_BOOST | Source the-odds-api,PENDING,0.0,,,,RESULT_NOT_FOUND_VERIFY_MANUALLY,,2-0,61.73,2-1,24.01,,,82.46,0.0288,219.55,1.83
2026-07-01T09:00:00Z,tennis_wta_wimbledon,tennis,Caty McNally,Elena Rybakina,Player 2 Win,Elena Rybakina,the-odds-api,0.8700579999999999,1.23,0.0702,97.61,1 - MEGA VALUE,3.0,MEGA VALUE,0.4038,0.22,7.43,Elite,MEGA VALUE,GLOBAL_BOOST,BASELINE,MEGA 74%/3% | SAFE 67%/1% | VALUE 62%/3%,JOUABLE,ok,Value positive 7.0% | Proba IA 87.0% | Mode MEGA VALUE | Learning GLOBAL_BOOST | Source the-odds-api,PENDING,0.0,,,,RESULT_NOT_FOUND_VERIFY_MANUALLY,,2-0,61.72,2-1,24.0,,,84.63,0.0544,235.54,3.0
2026-07-02T23:00:00Z,soccer_fifa_world_cup,football,Portugal,Croatia,Home Win,Portugal,the-odds-api,0.6318374999999999,1.83,0.1563,100.0,2 - SAFE PICK,2.0,SAFE PICK,0.2692,0.1883,7.43,Moyenne,SAFE PICK,GLOBAL_BOOST,+4.0% (25 obs),MEGA 70%/3% | SAFE 63%/1% | VALUE 58%/3%,JOUABLE,ok,Value positive 15.6% | Proba IA 63.2% | Mode SAFE PICK | VALUE CLAIRE | Learning GLOBAL_BOOST | Calibration +4.0% (25 obs) | Source the-odds-api,WIN,1.66,Portugal,2.0,1.0,RESOLVED_FROM_ODDS_API,2026-07-03T23:16:45.200761+00:00,1-0,17.35,2-0,17.29,2-1,11.15,0.0,0.0,259.42,2.0
2026-07-02T19:00:00Z,soccer_fifa_world_cup,football,Spain,Austria,Home Win,Spain,the-odds-api,0.7370929999999999,1.33,-0.0197,76.55,2B - FAVORI SOLIDE,2.0,FAVORI SOLIDE,0.2692,0.0,7.43,Forte,FAVORI SOLIDE,GLOBAL_BOOST,-6.0% (12 obs),MEGA 70%/3% | SAFE 63%/1% | VALUE 58%/3%,JOUABLE,ok,Value negative ou nulle | Proba IA 73.7% | Mode FAVORI SOLIDE | Learning GLOBAL_BOOST | Calibration -6.0% (12 obs) | Source the-odds-api,WIN,0.66,Spain,3.0,0.0,RESOLVED_FROM_ODDS_API,2026-07-02T23:20:22.269422+00:00,2-0,24.19,3-0,21.97,4-0,13.39,0.0,0.0,164.89,2.0
2026-07-02T00:00:00Z,soccer_fifa_world_cup,football,USA,Bosnia & Herzegovina,Home Win,USA,the-odds-api,0.6894,1.6,0.103,96.65,2 - SAFE PICK,2.0,SAFE PICK,0.2692,0.1717,7.43,Forte,SAFE PICK,BASELINE,+2.9% (14 obs),MEGA 70%/3% | SAFE 63%/1% | VALUE 58%/3%,JOUABLE,ok,Value positive 10.3% | Proba IA 68.9% | Mode SAFE PICK | Calibration +2.9% (14 obs) | Source the-odds-api,WIN,1.2,USA,2.0,0.0,RESOLVED_FROM_ODDS_API,2026-07-02T23:20:22.277635+00:00,2-0,20.47,1-0,18.25,2-1,9.84,0.0,0.0,235.61,2.0
2026-07-03T22:00:00Z,soccer_fifa_world_cup,football,Argentina,Cape Verde,Home Win,Argentina,the-odds-api,0.8618,1.17,0.0083,85.0,2B - FAVORI SOLIDE,2.0,FAVORI SOLIDE,0.2692,0.0489,7.43,Elite,FAVORI SOLIDE,BASELINE,BASELINE,MEGA 70%/3% | SAFE 63%/1% | VALUE 58%/3%,JOUABLE,ok,Value positive 0.8% | Proba IA 86.2% | Mode FAVORI SOLIDE | MARCHE JUSTE | Source the-odds-api,WIN,0.34,Argentina,3.0,2.0,RESOLVED_FROM_ODDS_API,2026-07-04T23:08:22.789495+00:00,3-0,22.92,2-0,22.71,4-0,15.53,0.0,0.0,189.7,2.0
2026-07-03T18:00:00Z,soccer_fifa_world_cup,football,Australia,Egypt,Draw,Draw,the-odds-api,0.3285554999999999,3.0,-0.0143,59.0,3B - NUL POSSIBLE,1.0,NUL POSSIBLE,0.1346,0.0,7.43,A EVITER,NUL POSSIBLE,GLOBAL_BOOST,-1.3% (20 obs),MEGA 70%/3% | SAFE 63%/1% | VALUE 58%/3%,JOUABLE,ok,Value negative ou nulle | Proba IA 32.9% | Mode NUL POSSIBLE | NUL SERRE | Learning GLOBAL_BOOST | Calibration -1.3% (20 obs) | Source the-odds-api,WIN,2.0,DRAW,1.0,1.0,RESOLVED_FROM_ODDS_API,2026-07-03T23:16:45.214421+00:00,1-1,14.92,1-0,11.93,0-1,11.82,0.0,0.0,110.32,1.0
2026-07-03T11:30:00Z,tennis_atp_wimbledon,tennis,Jan-Lennard Struff,Daniil Medvedev,Player 2 Win,Daniil Medvedev,the-odds-api,0.8728999999999999,1.21,0.0562,96.0,1 - MEGA VALUE,1.83,MEGA VALUE,0.2463,0.22,7.43,Elite,MEGA VALUE,GLOBAL_BOOST,BASELINE,MEGA 74%/3% | SAFE 67%/1% | VALUE 62%/3%,JOUABLE,ok,Value positive 5.6% | Proba IA 87.3% | Mode MEGA VALUE | Learning GLOBAL_BOOST | Source the-odds-api,PENDING,0.0,,,,RESULT_NOT_FOUND_VERIFY_MANUALLY,,2-0,61.92,2-1,24.08,,,83.65,0.0406,227.35,1.83
2026-07-04T17:00:00Z,soccer_fifa_world_cup,football,Canada,Morocco,Away Win,Morocco,the-odds-api,0.6627623799953304,1.87,0.2394,100.0,2 - SAFE PICK,1.83,SAFE PICK,0.2463,0.22,7.43,Moyenne,SAFE PICK,BOOST|GLOBAL_BOOST,+4.0% (17 obs),MEGA 70%/3% | SAFE 63%/1% | VALUE 58%/3%,JOUABLE,ok,Value positive 23.9% | Proba IA 66.3% | Mode SAFE PICK | MARCHE JUSTE | Learning BOOST|GLOBAL_BOOST | Calibration +4.0% (17 obs) | Source the-odds-api,WIN,1.59,Morocco,0.0,3.0,RESOLVED_FROM_ODDS_API,2026-07-04T23:08:24.119758+00:00,0-1,15.91,1-1,13.67,0-2,11.4,0.0,0.0,297.32,1.83
2026-07-04T01:30:00Z,soccer_fifa_world_cup,football,Colombia,Ghana,Home Win,Colombia,the-odds-api,0.708673,1.6,0.1339,100.0,1 - MEGA VALUE,3.0,MEGA VALUE,0.4038,0.22,7.43,Forte,MEGA VALUE,GLOBAL_BOOST,+2.9% (14 obs),MEGA 70%/3% | SAFE 63%/1% | VALUE 58%/3%,JOUABLE,ok,Value positive 13.4% | Proba IA 70.9% | Mode MEGA VALUE | VALUE CLAIRE | Learning GLOBAL_BOOST | Calibration +2.9% (14 obs) | Source the-odds-api,WIN,1.8,Colombia,1.0,0.0,RESOLVED_FROM_ODDS_API,2026-07-04T23:08:24.127153+00:00,2-0,20.76,1-0,18.27,2-1,9.73,0.0,0.0,255.17,3.0
2026-07-04T21:00:00Z,soccer_fifa_world_cup,football,Paraguay,France,Away Win,France,the-odds-api,0.9,1.2,0.08,94.85,1 - MEGA VALUE,1.83,MEGA VALUE,0.2463,0.22,7.43,Elite,MEGA VALUE,BOOST|GLOBAL_BOOST,BASELINE,MEGA 70%/3% | SAFE 63%/1% | VALUE 58%/3%,JOUABLE,ok,Value positive 8.0% | Proba IA 90.0% | Mode MEGA VALUE | MARCHE JUSTE | Learning BOOST|GLOBAL_BOOST | Source the-odds-api,WIN,0.37,France,0.0,1.0,RESOLVED_FROM_ODDS_API,2026-07-04T23:08:24.134819+00:00,0-2,24.23,0-3,20.3,0-1,11.77,0.0,0.0,237.78,1.83
2026-07-05T20:00:00Z,soccer_fifa_world_cup,football,Brazil,Norway,Home Win,Brazil,the-odds-api,0.6698059065113746,1.92,0.286,100.0,3 - VALUE BET,1.0,VALUE BET,0.1346,0.22,7.43,Moyenne,VALUE BET,BOOST|GLOBAL_BOOST,+4.0% (25 obs),MEGA 70%/3% | SAFE 63%/1% | VALUE 58%/3%,JOUABLE,ok,Value positive 28.6% | Proba IA 67.0% | Mode VALUE BET | Learning BOOST|GLOBAL_BOOST | Calibration +4.0% (25 obs) | Source the-odds-api,LOSS,-1.0,Norway,1.0,2.0,RESOLVED_FROM_ODDS_API,2026-07-05T23:13:23.339717+00:00,1-0,17.46,2-0,14.7,2-1,11.68,0.0,0.0,317.88,1.0
2026-07-05T10:00:00Z,tennis_atp_wimbledon,tennis,Roman Safiullin,Novak Djokovic,Player 2 Win,Novak Djokovic,the-odds-api,0.8728999999999999,1.2,0.0475,94.9,1 - MEGA VALUE,2.83,MEGA VALUE,0.3809,0.22,7.43,Elite,MEGA VALUE,GLOBAL_BOOST,BASELINE,MEGA 74%/3% | SAFE 67%/1% | VALUE 62%/3%,JOUABLE,ok,Value positive 4.8% | Proba IA 87.3% | Mode MEGA VALUE | Learning GLOBAL_BOOST | Source the-odds-api,PENDING,0.0,,,,RESULT_NOT_FOUND_VERIFY_MANUALLY,,2-0,61.92,2-1,24.08,,,82.92,0.032,221.97,2.83
2026-07-05T12:00:00Z,tennis_wta_wimbledon,tennis,Jessica Pegula,Iva Jović,Player 1 Win,Jessica Pegula,the-odds-api,0.7438934999999999,1.52,0.1307,100.0,1 - MEGA VALUE,2.83,MEGA VALUE,0.3809,0.22,7.43,Forte,MEGA VALUE,GLOBAL_BOOST,BASELINE,MEGA 74%/3% | SAFE 67%/1% | VALUE 62%/3%,JOUABLE,ok,Value positive 13.1% | Proba IA 74.4% | Mode MEGA VALUE | Learning GLOBAL_BOOST | Source the-odds-api,PENDING,0.0,,,,RESULT_NOT_FOUND_VERIFY_MANUALLY,,2-0,50.93,2-1,22.37,,,81.0,0.1141,256.28,2.83
2026-07-06T00:00:00Z,soccer_fifa_world_cup,football,Mexico,England,Draw,Draw,the-odds-api,0.3629439251267224,3.3,0.1977,84.83,3B - NUL POSSIBLE,1.0,NUL POSSIBLE,0.1346,0.086,7.43,A EVITER,NUL POSSIBLE,BOOST|GLOBAL_BOOST,-1.3% (20 obs),MEGA 70%/3% | SAFE 63%/1% | VALUE 58%/3%,JOUABLE,ok,Value positive 19.8% | Proba IA 36.3% | Mode NUL POSSIBLE | NUL SERRE | Learning BOOST|GLOBAL_BOOST | Calibration -1.3% (20 obs) | Source the-odds-api,LOSS,-1.0,England,2.0,3.0,RESOLVED_FROM_ODDS_API,2026-07-06T23:18:30.182494+00:00,1-1,15.07,1-0,11.98,0-1,11.35,0.0,0.0,235.97,1.0
2026-07-06T19:00:00Z,soccer_fifa_world_cup,football,Portugal,Spain,Away Win,Spain,the-odds-api,0.6778878977383765,1.97,0.3354,100.0,3 - VALUE BET,1.0,VALUE BET,0.1346,0.22,7.43,Moyenne,VALUE BET,BOOST|GLOBAL_BOOST,+4.0% (17 obs),MEGA 70%/3% | SAFE 63%/1% | VALUE 58%/3%,JOUABLE,ok,Value positive 33.5% | Proba IA 67.8% | Mode VALUE BET | MARCHE JUSTE | Learning BOOST|GLOBAL_BOOST | Calibration +4.0% (17 obs) | Source the-odds-api,WIN,0.97,Spain,0.0,1.0,RESOLVED_FROM_ODDS_API,2026-07-06T23:18:30.189383+00:00,0-1,14.21,1-1,13.54,1-0,10.46,0.0,0.0,339.69,1.0
2026-07-06T16:30:00Z,tennis_atp_wimbledon,tennis,Jiri Lehecka,Alexander Zverev,Player 2 Win,Alexander Zverev,the-odds-api,0.779740381875,1.35,0.0526,97.97,1 - MEGA VALUE,3.0,MEGA VALUE,0.4038,0.1504,7.43,Forte,MEGA VALUE,DANGEROUS_OPPONENT|BOOST|GLOBAL_BOOST,BASELINE,MEGA 74%/3% | SAFE 67%/1% | VALUE 62%/3%,JOUABLE,ok,Value positive 5.3% | Proba IA 78.0% | Mode MEGA VALUE | Learning DANGEROUS_OPPONENT|BOOST|GLOBAL_BOOST | Source the-odds-api,PENDING,0.0,,,,RESULT_NOT_FOUND_VERIFY_MANUALLY,,2-0,45.37,2-1,26.78,,,70.5,-0.026,222.22,3.0
2026-07-06T09:00:00Z,tennis_wta_wimbledon,tennis,Ashlyn Krueger,Marta Kostyuk,Player 2 Win,Marta Kostyuk,the-odds-api,0.6957825,1.49,0.0367,92.52,2 - SAFE PICK,2.0,SAFE PICK,0.2692,0.0749,7.43,Forte,SAFE PICK,SURFACE_ALERT|GLOBAL_BOOST,BASELINE,MEGA 74%/3% | SAFE 67%/1% | VALUE 62%/3%,JOUABLE,ok,Value positive 3.7% | Proba IA 69.6% | Mode SAFE PICK | Learning SURFACE_ALERT|GLOBAL_BOOST | Source the-odds-api,PENDING,0.0,,,,RESULT_NOT_FOUND_VERIFY_MANUALLY,,2-0,44.3,2-1,24.24,,,69.8,0.0213,201.42,2.0
2026-07-07T16:00:00Z,soccer_fifa_world_cup,football,Argentina,Egypt,Home Win,Argentina,the-odds-api,0.8501159383542215,1.4,0.1902,100.0,1 - MEGA VALUE,3.0,MEGA VALUE,0.4038,0.22,7.43,Elite,MEGA VALUE,BOOST|GLOBAL_BOOST,-6.0% (12 obs),MEGA 70%/3% | SAFE 63%/1% | VALUE 58%/3%,JOUABLE,ok,Value positive 19.0% | Proba IA 85.0% | Mode MEGA VALUE | Learning BOOST|GLOBAL_BOOST | Calibration -6.0% (12 obs) | Source the-odds-api,WIN,1.2,Argentina,3.0,2.0,RESOLVED_FROM_ODDS_API,2026-07-07T23:12:38.993482+00:00,2-0,24.82,3-0,21.02,1-0,11.96,0.0,0.0,289.28,3.0
2026-07-07T00:00:00Z,soccer_fifa_world_cup,football,USA,Belgium,Draw,Draw,the-odds-api,0.3452917066190803,3.5,0.2085,85.33,3B - NUL POSSIBLE,1.0,NUL POSSIBLE,0.1346,0.0834,7.43,A EVITER,NUL POSSIBLE,BOOST|GLOBAL_BOOST,-1.3% (20 obs),MEGA 70%/3% | SAFE 63%/1% | VALUE 58%/3%,JOUABLE,ok,Value positive 20.8% | Proba IA 34.5% | Mode NUL POSSIBLE | NUL SERRE | Learning BOOST|GLOBAL_BOOST | Calibration -1.3% (20 obs) | Source the-odds-api,LOSS,-1.0,Belgium,1.0,4.0,RESOLVED_FROM_ODDS_API,2026-07-07T23:12:38.999717+00:00,1-1,14.54,1-0,12.93,0-1,10.46,0.0,0.0,240.12,1.0
2026-07-07T15:30:00Z,tennis_atp_wimbledon,tennis,Felix Auger-Aliassime,Novak Djokovic,Player 2 Win,Novak Djokovic,the-odds-api,0.68706116325,1.6,0.0993,98.82,2 - SAFE PICK,1.83,SAFE PICK,0.2463,0.1655,7.43,Forte,SAFE PICK,BOOST|GLOBAL_BOOST,BASELINE,MEGA 74%/3% | SAFE 67%/1% | VALUE 62%/3%,JOUABLE,ok,Value positive 9.9% | Proba IA 68.7% | Mode SAFE PICK | Learning BOOST|GLOBAL_BOOST | Source the-odds-api,PENDING,0.0,,,,RESULT_NOT_FOUND_VERIFY_MANUALLY,,2-0,37.64,2-1,25.82,,,65.74,0.0154,237.05,1.83
2026-07-08T10:00:00Z,tennis_atp_wimbledon,tennis,Flavio Cobolli,Arthur Fery,Player 1 Win,Flavio Cobolli,the-odds-api,0.7524194999999999,1.4,0.0534,96.59,1 - MEGA VALUE,3.0,MEGA VALUE,0.4038,0.1335,7.43,Forte,MEGA VALUE,GLOBAL_BOOST,BASELINE,MEGA 74%/3% | SAFE 67%/1% | VALUE 62%/3%,JOUABLE,ok,Value positive 5.3% | Proba IA 75.2% | Mode MEGA VALUE | Learning GLOBAL_BOOST | Source the-odds-api,PENDING,0.0,,,,RESULT_NOT_FOUND_VERIFY_MANUALLY,,2-0,51.84,2-1,22.29,,,68.03,0.0379,218.58,3.0
2026-07-08T12:00:00Z,tennis_wta_wimbledon,tennis,Linda Noskova,Elise Mertens,Player 1 Win,Linda Noskova,the-odds-api,0.6459051569786222,1.67,0.0787,94.22,3 - VALUE BET,1.0,VALUE BET,0.1346,0.1174,7.43,Moyenne,VALUE BET,BOOST|GLOBAL_BOOST,BASELINE,MEGA 74%/3% | SAFE 67%/1% | VALUE 62%/3%,JOUABLE,ok,Value positive 7.9% | Proba IA 64.6% | Mode VALUE BET | Learning BOOST|GLOBAL_BOOST | Source the-odds-api,PENDING,0.0,,,,RESULT_NOT_FOUND_VERIFY_MANUALLY,,2-0,31.28,2-1,28.54,,,61.87,-0.001,218.48,1.0
2026-07-09T20:00:00Z,soccer_fifa_world_cup,football,France,Morocco,Home Win,France,the-odds-api,0.7553038169428578,1.61,0.216,100.0,1 - MEGA VALUE,3.0,MEGA VALUE,0.4038,0.22,7.43,Forte,MEGA VALUE,BOOST|GLOBAL_BOOST,-2.9% (29 obs),MEGA 70%/3% | SAFE 63%/1% | VALUE 58%/3%,JOUABLE,ok,Value positive 21.6% | Proba IA 75.5% | Mode MEGA VALUE | Learning BOOST|GLOBAL_BOOST | Calibration -2.9% (29 obs) | Source the-odds-api,WIN,1.83,France,2.0,0.0,RESOLVED_FROM_ODDS_API,2026-07-09T23:23:15.761613+00:00,2-0,19.48,1-0,17.8,2-1,10.26,0.0,0.0,293.77,3.0
2026-07-10T19:00:00Z,soccer_fifa_world_cup,football,Spain,Belgium,Home Win,Spain,the-odds-api,0.7391422575625277,1.66,0.227,100.0,1 - MEGA VALUE,3.0,MEGA VALUE,0.4038,0.22,7.43,Forte,MEGA VALUE,BOOST|GLOBAL_BOOST,-2.9% (29 obs),MEGA 70%/3% | SAFE 63%/1% | VALUE 58%/3%,JOUABLE,ok,Value positive 22.7% | Proba IA 73.9% | Mode MEGA VALUE | Learning BOOST|GLOBAL_BOOST | Calibration -2.9% (29 obs) | Source the-odds-api,WIN,1.98,Spain,2.0,1.0,RESOLVED_FROM_ODDS_API,2026-07-10T23:08:56.967420+00:00,2-0,19.62,1-0,18.03,2-1,10.49,0.0,0.0,297.34,3.0
2026-07-10T12:30:00Z,tennis_atp_wimbledon,tennis,Arthur Fery,Alexander Zverev,Player 2 Win,Alexander Zverev,the-odds-api,0.8635823212161519,1.17,0.0104,88.42,2 - SAFE PICK,1.83,SAFE PICK,0.2463,0.0611,7.43,Elite,SAFE PICK,LOW_VALUE_FAVORITE|BOOST|GLOBAL_BOOST,BASELINE,MEGA 74%/3% | SAFE 67%/1% | VALUE 62%/3%,JOUABLE,ok,Value positive 1.0% | Proba IA 86.4% | Mode SAFE PICK | Learning LOW_VALUE_FAVORITE|BOOST|GLOBAL_BOOST | Source the-odds-api,PENDING,0.0,,,,RESULT_NOT_FOUND_VERIFY_MANUALLY,,2-0,57.59,2-1,22.39,,,68.9,-0.0642,195.78,1.83
2026-07-10T12:30:00Z,tennis_atp_wimbledon,tennis,Jannik Sinner,Novak Djokovic,Player 1 Win,Jannik Sinner,the-odds-api,0.7588467808836104,1.24,-0.059,76.08,2B - FAVORI SOLIDE,1.83,FAVORI SOLIDE,0.2463,0.0,7.43,Forte,FAVORI SOLIDE,LOW_VALUE_FAVORITE|DANGEROUS_OPPONENT|BOOST|GLOBAL_BOOST,BASELINE,MEGA 74%/3% | SAFE 67%/1% | VALUE 62%/3%,JOUABLE,ok,Value negative ou nulle | Proba IA 75.9% | Mode FAVORI SOLIDE | Learning LOW_VALUE_FAVORITE|DANGEROUS_OPPONENT|BOOST|GLOBAL_BOOST | Source the-odds-api,PENDING,0.0,,,,RESULT_NOT_FOUND_VERIFY_MANUALLY,,2-0,45.3,2-1,24.98,,,69.2,-0.1285,165.72,1.83
2026-07-11T21:00:00Z,soccer_fifa_world_cup,football,Norway,England,Away Win,England,the-odds-api,0.6983191170538047,1.94,0.3547,100.0,3 - VALUE BET,1.0,VALUE BET,0.1346,0.22,7.43,Forte,VALUE BET,BOOST|GLOBAL_BOOST,+4.0% (17 obs),MEGA 70%/3% | SAFE 63%/1% | VALUE 58%/3%,JOUABLE,ok,Value positive 35.5% | Proba IA 69.8% | Mode VALUE BET | MARCHE JUSTE | Learning BOOST|GLOBAL_BOOST | Calibration +4.0% (17 obs) | Source the-odds-api,WIN,0.94,England,1.0,2.0,RESOLVED_FROM_ODDS_API,2026-07-12T00:06:32.057917+00:00,0-1,14.38,1-1,13.47,1-0,10.31,0.0,0.0,349.42,1.0
2026-07-12T01:00:00Z,soccer_fifa_world_cup,football,Argentina,Switzerland,Home Win,Argentina,the-odds-api,0.7275687969847413,1.78,0.2951,100.0,1 - MEGA VALUE,3.0,MEGA VALUE,0.4038,0.22,7.43,Forte,MEGA VALUE,BOOST|GLOBAL_BOOST,+4.0% (25 obs),MEGA 70%/3% | SAFE 63%/1% | VALUE 58%/3%,JOUABLE,ok,Value positive 29.5% | Proba IA 72.8% | Mode MEGA VALUE | VALUE CLAIRE | Learning BOOST|GLOBAL_BOOST | Calibration +4.0% (25 obs) | Source the-odds-api,WIN,2.34,Argentina,3.0,1.0,RESOLVED_FROM_ODDS_API,2026-07-12T23:01:57.058986+00:00,2-0,17.89,1-0,17.59,2-1,11.08,0.0,0.0,325.81,3.0
2026-07-14T19:00:00Z,soccer_fifa_world_cup,football,France,Spain,Draw,Draw,the-odds-api,0.3624323341950468,3.4,0.2323,87.37,3B - NUL POSSIBLE,1.0,NUL POSSIBLE,0.1346,0.0968,7.43,A EVITER,NUL POSSIBLE,BOOST|GLOBAL_BOOST,+1.2% (179 obs),MEGA 70%/3% | SAFE 63%/1% | VALUE 58%/3%,JOUABLE,ok,Value positive 23.2% | Proba IA 36.2% | Mode NUL POSSIBLE | MARCHE JUSTE | Learning BOOST|GLOBAL_BOOST | Calibration +1.2% (179 obs) | Source the-odds-api,PENDING,0.0,,,,RESULT_NOT_FOUND_VERIFY_MANUALLY,,1-0,14.37,1-1,13.58,2-1,10.49,0.0,0.0,254.55,1.0
2026-07-14T19:00:00Z,soccer_fifa_world_cup,football,France,Spain,Home Win,France,the-odds-api,0.5827511132084214,2.4,0.3986,100.0,3 - VALUE BET,1.0,VALUE BET,0.1346,0.22,7.43,Moyenne,VALUE BET,BOOST|GLOBAL_BOOST,+3.9% (57 obs),MEGA 70%/3% | SAFE 63%/1% | VALUE 58%/3%,JOUABLE,ok,Value positive 39.9% | Proba IA 58.3% | Mode VALUE BET | Learning BOOST|GLOBAL_BOOST | Calibration +3.9% (57 obs) | Source the-odds-api,PENDING,0.0,,,,RESULT_NOT_FOUND_VERIFY_MANUALLY,,1-0,14.33,1-1,13.58,2-1,10.51,0.0,0.0,360.19,1.0
2026-07-15T19:00:00Z,soccer_fifa_world_cup,football,England,Argentina,Draw,Draw,the-odds-api,0.3949376501719764,3.12,0.2322,88.74,3B - NUL POSSIBLE,1.0,NUL POSSIBLE,0.1346,0.1095,7.43,A EVITER,NUL POSSIBLE,BOOST|GLOBAL_BOOST,-0.2% (22 obs),MEGA 70%/3% | SAFE 63%/1% | VALUE 58%/3%,JOUABLE,ok,Value positive 23.2% | Proba IA 39.5% | Mode NUL POSSIBLE | NUL SERRE | Learning BOOST|GLOBAL_BOOST | Calibration -0.2% (22 obs) | Source the-odds-api,PENDING,0.0,,,,RESULT_NOT_FOUND_VERIFY_MANUALLY,,1-1,14.24,1-0,13.53,0-1,10.25,0.0,0.0,258.83,1.0
2026-07-16T22:30:00Z,soccer_brazil_campeonato,football,Botafogo,Santos,Draw,Draw,the-odds-api,0.2871,3.5,0.0049,59.47,3B - NUL POSSIBLE,1.0,NUL POSSIBLE,0.1346,0.0019,7.43,A EVITER,NUL POSSIBLE,BASELINE,+3.7% (114 obs),MEGA 70%/3% | SAFE 63%/1% | VALUE 58%/3%,JOUABLE,ok,Value positive 0.5% | Proba IA 28.7% | Mode NUL POSSIBLE | DRAW RISQUE | Calibration +3.7% (114 obs) | Source the-odds-api,PENDING,0.0,,,,RESULT_NOT_FOUND_VERIFY_MANUALLY,,1-0,16.8,2-0,13.53,1-1,12.01,0.0,0.0,110.2,1.0
2026-07-17T22:30:00Z,soccer_brazil_campeonato,football,Bahia,Chapecoense,Home Win,Bahia,the-odds-api,0.8290453065203313,1.44,0.1938,100.0,1 - MEGA VALUE,3.0,MEGA VALUE,0.4038,0.22,7.43,Elite,MEGA VALUE,BOOST|GLOBAL_BOOST,+4.0% (22 obs),MEGA 70%/3% | SAFE 63%/1% | VALUE 58%/3%,JOUABLE,ok,Value positive 19.4% | Proba IA 82.9% | Mode MEGA VALUE | Learning BOOST|GLOBAL_BOOST | Calibration +4.0% (22 obs) | Source the-odds-api,PENDING,0.0,,,,RESULT_NOT_FOUND_VERIFY_MANUALLY,,2-0,24.09,3-0,19.39,1-0,12.2,0.0,0.0,289.38,3.0
2026-07-17T02:30:00Z,soccer_usa_mls,football,Seattle Sounders FC,Portland Timbers,Home Win,Seattle Sounders FC,the-odds-api,0.8005335753250659,1.4,0.1207,100.0,1 - MEGA VALUE,3.0,MEGA VALUE,0.4038,0.22,7.43,Elite,MEGA VALUE,BOOST|GLOBAL_BOOST,+4.0% (19 obs),MEGA 70%/3% | SAFE 63%/1% | VALUE 58%/3%,JOUABLE,ok,Value positive 12.1% | Proba IA 80.1% | Mode MEGA VALUE | Learning BOOST|GLOBAL_BOOST | Calibration +4.0% (19 obs) | Source the-odds-api,PENDING,0.0,,,,RESULT_NOT_FOUND_VERIFY_MANUALLY,,2-0,26.12,1-0,13.69,3-0,12.65,0.0,0.0,255.96,3.0
2026-07-17T00:30:00Z,soccer_usa_mls,football,St. Louis City SC,Sporting Kansas City,Home Win,St. Louis City SC,the-odds-api,0.8070576298467531,1.36,0.0976,100.0,1 - MEGA VALUE,1.83,MEGA VALUE,0.2463,0.22,7.43,Elite,MEGA VALUE,BOOST|GLOBAL_BOOST,+4.0% (19 obs),MEGA 70%/3% | SAFE 63%/1% | VALUE 58%/3%,JOUABLE,ok,Value positive 9.8% | Proba IA 80.7% | Mode MEGA VALUE | Learning BOOST|GLOBAL_BOOST | Calibration +4.0% (19 obs) | Source the-odds-api,PENDING,0.0,,,,RESULT_NOT_FOUND_VERIFY_MANUALLY,,2-0,23.35,3-0,18.31,1-0,12.14,0.0,0.0,246.46,1.83
2026-07-18T01:00:00Z,soccer_mexico_ligamx,football,Atlético San Luis,Cruz Azul,Away Win,Cruz Azul,the-odds-api,0.6467641887126047,1.8,0.1642,100.0,2 - SAFE PICK,1.83,SAFE PICK,0.2463,0.2052,7.43,Moyenne,SAFE PICK,BOOST|GLOBAL_BOOST,+4.0% (17 obs),MEGA 70%/3% | SAFE 63%/1% | VALUE 58%/3%,JOUABLE,ok,Value positive 16.4% | Proba IA 64.7% | Mode SAFE PICK | MARCHE JUSTE | Learning BOOST|GLOBAL_BOOST | Calibration +4.0% (17 obs) | Source the-odds-api,PENDING,0.0,,,,RESULT_NOT_FOUND_VERIFY_MANUALLY,,0-1,14.03,1-1,13.58,1-0,10.49,0.0,0.0,263.87,1.83
2026-07-18T23:00:00Z,soccer_mexico_ligamx,football,Pumas,Pachuca,Draw,Draw,the-odds-api,0.3156725337465391,3.5,0.1049,72.17,3B - NUL POSSIBLE,1.0,NUL POSSIBLE,0.1346,0.0419,7.43,A EVITER,NUL POSSIBLE,BOOST|GLOBAL_BOOST,+1.2% (179 obs),MEGA 70%/3% | SAFE 63%/1% | VALUE 58%/3%,JOUABLE,ok,Value positive 10.5% | Proba IA 31.6% | Mode NUL POSSIBLE | MARCHE JUSTE | Learning BOOST|GLOBAL_BOOST | Calibration +1.2% (179 obs) | Source the-odds-api,PENDING,0.0,,,,RESULT_NOT_FOUND_VERIFY_MANUALLY,,1-1,13.92,1-0,13.66,2-1,10.26,0.0,0.0,174.0,1.0
2026-07-18T02:45:00Z,soccer_usa_mls,football,LA Galaxy,Los Angeles FC,Draw,Draw,the-odds-api,0.344174810215806,3.8,0.3079,83.61,3B - NUL POSSIBLE,1.0,NUL POSSIBLE,0.1346,0.11,7.43,A EVITER,NUL POSSIBLE,BOOST|GLOBAL_BOOST,+1.2% (179 obs),MEGA 70%/3% | SAFE 63%/1% | VALUE 58%/3%,JOUABLE,ok,Value positive 30.8% | Proba IA 34.4% | Mode NUL POSSIBLE | NUL SERRE | Learning BOOST|GLOBAL_BOOST | Calibration +1.2% (179 obs) | Source the-odds-api,PENDING,0.0,,,,RESULT_NOT_FOUND_VERIFY_MANUALLY,,1-1,14.64,1-0,12.61,0-1,10.46,0.0,0.0,280.22,1.0
2026-07-18T00:00:00Z,soccer_usa_mls,football,Nashville SC,Atlanta United FC,Home Win,Nashville SC,the-odds-api,0.8349720270624967,1.36,0.1356,100.0,1 - MEGA VALUE,3.0,MEGA VALUE,0.4038,0.22,7.43,Elite,MEGA VALUE,BOOST|GLOBAL_BOOST,+4.0% (19 obs),MEGA 70%/3% | SAFE 63%/1% | VALUE 58%/3%,JOUABLE,ok,Value positive 13.6% | Proba IA 83.5% | Mode MEGA VALUE | Learning BOOST|GLOBAL_BOOST | Calibration +4.0% (19 obs) | Source the-odds-api,PENDING,0.0,,,,RESULT_NOT_FOUND_VERIFY_MANUALLY,,2-0,24.32,3-0,20.13,1-0,11.99,0.0,0.0,264.74,3.0
2026-07-19T01:07:00Z,soccer_mexico_ligamx,football,Guadalajara,Toluca,Draw,Draw,the-odds-api,0.3134166262064113,3.6,0.1283,71.77,3B - NUL POSSIBLE,1.0,NUL POSSIBLE,0.1346,0.0493,7.43,A EVITER,NUL POSSIBLE,BOOST|GLOBAL_BOOST,+1.2% (179 obs),MEGA 70%/3% | SAFE 63%/1% | VALUE 58%/3%,JOUABLE,ok,Value positive 12.8% | Proba IA 31.3% | Mode NUL POSSIBLE | MARCHE JUSTE | Learning BOOST|GLOBAL_BOOST | Calibration +1.2% (179 obs) | Source the-odds-api,PENDING,0.0,,,,RESULT_NOT_FOUND_VERIFY_MANUALLY,,1-0,13.87,1-1,13.75,2-1,10.39,0.0,0.0,183.33,1.0
2026-07-19T01:00:00Z,soccer_mexico_ligamx,football,Monterrey,Santos Laguna,Home Win,Monterrey,the-odds-api,0.6841205201661309,1.55,0.0604,91.53,2 - SAFE PICK,2.0,SAFE PICK,0.2692,0.1098,7.43,Forte,SAFE PICK,BOOST|GLOBAL_BOOST,-2.9% (29 obs),MEGA 70%/3% | SAFE 63%/1% | VALUE 58%/3%,JOUABLE,ok,Value positive 6.0% | Proba IA 68.4% | Mode SAFE PICK | Learning BOOST|GLOBAL_BOOST | Calibration -2.9% (29 obs) | Source the-odds-api,PENDING,0.0,,,,RESULT_NOT_FOUND_VERIFY_MANUALLY,,2-0,18.22,1-0,17.46,2-1,11.13,0.0,0.0,209.32,2.0
2026-07-19T03:00:00Z,soccer_mexico_ligamx,football,Querétaro,América,Draw,Draw,the-odds-api,0.3267829240852236,3.35,0.0947,71.47,3B - NUL POSSIBLE,1.0,NUL POSSIBLE,0.1346,0.0403,7.43,A EVITER,NUL POSSIBLE,BOOST|GLOBAL_BOOST,+1.2% (179 obs),MEGA 70%/3% | SAFE 63%/1% | VALUE 58%/3%,JOUABLE,ok,Value positive 9.5% | Proba IA 32.7% | Mode NUL POSSIBLE | MARCHE JUSTE | Learning BOOST|GLOBAL_BOOST | Calibration +1.2% (179 obs) | Source the-odds-api,PENDING,0.0,,,,RESULT_NOT_FOUND_VERIFY_MANUALLY,,1-1,14.09,0-1,13.1,1-0,11.06,0.0,0.0,169.38,1.0
2026-07-22T22:30:00Z,soccer_brazil_campeonato,football,Coritiba,Palmeiras,Draw,Draw,the-odds-api,0.3438414945353932,3.25,0.1175,74.8,3B - NUL POSSIBLE,1.0,NUL POSSIBLE,0.1346,0.0522,7.43,A EVITER,NUL POSSIBLE,BOOST|GLOBAL_BOOST,+1.2% (179 obs),MEGA 70%/3% | SAFE 63%/1% | VALUE 58%/3%,JOUABLE,ok,Value positive 11.8% | Proba IA 34.4% | Mode NUL POSSIBLE | MARCHE JUSTE | Learning BOOST|GLOBAL_BOOST | Calibration +1.2% (179 obs) | Source the-odds-api,PENDING,0.0,,,,RESULT_NOT_FOUND_VERIFY_MANUALLY,,1-1,13.94,0-1,13.45,1-0,11.0,0.0,0.0,185.29,1.0
2026-07-22T00:00:00Z,soccer_conmebol_copa_sudamericana,football,Boca Juniors,O'Higgins,Home Win,Boca Juniors,the-odds-api,0.8412573382963312,1.32,0.1105,95.89,1 - MEGA VALUE,1.83,MEGA VALUE,0.2463,0.22,7.43,Elite,MEGA VALUE,BOOST|GLOBAL_BOOST,+4.0% (19 obs),MEGA 70%/3% | SAFE 63%/1% | VALUE 58%/3%,JOUABLE,ok,Value positive 11.1% | Proba IA 84.1% | Mode MEGA VALUE | Learning BOOST|GLOBAL_BOOST | Calibration +4.0% (19 obs) | Source the-odds-api,PENDING,0.0,,,,RESULT_NOT_FOUND_VERIFY_MANUALLY,,2-0,24.24,3-0,20.29,1-0,11.83,0.0,0.0,248.3,1.83
2026-07-22T00:00:00Z,soccer_conmebol_copa_sudamericana,football,Independiente Santa Fe,Caracas FC,Home Win,Independiente Santa Fe,the-odds-api,0.816057827847031,1.4,0.1425,100.0,1 - MEGA VALUE,1.83,MEGA VALUE,0.2463,0.22,7.43,Elite,MEGA VALUE,BOOST|GLOBAL_BOOST,+4.0% (23 obs),MEGA 70%/3% | SAFE 63%/1% | VALUE 58%/3%,JOUABLE,ok,Value positive 14.2% | Proba IA 81.6% | Mode MEGA VALUE | Learning BOOST|GLOBAL_BOOST | Calibration +4.0% (23 obs) | Source the-odds-api,PENDING,0.0,,,,RESULT_NOT_FOUND_VERIFY_MANUALLY,,2-0,24.25,3-0,18.97,1-0,12.62,0.0,0.0,266.39,1.83
2026-07-22T00:00:00Z,soccer_conmebol_copa_sudamericana,football,Lanus,Club Cienciano,Home Win,Lanus,the-odds-api,0.8444690614000331,1.33,0.1231,97.48,1 - MEGA VALUE,3.0,MEGA VALUE,0.4038,0.22,7.43,Elite,MEGA VALUE,BOOST|GLOBAL_BOOST,+4.0% (19 obs),MEGA 70%/3% | SAFE 63%/1% | VALUE 58%/3%,JOUABLE,ok,Value positive 12.3% | Proba IA 84.4% | Mode MEGA VALUE | Learning BOOST|GLOBAL_BOOST | Calibration +4.0% (19 obs) | Source the-odds-api,PENDING,0.0,,,,RESULT_NOT_FOUND_VERIFY_MANUALLY,,2-0,24.4,3-0,20.54,1-0,11.84,0.0,0.0,256.34,3.0
2026-07-22T01:00:00Z,soccer_mexico_ligamx,football,Cruz Azul,Puebla,Home Win,Cruz Azul,the-odds-api,0.8324158169622442,1.33,0.1071,95.13,1 - MEGA VALUE,3.0,MEGA VALUE,0.4038,0.22,7.43,Elite,MEGA VALUE,BOOST|GLOBAL_BOOST,+4.0% (23 obs),MEGA 70%/3% | SAFE 63%/1% | VALUE 58%/3%,JOUABLE,ok,Value positive 10.7% | Proba IA 83.2% | Mode MEGA VALUE | Learning BOOST|GLOBAL_BOOST | Calibration +4.0% (23 obs) | Source the-odds-api,PENDING,0.0,,,,RESULT_NOT_FOUND_VERIFY_MANUALLY,,2-0,23.95,3-0,19.33,1-0,12.11,0.0,0.0,245.12,3.0
2026-07-22T03:00:00Z,soccer_mexico_ligamx,football,Toluca,Pumas,Home Win,Toluca,the-odds-api,0.6594124189607352,1.67,0.1012,95.19,2 - SAFE PICK,1.83,SAFE PICK,0.2463,0.1511,7.43,Moyenne,SAFE PICK,BOOST|GLOBAL_BOOST,-2.9% (29 obs),MEGA 70%/3% | SAFE 63%/1% | VALUE 58%/3%,JOUABLE,ok,Value positive 10.1% | Proba IA 65.9% | Mode SAFE PICK | Learning BOOST|GLOBAL_BOOST | Calibration -2.9% (29 obs) | Source the-odds-api,PENDING,0.0,,,,RESULT_NOT_FOUND_VERIFY_MANUALLY,,2-0,17.54,1-0,17.27,2-1,11.2,0.0,0.0,230.56,1.83
2026-07-23T00:30:00Z,soccer_brazil_campeonato,football,Chapecoense,Flamengo,Away Win,Flamengo,the-odds-api,0.7807498289046182,1.48,0.1555,100.0,1 - MEGA VALUE,3.0,MEGA VALUE,0.4038,0.22,7.43,Elite,MEGA VALUE,BOOST|GLOBAL_BOOST,+4.0% (26 obs),MEGA 70%/3% | SAFE 63%/1% | VALUE 58%/3%,JOUABLE,ok,Value positive 15.6% | Proba IA 78.1% | Mode MEGA VALUE | Learning BOOST|GLOBAL_BOOST | Calibration +4.0% (26 obs) | Source the-odds-api,PENDING,0.0,,,,RESULT_NOT_FOUND_VERIFY_MANUALLY,,0-1,19.1,0-2,18.64,1-1,10.0,0.0,0.0,269.52,3.0
2026-07-23T22:30:00Z,soccer_brazil_campeonato,football,Corinthians,Remo,Home Win,Corinthians,the-odds-api,0.6828148105528543,1.55,0.0584,91.24,2 - SAFE PICK,2.0,SAFE PICK,0.2692,0.1061,7.43,Forte,SAFE PICK,BOOST|GLOBAL_BOOST,-4.0% (28 obs),MEGA 70%/3% | SAFE 63%/1% | VALUE 58%/3%,JOUABLE,ok,Value positive 5.8% | Proba IA 68.3% | Mode SAFE PICK | Learning BOOST|GLOBAL_BOOST | Calibration -4.0% (28 obs) | Source the-odds-api,PENDING,0.0,,,,RESULT_NOT_FOUND_VERIFY_MANUALLY,,2-0,19.52,1-0,17.82,2-1,10.24,0.0,0.0,207.93,2.0
2026-07-23T00:30:00Z,soccer_brazil_campeonato,football,Internacional,Cruzeiro,Draw,Draw,the-odds-api,0.3322035534064354,3.4,0.1295,75.69,3B - NUL POSSIBLE,1.0,NUL POSSIBLE,0.1346,0.054,7.43,A EVITER,NUL POSSIBLE,BOOST|GLOBAL_BOOST,+1.2% (179 obs),MEGA 70%/3% | SAFE 63%/1% | VALUE 58%/3%,JOUABLE,ok,Value positive 13.0% | Proba IA 33.2% | Mode NUL POSSIBLE | MARCHE JUSTE | Learning BOOST|GLOBAL_BOOST | Calibration +1.2% (179 obs) | Source the-odds-api,PENDING,0.0,,,,RESULT_NOT_FOUND_VERIFY_MANUALLY,,1-0,14.45,1-1,13.52,2-0,10.64,0.0,0.0,190.96,1.0
2026-07-23T00:30:00Z,soccer_usa_mls,football,Nashville SC,CF Montreal,Home Win,Nashville SC,the-odds-api,0.8195244215668113,1.4,0.1473,100.0,1 - MEGA VALUE,1.83,MEGA VALUE,0.2463,0.22,7.43,Elite,MEGA VALUE,BOOST|GLOBAL_BOOST,+4.0% (23 obs),MEGA 70%/3% | SAFE 63%/1% | VALUE 58%/3%,JOUABLE,ok,Value positive 14.7% | Proba IA 82.0% | Mode MEGA VALUE | Learning BOOST|GLOBAL_BOOST | Calibration +4.0% (23 obs) | Source the-odds-api,PENDING,0.0,,,,RESULT_NOT_FOUND_VERIFY_MANUALLY,,2-0,23.52,3-0,18.52,1-0,12.18,0.0,0.0,268.72,1.83
2026-07-23T02:30:00Z,soccer_usa_mls,football,San Jose Earthquakes,Orlando City SC,Home Win,San Jose Earthquakes,the-odds-api,0.8061149721479103,1.44,0.1608,100.0,1 - MEGA VALUE,1.83,MEGA VALUE,0.2463,0.22,7.43,Elite,MEGA VALUE,BOOST|GLOBAL_BOOST,+1.2% (16 obs),MEGA 70%/3% | SAFE 63%/1% | VALUE 58%/3%,JOUABLE,ok,Value positive 16.1% | Proba IA 80.6% | Mode MEGA VALUE | Learning BOOST|GLOBAL_BOOST | Calibration +1.2% (16 obs) | Source the-odds-api,PENDING,0.0,,,,RESULT_NOT_FOUND_VERIFY_MANUALLY,,2-0,21.21,1-0,17.86,2-1,10.05,0.0,0.0,273.57,1.83
2026-07-24T22:00:00Z,soccer_argentina_primera_division,football,Racing Club,Gimnasia La Plata,Home Win,Racing Club,the-odds-api,0.6487170863540074,1.75,0.1353,98.65,2 - SAFE PICK,2.0,SAFE PICK,0.2692,0.1803,7.43,Moyenne,SAFE PICK,BOOST|GLOBAL_BOOST,+4.0% (25 obs),MEGA 70%/3% | SAFE 63%/1% | VALUE 58%/3%,JOUABLE,ok,Value positive 13.5% | Proba IA 64.9% | Mode SAFE PICK | Learning BOOST|GLOBAL_BOOST | Calibration +4.0% (25 obs) | Source the-odds-api,PENDING,0.0,,,,RESULT_NOT_FOUND_VERIFY_MANUALLY,,1-0,17.95,2-0,15.39,2-1,11.59,0.0,0.0,249.57,2.0
2026-07-24T00:30:00Z,soccer_conmebol_copa_sudamericana,football,Independiente Santa Fe,Caracas FC,Home Win,Independiente Santa Fe,the-odds-api,0.7553451731753658,1.5,0.133,100.0,1 - MEGA VALUE,1.83,MEGA VALUE,0.2463,0.22,7.43,Forte,MEGA VALUE,BOOST|GLOBAL_BOOST,+4.0% (15 obs),MEGA 70%/3% | SAFE 63%/1% | VALUE 58%/3%,JOUABLE,ok,Value positive 13.3% | Proba IA 75.5% | Mode MEGA VALUE | Learning BOOST|GLOBAL_BOOST | Calibration +4.0% (15 obs) | Source the-odds-api,PENDING,0.0,,,,RESULT_NOT_FOUND_VERIFY_MANUALLY,,2-0,20.18,1-0,18.04,2-1,9.99,0.0,0.0,258.07,1.83
2026-07-25T20:00:00Z,soccer_argentina_primera_division,football,Newells Old Boys,Talleres,Draw,Draw,the-odds-api,0.3867851810792426,2.9,0.1217,77.09,3B - NUL POSSIBLE,1.0,NUL POSSIBLE,0.1346,0.064,7.43,A EVITER,NUL POSSIBLE,BOOST|GLOBAL_BOOST,+1.0% (21 obs),MEGA 70%/3% | SAFE 63%/1% | VALUE 58%/3%,JOUABLE,ok,Value positive 12.2% | Proba IA 38.7% | Mode NUL POSSIBLE | NUL SERRE | Learning BOOST|GLOBAL_BOOST | Calibration +1.0% (21 obs) | Source the-odds-api,PENDING,0.0,,,,RESULT_NOT_FOUND_VERIFY_MANUALLY,,1-1,14.49,1-0,13.17,0-1,10.49,0.0,0.0,193.49,1.0
2026-07-25T00:15:00Z,soccer_argentina_primera_division,football,Platense,Union Santa Fe,Draw,Draw,the-odds-api,0.3970425949994012,2.9,0.1514,80.94,3B - NUL POSSIBLE,1.0,NUL POSSIBLE,0.1346,0.0797,7.43,A EVITER,NUL POSSIBLE,BOOST|GLOBAL_BOOST,+1.0% (21 obs),MEGA 70%/3% | SAFE 63%/1% | VALUE 58%/3%,JOUABLE,ok,Value positive 15.1% | Proba IA 39.7% | Mode NUL POSSIBLE | NUL SERRE | Learning BOOST|GLOBAL_BOOST | Calibration +1.0% (21 obs) | Source the-odds-api,PENDING,0.0,,,,RESULT_NOT_FOUND_VERIFY_MANUALLY,,1-1,14.63,1-0,12.96,0-1,10.64,0.0,0.0,212.7,1.0
2026-07-25T22:15:00Z,soccer_argentina_primera_division,football,River Plate,Barracas Central,Home Win,River Plate,the-odds-api,0.7966692234276446,1.4,0.1153,100.0,1 - MEGA VALUE,3.0,MEGA VALUE,0.4038,0.22,7.43,Elite,MEGA VALUE,BOOST|GLOBAL_BOOST,+4.0% (15 obs),MEGA 70%/3% | SAFE 63%/1% | VALUE 58%/3%,JOUABLE,ok,Value positive 11.5% | Proba IA 79.7% | Mode MEGA VALUE | Learning BOOST|GLOBAL_BOOST | Calibration +4.0% (15 obs) | Source the-odds-api,PENDING,0.0,,,,RESULT_NOT_FOUND_VERIFY_MANUALLY,,2-0,20.61,1-0,17.03,3-0,15.55,0.0,0.0,253.36,3.0
2026-07-25T03:00:00Z,soccer_mexico_ligamx,football,Atlante FC,América,Away Win,América,the-odds-api,0.684840592616119,1.7,0.1642,100.0,2 - SAFE PICK,1.83,SAFE PICK,0.2463,0.22,7.43,Forte,SAFE PICK,BOOST|GLOBAL_BOOST,+4.0% (17 obs),MEGA 70%/3% | SAFE 63%/1% | VALUE 58%/3%,JOUABLE,ok,Value positive 16.4% | Proba IA 68.5% | Mode SAFE PICK | MARCHE JUSTE | Learning BOOST|GLOBAL_BOOST | Calibration +4.0% (17 obs) | Source the-odds-api,PENDING,0.0,,,,RESULT_NOT_FOUND_VERIFY_MANUALLY,,0-1,14.77,1-1,13.3,0-2,10.48,0.0,0.0,266.56,1.83
2026-07-25T23:07:00Z,soccer_mexico_ligamx,football,Guadalajara,FC Juárez,Home Win,Guadalajara,the-odds-api,0.6594124189607352,1.6,0.0551,89.88,2 - SAFE PICK,1.83,SAFE PICK,0.2463,0.0918,7.43,Moyenne,SAFE PICK,BOOST|GLOBAL_BOOST,-2.9% (29 obs),MEGA 70%/3% | SAFE 63%/1% | VALUE 58%/3%,JOUABLE,ok,Value positive 5.5% | Proba IA 65.9% | Mode SAFE PICK | Learning BOOST|GLOBAL_BOOST | Calibration -2.9% (29 obs) | Source the-odds-api,PENDING,0.0,,,,RESULT_NOT_FOUND_VERIFY_MANUALLY,,2-0,17.36,1-0,17.13,2-1,11.25,0.0,0.0,202.86,1.83
2026-07-25T01:00:00Z,soccer_mexico_ligamx,football,Tigres,Atlético San Luis,Home Win,Tigres,the-odds-api,0.8292742164036934,1.35,0.1195,100.0,1 - MEGA VALUE,3.0,MEGA VALUE,0.4038,0.22,7.43,Elite,MEGA VALUE,BOOST|GLOBAL_BOOST,+4.0% (23 obs),MEGA 70%/3% | SAFE 63%/1% | VALUE 58%/3%,JOUABLE,ok,Value positive 11.9% | Proba IA 82.9% | Mode MEGA VALUE | Learning BOOST|GLOBAL_BOOST | Calibration +4.0% (23 obs) | Source the-odds-api,PENDING,0.0,,,,RESULT_NOT_FOUND_VERIFY_MANUALLY,,2-0,23.9,3-0,19.16,1-0,12.15,0.0,0.0,257.44,3.0
2026-07-26T18:00:00Z,soccer_argentina_primera_division,football,Atlético Tucuman,Independiente Rivadavia,Draw,Draw,the-odds-api,0.3635738647450576,3.0,0.0907,72.55,3B - NUL POSSIBLE,1.0,NUL POSSIBLE,0.1346,0.0454,7.43,A EVITER,NUL POSSIBLE,BOOST|GLOBAL_BOOST,-0.2% (22 obs),MEGA 70%/3% | SAFE 63%/1% | VALUE 58%/3%,JOUABLE,ok,Value positive 9.1% | Proba IA 36.4% | Mode NUL POSSIBLE | NUL SERRE | Learning BOOST|GLOBAL_BOOST | Calibration -0.2% (22 obs) | Source the-odds-api,PENDING,0.0,,,,RESULT_NOT_FOUND_VERIFY_MANUALLY,,1-1,14.43,1-0,13.22,0-1,10.42,0.0,0.0,171.83,1.0
2026-07-26T22:30:00Z,soccer_argentina_primera_division,football,Deportivo Riestra,Boca Juniors,Draw,Draw,the-odds-api,0.3518325961354639,2.9,0.0203,63.96,3B - NUL POSSIBLE,1.0,NUL POSSIBLE,0.1346,0.0107,7.43,A EVITER,NUL POSSIBLE,BOOST|GLOBAL_BOOST,-0.2% (22 obs),MEGA 70%/3% | SAFE 63%/1% | VALUE 58%/3%,JOUABLE,ok,Value positive 2.0% | Proba IA 35.2% | Mode NUL POSSIBLE | Learning BOOST|GLOBAL_BOOST | Calibration -0.2% (22 obs) | Source the-odds-api,PENDING,0.0,,,,RESULT_NOT_FOUND_VERIFY_MANUALLY,,0-1,14.56,1-1,14.31,1-0,11.35,0.0,0.0,128.02,1.0
2026-07-26T23:00:00Z,soccer_mexico_ligamx,football,Necaxa,Monterrey,Draw,Draw,the-odds-api,0.3592080583538293,3.5,0.2572,87.24,3B - NUL POSSIBLE,1.0,NUL POSSIBLE,0.1346,0.1029,7.43,A EVITER,NUL POSSIBLE,BOOST|GLOBAL_BOOST,+1.2% (179 obs),MEGA 70%/3% | SAFE 63%/1% | VALUE 58%/3%,JOUABLE,ok,Value positive 25.7% | Proba IA 35.9% | Mode NUL POSSIBLE | NUL SERRE | Learning BOOST|GLOBAL_BOOST | Calibration +1.2% (179 obs) | Source the-odds-api,PENDING,0.0,,,,RESULT_NOT_FOUND_VERIFY_MANUALLY,,1-1,14.85,1-0,12.37,0-1,10.73,0.0,0.0,264.87,1.0
2026-07-27T01:00:00Z,soccer_mexico_ligamx,football,Pachuca,Querétaro,Home Win,Pachuca,the-odds-api,0.6874161270710915,1.55,0.0655,92.25,2 - SAFE PICK,2.0,SAFE PICK,0.2692,0.1191,7.43,Forte,SAFE PICK,BOOST|GLOBAL_BOOST,-2.9% (29 obs),MEGA 70%/3% | SAFE 63%/1% | VALUE 58%/3%,JOUABLE,ok,Value positive 6.6% | Proba IA 68.7% | Mode SAFE PICK | Learning BOOST|GLOBAL_BOOST | Calibration -2.9% (29 obs) | Source the-odds-api,PENDING,0.0,,,,RESULT_NOT_FOUND_VERIFY_MANUALLY,,2-0,18.49,1-0,17.63,2-1,11.06,0.0,0.0,212.81,2.0
2026-08-01T23:00:00Z,soccer_mexico_ligamx,football,Querétaro,Tigres,Home Win,Querétaro,the-odds-api,0.6796690311844248,1.82,0.237,100.0,2 - SAFE PICK,2.0,SAFE PICK,0.2692,0.22,7.43,Moyenne,SAFE PICK,BOOST|GLOBAL_BOOST,+4.0% (25 obs),MEGA 70%/3% | SAFE 63%/1% | VALUE 58%/3%,JOUABLE,ok,Value positive 23.7% | Proba IA 68.0% | Mode SAFE PICK | VALUE CLAIRE | Learning BOOST|GLOBAL_BOOST | Calibration +4.0% (25 obs) | Source the-odds-api,WIN,1.64,Querétaro,3.0,2.0,RESOLVED_FROM_ODDS_API,2026-08-02T23:05:44.869757+00:00,2-0,17.63,1-0,17.54,2-1,11.09,0.0,0.0,297.49,2.0
2026-08-02T22:15:00Z,soccer_argentina_primera_division,football,River Plate,Rosario Central,Away Win,Rosario Central,the-odds-api,0.8415865527347683,1.41,0.1866,100.0,1 - MEGA VALUE,3.0,MEGA VALUE,0.4038,0.22,7.43,Elite,MEGA VALUE,BOOST|GLOBAL_BOOST,-6.0% (16 obs),MEGA 70%/3% | SAFE 63%/1% | VALUE 58%/3%,JOUABLE,ok,Value positive 18.7% | Proba IA 84.2% | Mode MEGA VALUE | Learning BOOST|GLOBAL_BOOST | Calibration -6.0% (16 obs) | Source the-odds-api,WIN,1.23,Rosario Central,0.0,1.0,RESOLVED_FROM_ODDS_API,2026-08-03T23:16:02.364796+00:00,0-2,25.15,0-3,18.94,0-1,13.53,0.0,0.0,287.16,3.0
2026-08-02T23:00:00Z,soccer_mexico_ligamx,football,América,Santos Laguna,Home Win,América,the-odds-api,0.8267826021676012,1.44,0.1906,100.0,1 - MEGA VALUE,3.0,MEGA VALUE,0.4038,0.22,7.43,Elite,MEGA VALUE,BOOST|GLOBAL_BOOST,+4.0% (23 obs),MEGA 70%/3% | SAFE 63%/1% | VALUE 58%/3%,JOUABLE,ok,Value positive 19.1% | Proba IA 82.7% | Mode MEGA VALUE | Learning BOOST|GLOBAL_BOOST | Calibration +4.0% (23 obs) | Source the-odds-api,WIN,1.32,América,3.0,0.0,RESOLVED_FROM_ODDS_API,2026-08-03T23:16:02.374162+00:00,2-0,23.74,3-0,18.95,1-0,12.13,0.0,0.0,287.82,3.0
2026-08-02T03:00:00Z,soccer_mexico_ligamx,football,Cruz Azul,Atlante FC,Home Win,Cruz Azul,the-odds-api,0.8164867158924867,1.36,0.1104,100.0,1 - MEGA VALUE,2.83,MEGA VALUE,0.3809,0.22,7.43,Elite,MEGA VALUE,BOOST|GLOBAL_BOOST,-6.0% (13 obs),MEGA 70%/3% | SAFE 63%/1% | VALUE 58%/3%,JOUABLE,ok,Value positive 11.0% | Proba IA 81.6% | Mode MEGA VALUE | Learning BOOST|GLOBAL_BOOST | Calibration -6.0% (13 obs) | Source the-odds-api,LOSS,-2.83,Atlante FC,2.0,3.0,RESOLVED_FROM_ODDS_API,2026-08-02T23:05:44.886747+00:00,2-0,24.78,3-0,21.73,1-0,11.56,0.0,0.0,252.64,2.83
2026-08-02T01:30:00Z,soccer_usa_mls,football,Colorado Rapids,Austin FC,Home Win,Colorado Rapids,the-odds-api,0.6779357343245347,1.81,0.2271,100.0,2 - SAFE PICK,2.0,SAFE PICK,0.2692,0.22,7.43,Moyenne,SAFE PICK,BOOST|GLOBAL_BOOST,+4.0% (25 obs),MEGA 70%/3% | SAFE 63%/1% | VALUE 58%/3%,JOUABLE,ok,Value positive 22.7% | Proba IA 67.8% | Mode SAFE PICK | VALUE CLAIRE | Learning BOOST|GLOBAL_BOOST | Calibration +4.0% (25 obs) | Source the-odds-api,WIN,1.62,Colorado Rapids,1.0,0.0,RESOLVED_FROM_ODDS_API,2026-08-02T23:05:44.905190+00:00,1-0,16.99,2-0,16.88,2-1,11.28,0.0,0.0,293.09,2.0
2026-08-03T22:00:00Z,soccer_argentina_primera_division,football,Platense,Talleres,Away Win,Talleres,the-odds-api,0.8080294600046265,1.53,0.2363,100.0,1 - MEGA VALUE,3.0,MEGA VALUE,0.4038,0.22,7.43,Elite,MEGA VALUE,BOOST|GLOBAL_BOOST,+4.0% (14 obs),MEGA 70%/3% | SAFE 63%/1% | VALUE 58%/3%,JOUABLE,ok,Value positive 23.6% | Proba IA 80.8% | Mode MEGA VALUE | Learning BOOST|GLOBAL_BOOST | Calibration +4.0% (14 obs) | Source the-odds-api,WIN,1.59,Talleres,0.0,4.0,RESOLVED_FROM_ODDS_API,2026-08-04T23:15:07.061329+00:00,0-2,20.98,0-1,20.74,0-3,11.89,0.0,0.0,306.16,3.0
2026-08-03T01:05:00Z,soccer_mexico_ligamx,football,Toluca,Necaxa,Home Win,Toluca,the-odds-api,0.7331845717335331,1.57,0.1511,100.0,1 - MEGA VALUE,1.83,MEGA VALUE,0.2463,0.22,7.43,Forte,MEGA VALUE,BOOST|GLOBAL_BOOST,+1.2% (16 obs),MEGA 70%/3% | SAFE 63%/1% | VALUE 58%/3%,JOUABLE,ok,Value positive 15.1% | Proba IA 73.3% | Mode MEGA VALUE | Learning BOOST|GLOBAL_BOOST | Calibration +1.2% (16 obs) | Source the-odds-api,WIN,1.04,Toluca,3.0,1.0,RESOLVED_FROM_ODDS_API,2026-08-03T23:16:02.382595+00:00,2-0,19.78,1-0,17.6,2-1,10.2,0.0,0.0,264.3,1.83
2026-08-05T22:00:00Z,soccer_argentina_primera_division,football,Boca Juniors,Estudiantes,Home Win,Boca Juniors,the-odds-api,0.9,1.25,0.125,100.0,1 - MEGA VALUE,3.0,MEGA VALUE,0.4038,0.22,7.43,Elite,MEGA VALUE,BOOST|GLOBAL_BOOST,-6.0% (13 obs),MEGA 70%/3% | SAFE 63%/1% | VALUE 58%/3%,JOUABLE,ok,Value positive 12.5% | Proba IA 90.0% | Mode MEGA VALUE | Learning BOOST|GLOBAL_BOOST | Calibration -6.0% (13 obs) | Source the-odds-api,WIN,0.75,Boca Juniors,1.0,0.0,RESOLVED_FROM_ODDS_API,2026-08-07T01:36:41.900614+00:00,2-0,22.08,3-0,21.2,4-0,13.66,0.0,0.0,264.75,3.0
2026-08-06T22:00:00Z,soccer_argentina_primera_division,football,Union Santa Fe,Lanus,Home Win,Union Santa Fe,the-odds-api,0.5807823294004736,2.38,0.3823,100.0,3 - VALUE BET,1.0,VALUE BET,0.1346,0.22,7.43,Moyenne,VALUE BET,BOOST|GLOBAL_BOOST,+3.9% (57 obs),MEGA 70%/3% | SAFE 63%/1% | VALUE 58%/3%,JOUABLE,ok,Value positive 38.2% | Proba IA 58.1% | Mode VALUE BET | Learning BOOST|GLOBAL_BOOST | Calibration +3.9% (57 obs) | Source the-odds-api,WIN,1.38,Union Santa Fe,2.0,1.0,RESOLVED_FROM_ODDS_API,2026-08-07T01:36:41.914026+00:00,1-0,14.59,1-1,13.53,2-0,10.65,0.0,0.0,353.03,1.0
2026-08-07T22:30:00Z,soccer_argentina_primera_division,football,Rosario Central,Aldosivi Mar del Plata,Home Win,Rosario Central,the-odds-api,0.7429656250228945,1.53,0.1367,100.0,1 - MEGA VALUE,1.83,MEGA VALUE,0.2463,0.22,7.43,Forte,MEGA VALUE,BOOST|GLOBAL_BOOST,+3.6% (18 obs),MEGA 70%/3% | SAFE 63%/1% | VALUE 58%/3%,JOUABLE,ok,Value positive 13.7% | Proba IA 74.3% | Mode MEGA VALUE | Learning BOOST|GLOBAL_BOOST | Calibration +3.6% (18 obs) | Source the-odds-api,PENDING,0.0,,,,RESULT_NOT_FOUND_VERIFY_MANUALLY,,2-0,19.97,1-0,18.04,2-1,10.06,0.0,0.0,258.8,1.83
2026-08-07T18:45:00Z,soccer_belgium_first_div,football,Club Brugge,KV Kortrijk,Home Win,Club Brugge,the-odds-api,0.8340034386611046,1.28,0.0675,97.79,1 - MEGA VALUE,3.0,MEGA VALUE,0.4038,0.22,7.43,Elite,MEGA VALUE,BOOST|GLOBAL_BOOST,-6.0% (13 obs),MEGA 70%/3% | SAFE 63%/1% | VALUE 58%/3%,JOUABLE,ok,Value positive 6.8% | Proba IA 83.4% | Mode MEGA VALUE | Learning BOOST|GLOBAL_BOOST | Calibration -6.0% (13 obs) | Source the-odds-api,PENDING,0.0,,,,RESULT_NOT_FOUND_VERIFY_MANUALLY,,2-0,15.38,2-1,12.3,1-1,9.21,0.0,0.0,232.14,3.0
2026-08-08T22:15:00Z,soccer_argentina_primera_division,football,Boca Juniors,Velez Sarsfield BA,Home Win,Boca Juniors,the-odds-api,0.7026112270282587,1.8,0.2647,100.0,1 - MEGA VALUE,1.83,MEGA VALUE,0.2463,0.22,7.43,Forte,MEGA VALUE,BOOST|GLOBAL_BOOST,+4.0% (25 obs),MEGA 70%/3% | SAFE 63%/1% | VALUE 58%/3%,JOUABLE,ok,Value positive 26.5% | Proba IA 70.3% | Mode MEGA VALUE | Learning BOOST|GLOBAL_BOOST | Calibration +4.0% (25 obs) | Source the-odds-api,PENDING,0.0,,,,RESULT_NOT_FOUND_VERIFY_MANUALLY,,1-0,17.47,2-0,17.29,2-1,11.1,0.0,0.0,311.0,1.83
2026-08-08T00:45:00Z,soccer_argentina_primera_division,football,Independiente Rivadavia,Estudiantes de Río Cuarto,Home Win,Independiente Rivadavia,the-odds-api,0.8526398570510394,1.52,0.296,100.0,1 - MEGA VALUE,3.0,MEGA VALUE,0.4038,0.22,7.43,Elite,MEGA VALUE,BOOST|GLOBAL_BOOST,+4.0% (24 obs),MEGA 70%/3% | SAFE 63%/1% | VALUE 58%/3%,JOUABLE,ok,Value positive 29.6% | Proba IA 85.3% | Mode MEGA VALUE | VALUE CLAIRE | Learning BOOST|GLOBAL_BOOST | Calibration +4.0% (24 obs) | Source the-odds-api,PENDING,0.0,,,,RESULT_NOT_FOUND_VERIFY_MANUALLY,,2-0,20.79,1-0,16.98,3-0,15.87,0.0,0.0,334.97,3.0
2026-08-08T14:30:00Z,soccer_netherlands_eredivisie,football,NEC Nijmegen,SC Telstar,Home Win,NEC Nijmegen,the-odds-api,0.827324257436317,1.44,0.1913,100.0,1 - MEGA VALUE,3.0,MEGA VALUE,0.4038,0.22,7.43,Elite,MEGA VALUE,BOOST|GLOBAL_BOOST,+4.0% (23 obs),MEGA 70%/3% | SAFE 63%/1% | VALUE 58%/3%,JOUABLE,ok,Value positive 19.1% | Proba IA 82.7% | Mode MEGA VALUE | Learning BOOST|GLOBAL_BOOST | Calibration +4.0% (23 obs) | Source the-odds-api,PENDING,0.0,,,,RESULT_NOT_FOUND_VERIFY_MANUALLY,,2-0,23.69,3-0,18.93,1-0,12.09,0.0,0.0,288.19,3.0
2026-08-08T19:30:00Z,soccer_portugal_primeira_liga,football,CF Estrela,Sporting Lisbon,Away Win,Sporting Lisbon,the-odds-api,0.8801850393933963,1.22,0.0738,93.31,1 - MEGA VALUE,1.83,MEGA VALUE,0.2463,0.22,7.43,Elite,MEGA VALUE,BOOST|GLOBAL_BOOST,-6.0% (16 obs),MEGA 70%/3% | SAFE 63%/1% | VALUE 58%/3%,JOUABLE,ok,Value positive 7.4% | Proba IA 88.0% | Mode MEGA VALUE | Learning BOOST|GLOBAL_BOOST | Calibration -6.0% (16 obs) | Source the-odds-api,PENDING,0.0,,,,RESULT_NOT_FOUND_VERIFY_MANUALLY,,0-2,24.62,0-3,19.83,0-1,12.42,0.0,0.0,231.46,1.83
2026-08-09T23:15:00Z,soccer_argentina_primera_division,football,Argentinos Juniors,Racing Club,Home Win,Argentinos Juniors,the-odds-api,0.5940690022354951,2.3,0.3664,100.0,3 - VALUE BET,1.0,VALUE BET,0.1346,0.22,7.43,Moyenne,VALUE BET,BOOST|GLOBAL_BOOST,+3.9% (57 obs),MEGA 70%/3% | SAFE 63%/1% | VALUE 58%/3%,JOUABLE,ok,Value positive 36.6% | Proba IA 59.4% | Mode VALUE BET | Learning BOOST|GLOBAL_BOOST | Calibration +3.9% (57 obs) | Source the-odds-api,PENDING,0.0,,,,RESULT_NOT_FOUND_VERIFY_MANUALLY,,1-0,14.81,1-1,13.44,2-0,10.96,0.0,0.0,347.12,1.0
2026-08-09T20:45:00Z,soccer_argentina_primera_division,football,Gimnasia La Plata,Barracas Central,Home Win,Gimnasia La Plata,the-odds-api,0.7172627285412366,1.75,0.2552,100.0,1 - MEGA VALUE,1.83,MEGA VALUE,0.2463,0.22,7.43,Forte,MEGA VALUE,BOOST|GLOBAL_BOOST,+4.0% (25 obs),MEGA 70%/3% | SAFE 63%/1% | VALUE 58%/3%,JOUABLE,ok,Value positive 25.5% | Proba IA 71.7% | Mode MEGA VALUE | Learning BOOST|GLOBAL_BOOST | Calibration +4.0% (25 obs) | Source the-odds-api,PENDING,0.0,,,,RESULT_NOT_FOUND_VERIFY_MANUALLY,,2-0,17.8,1-0,17.7,2-1,11.03,0.0,0.0,307.95,1.83
2026-08-09T00:30:00Z,soccer_argentina_primera_division,football,Independiente,Platense,Home Win,Independiente,the-odds-api,0.7068540778249448,1.85,0.3077,100.0,1 - MEGA VALUE,1.83,MEGA VALUE,0.2463,0.22,7.43,Forte,MEGA VALUE,BOOST|GLOBAL_BOOST,+4.0% (26 obs),MEGA 70%/3% | SAFE 63%/1% | VALUE 58%/3%,JOUABLE,ok,Value positive 30.8% | Proba IA 70.7% | Mode MEGA VALUE | VALUE CLAIRE | Learning BOOST|GLOBAL_BOOST | Calibration +4.0% (26 obs) | Source the-odds-api,PENDING,0.0,,,,RESULT_NOT_FOUND_VERIFY_MANUALLY,,1-0,17.6,2-0,17.47,2-1,11.05,0.0,0.0,329.78,1.83
2026-08-09T17:15:00Z,soccer_belgium_first_div,football,Royal Antwerp,SK Beveren,Home Win,Royal Antwerp,the-odds-api,0.7343326276948475,1.75,0.2851,100.0,1 - MEGA VALUE,1.83,MEGA VALUE,0.2463,0.22,7.43,Forte,MEGA VALUE,BOOST|GLOBAL_BOOST,+4.0% (26 obs),MEGA 70%/3% | SAFE 63%/1% | VALUE 58%/3%,JOUABLE,ok,Value positive 28.5% | Proba IA 73.4% | Mode MEGA VALUE | Learning BOOST|GLOBAL_BOOST | Calibration +4.0% (26 obs) | Source the-odds-api,PENDING,0.0,,,,RESULT_NOT_FOUND_VERIFY_MANUALLY,,2-0,17.81,1-0,17.52,2-1,11.11,0.0,0.0,321.99,1.83
2026-08-09T14:00:00Z,soccer_brazil_campeonato,football,Cruzeiro,Mirassol,Home Win,Cruzeiro,the-odds-api,0.7309949351733978,1.75,0.2792,100.0,1 - MEGA VALUE,3.0,MEGA VALUE,0.4038,0.22,7.43,Forte,MEGA VALUE,BOOST|GLOBAL_BOOST,+4.0% (25 obs),MEGA 70%/3% | SAFE 63%/1% | VALUE 58%/3%,JOUABLE,ok,Value positive 27.9% | Proba IA 73.1% | Mode MEGA VALUE | Learning BOOST|GLOBAL_BOOST | Calibration +4.0% (25 obs) | Source the-odds-api,PENDING,0.0,,,,RESULT_NOT_FOUND_VERIFY_MANUALLY,,2-0,17.81,1-0,17.52,2-1,11.11,0.0,0.0,319.24,3.0
2026-08-09T22:30:00Z,soccer_brazil_campeonato,football,Flamengo,Vitoria,Home Win,Flamengo,the-odds-api,0.8804064737704528,1.25,0.1005,96.39,1 - MEGA VALUE,3.0,MEGA VALUE,0.4038,0.22,7.43,Elite,MEGA VALUE,BOOST|GLOBAL_BOOST,BASELINE,MEGA 70%/3% | SAFE 63%/1% | VALUE 58%/3%,JOUABLE,ok,Value positive 10.1% | Proba IA 88.0% | Mode MEGA VALUE | Learning BOOST|GLOBAL_BOOST | Source the-odds-api,PENDING,0.0,,,,RESULT_NOT_FOUND_VERIFY_MANUALLY,,2-0,23.39,3-0,22.31,4-0,14.28,0.0,0.0,247.5,3.0
2026-08-09T19:00:00Z,soccer_brazil_campeonato,football,Palmeiras,Internacional,Home Win,Palmeiras,the-odds-api,0.7895196734586687,1.62,0.279,100.0,1 - MEGA VALUE,3.0,MEGA VALUE,0.4038,0.22,7.43,Elite,MEGA VALUE,BOOST|GLOBAL_BOOST,+3.6% (18 obs),MEGA 70%/3% | SAFE 63%/1% | VALUE 58%/3%,JOUABLE,ok,Value positive 27.9% | Proba IA 79.0% | Mode MEGA VALUE | Learning BOOST|GLOBAL_BOOST | Calibration +3.6% (18 obs) | Source the-odds-api,PENDING,0.0,,,,RESULT_NOT_FOUND_VERIFY_MANUALLY,,2-0,19.93,1-0,18.02,2-1,10.08,0.0,0.0,323.25,3.0
2026-08-09T11:30:00Z,soccer_germany_bundesliga2,football,1. FC Nürnberg,Dynamo Dresden,Home Win,1. FC Nürnberg,the-odds-api,0.6010812062378605,2.28,0.3705,100.0,3 - VALUE BET,1.0,VALUE BET,0.1346,0.22,7.43,Moyenne,VALUE BET,BOOST|GLOBAL_BOOST,+3.9% (57 obs),MEGA 70%/3% | SAFE 63%/1% | VALUE 58%/3%,JOUABLE,ok,Value positive 37.0% | Proba IA 60.1% | Mode VALUE BET | Learning BOOST|GLOBAL_BOOST | Calibration +3.9% (57 obs) | Source the-odds-api,PENDING,0.0,,,,RESULT_NOT_FOUND_VERIFY_MANUALLY,,1-0,14.28,1-1,13.54,2-1,10.59,0.0,0.0,349.38,1.0
2026-08-09T11:30:00Z,soccer_germany_bundesliga2,football,FC St. Pauli,Greuther Fürth,Home Win,FC St. Pauli,the-odds-api,0.5933308754984039,1.92,0.1392,96.78,3 - VALUE BET,1.0,VALUE BET,0.1346,0.1513,7.43,Moyenne,VALUE BET,BOOST|GLOBAL_BOOST,-6.0% (26 obs),MEGA 70%/3% | SAFE 63%/1% | VALUE 58%/3%,JOUABLE,ok,Value positive 13.9% | Proba IA 59.3% | Mode VALUE BET | Learning BOOST|GLOBAL_BOOST | Calibration -6.0% (26 obs) | Source the-odds-api,PENDING,0.0,,,,RESULT_NOT_FOUND_VERIFY_MANUALLY,,1-0,17.07,2-0,14.15,1-1,11.78,0.0,0.0,244.62,1.0
2026-08-09T17:00:00Z,soccer_portugal_primeira_liga,football,FC Porto,Alverca,Home Win,FC Porto,the-odds-api,0.9,1.2,0.08,100.0,1 - MEGA VALUE,1.83,MEGA VALUE,0.2463,0.22,7.43,Elite,MEGA VALUE,BOOST|GLOBAL_BOOST,+4.0% (23 obs),MEGA 70%/3% | SAFE 63%/1% | VALUE 58%/3%,JOUABLE,ok,Value positive 8.0% | Proba IA 90.0% | Mode MEGA VALUE | Learning BOOST|GLOBAL_BOOST | Calibration +4.0% (23 obs) | Source the-odds-api,PENDING,0.0,,,,RESULT_NOT_FOUND_VERIFY_MANUALLY,,1-0,15.48,1-1,13.3,2-0,11.45,0.0,0.0,245.4,1.83
2026-08-09T19:30:00Z,soccer_portugal_primeira_liga,football,Moreirense FC,Braga,Away Win,Braga,the-odds-api,0.7057490196412097,1.73,0.2209,100.0,1 - MEGA VALUE,3.0,MEGA VALUE,0.4038,0.22,7.43,Forte,MEGA VALUE,BOOST|GLOBAL_BOOST,+3.2% (31 obs),MEGA 70%/3% | SAFE 63%/1% | VALUE 58%/3%,JOUABLE,ok,Value positive 22.1% | Proba IA 70.6% | Mode MEGA VALUE | MARCHE JUSTE | Learning BOOST|GLOBAL_BOOST | Calibration +3.2% (31 obs) | Source the-odds-api,PENDING,0.0,,,,RESULT_NOT_FOUND_VERIFY_MANUALLY,,0-1,15.51,1-1,12.98,0-2,11.37,0.0,0.0,292.41,3.0
2026-08-11T00:15:00Z,soccer_argentina_primera_division,football,Union Santa Fe,Central Córdoba,Home Win,Union Santa Fe,the-odds-api,0.7690326967408327,1.44,0.1074,100.0,1 - MEGA VALUE,3.0,MEGA VALUE,0.4038,0.22,7.43,Forte,MEGA VALUE,BOOST|GLOBAL_BOOST,+3.6% (18 obs),MEGA 70%/3% | SAFE 63%/1% | VALUE 58%/3%,JOUABLE,ok,Value positive 10.7% | Proba IA 76.9% | Mode MEGA VALUE | Learning BOOST|GLOBAL_BOOST | Calibration +3.6% (18 obs) | Source the-odds-api,PENDING,0.0,,,,RESULT_NOT_FOUND_VERIFY_MANUALLY,,2-0,20.65,1-0,17.97,2-1,9.82,0.0,0.0,248.02,3.0
2026-08-11T22:00:00Z,soccer_conmebol_copa_libertadores,football,Fluminense-RJ,Independiente Rivadavia,Home Win,Fluminense-RJ,the-odds-api,0.7071224401857866,1.6,0.1314,100.0,1 - MEGA VALUE,1.83,MEGA VALUE,0.2463,0.219,7.43,Forte,MEGA VALUE,BOOST|GLOBAL_BOOST,-2.9% (29 obs),MEGA 70%/3% | SAFE 63%/1% | VALUE 58%/3%,JOUABLE,ok,Value positive 13.1% | Proba IA 70.7% | Mode MEGA VALUE | Learning BOOST|GLOBAL_BOOST | Calibration -2.9% (29 obs) | Source the-odds-api,PENDING,0.0,,,,RESULT_NOT_FOUND_VERIFY_MANUALLY,,2-0,19.31,1-0,17.74,2-1,10.64,0.0,0.0,254.0,1.83
2026-08-11T22:00:00Z,soccer_conmebol_copa_sudamericana,football,Boca Juniors,Recoleta FC,Home Win,Boca Juniors,the-odds-api,0.9,1.2,0.08,94.85,1 - MEGA VALUE,3.0,MEGA VALUE,0.4038,0.22,7.43,Elite,MEGA VALUE,BOOST|GLOBAL_BOOST,BASELINE,MEGA 70%/3% | SAFE 63%/1% | VALUE 58%/3%,JOUABLE,ok,Value positive 8.0% | Proba IA 90.0% | Mode MEGA VALUE | Learning BOOST|GLOBAL_BOOST | Source the-odds-api,PENDING,0.0,,,,RESULT_NOT_FOUND_VERIFY_MANUALLY,,2-0,23.58,3-0,22.24,4-0,14.07,0.0,0.0,237.78,3.0
2026-08-12T22:00:00Z,soccer_conmebol_copa_libertadores,football,Palmeiras-SP,Cerro Porteño,Home Win,Palmeiras-SP,the-odds-api,0.8781747624451895,1.32,0.1592,100.0,1 - MEGA VALUE,3.0,MEGA VALUE,0.4038,0.22,7.43,Elite,MEGA VALUE,BOOST|GLOBAL_BOOST,-6.0% (13 obs),MEGA 70%/3% | SAFE 63%/1% | VALUE 58%/3%,JOUABLE,ok,Value positive 15.9% | Proba IA 87.8% | Mode MEGA VALUE | Learning BOOST|GLOBAL_BOOST | Calibration -6.0% (13 obs) | Source the-odds-api,PENDING,0.0,,,,MATCH_IN_PROGRESS_OR_RESULT_NOT_AVAILABLE_YET,,2-0,25.07,3-0,22.37,1-0,11.5,0.0,0.0,277.92,3.0
2026-08-12T22:00:00Z,soccer_conmebol_copa_libertadores,football,Platense,Coquimbo Unido,Home Win,Platense,the-odds-api,0.6466280597927688,1.85,0.1963,100.0,2 - SAFE PICK,2.0,SAFE PICK,0.2692,0.22,7.43,Moyenne,SAFE PICK,BOOST|GLOBAL_BOOST,+4.0% (25 obs),MEGA 70%/3% | SAFE 63%/1% | VALUE 58%/3%,JOUABLE,ok,Value positive 19.6% | Proba IA 64.7% | Mode SAFE PICK | Learning BOOST|GLOBAL_BOOST | Calibration +4.0% (25 obs) | Source the-odds-api,PENDING,0.0,,,,MATCH_IN_PROGRESS_OR_RESULT_NOT_AVAILABLE_YET,,1-0,18.03,2-0,15.4,2-1,11.56,0.0,0.0,277.66,2.0
2026-08-13T22:00:00Z,soccer_conmebol_copa_libertadores,football,Mirassol,LDU Quito,Home Win,Mirassol,the-odds-api,0.6737108232285525,1.75,0.179,100.0,2 - SAFE PICK,2.0,SAFE PICK,0.2692,0.22,7.43,Moyenne,SAFE PICK,BOOST|GLOBAL_BOOST,+4.0% (25 obs),MEGA 70%/3% | SAFE 63%/1% | VALUE 58%/3%,JOUABLE,ok,Value positive 17.9% | Proba IA 67.4% | Mode SAFE PICK | Learning BOOST|GLOBAL_BOOST | Calibration +4.0% (25 obs) | Source the-odds-api,PENDING,0.0,,,,MATCH_NOT_STARTED_YET,,1-0,17.37,2-0,17.3,2-1,11.15,0.0,0.0,272.13,2.0
2026-08-13T22:00:00Z,soccer_conmebol_copa_sudamericana,football,Santos,Macará,Home Win,Santos,the-odds-api,0.8899052667797998,1.35,0.2014,100.0,1 - MEGA VALUE,3.0,MEGA VALUE,0.4038,0.22,7.43,Elite,MEGA VALUE,BOOST|GLOBAL_BOOST,+4.0% (24 obs),MEGA 70%/3% | SAFE 63%/1% | VALUE 58%/3%,JOUABLE,ok,Value positive 20.1% | Proba IA 89.0% | Mode MEGA VALUE | Learning BOOST|GLOBAL_BOOST | Calibration +4.0% (24 obs) | Source the-odds-api,PENDING,0.0,,,,MATCH_NOT_STARTED_YET,,2-0,24.14,3-0,19.82,1-0,12.0,0.0,0.0,296.88,3.0
2026-08-14T19:00:00Z,soccer_efl_champ,football,Wolverhampton Wanderers,Blackburn Rovers,Home Win,Wolverhampton Wanderers,the-odds-api,0.7213764868755317,1.58,0.1398,100.0,1 - MEGA VALUE,2.83,MEGA VALUE,0.3809,0.22,7.43,Forte,MEGA VALUE,BOOST|GLOBAL_BOOST,+1.2% (16 obs),MEGA 70%/3% | SAFE 63%/1% | VALUE 58%/3%,JOUABLE,ok,Value positive 14.0% | Proba IA 72.1% | Mode MEGA VALUE | Learning BOOST|GLOBAL_BOOST | Calibration +1.2% (16 obs) | Source the-odds-api,PENDING,0.0,,,,MATCH_NOT_STARTED_YET,,2-0,19.69,1-0,17.79,2-1,10.2,0.0,0.0,258.6,2.83
2026-08-14T18:45:00Z,soccer_france_ligue_two,football,Stade de Reims,USL Dunkerque,Home Win,Stade de Reims,the-odds-api,0.7213406773379478,1.73,0.2479,100.0,1 - MEGA VALUE,1.83,MEGA VALUE,0.2463,0.22,7.43,Forte,MEGA VALUE,BOOST|GLOBAL_BOOST,+4.0% (26 obs),MEGA 70%/3% | SAFE 63%/1% | VALUE 58%/3%,JOUABLE,ok,Value positive 24.8% | Proba IA 72.1% | Mode MEGA VALUE | Learning BOOST|GLOBAL_BOOST | Calibration +4.0% (26 obs) | Source the-odds-api,PENDING,0.0,,,,MATCH_NOT_STARTED_YET,,1-0,17.19,2-0,17.18,2-1,11.21,0.0,0.0,305.1,1.83
2026-08-15T14:00:00Z,soccer_efl_champ,football,Middlesbrough,Lincoln City,Home Win,Middlesbrough,the-odds-api,0.761131687063783,1.35,0.0275,98.13,2 - SAFE PICK,1.83,SAFE PICK,0.2463,0.0787,7.43,Forte,SAFE PICK,BOOST|GLOBAL_BOOST,-2.9% (29 obs),MEGA 70%/3% | SAFE 63%/1% | VALUE 58%/3%,JOUABLE,ok,Value positive 2.8% | Proba IA 76.1% | Mode SAFE PICK | Learning BOOST|GLOBAL_BOOST | Calibration -2.9% (29 obs) | Source the-odds-api,PENDING,0.0,,,,MATCH_NOT_STARTED_YET,,1-1,14.44,1-0,13.48,0-1,10.58,0.0,0.0,210.35,1.83
2026-08-15T15:00:00Z,soccer_spain_segunda_division,football,Andorra CF,AD Ceuta FC,Home Win,Andorra CF,the-odds-api,0.7183203363124986,1.6,0.1493,100.0,1 - MEGA VALUE,3.0,MEGA VALUE,0.4038,0.22,7.43,Forte,MEGA VALUE,BOOST|GLOBAL_BOOST,-2.9% (29 obs),MEGA 70%/3% | SAFE 63%/1% | VALUE 58%/3%,JOUABLE,ok,Value positive 14.9% | Proba IA 71.8% | Mode MEGA VALUE | Learning BOOST|GLOBAL_BOOST | Calibration -2.9% (29 obs) | Source the-odds-api,PENDING,0.0,,,,MATCH_NOT_STARTED_YET,,2-0,17.96,1-0,17.42,2-1,11.15,0.0,0.0,262.49,3.0
2026-08-16T12:30:00Z,soccer_efl_champ,football,Watford,Southampton,Away Win,Southampton,the-odds-api,0.6553418035144152,2.12,0.3893,100.0,3 - VALUE BET,1.0,VALUE BET,0.1346,0.22,7.43,Moyenne,VALUE BET,BOOST|GLOBAL_BOOST,+3.2% (31 obs),MEGA 70%/3% | SAFE 63%/1% | VALUE 58%/3%,JOUABLE,ok,Value positive 38.9% | Proba IA 65.5% | Mode VALUE BET | VALUE CLAIRE | Learning BOOST|GLOBAL_BOOST | Calibration +3.2% (31 obs) | Source the-odds-api,PENDING,0.0,,,,MATCH_NOT_STARTED_YET,,0-2,16.58,0-1,15.51,1-2,11.11,0.0,0.0,361.28,1.0
2026-08-16T23:00:00Z,soccer_mexico_ligamx,football,América,Atlético San Luis,Home Win,América,the-odds-api,0.8274607674212959,1.55,0.2826,100.0,1 - MEGA VALUE,3.0,MEGA VALUE,0.4038,0.22,7.43,Elite,MEGA VALUE,BOOST|GLOBAL_BOOST,+3.6% (18 obs),MEGA 70%/3% | SAFE 63%/1% | VALUE 58%/3%,JOUABLE,ok,Value positive 28.3% | Proba IA 82.7% | Mode MEGA VALUE | VALUE CLAIRE | Learning BOOST|GLOBAL_BOOST | Calibration +3.6% (18 obs) | Source the-odds-api,PENDING,0.0,,,,MATCH_NOT_STARTED_YET,,2-0,21.64,1-0,18.32,3-0,9.99,0.0,0.0,327.42,3.0
2026-08-16T15:00:00Z,soccer_spain_la_liga,football,Real Racing Club de Santander,Villarreal,Draw,Draw,the-odds-api,0.3573376012499999,3.65,0.3043,91.31,3B - NUL POSSIBLE,1.0,NUL POSSIBLE,0.1346,0.1148,7.43,A EVITER,NUL POSSIBLE,BOOST|GLOBAL_BOOST,+1.2% (179 obs),MEGA 70%/3% | SAFE 63%/1% | VALUE 58%/3%,JOUABLE,ok,Value positive 30.4% | Proba IA 35.7% | Mode NUL POSSIBLE | NUL SERRE | Learning BOOST|GLOBAL_BOOST | Calibration +1.2% (179 obs) | Source the-odds-api,PENDING,0.0,,,,MATCH_NOT_STARTED_YET,,1-1,15.0,1-0,11.55,0-1,10.57,0.0,0.0,290.99,1.0
2026-08-16T15:00:00Z,soccer_spain_segunda_division,football,SD Eibar,Tenerife,Home Win,SD Eibar,the-odds-api,0.6024344385891943,1.8,0.0844,90.86,3 - VALUE BET,1.0,VALUE BET,0.1346,0.1055,7.43,Moyenne,VALUE BET,BOOST|GLOBAL_BOOST,-6.0% (26 obs),MEGA 70%/3% | SAFE 63%/1% | VALUE 58%/3%,JOUABLE,ok,Value positive 8.4% | Proba IA 60.2% | Mode VALUE BET | Learning BOOST|GLOBAL_BOOST | Calibration -6.0% (26 obs) | Source the-odds-api,PENDING,0.0,,,,MATCH_NOT_STARTED_YET,,1-0,17.65,2-0,14.88,2-1,11.63,0.0,0.0,212.93,1.0
2026-08-16T01:30:00Z,soccer_usa_mls,football,Colorado Rapids,Sporting Kansas City,Home Win,Colorado Rapids,the-odds-api,0.8333907964459325,1.36,0.1334,100.0,1 - MEGA VALUE,3.0,MEGA VALUE,0.4038,0.22,7.43,Elite,MEGA VALUE,BOOST|GLOBAL_BOOST,+4.0% (23 obs),MEGA 70%/3% | SAFE 63%/1% | VALUE 58%/3%,JOUABLE,ok,Value positive 13.3% | Proba IA 83.3% | Mode MEGA VALUE | Learning BOOST|GLOBAL_BOOST | Calibration +4.0% (23 obs) | Source the-odds-api,PENDING,0.0,,,,MATCH_NOT_STARTED_YET,,2-0,23.9,3-0,19.32,1-0,12.06,0.0,0.0,263.7,3.0
2026-08-16T02:30:00Z,soccer_usa_mls,football,Los Angeles FC,San Diego FC,Home Win,Los Angeles FC,the-odds-api,0.8000971905634011,1.55,0.2402,100.0,1 - MEGA VALUE,3.0,MEGA VALUE,0.4038,0.22,7.43,Elite,MEGA VALUE,BOOST|GLOBAL_BOOST,+3.6% (18 obs),MEGA 70%/3% | SAFE 63%/1% | VALUE 58%/3%,JOUABLE,ok,Value positive 24.0% | Proba IA 80.0% | Mode MEGA VALUE | Learning BOOST|GLOBAL_BOOST | Calibration +3.6% (18 obs) | Source the-odds-api,PENDING,0.0,,,,MATCH_NOT_STARTED_YET,,2-0,19.44,1-0,17.47,2-1,10.34,0.0,0.0,307.27,3.0
2026-08-16T22:00:00Z,soccer_usa_mls,football,New York City FC,Philadelphia Union,Home Win,New York City FC,the-odds-api,0.5908704530414336,2.3,0.359,100.0,3 - VALUE BET,1.0,VALUE BET,0.1346,0.22,7.43,Moyenne,VALUE BET,BOOST|GLOBAL_BOOST,+3.9% (57 obs),MEGA 70%/3% | SAFE 63%/1% | VALUE 58%/3%,JOUABLE,ok,Value positive 35.9% | Proba IA 59.1% | Mode VALUE BET | Learning BOOST|GLOBAL_BOOST | Calibration +3.9% (57 obs) | Source the-odds-api,PENDING,0.0,,,,MATCH_NOT_STARTED_YET,,1-0,14.21,1-1,13.59,2-1,10.53,0.0,0.0,343.73,1.0
2026-08-17T01:00:00Z,soccer_mexico_ligamx,football,Santos Laguna,Guadalajara,Away Win,Guadalajara,the-odds-api,0.7400388399623586,1.57,0.1619,100.0,1 - MEGA VALUE,3.0,MEGA VALUE,0.4038,0.22,7.43,Forte,MEGA VALUE,BOOST|GLOBAL_BOOST,+3.2% (31 obs),MEGA 70%/3% | SAFE 63%/1% | VALUE 58%/3%,JOUABLE,ok,Value positive 16.2% | Proba IA 74.0% | Mode MEGA VALUE | MARCHE JUSTE | Learning BOOST|GLOBAL_BOOST | Calibration +3.2% (31 obs) | Source the-odds-api,PENDING,0.0,,,,MATCH_NOT_STARTED_YET,,0-1,17.56,0-2,13.31,1-1,11.93,0.0,0.0,269.4,3.0
2026-08-17T19:00:00Z,soccer_spain_la_liga,football,Deportivo La Coruña,Elche CF,Home Win,Deportivo La Coruña,the-odds-api,0.5923485324149187,2.33,0.3802,100.0,3 - VALUE BET,1.0,VALUE BET,0.1346,0.22,7.43,Moyenne,VALUE BET,BOOST|GLOBAL_BOOST,+3.9% (57 obs),MEGA 70%/3% | SAFE 63%/1% | VALUE 58%/3%,JOUABLE,ok,Value positive 38.0% | Proba IA 59.2% | Mode VALUE BET | Learning BOOST|GLOBAL_BOOST | Calibration +3.9% (57 obs) | Source the-odds-api,PENDING,0.0,,,,MATCH_NOT_STARTED_YET,,1-0,14.62,1-1,13.48,2-0,10.79,0.0,0.0,352.94,1.0
2026-08-17T19:30:00Z,soccer_spain_segunda_division,football,Almería,CD Eldense,Home Win,Almería,the-odds-api,0.8868636878878065,1.29,0.1441,100.0,1 - MEGA VALUE,3.0,MEGA VALUE,0.4038,0.22,7.43,Elite,MEGA VALUE,BOOST|GLOBAL_BOOST,-6.0% (13 obs),MEGA 70%/3% | SAFE 63%/1% | VALUE 58%/3%,JOUABLE,ok,Value positive 14.4% | Proba IA 88.7% | Mode MEGA VALUE | Learning BOOST|GLOBAL_BOOST | Calibration -6.0% (13 obs) | Source the-odds-api,PENDING,0.0,,,,MATCH_NOT_STARTED_YET,,2-0,25.33,3-0,22.88,1-0,11.48,0.0,0.0,272.02,3.0
2026-08-17T17:00:00Z,soccer_spain_segunda_division,football,Sporting Gijón,Sabadell FC,Home Win,Sporting Gijón,the-odds-api,0.6858140166274879,1.81,0.2413,100.0,2 - SAFE PICK,1.83,SAFE PICK,0.2463,0.22,7.43,Forte,SAFE PICK,BOOST|GLOBAL_BOOST,+4.0% (26 obs),MEGA 70%/3% | SAFE 63%/1% | VALUE 58%/3%,JOUABLE,ok,Value positive 24.1% | Proba IA 68.6% | Mode SAFE PICK | Learning BOOST|GLOBAL_BOOST | Calibration +4.0% (26 obs) | Source the-odds-api,PENDING,0.0,,,,MATCH_NOT_STARTED_YET,,1-0,17.87,2-0,15.22,2-1,11.6,0.0,0.0,299.78,1.83
2026-08-18T03:00:00Z,soccer_mexico_ligamx,football,Pachuca,Puebla,Home Win,Pachuca,the-odds-api,0.8214743805341876,1.36,0.1172,100.0,1 - MEGA VALUE,3.0,MEGA VALUE,0.4038,0.22,7.43,Elite,MEGA VALUE,BOOST|GLOBAL_BOOST,+4.0% (23 obs),MEGA 70%/3% | SAFE 63%/1% | VALUE 58%/3%,JOUABLE,ok,Value positive 11.7% | Proba IA 82.1% | Mode MEGA VALUE | Learning BOOST|GLOBAL_BOOST | Calibration +4.0% (23 obs) | Source the-odds-api,PENDING,0.0,,,,MATCH_NOT_STARTED_YET,,2-0,23.85,3-0,18.82,1-0,12.31,0.0,0.0,255.9,3.0
2026-08-19T19:00:00Z,soccer_spain_la_liga,football,Atlético Madrid,Málaga,Home Win,Atlético Madrid,the-odds-api,0.8325052978979991,1.33,0.1072,95.15,1 - MEGA VALUE,3.0,MEGA VALUE,0.4038,0.22,7.43,Elite,MEGA VALUE,BOOST|GLOBAL_BOOST,-6.0% (13 obs),MEGA 70%/3% | SAFE 63%/1% | VALUE 58%/3%,JOUABLE,ok,Value positive 10.7% | Proba IA 83.3% | Mode MEGA VALUE | Learning BOOST|GLOBAL_BOOST | Calibration -6.0% (13 obs) | Source the-odds-api,PENDING,0.0,,,,MATCH_NOT_STARTED_YET,,2-0,25.32,3-0,22.82,1-0,11.5,0.0,0.0,245.21,3.0
2026-08-20T00:30:00Z,soccer_usa_mls,football,Minnesota United FC,Atlanta United FC,Home Win,Minnesota United FC,the-odds-api,0.6859641860380256,1.67,0.1456,100.0,2 - SAFE PICK,1.83,SAFE PICK,0.2463,0.2173,7.43,Forte,SAFE PICK,BOOST|GLOBAL_BOOST,+4.0% (25 obs),MEGA 70%/3% | SAFE 63%/1% | VALUE 58%/3%,JOUABLE,ok,Value positive 14.6% | Proba IA 68.6% | Mode SAFE PICK | Learning BOOST|GLOBAL_BOOST | Calibration +4.0% (25 obs) | Source the-odds-api,PENDING,0.0,,,,MATCH_NOT_STARTED_YET,,2-0,17.16,1-0,17.08,2-1,11.26,0.0,0.0,258.61,1.83
2026-08-20T02:30:00Z,soccer_usa_mls,football,Vancouver Whitecaps FC,Houston Dynamo,Home Win,Vancouver Whitecaps FC,the-odds-api,0.7700061558506313,1.44,0.1088,100.0,1 - MEGA VALUE,3.0,MEGA VALUE,0.4038,0.22,7.43,Forte,MEGA VALUE,BOOST|GLOBAL_BOOST,+3.6% (18 obs),MEGA 70%/3% | SAFE 63%/1% | VALUE 58%/3%,JOUABLE,ok,Value positive 10.9% | Proba IA 77.0% | Mode MEGA VALUE | Learning BOOST|GLOBAL_BOOST | Calibration +3.6% (18 obs) | Source the-odds-api,PENDING,0.0,,,,MATCH_NOT_STARTED_YET,,2-0,20.03,1-0,17.44,2-1,10.14,0.0,0.0,248.69,3.0
2026-08-21T19:00:00Z,soccer_epl,football,Arsenal,Coventry City,Home Win,Arsenal,the-odds-api,0.8717276765046009,1.19,0.0374,95.91,1 - MEGA VALUE,3.0,MEGA VALUE,0.4038,0.1966,7.43,Elite,MEGA VALUE,BOOST|GLOBAL_BOOST,-6.0% (13 obs),MEGA 70%/3% | SAFE 63%/1% | VALUE 58%/3%,JOUABLE,ok,Value positive 3.7% | Proba IA 87.2% | Mode MEGA VALUE | Learning BOOST|GLOBAL_BOOST | Calibration -6.0% (13 obs) | Source the-odds-api,PENDING,0.0,,,,MATCH_NOT_STARTED_YET,,1-0,16.13,1-1,13.98,2-0,11.52,0.0,0.0,219.03,3.0
2026-08-22T11:30:00Z,soccer_epl,football,Hull City,Manchester United,Away Win,Manchester United,the-odds-api,0.821002327967502,1.48,0.2151,100.0,1 - MEGA VALUE,3.0,MEGA VALUE,0.4038,0.22,7.43,Elite,MEGA VALUE,BOOST|GLOBAL_BOOST,+4.0% (14 obs),MEGA 70%/3% | SAFE 63%/1% | VALUE 58%/3%,JOUABLE,ok,Value positive 21.5% | Proba IA 82.1% | Mode MEGA VALUE | Learning BOOST|GLOBAL_BOOST | Calibration +4.0% (14 obs) | Source the-odds-api,PENDING,0.0,,,,MATCH_NOT_STARTED_YET,,0-2,20.92,0-1,20.16,1-2,9.09,0.0,0.0,297.96,3.0
2026-08-22T18:45:00Z,soccer_france_ligue_one,football,Le Mans FC,Brest,Home Win,Le Mans FC,the-odds-api,0.5816943413212453,2.5,0.4542,100.0,3 - VALUE BET,1.0,VALUE BET,0.1346,0.22,7.43,Moyenne,VALUE BET,BOOST|GLOBAL_BOOST,+3.9% (57 obs),MEGA 70%/3% | SAFE 63%/1% | VALUE 58%/3%,JOUABLE,ok,Value positive 45.4% | Proba IA 58.2% | Mode VALUE BET | VALUE CLAIRE | Learning BOOST|GLOBAL_BOOST | Calibration +3.9% (57 obs) | Source the-odds-api,PENDING,0.0,,,,MATCH_NOT_STARTED_YET,,1-0,15.99,1-1,13.12,2-0,11.97,0.0,0.0,384.04,1.0
2026-08-22T15:00:00Z,soccer_italy_serie_b,football,Palermo,Juve Stabia,Home Win,Palermo,the-odds-api,0.7653194467525765,1.5,0.148,100.0,1 - MEGA VALUE,1.83,MEGA VALUE,0.2463,0.22,7.43,Forte,MEGA VALUE,BOOST|GLOBAL_BOOST,+1.2% (16 obs),MEGA 70%/3% | SAFE 63%/1% | VALUE 58%/3%,JOUABLE,ok,Value positive 14.8% | Proba IA 76.5% | Mode MEGA VALUE | Learning BOOST|GLOBAL_BOOST | Calibration +1.2% (16 obs) | Source the-odds-api,PENDING,0.0,,,,MATCH_NOT_STARTED_YET,,2-0,20.06,1-0,18.09,2-1,10.02,0.0,0.0,265.2,1.83
2026-08-22T15:00:00Z,soccer_spain_la_liga,football,Athletic Bilbao,Sevilla,Home Win,Athletic Bilbao,the-odds-api,0.7088675156491187,1.62,0.1484,100.0,1 - MEGA VALUE,1.83,MEGA VALUE,0.2463,0.22,7.43,Forte,MEGA VALUE,BOOST|GLOBAL_BOOST,+4.0% (25 obs),MEGA 70%/3% | SAFE 63%/1% | VALUE 58%/3%,JOUABLE,ok,Value positive 14.8% | Proba IA 70.9% | Mode MEGA VALUE | Learning BOOST|GLOBAL_BOOST | Calibration +4.0% (25 obs) | Source the-odds-api,PENDING,0.0,,,,MATCH_NOT_STARTED_YET,,1-0,14.23,1-1,13.94,0-1,10.11,0.0,0.0,261.42,1.83
2026-08-23T13:00:00Z,soccer_france_ligue_one,football,Angers,Lille,Away Win,Lille,the-odds-api,0.6940163964295015,1.7,0.1798,100.0,2 - SAFE PICK,2.0,SAFE PICK,0.2692,0.22,7.43,Forte,SAFE PICK,BOOST|GLOBAL_BOOST,+3.2% (31 obs),MEGA 70%/3% | SAFE 63%/1% | VALUE 58%/3%,JOUABLE,ok,Value positive 18.0% | Proba IA 69.4% | Mode SAFE PICK | Learning BOOST|GLOBAL_BOOST | Calibration +3.2% (31 obs) | Source the-odds-api,PENDING,0.0,,,,MATCH_NOT_STARTED_YET,,0-1,20.9,0-2,14.76,0-0,12.04,0.0,0.0,273.91,2.0
2026-08-23T19:00:00Z,soccer_italy_serie_b,football,Palermo,Juve Stabia,Home Win,Palermo,the-odds-api,0.7324677654400782,1.62,0.1866,100.0,1 - MEGA VALUE,1.83,MEGA VALUE,0.2463,0.22,7.43,Forte,MEGA VALUE,BOOST|GLOBAL_BOOST,-2.9% (29 obs),MEGA 70%/3% | SAFE 63%/1% | VALUE 58%/3%,JOUABLE,ok,Value positive 18.7% | Proba IA 73.2% | Mode MEGA VALUE | Learning BOOST|GLOBAL_BOOST | Calibration -2.9% (29 obs) | Source the-odds-api,PENDING,0.0,,,,MATCH_NOT_STARTED_YET,,2-0,19.39,1-0,18.08,2-1,10.53,0.0,0.0,279.51,1.83
2026-08-23T19:30:00Z,soccer_spain_la_liga,football,Elche CF,Barcelona,Away Win,Barcelona,the-odds-api,0.8354341329329625,1.36,0.1362,100.0,1 - MEGA VALUE,3.0,MEGA VALUE,0.4038,0.22,7.43,Elite,MEGA VALUE,BOOST|GLOBAL_BOOST,+4.0% (14 obs),MEGA 70%/3% | SAFE 63%/1% | VALUE 58%/3%,JOUABLE,ok,Value positive 13.6% | Proba IA 83.5% | Mode MEGA VALUE | Learning BOOST|GLOBAL_BOOST | Calibration +4.0% (14 obs) | Source the-odds-api,PENDING,0.0,,,,MATCH_NOT_STARTED_YET,,1-1,14.67,0-1,11.66,1-0,11.3,0.0,0.0,265.04,3.0
2026-08-24T18:45:00Z,soccer_italy_serie_a,football,AS Roma,Fiorentina,Home Win,AS Roma,the-odds-api,0.7398490328109893,1.57,0.1616,100.0,1 - MEGA VALUE,3.0,MEGA VALUE,0.4038,0.22,7.43,Forte,MEGA VALUE,BOOST|GLOBAL_BOOST,+4.0% (26 obs),MEGA 70%/3% | SAFE 63%/1% | VALUE 58%/3%,JOUABLE,ok,Value positive 16.2% | Proba IA 74.0% | Mode MEGA VALUE | Learning BOOST|GLOBAL_BOOST | Calibration +4.0% (26 obs) | Source the-odds-api,PENDING,0.0,,,,MATCH_NOT_STARTED_YET,,1-1,15.08,1-0,14.6,0-1,11.67,0.0,0.0,269.26,3.0
2026-08-26T19:00:00Z,soccer_spain_la_liga,football,Real Madrid,Real Sociedad,Home Win,Real Madrid,the-odds-api,0.8716638126565571,1.4,0.2203,100.0,1 - MEGA VALUE,3.0,MEGA VALUE,0.4038,0.22,7.43,Elite,MEGA VALUE,BOOST|GLOBAL_BOOST,+3.6% (18 obs),MEGA 70%/3% | SAFE 63%/1% | VALUE 58%/3%,JOUABLE,ok,Value positive 22.0% | Proba IA 87.2% | Mode MEGA VALUE | Learning BOOST|GLOBAL_BOOST | Calibration +3.6% (18 obs) | Source the-odds-api,PENDING,0.0,,,,MATCH_NOT_STARTED_YET,,1-0,13.78,1-1,13.28,2-1,11.13,0.0,0.0,303.76,3.0
2026-08-27T19:00:00Z,soccer_spain_la_liga,football,Barcelona,Athletic Bilbao,Home Win,Barcelona,the-odds-api,0.8187228185086908,1.44,0.179,100.0,1 - MEGA VALUE,3.0,MEGA VALUE,0.4038,0.22,7.43,Elite,MEGA VALUE,BOOST|GLOBAL_BOOST,+3.6% (18 obs),MEGA 70%/3% | SAFE 63%/1% | VALUE 58%/3%,JOUABLE,ok,Value positive 17.9% | Proba IA 81.9% | Mode MEGA VALUE | MARCHE JUSTE | Learning BOOST|GLOBAL_BOOST | Calibration +3.6% (18 obs) | Source the-odds-api,PENDING,0.0,,,,MATCH_NOT_STARTED_YET,,1-0,14.15,1-1,13.0,2-0,11.66,0.0,0.0,282.26,3.0
2026-08-28T18:30:00Z,soccer_germany_bundesliga,football,Bayern Munich,VfB Stuttgart,Home Win,Bayern Munich,the-odds-api,0.9,1.33,0.197,100.0,1 - MEGA VALUE,3.0,MEGA VALUE,0.4038,0.22,7.43,Elite,MEGA VALUE,BOOST|GLOBAL_BOOST,+4.0% (24 obs),MEGA 70%/3% | SAFE 63%/1% | VALUE 58%/3%,JOUABLE,ok,Value positive 19.7% | Proba IA 90.0% | Mode MEGA VALUE | MARCHE JUSTE | Learning BOOST|GLOBAL_BOOST | Calibration +4.0% (24 obs) | Source the-odds-api,PENDING,0.0,,,,MATCH_NOT_STARTED_YET,,2-0,14.06,2-1,13.57,3-1,11.08,0.0,0.0,295.71,3.0
2026-08-29T16:30:00Z,soccer_germany_bundesliga,football,Borussia Dortmund,Hamburger SV,Home Win,Borussia Dortmund,the-odds-api,0.8652075569936295,1.35,0.168,100.0,1 - MEGA VALUE,3.0,MEGA VALUE,0.4038,0.22,7.43,Elite,MEGA VALUE,BOOST|GLOBAL_BOOST,-6.0% (13 obs),MEGA 70%/3% | SAFE 63%/1% | VALUE 58%/3%,JOUABLE,ok,Value positive 16.8% | Proba IA 86.5% | Mode MEGA VALUE | Learning BOOST|GLOBAL_BOOST | Calibration -6.0% (13 obs) | Source the-odds-api,PENDING,0.0,,,,MATCH_NOT_STARTED_YET,,2-0,24.7,3-0,21.42,1-0,11.65,0.0,0.0,280.82,3.0
2026-08-29T13:30:00Z,soccer_germany_bundesliga,football,FSV Mainz 05,SC Paderborn,Home Win,FSV Mainz 05,the-odds-api,0.7051570761677072,1.73,0.2199,100.0,1 - MEGA VALUE,1.83,MEGA VALUE,0.2463,0.22,7.43,Forte,MEGA VALUE,BOOST|GLOBAL_BOOST,-2.9% (29 obs),MEGA 70%/3% | SAFE 63%/1% | VALUE 58%/3%,JOUABLE,ok,Value positive 22.0% | Proba IA 70.5% | Mode MEGA VALUE | Learning BOOST|GLOBAL_BOOST | Calibration -2.9% (29 obs) | Source the-odds-api,PENDING,0.0,,,,MATCH_NOT_STARTED_YET,,2-0,17.63,1-0,17.32,2-1,11.19,0.0,0.0,291.93,1.83
