last_update,bet_mode,date,sport,odds_source,category,home_team,away_team,market,selection,ai_probability,bookmaker_odds,implied_probability,value,confidence,ia_badge,reliable_only,safety_score,safety_level,football_trap_signal,learning_adjustment,calibration_adjustment,threshold_profile,decision_status,refusal_reason,decision_reason,home_recent_form,away_recent_form,home_recent_attack,away_recent_attack,home_recent_defense,away_recent_defense,football_data_quality,decision,bankroll,stake_percent,kelly_fraction,suggested_stake,home_elo,away_elo,elo_diff,home_xg,away_xg,draw_probability,draw_hunter,score_exact_1,score_exact_1_proba,score_exact_2,score_exact_2_proba,score_exact_3,score_exact_3_proba,score_exact_alert,scorer_prediction,over_25,under_25,btts_yes,btts_no,top_scores,tennis_engine_score,tennis_form_home,tennis_form_away,tennis_edge,priority
03/10/2026 01:08,WATCHLIST,2026-10-03T00:29:00Z,soccer_argentina_primera_division,the-odds-api,football,Boca Juniors,Union Santa Fe,Draw,Draw,0.17722889433618214,8.6,0.1163,0.5242,A EVITER,WATCHLIST,False,66.59,5 - WATCHLIST,DRAW RISQUE,BOOST|GLOBAL_BOOST,+4.0% (36 obs),MEGA 70%/3% | SAFE 63%/1% | VALUE 58%/3%,WATCHLIST,cote trop haute,Value positive 52.4% | Proba IA 17.7% | DRAW RISQUE | Learning BOOST|GLOBAL_BOOST | Calibration +4.0% (36 obs) | Source the-odds-api,0.5,0.5,1.2,1.1,1.2,1.2,0,NO BET,7.43,0.0,0.0,0.0,1500.0,1500.0,65.0,2.898,0.25,0.0585,NO DRAW SIGNAL,2-0,21.5,3-0,21.25,4-0,14.11,SCORE POISSON + FORME - confiance 70%,A recalculer via player_scorers,0.648,0.352,0.1978,0.8022,"[('2-0', 0.215), ('3-0', 0.2125), ('4-0', 0.1411), ('1-0', 0.0901), ('5-0', 0.0565), ('3-1', 0.0461), ('2-1', 0.0447), ('6-0', 0.0272), ('4-1', 0.0257), ('1-1', 0.0251), ('0-0', 0.0203), ('5-1', 0.0146)]",0.0,0.0,0.0,0.0,336.35
03/10/2026 01:08,MEGA VALUE,2026-10-03T00:29:00Z,soccer_argentina_primera_division,the-odds-api,football,Boca Juniors,Union Santa Fe,Home Win,Boca Juniors,0.7985004999999998,1.44,0.6944,0.1498,Elite,MEGA VALUE,True,100.0,1 - MEGA VALUE,OK,GLOBAL_BOOST,-6.0% (16 obs),MEGA 70%/3% | SAFE 63%/1% | VALUE 58%/3%,JOUABLE,ok,Value positive 15.0% | Proba IA 79.9% | Mode MEGA VALUE | Learning GLOBAL_BOOST | Calibration -6.0% (16 obs) | Source the-odds-api,0.5,0.5,1.2,1.1,1.2,1.2,0,VALUE BET,7.43,0.3809,0.22,2.83,1500.0,1500.0,65.0,2.898,0.25,0.0585,NO DRAW SIGNAL,2-0,21.5,3-0,21.25,4-0,14.11,SCORE POISSON + FORME - confiance 70%,A recalculer via player_scorers,0.648,0.352,0.1978,0.8022,"[('2-0', 0.215), ('3-0', 0.2125), ('4-0', 0.1411), ('1-0', 0.0901), ('5-0', 0.0565), ('3-1', 0.0461), ('2-1', 0.0447), ('6-0', 0.0272), ('4-1', 0.0257), ('1-1', 0.0251), ('0-0', 0.0203), ('5-1', 0.0146)]",0.0,0.0,0.0,0.0,268.33
03/10/2026 01:08,WATCHLIST,2026-10-03T00:29:00Z,soccer_argentina_primera_division,the-odds-api,football,Boca Juniors,Union Santa Fe,Away Win,Union Santa Fe,0.034211254266456215,36.0,0.0278,0.2316,A EVITER,WATCHLIST,False,64.59,5 - WATCHLIST,COTE HAUTE,BOOST|GLOBAL_BOOST,BASELINE,MEGA 70%/3% | SAFE 63%/1% | VALUE 58%/3%,WATCHLIST,cote trop haute,Value positive 23.2% | Proba IA 3.4% | COTE HAUTE | Learning BOOST|GLOBAL_BOOST | Source the-odds-api,0.5,0.5,1.2,1.1,1.2,1.2,0,NO BET,7.43,0.0,0.0,0.0,1500.0,1500.0,65.0,2.898,0.25,0.0585,NO DRAW SIGNAL,2-0,21.5,3-0,21.25,4-0,14.11,SCORE POISSON + FORME - confiance 70%,A recalculer via player_scorers,0.648,0.352,0.1978,0.8022,"[('2-0', 0.215), ('3-0', 0.2125), ('4-0', 0.1411), ('1-0', 0.0901), ('5-0', 0.0565), ('3-1', 0.0461), ('2-1', 0.0447), ('6-0', 0.0272), ('4-1', 0.0257), ('1-1', 0.0251), ('0-0', 0.0203), ('5-1', 0.0146)]",0.0,0.0,0.0,0.0,197.58
03/10/2026 01:08,WATCHLIST,2026-10-03T00:30:00Z,soccer_argentina_primera_division,the-odds-api,football,Independiente Rivadavia,Gimnasia La Plata,Home Win,Independiente Rivadavia,0.7809792551397223,1.36,0.7353,0.0621,Elite,MEGA VALUE,True,95.8,1 - MEGA VALUE,VALUE CLAIRE,BOOST|GLOBAL_BOOST,-6.0% (14 obs),MEGA 70%/3% | SAFE 63%/1% | VALUE 58%/3%,WATCHLIST,watchlist prudente,Value positive 6.2% | Proba IA 78.1% | VALUE CLAIRE | Learning BOOST|GLOBAL_BOOST | Calibration -6.0% (14 obs) | Source the-odds-api,0.5,0.5,1.2,1.1,1.2,1.2,0,NO BET,7.43,0.4038,0.1726,0.0,1500.0,1500.0,65.0,2.618,0.25,0.0745,NO DRAW SIGNAL,2-0,25.45,3-0,22.8,1-0,11.62,SCORE POISSON + FORME - confiance 78%,A recalculer via player_scorers,0.5883,0.4117,0.1934,0.8066,"[('2-0', 0.2545), ('3-0', 0.228), ('1-0', 0.1162), ('4-0', 0.1075), ('2-1', 0.052), ('3-1', 0.0392), ('5-0', 0.033), ('1-1', 0.0305), ('0-0', 0.0277), ('0-1', 0.0187), ('4-1', 0.017), ('6-0', 0.0144)]",0.0,0.0,0.0,0.0,223.17
03/10/2026 01:08,NO BET,2026-10-03T00:30:00Z,soccer_argentina_primera_division,the-odds-api,football,Independiente Rivadavia,Gimnasia La Plata,Away Win,Gimnasia La Plata,0.06842250853291243,13.5,0.0741,-0.0763,A EVITER,NO BET,False,31.95,6 - NO BET,COTE HAUTE,BOOST|GLOBAL_BOOST,-0.2% (13 obs),MEGA 70%/3% | SAFE 63%/1% | VALUE 58%/3%,REFUSE,cote trop haute,Value negative ou nulle | Proba IA 6.8% | COTE HAUTE | Learning BOOST|GLOBAL_BOOST | Calibration -0.2% (13 obs) | Source the-odds-api,0.5,0.5,1.2,1.1,1.2,1.2,0,NO BET,7.43,0.0,0.0,0.0,1500.0,1500.0,65.0,2.618,0.25,0.0745,NO DRAW SIGNAL,2-0,25.45,3-0,22.8,1-0,11.62,SCORE POISSON + FORME - confiance 78%,A recalculer via player_scorers,0.5883,0.4117,0.1934,0.8066,"[('2-0', 0.2545), ('3-0', 0.228), ('1-0', 0.1162), ('4-0', 0.1075), ('2-1', 0.052), ('3-1', 0.0392), ('5-0', 0.033), ('1-1', 0.0305), ('0-0', 0.0277), ('0-1', 0.0187), ('4-1', 0.017), ('6-0', 0.0144)]",0.0,0.0,0.0,0.0,52.08
03/10/2026 01:08,NO BET,2026-10-03T00:30:00Z,soccer_argentina_primera_division,the-odds-api,football,Independiente Rivadavia,Gimnasia La Plata,Draw,Draw,0.12328966562517019,5.3,0.1887,-0.3466,A EVITER,NO BET,False,27.53,6 - NO BET,DRAW RISQUE,BOOST|GLOBAL_BOOST,-4.5% (32 obs),MEGA 70%/3% | SAFE 63%/1% | VALUE 58%/3%,REFUSE,cote trop haute,Value negative ou nulle | Proba IA 12.3% | DRAW RISQUE | Learning BOOST|GLOBAL_BOOST | Calibration -4.5% (32 obs) | Source the-odds-api,0.5,0.5,1.2,1.1,1.2,1.2,0,NO BET,7.43,0.0,0.0,0.0,1500.0,1500.0,65.0,2.618,0.25,0.0745,NO DRAW SIGNAL,2-0,25.45,3-0,22.8,1-0,11.62,SCORE POISSON + FORME - confiance 78%,A recalculer via player_scorers,0.5883,0.4117,0.1934,0.8066,"[('2-0', 0.2545), ('3-0', 0.228), ('1-0', 0.1162), ('4-0', 0.1075), ('2-1', 0.052), ('3-1', 0.0392), ('5-0', 0.033), ('1-1', 0.0305), ('0-0', 0.0277), ('0-1', 0.0187), ('4-1', 0.017), ('6-0', 0.0144)]",0.0,0.0,0.0,0.0,49.37
03/10/2026 01:08,WATCHLIST,2026-10-03T02:00:00Z,tennis_atp_japan_open,the-odds-api,tennis,Denis Shapovalov,Alejandro Tabilo,Player 2 Win,Alejandro Tabilo,0.5572996769236345,2.3,0.4348,0.2818,Faible,WATCHLIST,False,100.0,5 - WATCHLIST,,BOOST|GLOBAL_BOOST,BASELINE,MEGA 74%/3% | SAFE 67%/1% | VALUE 62%/3%,WATCHLIST,proba trop basse,Value positive 28.2% | Proba IA 55.7% | Learning BOOST|GLOBAL_BOOST | Source the-odds-api,,,,,,,,NO BET,7.43,0.0,0.0,0.0,1498.28,1588.24,-89.96,,,,NO DRAW SPORT,2-0,28.43,2-1,22.92,,,SET SCORE ESTIMATION,Tennis : aucun buteur,,,,,2-0 28.43% | 2-1 22.92%,71.33,0.333,0.583,0.181,308.18
03/10/2026 01:08,NO BET,2026-10-03T02:00:00Z,tennis_atp_japan_open,the-odds-api,tennis,Denis Shapovalov,Alejandro Tabilo,Player 1 Win,Denis Shapovalov,0.5279966754106099,1.76,0.5682,-0.0707,Faible,NO BET,False,71.07,5 - WATCHLIST,,BOOST|GLOBAL_BOOST,BASELINE,MEGA 74%/3% | SAFE 67%/1% | VALUE 62%/3%,REFUSE,value negative,Value negative ou nulle | Proba IA 52.8% | Learning BOOST|GLOBAL_BOOST | Source the-odds-api,,,,,,,,NO BET,7.43,0.0,0.0,0.0,1498.28,1588.24,-89.96,,,,NO DRAW SPORT,2-1,28.94,2-0,19.71,,,SET SCORE ESTIMATION,Tennis : aucun buteur,,,,,2-1 28.94% | 2-0 19.71%,54.06,0.333,0.583,-0.1438,142.14
03/10/2026 01:08,WATCHLIST,2026-10-03T03:00:00Z,tennis_atp_china_open,the-odds-api,tennis,Alex de Minaur,Quentin Halys,Player 1 Win,Alex de Minaur,0.7753585,1.36,0.7353,0.0545,Forte,MEGA VALUE,True,98.81,1 - MEGA VALUE,,GLOBAL_BOOST,BASELINE,MEGA 74%/3% | SAFE 67%/1% | VALUE 62%/3%,WATCHLIST,watchlist prudente,Value positive 5.5% | Proba IA 77.5% | Learning GLOBAL_BOOST | Source the-odds-api,,,,,,,,NO BET,7.43,0.4038,0.1514,0.0,1677.9,1480.85,197.05,,,,NO DRAW SPORT,2-0,54.38,2-1,22.0,,,SET SCORE ESTIMATION,Tennis : aucun buteur,,,,,2-0 54.38% | 2-1 22.0%,76.77,0.5,0.5,0.0388,223.94
03/10/2026 01:08,NO BET,2026-10-03T03:00:00Z,tennis_atp_china_open,the-odds-api,tennis,Alex de Minaur,Quentin Halys,Player 2 Win,Quentin Halys,0.2562384687861151,3.75,0.2667,-0.0391,A EVITER,NO BET,False,54.11,6 - NO BET,,BOOST|GLOBAL_BOOST,BASELINE,MEGA 74%/3% | SAFE 67%/1% | VALUE 62%/3%,REFUSE,cote trop haute,Value negative ou nulle | Proba IA 25.6% | Learning BOOST|GLOBAL_BOOST | Source the-odds-api,,,,,,,,NO BET,7.43,0.0,0.0,0.0,1677.9,1480.85,197.05,,,,NO DRAW SPORT,2-1,15.56,2-0,8.06,,,SET SCORE ESTIMATION,Tennis : aucun buteur,,,,,2-1 15.56% | 2-0 8.06%,36.53,0.5,0.5,-0.1145,98.02
03/10/2026 01:08,WATCHLIST,2026-10-03T03:00:00Z,tennis_wta_china_open,the-odds-api,tennis,Ashlyn Krueger,Ann Li,Player 2 Win,Ann Li,0.6726666791767647,1.82,0.5495,0.2243,Moyenne,SAFE PICK,True,100.0,2 - SAFE PICK,,BOOST|GLOBAL_BOOST,BASELINE,MEGA 74%/3% | SAFE 67%/1% | VALUE 62%/3%,WATCHLIST,watchlist prudente,Value positive 22.4% | Proba IA 67.3% | Learning BOOST|GLOBAL_BOOST | Source the-odds-api,,,,,,,,NO BET,7.43,0.2692,0.22,0.0,1475.23,1567.13,-91.9,,,,NO DRAW SPORT,2-0,38.3,2-1,23.69,,,SET SCORE ESTIMATION,Tennis : aucun buteur,,,,,2-0 38.3% | 2-1 23.69%,74.28,0.5,0.583,0.1281,291.52
03/10/2026 01:08,NO BET,2026-10-03T03:00:00Z,tennis_wta_china_open,the-odds-api,tennis,Ashlyn Krueger,Ann Li,Player 1 Win,Ashlyn Krueger,0.4126296731574797,2.2,0.4545,-0.0922,A EVITER,NO BET,False,62.79,5 - WATCHLIST,,BOOST|GLOBAL_BOOST,BASELINE,MEGA 74%/3% | SAFE 67%/1% | VALUE 62%/3%,REFUSE,value negative,Value negative ou nulle | Proba IA 41.3% | Learning BOOST|GLOBAL_BOOST | Source the-odds-api,,,,,,,,NO BET,7.43,0.0,0.0,0.0,1475.23,1567.13,-91.9,,,,NO DRAW SPORT,2-1,23.48,2-0,14.54,,,SET SCORE ESTIMATION,Tennis : aucun buteur,,,,,2-1 23.48% | 2-0 14.54%,46.61,0.5,0.583,-0.1636,121.81
03/10/2026 01:08,WATCHLIST,2026-10-03T03:00:00Z,tennis_wta_china_open,the-odds-api,tennis,Coco Gauff,Maria Camila Osorio Serrano,Player 2 Win,Maria Camila Osorio Serrano,0.195353343420164,10.5,0.0952,1.0512,A EVITER,WATCHLIST,False,77.85,5 - WATCHLIST,,BOOST|GLOBAL_BOOST,BASELINE,MEGA 74%/3% | SAFE 67%/1% | VALUE 62%/3%,WATCHLIST,cote trop haute,Value positive 105.1% | Proba IA 19.5% | Learning BOOST|GLOBAL_BOOST | Source the-odds-api,,,,,,,,NO BET,7.43,0.0,0.0,0.0,1775.8,1500.0,275.8,,,,NO DRAW SPORT,2-1,11.88,2-0,6.12,,,SET SCORE ESTIMATION,Tennis : aucun buteur,,,,,2-1 11.88% | 2-0 6.12%,98.25,0.75,0.5,0.89,580.91
03/10/2026 01:08,WATCHLIST,2026-10-03T03:00:00Z,tennis_wta_china_open,the-odds-api,tennis,Coco Gauff,Maria Camila Osorio Serrano,Player 1 Win,Coco Gauff,0.8276469982900948,1.1,0.9091,-0.0896,Elite,WATCHLIST,False,74.7,5 - WATCHLIST,,LOW_VALUE_FAVORITE|BOOST|GLOBAL_BOOST,BASELINE,MEGA 74%/3% | SAFE 67%/1% | VALUE 62%/3%,WATCHLIST,value negative,Value negative ou nulle | Proba IA 82.8% | Learning LOW_VALUE_FAVORITE|BOOST|GLOBAL_BOOST | Source the-odds-api,,,,,,,,NO BET,7.43,0.0,0.0,0.0,1775.8,1500.0,275.8,,,,NO DRAW SPORT,2-0,54.24,2-1,22.02,,,SET SCORE ESTIMATION,Tennis : aucun buteur,,,,,2-0 54.24% | 2-1 22.02%,63.38,0.75,0.5,-0.1611,168.49
03/10/2026 01:08,WATCHLIST,2026-10-03T03:00:00Z,tennis_wta_china_open,the-odds-api,tennis,Donna Vekic,Lin Zhu,Player 1 Win,Donna Vekic,0.6979540841861527,1.58,0.6329,0.1028,Forte,SAFE PICK,True,99.49,2 - SAFE PICK,,BOOST|GLOBAL_BOOST,BASELINE,MEGA 74%/3% | SAFE 67%/1% | VALUE 62%/3%,WATCHLIST,watchlist prudente,Value positive 10.3% | Proba IA 69.8% | Learning BOOST|GLOBAL_BOOST | Source the-odds-api,,,,,,,,NO BET,7.43,0.2692,0.1772,0.0,1496.46,1469.96,26.5,,,,NO DRAW SPORT,2-0,40.85,2-1,23.46,,,SET SCORE ESTIMATION,Tennis : aucun buteur,,,,,2-0 40.85% | 2-1 23.46%,64.3,0.5,0.25,0.0161,240.29
03/10/2026 01:08,WATCHLIST,2026-10-03T03:00:00Z,tennis_wta_china_open,the-odds-api,tennis,Donna Vekic,Lin Zhu,Player 2 Win,Lin Zhu,0.38734226814809186,2.68,0.3731,0.0381,A EVITER,WATCHLIST,False,71.5,5 - WATCHLIST,,BOOST|GLOBAL_BOOST,BASELINE,MEGA 74%/3% | SAFE 67%/1% | VALUE 62%/3%,WATCHLIST,proba trop basse,Value positive 3.8% | Proba IA 38.7% | Learning BOOST|GLOBAL_BOOST | Source the-odds-api,,,,,,,,NO BET,7.43,0.0,0.0,0.0,1496.46,1469.96,26.5,,,,NO DRAW SPORT,2-1,22.67,2-0,13.02,,,SET SCORE ESTIMATION,Tennis : aucun buteur,,,,,2-1 22.67% | 2-0 13.02%,42.9,0.5,0.25,-0.0435,149.31
03/10/2026 01:08,SAFE PICK,2026-10-03T03:00:00Z,tennis_wta_china_open,the-odds-api,tennis,Katie Volynets,Elise Mertens,Player 2 Win,Elise Mertens,0.6714728531891971,1.85,0.5405,0.2422,Moyenne,SAFE PICK,True,100.0,2 - SAFE PICK,,BOOST|GLOBAL_BOOST,BASELINE,MEGA 74%/3% | SAFE 67%/1% | VALUE 62%/3%,JOUABLE,ok,Value positive 24.2% | Proba IA 67.1% | Mode SAFE PICK | Learning BOOST|GLOBAL_BOOST | Source the-odds-api,,,,,,,,VALUE BET,7.43,0.2692,0.22,2.0,1423.78,1629.58,-205.8,,,,NO DRAW SPORT,2-0,39.74,2-1,22.13,,,SET SCORE ESTIMATION,Tennis : aucun buteur,,,,,2-0 39.74% | 2-1 22.13%,75.59,0.333,0.583,0.1445,299.16
03/10/2026 01:08,NO BET,2026-10-03T03:00:00Z,tennis_wta_china_open,the-odds-api,tennis,Katie Volynets,Elise Mertens,Player 1 Win,Katie Volynets,0.4138234991450474,2.16,0.463,-0.1061,A EVITER,NO BET,False,61.95,5 - WATCHLIST,,BOOST|GLOBAL_BOOST,BASELINE,MEGA 74%/3% | SAFE 67%/1% | VALUE 62%/3%,REFUSE,value negative,Value negative ou nulle | Proba IA 41.4% | Learning BOOST|GLOBAL_BOOST | Source the-odds-api,,,,,,,,NO BET,7.43,0.0,0.0,0.0,1423.78,1629.58,-205.8,,,,NO DRAW SPORT,2-1,25.17,2-0,12.97,,,SET SCORE ESTIMATION,Tennis : aucun buteur,,,,,2-1 25.17% | 2-0 12.97%,46.69,0.333,0.583,-0.1763,120.65
03/10/2026 01:08,WATCHLIST,2026-10-03T03:30:00Z,tennis_atp_japan_open,the-odds-api,tennis,Carlos Alcaraz,Matteo Arnaldi,Player 2 Win,Matteo Arnaldi,0.195353343420164,14.0,0.0714,1.7349,A EVITER,WATCHLIST,False,77.85,5 - WATCHLIST,,BOOST|GLOBAL_BOOST,BASELINE,MEGA 74%/3% | SAFE 67%/1% | VALUE 62%/3%,WATCHLIST,cote trop haute,Value positive 173.5% | Proba IA 19.5% | Learning BOOST|GLOBAL_BOOST | Source the-odds-api,,,,,,,,NO BET,7.43,0.0,0.0,0.0,1892.33,1520.89,371.44,,,,NO DRAW SPORT,2-1,11.88,2-0,6.12,,,SET SCORE ESTIMATION,Tennis : aucun buteur,,,,,2-1 11.88% | 2-0 6.12%,100.0,0.75,0.583,1.52,874.92
03/10/2026 01:08,WATCHLIST,2026-10-03T03:30:00Z,tennis_atp_japan_open,the-odds-api,tennis,Carlos Alcaraz,Matteo Arnaldi,Player 1 Win,Carlos Alcaraz,0.8276469982900948,1.07,0.9346,-0.1144,Elite,FAVORI SOLIDE,True,74.8,2B - FAVORI SOLIDE,,LOW_VALUE_FAVORITE|BOOST|GLOBAL_BOOST,BASELINE,MEGA 74%/3% | SAFE 67%/1% | VALUE 62%/3%,WATCHLIST,value negative,Value negative ou nulle | Proba IA 82.8% | Learning LOW_VALUE_FAVORITE|BOOST|GLOBAL_BOOST | Source the-odds-api,,,,,,,,NO BET,7.43,0.2692,0.0,0.0,1892.33,1520.89,371.44,,,,NO DRAW SPORT,2-0,51.57,2-1,24.69,,,SET SCORE ESTIMATION,Tennis : aucun buteur,,,,,2-0 51.57% | 2-1 24.69%,73.38,0.75,0.583,-0.184,168.64
03/10/2026 01:08,WATCHLIST,2026-10-03T04:10:00Z,tennis_wta_china_open,the-odds-api,tennis,Jelena Ostapenko,Paula Badosa,Player 1 Win,Jelena Ostapenko,0.533097568266581,2.42,0.4132,0.2901,Faible,WATCHLIST,False,100.0,5 - WATCHLIST,,BOOST|GLOBAL_BOOST,BASELINE,MEGA 74%/3% | SAFE 67%/1% | VALUE 62%/3%,WATCHLIST,proba trop basse,Value positive 29.0% | Proba IA 53.3% | Learning BOOST|GLOBAL_BOOST | Source the-odds-api,,,,,,,,NO BET,7.43,0.0,0.0,0.0,1574.25,1488.45,85.8,,,,NO DRAW SPORT,2-0,26.97,2-1,22.15,,,SET SCORE ESTIMATION,Tennis : aucun buteur,,,,,2-0 26.97% | 2-1 22.15%,70.42,0.583,0.333,0.1887,310.06
03/10/2026 01:08,NO BET,2026-10-03T04:10:00Z,tennis_wta_china_open,the-odds-api,tennis,Jelena Ostapenko,Paula Badosa,Player 2 Win,Paula Badosa,0.5301672681152784,1.69,0.5917,-0.104,Faible,NO BET,False,67.81,5 - WATCHLIST,,RANK_TRAP|BOOST|GLOBAL_BOOST,BASELINE,MEGA 74%/3% | SAFE 67%/1% | VALUE 62%/3%,REFUSE,value negative,Value negative ou nulle | Proba IA 53.0% | Learning RANK_TRAP|BOOST|GLOBAL_BOOST | Source the-odds-api,,,,,,,,NO BET,7.43,0.0,0.0,0.0,1574.25,1488.45,85.8,,,,NO DRAW SPORT,2-1,29.41,2-0,19.44,,,SET SCORE ESTIMATION,Tennis : aucun buteur,,,,,2-1 29.41% | 2-0 19.44%,54.19,0.583,0.333,-0.1745,137.47
03/10/2026 01:08,WATCHLIST,2026-10-03T04:10:00Z,tennis_wta_china_open,the-odds-api,tennis,Katerina Siniakova,Elina Svitolina,Player 2 Win,Elina Svitolina,0.8051995,1.31,0.7634,0.0548,Elite,MEGA VALUE,True,92.37,1 - MEGA VALUE,,GLOBAL_BOOST,BASELINE,MEGA 74%/3% | SAFE 67%/1% | VALUE 62%/3%,WATCHLIST,watchlist prudente,Value positive 5.5% | Proba IA 80.5% | Learning GLOBAL_BOOST | Source the-odds-api,,,,,,,,NO BET,7.43,0.4038,0.1768,0.0,1541.61,1803.23,-261.62,,,,NO DRAW SPORT,2-0,57.12,2-1,22.21,,,SET SCORE ESTIMATION,Tennis : aucun buteur,,,,,2-0 57.12% | 2-1 22.21%,78.86,0.5,0.833,0.0392,216.64
03/10/2026 01:08,NO BET,2026-10-03T04:10:00Z,tennis_wta_china_open,the-odds-api,tennis,Katerina Siniakova,Elina Svitolina,Player 1 Win,Katerina Siniakova,0.22433075602748834,4.0,0.25,-0.1027,A EVITER,NO BET,False,45.77,6 - NO BET,,BOOST|GLOBAL_BOOST,BASELINE,MEGA 74%/3% | SAFE 67%/1% | VALUE 62%/3%,REFUSE,cote trop haute,Value negative ou nulle | Proba IA 22.4% | Learning BOOST|GLOBAL_BOOST | Source the-odds-api,,,,,,,,NO BET,7.43,0.0,0.0,0.0,1541.61,1803.23,-261.62,,,,NO DRAW SPORT,2-1,13.64,2-0,7.03,,,SET SCORE ESTIMATION,Tennis : aucun buteur,,,,,2-1 13.64% | 2-0 7.03%,34.47,0.5,0.833,-0.1732,83.44
03/10/2026 01:08,WATCHLIST,2026-10-03T04:10:00Z,tennis_wta_china_open,the-odds-api,tennis,Maria Sakkari,Storm Hunter,Player 2 Win,Storm Hunter,0.36118662605683655,3.3,0.303,0.1919,A EVITER,WATCHLIST,False,88.14,5 - WATCHLIST,,BOOST|GLOBAL_BOOST,BASELINE,MEGA 74%/3% | SAFE 67%/1% | VALUE 62%/3%,WATCHLIST,cote trop haute,Value positive 19.2% | Proba IA 36.1% | Learning BOOST|GLOBAL_BOOST | Source the-odds-api,,,,,,,,NO BET,7.43,0.0,0.0,0.0,1530.9,1516.75,14.15,,,,NO DRAW SPORT,2-1,19.87,2-0,13.41,,,SET SCORE ESTIMATION,Tennis : aucun buteur,,,,,2-1 19.87% | 2-0 13.41%,45.38,0.417,0.556,0.0981,238.25
03/10/2026 01:08,WATCHLIST,2026-10-03T04:10:00Z,tennis_wta_china_open,the-odds-api,tennis,Maria Sakkari,Storm Hunter,Player 1 Win,Maria Sakkari,0.7241097262774079,1.43,0.6993,0.0355,Forte,SAFE PICK,True,92.35,2 - SAFE PICK,,BOOST|GLOBAL_BOOST,BASELINE,MEGA 74%/3% | SAFE 67%/1% | VALUE 62%/3%,WATCHLIST,watchlist prudente,Value positive 3.5% | Proba IA 72.4% | Learning BOOST|GLOBAL_BOOST | Source the-odds-api,,,,,,,,NO BET,7.43,0.2692,0.0825,0.0,1530.9,1516.75,14.15,,,,NO DRAW SPORT,2-0,39.69,2-1,27.03,,,SET SCORE ESTIMATION,Tennis : aucun buteur,,,,,2-0 39.69% | 2-1 27.03%,60.46,0.417,0.556,-0.0459,202.62
03/10/2026 01:08,WATCHLIST,2026-10-03T05:00:00Z,tennis_atp_china_open,the-odds-api,tennis,Andrey Rublev,Roman Safiullin,Player 1 Win,Andrey Rublev,0.6647235,1.73,0.578,0.15,Moyenne,VALUE BET,True,100.0,3 - VALUE BET,,GLOBAL_BOOST,BASELINE,MEGA 74%/3% | SAFE 67%/1% | VALUE 62%/3%,WATCHLIST,watchlist prudente,Value positive 15.0% | Proba IA 66.5% | Learning GLOBAL_BOOST | Source the-odds-api,,,,,,,,NO BET,7.43,0.1346,0.2054,0.0,1649.97,1421.78,228.18,,,,NO DRAW SPORT,2-0,43.07,2-1,22.43,,,SET SCORE ESTIMATION,Tennis : aucun buteur,,,,,2-0 43.07% | 2-1 22.43%,77.15,0.667,0.333,0.133,259.02
03/10/2026 01:08,NO BET,2026-10-03T05:00:00Z,tennis_atp_china_open,the-odds-api,tennis,Andrey Rublev,Roman Safiullin,Player 2 Win,Roman Safiullin,0.3745357711905478,2.34,0.4274,-0.1236,A EVITER,NO BET,False,55.08,5 - WATCHLIST,,BOOST|GLOBAL_BOOST,BASELINE,MEGA 74%/3% | SAFE 67%/1% | VALUE 62%/3%,REFUSE,value negative,Value negative ou nulle | Proba IA 37.5% | Learning BOOST|GLOBAL_BOOST | Source the-odds-api,,,,,,,,NO BET,7.43,0.0,0.0,0.0,1649.97,1421.78,228.18,,,,NO DRAW SPORT,2-1,22.77,2-0,11.73,,,SET SCORE ESTIMATION,Tennis : aucun buteur,,,,,2-1 22.77% | 2-0 11.73%,44.15,0.667,0.333,-0.1926,107.74
03/10/2026 01:08,WATCHLIST,2026-10-03T05:00:00Z,tennis_wta_china_open,the-odds-api,tennis,Xinyu Gao,Iga Swiatek,Player 1 Win,Xinyu Gao,0.15194148932679424,50.0,0.02,6.5971,A EVITER,WATCHLIST,False,76.03,5 - WATCHLIST,,BOOST|GLOBAL_BOOST,BASELINE,MEGA 74%/3% | SAFE 67%/1% | VALUE 62%/3%,WATCHLIST,cote trop haute,Value positive 659.7% | Proba IA 15.2% | Learning BOOST|GLOBAL_BOOST | Source the-odds-api,,,,,,,,NO BET,7.43,0.0,0.0,0.0,1512.64,1755.4,-242.76,,,,NO DRAW SPORT,2-1,9.24,2-0,4.76,,,SET SCORE ESTIMATION,Tennis : aucun buteur,,,,,2-1 9.24% | 2-0 4.76%,100.0,0.667,0.75,6.0,2959.9
03/10/2026 01:08,WATCHLIST,2026-10-03T05:00:00Z,tennis_wta_china_open,the-odds-api,tennis,Xinyu Gao,Iga Swiatek,Player 2 Win,Iga Swiatek,0.8680200225969287,1.03,0.9709,-0.1059,Elite,WATCHLIST,False,75.7,5 - WATCHLIST,,LOW_VALUE_FAVORITE|BOOST|GLOBAL_BOOST,BASELINE,MEGA 74%/3% | SAFE 67%/1% | VALUE 62%/3%,WATCHLIST,cote trop basse,Cote trop basse | Value negative ou nulle | Proba IA 86.8% | Learning LOW_VALUE_FAVORITE|BOOST|GLOBAL_BOOST | Source the-odds-api,,,,,,,,NO BET,7.43,0.0,0.0,0.0,1512.64,1755.4,-242.76,,,,NO DRAW SPORT,2-0,55.91,2-1,24.07,,,SET SCORE ESTIMATION,Tennis : aucun buteur,,,,,2-0 55.91% | 2-1 24.07%,67.24,0.667,0.75,-0.1762,172.8
03/10/2026 01:08,WATCHLIST,2026-10-03T05:20:00Z,tennis_wta_china_open,the-odds-api,tennis,Iva Jović,Harriet Dart,Player 2 Win,Harriet Dart,0.195353343420164,10.5,0.0952,1.0512,A EVITER,WATCHLIST,False,77.85,5 - WATCHLIST,,BOOST|GLOBAL_BOOST,BASELINE,MEGA 74%/3% | SAFE 67%/1% | VALUE 62%/3%,WATCHLIST,cote trop haute,Value positive 105.1% | Proba IA 19.5% | Learning BOOST|GLOBAL_BOOST | Source the-odds-api,,,,,,,,NO BET,7.43,0.0,0.0,0.0,1604.34,1430.3,174.04,,,,NO DRAW SPORT,2-1,11.88,2-0,6.12,,,SET SCORE ESTIMATION,Tennis : aucun buteur,,,,,2-1 11.88% | 2-0 6.12%,100.0,0.5,0.2,0.89,580.91
03/10/2026 01:08,WATCHLIST,2026-10-03T05:20:00Z,tennis_wta_china_open,the-odds-api,tennis,Iva Jović,Harriet Dart,Player 1 Win,Iva Jović,0.8276469982900948,1.1,0.9091,-0.0896,Elite,WATCHLIST,False,75.24,5 - WATCHLIST,,LOW_VALUE_FAVORITE|BOOST|GLOBAL_BOOST,BASELINE,MEGA 74%/3% | SAFE 67%/1% | VALUE 62%/3%,WATCHLIST,value negative,Value negative ou nulle | Proba IA 82.8% | Learning LOW_VALUE_FAVORITE|BOOST|GLOBAL_BOOST | Source the-odds-api,,,,,,,,NO BET,7.43,0.0,0.0,0.0,1604.34,1430.3,174.04,,,,NO DRAW SPORT,2-0,54.24,2-1,22.02,,,SET SCORE ESTIMATION,Tennis : aucun buteur,,,,,2-0 54.24% | 2-1 22.02%,67.55,0.5,0.2,-0.1611,169.29
03/10/2026 01:08,WATCHLIST,2026-10-03T05:20:00Z,tennis_wta_china_open,the-odds-api,tennis,Kamilla Rakhimova,Leylah Fernandez,Player 2 Win,Leylah Fernandez,0.7661106951127431,1.33,0.7519,0.0189,Forte,SAFE PICK,True,85.38,2 - SAFE PICK,,LOW_VALUE_FAVORITE|BOOST|GLOBAL_BOOST,BASELINE,MEGA 74%/3% | SAFE 67%/1% | VALUE 62%/3%,WATCHLIST,watchlist prudente,Value positive 1.9% | Proba IA 76.6% | Learning LOW_VALUE_FAVORITE|BOOST|GLOBAL_BOOST | Source the-odds-api,,,,,,,,NO BET,7.43,0.2692,0.0574,0.0,1446.4,1569.39,-122.99,,,,NO DRAW SPORT,2-0,48.08,2-1,22.51,,,SET SCORE ESTIMATION,Tennis : aucun buteur,,,,,2-0 48.08% | 2-1 22.51%,69.41,0.417,0.583,-0.0612,188.13
03/10/2026 01:08,WATCHLIST,2026-10-03T05:20:00Z,tennis_wta_china_open,the-odds-api,tennis,Kamilla Rakhimova,Leylah Fernandez,Player 1 Win,Kamilla Rakhimova,0.26155642091255293,3.9,0.2564,0.0201,A EVITER,WATCHLIST,False,61.14,5 - WATCHLIST,,BOOST|GLOBAL_BOOST,BASELINE,MEGA 74%/3% | SAFE 67%/1% | VALUE 62%/3%,WATCHLIST,cote trop haute,Value positive 2.0% | Proba IA 26.2% | Learning BOOST|GLOBAL_BOOST | Source the-odds-api,,,,,,,,NO BET,7.43,0.0,0.0,0.0,1446.4,1569.39,-122.99,,,,NO DRAW SPORT,2-1,15.9,2-0,8.19,,,SET SCORE ESTIMATION,Tennis : aucun buteur,,,,,2-1 15.9% | 2-0 8.19%,36.87,0.417,0.583,-0.0602,117.43
03/10/2026 01:08,WATCHLIST,2026-10-03T06:10:00Z,tennis_wta_china_open,the-odds-api,tennis,Belinda Bencic,Anastasia Zakharova,Player 1 Win,Belinda Bencic,0.8275384686548614,1.25,0.8,0.0344,Elite,MEGA VALUE,True,90.25,1 - MEGA VALUE,,LOW_VALUE_FAVORITE|BOOST|GLOBAL_BOOST,BASELINE,MEGA 74%/3% | SAFE 67%/1% | VALUE 62%/3%,WATCHLIST,watchlist prudente,Value positive 3.4% | Proba IA 82.8% | Learning LOW_VALUE_FAVORITE|BOOST|GLOBAL_BOOST | Source the-odds-api,,,,,,,,NO BET,7.43,0.4038,0.1377,0.0,1708.62,1468.25,240.37,,,,NO DRAW SPORT,2-0,54.23,2-1,22.02,,,SET SCORE ESTIMATION,Tennis : aucun buteur,,,,,2-0 54.23% | 2-1 22.02%,73.38,0.667,0.417,-0.0468,206.3
03/10/2026 01:08,NO BET,2026-10-03T06:10:00Z,tennis_wta_china_open,the-odds-api,tennis,Belinda Bencic,Anastasia Zakharova,Player 2 Win,Anastasia Zakharova,0.19546187305539744,4.7,0.2128,-0.0813,A EVITER,NO BET,False,36.71,6 - NO BET,,BOOST|GLOBAL_BOOST,BASELINE,MEGA 74%/3% | SAFE 67%/1% | VALUE 62%/3%,REFUSE,cote trop haute,Value negative ou nulle | Proba IA 19.5% | Learning BOOST|GLOBAL_BOOST | Source the-odds-api,,,,,,,,NO BET,7.43,0.0,0.0,0.0,1708.62,1468.25,240.37,,,,NO DRAW SPORT,2-1,11.89,2-0,6.12,,,SET SCORE ESTIMATION,Tennis : aucun buteur,,,,,2-1 11.89% | 2-0 6.12%,32.61,0.667,0.417,-0.1536,68.01
03/10/2026 01:08,WATCHLIST,2026-10-03T06:10:00Z,tennis_wta_china_open,the-odds-api,tennis,Qinwen Zheng,Anna Kalinskaya,Player 2 Win,Anna Kalinskaya,0.5054225112820576,2.58,0.3876,0.304,Faible,WATCHLIST,False,100.0,5 - WATCHLIST,,BOOST|GLOBAL_BOOST,BASELINE,MEGA 74%/3% | SAFE 67%/1% | VALUE 62%/3%,WATCHLIST,proba trop basse,Value positive 30.4% | Proba IA 50.5% | Learning BOOST|GLOBAL_BOOST | Source the-odds-api,,,,,,,,NO BET,7.43,0.0,0.0,0.0,1604.82,1635.91,-31.09,,,,NO DRAW SPORT,2-0,24.02,2-1,22.55,,,SET SCORE ESTIMATION,Tennis : aucun buteur,,,,,2-0 24.02% | 2-1 22.55%,69.73,0.5,0.667,0.2015,314.1
03/10/2026 01:08,NO BET,2026-10-03T06:10:00Z,tennis_wta_china_open,the-odds-api,tennis,Qinwen Zheng,Anna Kalinskaya,Player 1 Win,Qinwen Zheng,0.5798738410521869,1.62,0.6173,-0.0606,Faible,NO BET,False,74.85,5 - WATCHLIST,,BOOST|GLOBAL_BOOST,BASELINE,MEGA 74%/3% | SAFE 67%/1% | VALUE 62%/3%,REFUSE,value negative,Value negative ou nulle | Proba IA 58.0% | Learning BOOST|GLOBAL_BOOST | Source the-odds-api,,,,,,,,NO BET,7.43,0.0,0.0,0.0,1604.82,1635.91,-31.09,,,,NO DRAW SPORT,2-1,27.86,2-0,25.57,,,SET SCORE ESTIMATION,Tennis : aucun buteur,,,,,2-1 27.86% | 2-0 25.57%,57.4,0.5,0.667,-0.1345,151.37
03/10/2026 01:08,WATCHLIST,2026-10-03T06:30:00Z,tennis_wta_china_open,the-odds-api,tennis,Marie Bouzkova,Kimberly Birrell,Player 1 Win,Marie Bouzkova,0.6967975,1.5,0.6667,0.0452,Forte,SAFE PICK,True,93.64,2 - SAFE PICK,,GLOBAL_BOOST,BASELINE,MEGA 74%/3% | SAFE 67%/1% | VALUE 62%/3%,WATCHLIST,watchlist prudente,Value positive 4.5% | Proba IA 69.7% | Learning GLOBAL_BOOST | Source the-odds-api,,,,,,,,NO BET,7.43,0.2692,0.0904,0.0,1590.83,1508.89,81.93,,,,NO DRAW SPORT,2-0,45.54,2-1,23.11,,,SET SCORE ESTIMATION,Tennis : aucun buteur,,,,,2-0 45.54% | 2-1 23.11%,70.59,0.583,0.417,0.0298,206.8
03/10/2026 01:08,WATCHLIST,2026-10-03T06:30:00Z,tennis_wta_china_open,the-odds-api,tennis,Marie Bouzkova,Kimberly Birrell,Player 2 Win,Kimberly Birrell,0.34024040645678566,2.96,0.3378,0.0071,A EVITER,WATCHLIST,False,65.96,5 - WATCHLIST,,BOOST|GLOBAL_BOOST,BASELINE,MEGA 74%/3% | SAFE 67%/1% | VALUE 62%/3%,WATCHLIST,proba trop basse,Value positive 0.7% | Proba IA 34.0% | Learning BOOST|GLOBAL_BOOST | Source the-odds-api,,,,,,,,NO BET,7.43,0.0,0.0,0.0,1590.83,1508.89,81.93,,,,NO DRAW SPORT,2-1,20.69,2-0,10.66,,,SET SCORE ESTIMATION,Tennis : aucun buteur,,,,,2-1 20.69% | 2-0 10.66%,41.94,0.583,0.417,-0.0721,124.5
03/10/2026 01:08,WATCHLIST,2026-10-03T06:30:00Z,tennis_wta_china_open,the-odds-api,tennis,Sun Xinran,Cristina Bucsa,Player 2 Win,Cristina Bucsa,0.7250864929945088,1.45,0.6897,0.0514,Forte,SAFE PICK,True,93.74,2 - SAFE PICK,,BOOST|GLOBAL_BOOST,BASELINE,MEGA 74%/3% | SAFE 67%/1% | VALUE 62%/3%,WATCHLIST,watchlist prudente,Value positive 5.1% | Proba IA 72.5% | Learning BOOST|GLOBAL_BOOST | Source the-odds-api,,,,,,,,NO BET,7.43,0.2692,0.1142,0.0,1500.0,1489.03,10.97,,,,NO DRAW SPORT,2-0,42.98,2-1,23.83,,,SET SCORE ESTIMATION,Tennis : aucun buteur,,,,,2-0 42.98% | 2-1 23.83%,56.77,0.5,0.5,-0.0313,211.58
03/10/2026 01:08,WATCHLIST,2026-10-03T06:30:00Z,tennis_wta_china_open,the-odds-api,tennis,Sun Xinran,Cristina Bucsa,Player 1 Win,Sun Xinran,0.3602098593397357,3.1,0.3226,0.1167,A EVITER,WATCHLIST,False,79.39,5 - WATCHLIST,,BOOST|GLOBAL_BOOST,BASELINE,MEGA 74%/3% | SAFE 67%/1% | VALUE 62%/3%,WATCHLIST,cote trop haute,Value positive 11.7% | Proba IA 36.0% | Learning BOOST|GLOBAL_BOOST | Source the-odds-api,,,,,,,,NO BET,7.43,0.0,0.0,0.0,1500.0,1489.03,10.97,,,,NO DRAW SPORT,2-1,20.44,2-0,12.75,,,SET SCORE ESTIMATION,Tennis : aucun buteur,,,,,2-1 20.44% | 2-0 12.75%,35.7,0.5,0.5,0.029,192.87
03/10/2026 01:08,WATCHLIST,2026-10-03T07:00:00Z,tennis_atp_japan_open,the-odds-api,tennis,Matteo Berrettini,Adolfo Daniel Vallejo,Player 2 Win,Adolfo Daniel Vallejo,0.4599485941192528,2.52,0.3968,0.1591,A EVITER,WATCHLIST,False,89.01,5 - WATCHLIST,,BOOST|GLOBAL_BOOST,BASELINE,MEGA 74%/3% | SAFE 67%/1% | VALUE 62%/3%,WATCHLIST,proba trop basse,Value positive 15.9% | Proba IA 46.0% | Learning BOOST|GLOBAL_BOOST | Source the-odds-api,,,,,,,,NO BET,7.43,0.0,0.0,0.0,1574.52,1526.88,47.64,,,,NO DRAW SPORT,2-1,22.49,2-0,19.89,,,SET SCORE ESTIMATION,Tennis : aucun buteur,,,,,2-1 22.49% | 2-0 19.89%,49.2,0.5,0.556,0.0681,232.33
03/10/2026 01:08,NO BET,2026-10-03T07:00:00Z,tennis_atp_japan_open,the-odds-api,tennis,Matteo Berrettini,Adolfo Daniel Vallejo,Player 1 Win,Matteo Berrettini,0.6002774124760707,1.64,0.6098,-0.0155,Moyenne,NO BET,False,80.25,5 - WATCHLIST,,RANK_TRAP|BOOST|GLOBAL_BOOST,BASELINE,MEGA 74%/3% | SAFE 67%/1% | VALUE 62%/3%,REFUSE,value negative,Value negative ou nulle | Proba IA 60.0% | Learning RANK_TRAP|BOOST|GLOBAL_BOOST | Source the-odds-api,,,,,,,,NO BET,7.43,0.0,0.0,0.0,1574.52,1526.88,47.64,,,,NO DRAW SPORT,2-0,29.81,2-1,25.5,,,SET SCORE ESTIMATION,Tennis : aucun buteur,,,,,2-0 29.81% | 2-1 25.5%,52.47,0.5,0.556,-0.0929,160.79
03/10/2026 01:08,WATCHLIST,2026-10-03T08:10:00Z,tennis_atp_japan_open,the-odds-api,tennis,Ugo Humbert,Jiri Lehecka,Player 2 Win,Jiri Lehecka,0.6489909999999999,1.66,0.6024,0.0773,Moyenne,VALUE BET,True,95.25,3 - VALUE BET,,GLOBAL_BOOST,BASELINE,MEGA 74%/3% | SAFE 67%/1% | VALUE 62%/3%,WATCHLIST,watchlist prudente,Value positive 7.7% | Proba IA 64.9% | Learning GLOBAL_BOOST | Source the-odds-api,,,,,,,,NO BET,7.43,0.1346,0.1172,0.0,1564.64,1656.09,-91.45,,,,NO DRAW SPORT,2-0,39.73,2-1,24.21,,,SET SCORE ESTIMATION,Tennis : aucun buteur,,,,,2-0 39.73% | 2-1 24.21%,69.97,0.5,0.583,0.0614,219.65
03/10/2026 01:08,NO BET,2026-10-03T08:10:00Z,tennis_atp_japan_open,the-odds-api,tennis,Ugo Humbert,Jiri Lehecka,Player 1 Win,Ugo Humbert,0.39135786465172856,2.55,0.3922,-0.002,A EVITER,NO BET,False,67.08,5 - WATCHLIST,,BOOST|GLOBAL_BOOST,BASELINE,MEGA 74%/3% | SAFE 67%/1% | VALUE 62%/3%,REFUSE,value negative,Value negative ou nulle | Proba IA 39.1% | Learning BOOST|GLOBAL_BOOST | Source the-odds-api,,,,,,,,NO BET,7.43,0.0,0.0,0.0,1564.64,1656.09,-91.45,,,,NO DRAW SPORT,2-1,22.31,2-0,13.75,,,SET SCORE ESTIMATION,Tennis : aucun buteur,,,,,2-1 22.31% | 2-0 13.75%,45.24,0.5,0.583,-0.0804,126.67
03/10/2026 01:08,WATCHLIST,2026-10-03T09:00:00Z,tennis_atp_china_open,the-odds-api,tennis,Daniil Medvedev,Jan-Lennard Struff,Player 2 Win,Jan-Lennard Struff,0.195353343420164,6.0,0.1667,0.1721,A EVITER,WATCHLIST,False,65.85,5 - WATCHLIST,,BOOST|GLOBAL_BOOST,BASELINE,MEGA 74%/3% | SAFE 67%/1% | VALUE 62%/3%,WATCHLIST,cote trop haute,Value positive 17.2% | Proba IA 19.5% | Learning BOOST|GLOBAL_BOOST | Source the-odds-api,,,,,,,,NO BET,7.43,0.0,0.0,0.0,1720.84,1458.9,261.94,,,,NO DRAW SPORT,2-1,11.88,2-0,6.12,,,SET SCORE ESTIMATION,Tennis : aucun buteur,,,,,2-1 11.88% | 2-0 6.12%,39.4,0.583,0.333,0.08,185.14
03/10/2026 01:08,WATCHLIST,2026-10-03T09:00:00Z,tennis_atp_china_open,the-odds-api,tennis,Daniil Medvedev,Jan-Lennard Struff,Player 1 Win,Daniil Medvedev,0.8276469982900948,1.19,0.8403,-0.0151,Elite,FAVORI SOLIDE,True,84.56,2B - FAVORI SOLIDE,,LOW_VALUE_FAVORITE|BOOST|GLOBAL_BOOST,BASELINE,MEGA 74%/3% | SAFE 67%/1% | VALUE 62%/3%,WATCHLIST,value negative,Value negative ou nulle | Proba IA 82.8% | Learning LOW_VALUE_FAVORITE|BOOST|GLOBAL_BOOST | Source the-odds-api,,,,,,,,NO BET,7.43,0.2692,0.0,0.0,1720.84,1458.9,261.94,,,,NO DRAW SPORT,2-0,54.24,2-1,22.02,,,SET SCORE ESTIMATION,Tennis : aucun buteur,,,,,2-0 54.24% | 2-1 22.02%,73.38,0.583,0.333,-0.0925,183.08
03/10/2026 01:08,WATCHLIST,2026-10-03T09:00:00Z,tennis_atp_china_open,the-odds-api,tennis,Francisco Cerundolo,Jakub Mensik,Player 1 Win,Francisco Cerundolo,0.4141490880507477,2.76,0.3623,0.1431,A EVITER,WATCHLIST,False,85.51,5 - WATCHLIST,,BOOST|GLOBAL_BOOST,BASELINE,MEGA 74%/3% | SAFE 67%/1% | VALUE 62%/3%,WATCHLIST,proba trop basse,Value positive 14.3% | Proba IA 41.4% | Learning BOOST|GLOBAL_BOOST | Source the-odds-api,,,,,,,,NO BET,7.43,0.0,0.0,0.0,1626.3,1672.09,-45.79,,,,NO DRAW SPORT,2-1,22.84,2-0,15.32,,,SET SCORE ESTIMATION,Tennis : aucun buteur,,,,,2-1 22.84% | 2-0 15.32%,51.23,0.583,0.667,0.0532,217.06
03/10/2026 01:08,WATCHLIST,2026-10-03T09:00:00Z,tennis_atp_china_open,the-odds-api,tennis,Francisco Cerundolo,Jakub Mensik,Player 2 Win,Jakub Mensik,0.6711472642834967,1.55,0.6452,0.0403,Moyenne,SAFE PICK,True,91.05,2 - SAFE PICK,,BOOST|GLOBAL_BOOST,BASELINE,MEGA 74%/3% | SAFE 67%/1% | VALUE 62%/3%,WATCHLIST,watchlist prudente,Value positive 4.0% | Proba IA 67.1% | Learning BOOST|GLOBAL_BOOST | Source the-odds-api,,,,,,,,NO BET,7.43,0.2692,0.0732,0.0,1626.3,1672.09,-45.79,,,,NO DRAW SPORT,2-0,34.87,2-1,26.98,,,SET SCORE ESTIMATION,Tennis : aucun buteur,,,,,2-0 34.87% | 2-1 26.98%,63.29,0.583,0.667,-0.0415,199.05
03/10/2026 01:08,WATCHLIST,2026-10-03T11:00:00Z,tennis_atp_china_open,the-odds-api,tennis,Alexander Zverev,Juncheng Shang,Player 2 Win,Juncheng Shang,0.195353343420164,11.0,0.0909,1.1489,A EVITER,WATCHLIST,False,77.85,5 - WATCHLIST,,BOOST|GLOBAL_BOOST,BASELINE,MEGA 74%/3% | SAFE 67%/1% | VALUE 62%/3%,WATCHLIST,cote trop haute,Value positive 114.9% | Proba IA 19.5% | Learning BOOST|GLOBAL_BOOST | Source the-odds-api,,,,,,,,NO BET,7.43,0.0,0.0,0.0,1828.51,1487.07,341.44,,,,NO DRAW SPORT,2-1,11.88,2-0,6.12,,,SET SCORE ESTIMATION,Tennis : aucun buteur,,,,,2-1 11.88% | 2-0 6.12%,100.0,0.917,0.417,0.98,622.91
03/10/2026 01:08,WATCHLIST,2026-10-03T11:00:00Z,tennis_atp_china_open,the-odds-api,tennis,Alexander Zverev,Juncheng Shang,Player 1 Win,Alexander Zverev,0.8276469982900948,1.09,0.9174,-0.0979,Elite,FAVORI SOLIDE,True,74.88,2B - FAVORI SOLIDE,,LOW_VALUE_FAVORITE|BOOST|GLOBAL_BOOST,BASELINE,MEGA 74%/3% | SAFE 67%/1% | VALUE 62%/3%,WATCHLIST,value negative,Value negative ou nulle | Proba IA 82.8% | Learning LOW_VALUE_FAVORITE|BOOST|GLOBAL_BOOST | Source the-odds-api,,,,,,,,NO BET,7.43,0.2692,0.0,0.0,1828.51,1487.07,341.44,,,,NO DRAW SPORT,2-0,54.24,2-1,22.02,,,SET SCORE ESTIMATION,Tennis : aucun buteur,,,,,2-0 54.24% | 2-1 22.02%,72.13,0.917,0.417,-0.1688,168.76
03/10/2026 01:08,WATCHLIST,2026-10-03T11:00:00Z,tennis_wta_china_open,the-odds-api,tennis,Sonay Kartal,Xinyu Wang,Player 1 Win,Sonay Kartal,0.6072233091310097,1.97,0.5076,0.1962,Moyenne,WATCHLIST,False,100.0,5 - WATCHLIST,,BOOST|GLOBAL_BOOST,BASELINE,MEGA 74%/3% | SAFE 67%/1% | VALUE 62%/3%,WATCHLIST,proba trop basse,Value positive 19.6% | Proba IA 60.7% | Learning BOOST|GLOBAL_BOOST | Source the-odds-api,,,,,,,,NO BET,7.43,0.0,0.0,0.0,1570.28,1500.0,70.28,,,,NO DRAW SPORT,2-0,33.04,2-1,22.91,,,SET SCORE ESTIMATION,Tennis : aucun buteur,,,,,2-0 33.04% | 2-1 22.91%,57.85,0.583,0.5,0.1022,274.88
03/10/2026 01:08,NO BET,2026-10-03T11:00:00Z,tennis_wta_china_open,the-odds-api,tennis,Sonay Kartal,Xinyu Wang,Player 2 Win,Xinyu Wang,0.4780730432032347,2.0,0.5,-0.0439,A EVITER,NO BET,False,70.89,5 - WATCHLIST,,BOOST|GLOBAL_BOOST,BASELINE,MEGA 74%/3% | SAFE 67%/1% | VALUE 62%/3%,REFUSE,value negative,Value negative ou nulle | Proba IA 47.8% | Learning BOOST|GLOBAL_BOOST | Source the-odds-api,,,,,,,,NO BET,7.43,0.0,0.0,0.0,1570.28,1500.0,70.28,,,,NO DRAW SPORT,2-1,26.85,2-0,17.2,,,SET SCORE ESTIMATION,Tennis : aucun buteur,,,,,2-1 26.85% | 2-0 17.2%,40.84,0.583,0.5,-0.119,138.38
03/10/2026 01:08,WATCHLIST,2026-10-03T12:00:00Z,soccer_spain_segunda_division,the-odds-api,football,Albacete,SD Eibar,Home Win,Albacete,0.4044899505149729,2.96,0.3378,0.1973,A EVITER,WATCHLIST,False,90.53,5 - WATCHLIST,MARCHE JUSTE,BOOST|GLOBAL_BOOST,+4.0% (33 obs),MEGA 70%/3% | SAFE 63%/1% | VALUE 58%/3%,WATCHLIST,proba trop basse,Value positive 19.7% | Proba IA 40.4% | MARCHE JUSTE | Learning BOOST|GLOBAL_BOOST | Calibration +4.0% (33 obs) | Source the-odds-api,0.5,0.5,1.2,1.1,1.2,1.2,0,NO BET,7.43,0.0,0.0,0.0,1500.0,1500.0,65.0,1.221,1.153,0.2955,NO DRAW SIGNAL,1-1,14.97,1-0,12.28,0-1,10.93,SCORE POISSON + FORME - confiance 78%,A recalculer via player_scorers,0.4153,0.5847,0.4858,0.5142,"[('1-1', 0.1497), ('1-0', 0.1228), ('0-1', 0.1093), ('2-1', 0.0914), ('2-0', 0.0802), ('1-2', 0.0798), ('0-0', 0.0741), ('0-2', 0.0643), ('2-2', 0.0389), ('3-1', 0.0308), ('1-3', 0.0246), ('3-0', 0.0202)]",0.0,0.0,0.0,0.0,247.13
03/10/2026 01:08,WATCHLIST,2026-10-03T12:00:00Z,soccer_spain_segunda_division,the-odds-api,football,Albacete,SD Eibar,Draw,Draw,0.3197283053976684,3.5,0.2857,0.119,A EVITER,NUL POSSIBLE,True,73.97,3B - NUL POSSIBLE,NUL SERRE,BOOST|GLOBAL_BOOST,-1.2% (23 obs),MEGA 70%/3% | SAFE 63%/1% | VALUE 58%/3%,WATCHLIST,cote trop haute,Value positive 11.9% | Proba IA 32.0% | NUL SERRE | Learning BOOST|GLOBAL_BOOST | Calibration -1.2% (23 obs) | Source the-odds-api,0.5,0.5,1.2,1.1,1.2,1.2,0,NO BET,7.43,0.1346,0.0476,0.0,1500.0,1500.0,65.0,1.221,1.153,0.2955,DRAW POSSIBLE - tight 72%,1-1,14.97,1-0,12.28,0-1,10.93,SCORE POISSON + FORME - confiance 78%,A recalculer via player_scorers,0.4153,0.5847,0.4858,0.5142,"[('1-1', 0.1497), ('1-0', 0.1228), ('0-1', 0.1093), ('2-1', 0.0914), ('2-0', 0.0802), ('1-2', 0.0798), ('0-0', 0.0741), ('0-2', 0.0643), ('2-2', 0.0389), ('3-1', 0.0308), ('1-3', 0.0246), ('3-0', 0.0202)]",0.0,0.0,0.0,0.0,183.05
03/10/2026 01:08,NO BET,2026-10-03T12:00:00Z,soccer_spain_segunda_division,the-odds-api,football,Albacete,SD Eibar,Away Win,SD Eibar,0.37883262224389186,2.6,0.3846,-0.015,A EVITER,NO BET,False,65.03,5 - WATCHLIST,OK,BOOST|GLOBAL_BOOST,-2.8% (18 obs),MEGA 70%/3% | SAFE 63%/1% | VALUE 58%/3%,REFUSE,value negative,Value negative ou nulle | Proba IA 37.9% | Learning BOOST|GLOBAL_BOOST | Calibration -2.8% (18 obs) | Source the-odds-api,0.5,0.5,1.2,1.1,1.2,1.2,0,NO BET,7.43,0.0,0.0,0.0,1500.0,1500.0,65.0,1.221,1.153,0.2955,NO DRAW SIGNAL,1-1,14.97,1-0,12.28,0-1,10.93,SCORE POISSON + FORME - confiance 78%,A recalculer via player_scorers,0.4153,0.5847,0.4858,0.5142,"[('1-1', 0.1497), ('1-0', 0.1228), ('0-1', 0.1093), ('2-1', 0.0914), ('2-0', 0.0802), ('1-2', 0.0798), ('0-0', 0.0741), ('0-2', 0.0643), ('2-2', 0.0389), ('3-1', 0.0308), ('1-3', 0.0246), ('3-0', 0.0202)]",0.0,0.0,0.0,0.0,122.76
03/10/2026 01:08,WATCHLIST,2026-10-03T12:30:00Z,tennis_wta_china_open,the-odds-api,tennis,Elena Rybakina,Alina Charaeva,Player 2 Win,Alina Charaeva,0.195353343420164,15.0,0.0667,1.9303,A EVITER,WATCHLIST,False,77.85,5 - WATCHLIST,,BOOST|GLOBAL_BOOST,BASELINE,MEGA 74%/3% | SAFE 67%/1% | VALUE 62%/3%,WATCHLIST,cote trop haute,Value positive 193.0% | Proba IA 19.5% | Learning BOOST|GLOBAL_BOOST | Source the-odds-api,,,,,,,,NO BET,7.43,0.0,0.0,0.0,1844.13,1444.11,400.02,,,,NO DRAW SPORT,2-1,11.88,2-0,6.12,,,SET SCORE ESTIMATION,Tennis : aucun buteur,,,,,2-1 11.88% | 2-0 6.12%,100.0,0.75,0.0,1.7,958.92
03/10/2026 01:08,WATCHLIST,2026-10-03T12:30:00Z,tennis_wta_china_open,the-odds-api,tennis,Elena Rybakina,Alina Charaeva,Player 1 Win,Elena Rybakina,0.8276469982900948,1.07,0.9346,-0.1144,Elite,FAVORI SOLIDE,True,73.77,2B - FAVORI SOLIDE,,LOW_VALUE_FAVORITE|BOOST|GLOBAL_BOOST,BASELINE,MEGA 74%/3% | SAFE 67%/1% | VALUE 62%/3%,WATCHLIST,value negative,Value negative ou nulle | Proba IA 82.8% | Learning LOW_VALUE_FAVORITE|BOOST|GLOBAL_BOOST | Source the-odds-api,,,,,,,,NO BET,7.43,0.2692,0.0,0.0,1844.13,1444.11,400.02,,,,NO DRAW SPORT,2-0,54.24,2-1,22.02,,,SET SCORE ESTIMATION,Tennis : aucun buteur,,,,,2-0 54.24% | 2-1 22.02%,65.47,0.75,0.0,-0.184,167.11
03/10/2026 01:08,WATCHLIST,2026-10-03T13:00:00Z,soccer_uefa_nations_league,the-odds-api,football,Finland,Albania,Home Win,Finland,0.4825227582478051,2.56,0.3906,0.2353,A EVITER,WATCHLIST,False,96.42,5 - WATCHLIST,OK,BOOST|GLOBAL_BOOST,+3.9% (57 obs),MEGA 70%/3% | SAFE 63%/1% | VALUE 58%/3%,WATCHLIST,proba trop basse,Value positive 23.5% | Proba IA 48.3% | Learning BOOST|GLOBAL_BOOST | Calibration +3.9% (57 obs) | Source the-odds-api,0.5,0.5,1.2,1.1,1.2,1.2,0,NO BET,7.43,0.0,0.0,0.0,1500.0,1500.0,65.0,1.403,0.99,0.2692,NO DRAW SIGNAL,1-1,13.92,1-0,13.89,2-1,10.18,SCORE POISSON + FORME - confiance 68%,A recalculer via player_scorers,0.4269,0.5731,0.4737,0.5263,"[('1-1', 0.1392), ('1-0', 0.1389), ('2-1', 0.1018), ('0-1', 0.0992), ('2-0', 0.0976), ('1-2', 0.072), ('0-0', 0.0697), ('0-2', 0.0515), ('2-2', 0.0371), ('3-1', 0.036), ('3-0', 0.024), ('1-3', 0.0204)]",0.0,0.0,0.0,0.0,277.64
03/10/2026 01:08,WATCHLIST,2026-10-03T13:00:00Z,soccer_uefa_nations_league,the-odds-api,football,Finland,Albania,Draw,Draw,0.3323177430847457,3.25,0.3077,0.08,A EVITER,NUL POSSIBLE,True,70.01,3B - NUL POSSIBLE,MARCHE JUSTE,BOOST|GLOBAL_BOOST,+1.2% (179 obs),MEGA 70%/3% | SAFE 63%/1% | VALUE 58%/3%,WATCHLIST,cote trop haute,Value positive 8.0% | Proba IA 33.2% | MARCHE JUSTE | Learning BOOST|GLOBAL_BOOST | Calibration +1.2% (179 obs) | Source the-odds-api,0.5,0.5,1.2,1.1,1.2,1.2,0,NO BET,7.43,0.1346,0.0356,0.0,1500.0,1500.0,65.0,1.403,0.99,0.2692,DRAW POSSIBLE - tight 42%,1-1,13.92,1-0,13.89,2-1,10.18,SCORE POISSON + FORME - confiance 68%,A recalculer via player_scorers,0.4269,0.5731,0.4737,0.5263,"[('1-1', 0.1392), ('1-0', 0.1389), ('2-1', 0.1018), ('0-1', 0.0992), ('2-0', 0.0976), ('1-2', 0.072), ('0-0', 0.0697), ('0-2', 0.0515), ('2-2', 0.0371), ('3-1', 0.036), ('3-0', 0.024), ('1-3', 0.0204)]",0.0,0.0,0.0,0.0,161.29
03/10/2026 01:08,NO BET,2026-10-03T13:00:00Z,soccer_uefa_nations_league,the-odds-api,football,Finland,Albania,Away Win,Albania,0.2956992743764032,3.2,0.3125,-0.0538,A EVITER,NO BET,False,57.09,5 - WATCHLIST,MARCHE JUSTE,BOOST|GLOBAL_BOOST,-4.1% (61 obs),MEGA 70%/3% | SAFE 63%/1% | VALUE 58%/3%,REFUSE,cote trop haute,Value negative ou nulle | Proba IA 29.6% | MARCHE JUSTE | Learning BOOST|GLOBAL_BOOST | Calibration -4.1% (61 obs) | Source the-odds-api,0.5,0.5,1.2,1.1,1.2,1.2,0,NO BET,7.43,0.0,0.0,0.0,1500.0,1500.0,65.0,1.403,0.99,0.2692,NO DRAW SIGNAL,1-1,13.92,1-0,13.89,2-1,10.18,SCORE POISSON + FORME - confiance 68%,A recalculer via player_scorers,0.4269,0.5731,0.4737,0.5263,"[('1-1', 0.1392), ('1-0', 0.1389), ('2-1', 0.1018), ('0-1', 0.0992), ('2-0', 0.0976), ('1-2', 0.072), ('0-0', 0.0697), ('0-2', 0.0515), ('2-2', 0.0371), ('3-1', 0.036), ('3-0', 0.024), ('1-3', 0.0204)]",0.0,0.0,0.0,0.0,105.19
03/10/2026 01:08,WATCHLIST,2026-10-03T14:15:00Z,soccer_spain_segunda_division,the-odds-api,football,Almería,Burgos CF,Away Win,Burgos CF,0.19580241191835107,6.4,0.1562,0.2531,A EVITER,WATCHLIST,False,71.37,5 - WATCHLIST,COTE HAUTE,BOOST|GLOBAL_BOOST,+3.2% (24 obs),MEGA 70%/3% | SAFE 63%/1% | VALUE 58%/3%,WATCHLIST,cote trop haute,Value positive 25.3% | Proba IA 19.6% | COTE HAUTE | Learning BOOST|GLOBAL_BOOST | Calibration +3.2% (24 obs) | Source the-odds-api,0.5,0.5,1.2,1.1,1.2,1.2,0,NO BET,7.43,0.0,0.0,0.0,1500.0,1500.0,65.0,2.004,0.551,0.1499,NO DRAW SIGNAL,2-0,19.53,1-0,17.85,2-1,10.23,SCORE POISSON + FORME - confiance 78%,A recalculer via player_scorers,0.5057,0.4943,0.3486,0.6514,"[('2-0', 0.1953), ('1-0', 0.1785), ('2-1', 0.1023), ('1-1', 0.0893), ('3-0', 0.0846), ('0-1', 0.0549), ('0-0', 0.0541), ('3-1', 0.0508), ('1-2', 0.0328), ('4-0', 0.0311), ('2-2', 0.019), ('4-1', 0.0186)]",0.0,0.0,0.0,0.0,228.18
03/10/2026 01:08,WATCHLIST,2026-10-03T14:15:00Z,soccer_spain_segunda_division,the-odds-api,football,Almería,Burgos CF,Home Win,Almería,0.6666975492389263,1.64,0.6098,0.0934,Moyenne,SAFE PICK,True,94.59,2 - SAFE PICK,OK,BOOST|GLOBAL_BOOST,-2.9% (29 obs),MEGA 70%/3% | SAFE 63%/1% | VALUE 58%/3%,WATCHLIST,watchlist prudente,Value positive 9.3% | Proba IA 66.7% | Learning BOOST|GLOBAL_BOOST | Calibration -2.9% (29 obs) | Source the-odds-api,0.5,0.5,1.2,1.1,1.2,1.2,0,NO BET,7.43,0.2692,0.1459,0.0,1500.0,1500.0,65.0,2.004,0.551,0.1499,NO DRAW SIGNAL,2-0,19.53,1-0,17.85,2-1,10.23,SCORE POISSON + FORME - confiance 78%,A recalculer via player_scorers,0.5057,0.4943,0.3486,0.6514,"[('2-0', 0.1953), ('1-0', 0.1785), ('2-1', 0.1023), ('1-1', 0.0893), ('3-0', 0.0846), ('0-1', 0.0549), ('0-0', 0.0541), ('3-1', 0.0508), ('1-2', 0.0328), ('4-0', 0.0311), ('2-2', 0.019), ('4-1', 0.0186)]",0.0,0.0,0.0,0.0,226.82
03/10/2026 01:08,WATCHLIST,2026-10-03T14:15:00Z,soccer_spain_segunda_division,the-odds-api,football,Almería,Burgos CF,Draw,Draw,0.2755567438576647,4.0,0.25,0.1022,A EVITER,NUL POSSIBLE,True,67.18,3B - NUL POSSIBLE,DRAW RISQUE,BOOST|GLOBAL_BOOST,+3.7% (114 obs),MEGA 70%/3% | SAFE 63%/1% | VALUE 58%/3%,WATCHLIST,cote trop haute,Value positive 10.2% | Proba IA 27.6% | DRAW RISQUE | Learning BOOST|GLOBAL_BOOST | Calibration +3.7% (114 obs) | Source the-odds-api,0.5,0.5,1.2,1.1,1.2,1.2,0,NO BET,7.43,0.1346,0.0341,0.0,1500.0,1500.0,65.0,2.004,0.551,0.1499,NO DRAW SIGNAL,2-0,19.53,1-0,17.85,2-1,10.23,SCORE POISSON + FORME - confiance 78%,A recalculer via player_scorers,0.5057,0.4943,0.3486,0.6514,"[('2-0', 0.1953), ('1-0', 0.1785), ('2-1', 0.1023), ('1-1', 0.0893), ('3-0', 0.0846), ('0-1', 0.0549), ('0-0', 0.0541), ('3-1', 0.0508), ('1-2', 0.0328), ('4-0', 0.0311), ('2-2', 0.019), ('4-1', 0.0186)]",0.0,0.0,0.0,0.0,162.67
03/10/2026 01:08,WATCHLIST,2026-10-03T16:00:00Z,soccer_uefa_nations_league,the-odds-api,football,Belarus,San Marino,Away Win,San Marino,0.035351629408671426,40.0,0.025,0.4141,A EVITER,WATCHLIST,False,64.63,5 - WATCHLIST,COTE HAUTE,BOOST|GLOBAL_BOOST,BASELINE,MEGA 70%/3% | SAFE 63%/1% | VALUE 58%/3%,WATCHLIST,cote trop haute,Value positive 41.4% | Proba IA 3.5% | COTE HAUTE | Learning BOOST|GLOBAL_BOOST | Source the-odds-api,0.5,0.5,1.2,1.1,1.2,1.2,0,NO BET,7.43,0.0,0.0,0.0,1500.0,1500.0,65.0,3.012,0.25,0.0471,NO DRAW SIGNAL,3-0,22.84,2-0,22.24,4-0,15.77,SCORE POISSON + FORME - confiance 73%,A recalculer via player_scorers,0.6971,0.3029,0.2073,0.7927,"[('3-0', 0.2284), ('2-0', 0.2224), ('4-0', 0.1577), ('5-0', 0.0656), ('3-1', 0.0494), ('2-1', 0.046), ('1-0', 0.0358), ('6-0', 0.0328), ('4-1', 0.0285), ('1-1', 0.025), ('5-1', 0.0169), ('7-0', 0.0124)]",0.0,0.0,0.0,0.0,276.18
03/10/2026 01:08,WATCHLIST,2026-10-03T16:00:00Z,soccer_uefa_nations_league,the-odds-api,football,Belarus,San Marino,Draw,Draw,0.0847616451173045,14.5,0.069,0.229,A EVITER,WATCHLIST,False,62.71,5 - WATCHLIST,DRAW RISQUE,BOOST|GLOBAL_BOOST,-0.2% (13 obs),MEGA 70%/3% | SAFE 63%/1% | VALUE 58%/3%,WATCHLIST,cote trop haute,Value positive 22.9% | Proba IA 8.5% | DRAW RISQUE | Learning BOOST|GLOBAL_BOOST | Calibration -0.2% (13 obs) | Source the-odds-api,0.5,0.5,1.2,1.1,1.2,1.2,0,NO BET,7.43,0.0,0.0,0.0,1500.0,1500.0,65.0,3.012,0.25,0.0471,NO DRAW SIGNAL,3-0,22.84,2-0,22.24,4-0,15.77,SCORE POISSON + FORME - confiance 73%,A recalculer via player_scorers,0.6971,0.3029,0.2073,0.7927,"[('3-0', 0.2284), ('2-0', 0.2224), ('4-0', 0.1577), ('5-0', 0.0656), ('3-1', 0.0494), ('2-1', 0.046), ('1-0', 0.0358), ('6-0', 0.0328), ('4-1', 0.0285), ('1-1', 0.025), ('5-1', 0.0169), ('7-0', 0.0124)]",0.0,0.0,0.0,0.0,197.23
03/10/2026 01:08,WATCHLIST,2026-10-03T16:00:00Z,soccer_uefa_nations_league,the-odds-api,football,Belarus,San Marino,Home Win,Belarus,0.9,1.1,0.9091,-0.01,Elite,FAVORI SOLIDE,True,84.5,2B - FAVORI SOLIDE,OK,BOOST|GLOBAL_BOOST,BASELINE,MEGA 70%/3% | SAFE 63%/1% | VALUE 58%/3%,WATCHLIST,value negative,Value negative ou nulle | Proba IA 90.0% | Learning BOOST|GLOBAL_BOOST | Source the-odds-api,0.5,0.5,1.2,1.1,1.2,1.2,0,NO BET,7.43,0.2692,0.0,0.0,1500.0,1500.0,65.0,3.012,0.25,0.0471,NO DRAW SIGNAL,3-0,22.84,2-0,22.24,4-0,15.77,SCORE POISSON + FORME - confiance 73%,A recalculer via player_scorers,0.6971,0.3029,0.2073,0.7927,"[('3-0', 0.2284), ('2-0', 0.2224), ('4-0', 0.1577), ('5-0', 0.0656), ('3-1', 0.0494), ('2-1', 0.046), ('1-0', 0.0358), ('6-0', 0.0328), ('4-1', 0.0285), ('1-1', 0.025), ('5-1', 0.0169), ('7-0', 0.0124)]",0.0,0.0,0.0,0.0,188.06
03/10/2026 01:08,WATCHLIST,2026-10-03T16:00:00Z,soccer_uefa_nations_league,the-odds-api,football,Croatia,England,Away Win,England,0.62348247675,1.83,0.5464,0.141,Moyenne,VALUE BET,True,98.25,3 - VALUE BET,MARCHE JUSTE,BOOST|GLOBAL_BOOST,+4.0% (17 obs),MEGA 70%/3% | SAFE 63%/1% | VALUE 58%/3%,WATCHLIST,watchlist prudente,Value positive 14.1% | Proba IA 62.3% | MARCHE JUSTE | Learning BOOST|GLOBAL_BOOST | Calibration +4.0% (17 obs) | Source the-odds-api,0.5,0.5,1.2,1.1,1.2,1.2,0,NO BET,7.43,0.1346,0.1698,0.0,1500.0,1500.0,65.0,0.798,1.526,0.2549,NO DRAW SIGNAL,0-1,14.96,1-1,13.2,0-2,10.75,SCORE POISSON + FORME - confiance 78%,A recalculer via player_scorers,0.4098,0.5902,0.4295,0.5705,"[('0-1', 0.1496), ('1-1', 0.132), ('0-2', 0.1075), ('1-0', 0.0983), ('1-2', 0.0962), ('0-0', 0.0728), ('2-1', 0.068), ('2-0', 0.0508), ('1-3', 0.0342), ('2-2', 0.033), ('0-3', 0.0231), ('3-1', 0.0206)]",0.0,0.0,0.0,0.0,249.67
03/10/2026 01:08,WATCHLIST,2026-10-03T16:00:00Z,soccer_uefa_nations_league,the-odds-api,football,Croatia,England,Draw,Draw,0.308115634427692,4.1,0.2439,0.2633,A EVITER,NUL POSSIBLE,True,72.09,3B - NUL POSSIBLE,MARCHE JUSTE,BOOST|GLOBAL_BOOST,+3.7% (114 obs),MEGA 70%/3% | SAFE 63%/1% | VALUE 58%/3%,WATCHLIST,cote trop haute,Value positive 26.3% | Proba IA 30.8% | MARCHE JUSTE | Learning BOOST|GLOBAL_BOOST | Calibration +3.7% (114 obs) | Source the-odds-api,0.5,0.5,1.2,1.1,1.2,1.2,0,NO BET,7.43,0.1346,0.0849,0.0,1500.0,1500.0,65.0,0.798,1.526,0.2549,NO DRAW SIGNAL,0-1,14.96,1-1,13.2,0-2,10.75,SCORE POISSON + FORME - confiance 78%,A recalculer via player_scorers,0.4098,0.5902,0.4295,0.5705,"[('0-1', 0.1496), ('1-1', 0.132), ('0-2', 0.1075), ('1-0', 0.0983), ('1-2', 0.0962), ('0-0', 0.0728), ('2-1', 0.068), ('2-0', 0.0508), ('1-3', 0.0342), ('2-2', 0.033), ('0-3', 0.0231), ('3-1', 0.0206)]",0.0,0.0,0.0,0.0,241.47
03/10/2026 01:08,NO BET,2026-10-03T16:00:00Z,soccer_uefa_nations_league,the-odds-api,football,Croatia,England,Home Win,Croatia,0.17256212002114488,4.7,0.2128,-0.189,A EVITER,NO BET,False,33.6,6 - NO BET,COTE HAUTE,BOOST|GLOBAL_BOOST,-5.0% (19 obs),MEGA 70%/3% | SAFE 63%/1% | VALUE 58%/3%,REFUSE,cote trop haute,Value negative ou nulle | Proba IA 17.3% | COTE HAUTE | Learning BOOST|GLOBAL_BOOST | Calibration -5.0% (19 obs) | Source the-odds-api,0.5,0.5,1.2,1.1,1.2,1.2,0,NO BET,7.43,0.0,0.0,0.0,1500.0,1500.0,65.0,0.798,1.526,0.2549,NO DRAW SIGNAL,0-1,14.96,1-1,13.2,0-2,10.75,SCORE POISSON + FORME - confiance 78%,A recalculer via player_scorers,0.4098,0.5902,0.4295,0.5705,"[('0-1', 0.1496), ('1-1', 0.132), ('0-2', 0.1075), ('1-0', 0.0983), ('1-2', 0.0962), ('0-0', 0.0728), ('2-1', 0.068), ('2-0', 0.0508), ('1-3', 0.0342), ('2-2', 0.033), ('0-3', 0.0231), ('3-1', 0.0206)]",0.0,0.0,0.0,0.0,61.81
03/10/2026 01:08,WATCHLIST,2026-10-03T16:00:00Z,soccer_uefa_nations_league,the-odds-api,football,Estonia,Luxembourg,Home Win,Estonia,0.3938540462620973,3.05,0.3279,0.2013,A EVITER,WATCHLIST,False,90.54,5 - WATCHLIST,MARCHE JUSTE,BOOST|GLOBAL_BOOST,+4.0% (33 obs),MEGA 70%/3% | SAFE 63%/1% | VALUE 58%/3%,WATCHLIST,cote trop haute,Value positive 20.1% | Proba IA 39.4% | MARCHE JUSTE | Learning BOOST|GLOBAL_BOOST | Calibration +4.0% (33 obs) | Source the-odds-api,0.5,0.5,1.2,1.1,1.2,1.2,0,NO BET,7.43,0.0,0.0,0.0,1500.0,1500.0,65.0,1.212,1.141,0.2969,NO DRAW SIGNAL,1-1,14.97,1-0,12.38,0-1,11.0,SCORE POISSON + FORME - confiance 78%,A recalculer via player_scorers,0.4098,0.5902,0.4813,0.5187,"[('1-1', 0.1497), ('1-0', 0.1238), ('0-1', 0.11), ('2-1', 0.091), ('2-0', 0.0804), ('1-2', 0.0792), ('0-0', 0.0751), ('0-2', 0.0642), ('2-2', 0.0384), ('3-1', 0.0306), ('1-3', 0.0243), ('3-0', 0.0202)]",0.0,0.0,0.0,0.0,248.11
03/10/2026 01:08,WATCHLIST,2026-10-03T16:00:00Z,soccer_uefa_nations_league,the-odds-api,football,Estonia,Luxembourg,Draw,Draw,0.34273658806715446,3.2,0.3125,0.0968,A EVITER,NUL POSSIBLE,True,72.37,3B - NUL POSSIBLE,NUL SERRE,BOOST|GLOBAL_BOOST,-1.2% (23 obs),MEGA 70%/3% | SAFE 63%/1% | VALUE 58%/3%,WATCHLIST,cote trop haute,Value positive 9.7% | Proba IA 34.3% | NUL SERRE | Learning BOOST|GLOBAL_BOOST | Calibration -1.2% (23 obs) | Source the-odds-api,0.5,0.5,1.2,1.1,1.2,1.2,0,NO BET,7.43,0.1346,0.044,0.0,1500.0,1500.0,65.0,1.212,1.141,0.2969,DRAW POSSIBLE - tight 76%,1-1,14.97,1-0,12.38,0-1,11.0,SCORE POISSON + FORME - confiance 78%,A recalculer via player_scorers,0.4098,0.5902,0.4813,0.5187,"[('1-1', 0.1497), ('1-0', 0.1238), ('0-1', 0.11), ('2-1', 0.091), ('2-0', 0.0804), ('1-2', 0.0792), ('0-0', 0.0751), ('0-2', 0.0642), ('2-2', 0.0384), ('3-1', 0.0306), ('1-3', 0.0243), ('3-0', 0.0202)]",0.0,0.0,0.0,0.0,172.7
03/10/2026 01:08,NO BET,2026-10-03T16:00:00Z,soccer_uefa_nations_league,the-odds-api,football,Estonia,Luxembourg,Away Win,Luxembourg,0.35066535623117623,2.68,0.3731,-0.0602,A EVITER,NO BET,False,58.65,5 - WATCHLIST,OK,BOOST|GLOBAL_BOOST,-4.1% (61 obs),MEGA 70%/3% | SAFE 63%/1% | VALUE 58%/3%,REFUSE,value negative,Value negative ou nulle | Proba IA 35.1% | Learning BOOST|GLOBAL_BOOST | Calibration -4.1% (61 obs) | Source the-odds-api,0.5,0.5,1.2,1.1,1.2,1.2,0,NO BET,7.43,0.0,0.0,0.0,1500.0,1500.0,65.0,1.212,1.141,0.2969,NO DRAW SIGNAL,1-1,14.97,1-0,12.38,0-1,11.0,SCORE POISSON + FORME - confiance 78%,A recalculer via player_scorers,0.4098,0.5902,0.4813,0.5187,"[('1-1', 0.1497), ('1-0', 0.1238), ('0-1', 0.11), ('2-1', 0.091), ('2-0', 0.0804), ('1-2', 0.0792), ('0-0', 0.0751), ('0-2', 0.0642), ('2-2', 0.0384), ('3-1', 0.0306), ('1-3', 0.0243), ('3-0', 0.0202)]",0.0,0.0,0.0,0.0,111.35
03/10/2026 01:08,WATCHLIST,2026-10-03T16:00:00Z,soccer_uefa_nations_league,the-odds-api,football,Iceland,Bulgaria,Home Win,Iceland,0.7676445,1.48,0.6757,0.1361,Forte,MEGA VALUE,True,100.0,1 - MEGA VALUE,VALUE CLAIRE,GLOBAL_BOOST,+4.0% (27 obs),MEGA 70%/3% | SAFE 63%/1% | VALUE 58%/3%,WATCHLIST,watchlist prudente,Value positive 13.6% | Proba IA 76.8% | VALUE CLAIRE | Learning GLOBAL_BOOST | Calibration +4.0% (27 obs) | Source the-odds-api,0.5,0.5,1.2,1.1,1.2,1.2,0,NO BET,7.43,0.4038,0.22,0.0,1500.0,1500.0,65.0,2.294,0.409,0.1118,NO DRAW SIGNAL,2-0,23.92,3-0,18.8,1-0,12.4,SCORE POISSON + FORME - confiance 78%,A recalculer via player_scorers,0.5466,0.4534,0.2857,0.7143,"[('2-0', 0.2392), ('3-0', 0.188), ('1-0', 0.124), ('4-0', 0.0778), ('2-1', 0.0764), ('3-1', 0.0517), ('1-1', 0.0474), ('0-0', 0.033), ('0-1', 0.0321), ('5-0', 0.021), ('4-1', 0.0198), ('1-2', 0.0169)]",0.0,0.0,0.0,0.0,260.26
03/10/2026 01:08,WATCHLIST,2026-10-03T16:00:00Z,soccer_uefa_nations_league,the-odds-api,football,Iceland,Bulgaria,Away Win,Bulgaria,0.15383660668483146,8.4,0.119,0.2922,A EVITER,WATCHLIST,False,69.61,5 - WATCHLIST,COTE HAUTE,BOOST|GLOBAL_BOOST,+3.2% (24 obs),MEGA 70%/3% | SAFE 63%/1% | VALUE 58%/3%,WATCHLIST,cote trop haute,Value positive 29.2% | Proba IA 15.4% | COTE HAUTE | Learning BOOST|GLOBAL_BOOST | Calibration +3.2% (24 obs) | Source the-odds-api,0.5,0.5,1.2,1.1,1.2,1.2,0,NO BET,7.43,0.0,0.0,0.0,1500.0,1500.0,65.0,2.294,0.409,0.1118,NO DRAW SIGNAL,2-0,23.92,3-0,18.8,1-0,12.4,SCORE POISSON + FORME - confiance 78%,A recalculer via player_scorers,0.5466,0.4534,0.2857,0.7143,"[('2-0', 0.2392), ('3-0', 0.188), ('1-0', 0.124), ('4-0', 0.0778), ('2-1', 0.0764), ('3-1', 0.0517), ('1-1', 0.0474), ('0-0', 0.033), ('0-1', 0.0321), ('5-0', 0.021), ('4-1', 0.0198), ('1-2', 0.0169)]",0.0,0.0,0.0,0.0,239.45
03/10/2026 01:08,NO BET,2026-10-03T16:00:00Z,soccer_uefa_nations_league,the-odds-api,football,Iceland,Bulgaria,Draw,Draw,0.14781736318792407,4.7,0.2128,-0.3053,A EVITER,NO BET,False,28.56,6 - NO BET,DRAW RISQUE,BOOST|GLOBAL_BOOST,-4.5% (32 obs),MEGA 70%/3% | SAFE 63%/1% | VALUE 58%/3%,REFUSE,cote trop haute,Value negative ou nulle | Proba IA 14.8% | DRAW RISQUE | Learning BOOST|GLOBAL_BOOST | Calibration -4.5% (32 obs) | Source the-odds-api,0.5,0.5,1.2,1.1,1.2,1.2,0,NO BET,7.43,0.0,0.0,0.0,1500.0,1500.0,65.0,2.294,0.409,0.1118,NO DRAW SIGNAL,2-0,23.92,3-0,18.8,1-0,12.4,SCORE POISSON + FORME - confiance 78%,A recalculer via player_scorers,0.5466,0.4534,0.2857,0.7143,"[('2-0', 0.2392), ('3-0', 0.188), ('1-0', 0.124), ('4-0', 0.0778), ('2-1', 0.0764), ('3-1', 0.0517), ('1-1', 0.0474), ('0-0', 0.033), ('0-1', 0.0321), ('5-0', 0.021), ('4-1', 0.0198), ('1-2', 0.0169)]",0.0,0.0,0.0,0.0,52.62
03/10/2026 01:08,WATCHLIST,2026-10-03T16:30:00Z,soccer_spain_segunda_division,the-odds-api,football,Cádiz CF,Leganés,Home Win,Cádiz CF,0.41783909564868416,3.1,0.3226,0.2953,A EVITER,WATCHLIST,False,100.0,5 - WATCHLIST,OK,BOOST|GLOBAL_BOOST,+4.0% (33 obs),MEGA 70%/3% | SAFE 63%/1% | VALUE 58%/3%,WATCHLIST,cote trop haute,Value positive 29.5% | Proba IA 41.8% | Learning BOOST|GLOBAL_BOOST | Calibration +4.0% (33 obs) | Source the-odds-api,0.5,0.5,1.2,1.25,1.2,1.12,0.95,NO BET,7.43,0.0,0.0,0.0,1500.0,1500.0,65.0,1.257,1.027,0.2916,NO DRAW SIGNAL,1-1,15.14,1-0,14.08,0-1,11.25,SCORE POISSON + FORME - confiance 84%,A recalculer via player_scorers,0.3946,0.6054,0.4609,0.5391,"[('1-1', 0.1514), ('1-0', 0.1408), ('0-1', 0.1125), ('2-1', 0.0978), ('2-0', 0.0922), ('0-0', 0.0801), ('1-2', 0.0769), ('0-2', 0.06), ('2-2', 0.0267), ('3-1', 0.0243), ('3-0', 0.0221), ('1-3', 0.0164)]",0.0,0.0,0.0,0.0,304.23
03/10/2026 01:08,WATCHLIST,2026-10-03T16:30:00Z,soccer_spain_segunda_division,the-odds-api,football,Cádiz CF,Leganés,Draw,Draw,0.32797655767540873,3.2,0.3125,0.0495,A EVITER,NUL POSSIBLE,True,72.82,3B - NUL POSSIBLE,NUL SERRE,BOOST|GLOBAL_BOOST,-1.2% (23 obs),MEGA 70%/3% | SAFE 63%/1% | VALUE 58%/3%,WATCHLIST,cote trop haute,Value positive 5.0% | Proba IA 32.8% | NUL SERRE | Learning BOOST|GLOBAL_BOOST | Calibration -1.2% (23 obs) | Source the-odds-api,0.5,0.5,1.2,1.25,1.2,1.12,0.95,NO BET,7.43,0.1346,0.0225,0.0,1500.0,1500.0,65.0,1.257,1.027,0.2916,DRAW POSSIBLE - tight 62%,1-1,15.14,1-0,14.08,0-1,11.25,SCORE POISSON + FORME - confiance 84%,A recalculer via player_scorers,0.3946,0.6054,0.4609,0.5391,"[('1-1', 0.1514), ('1-0', 0.1408), ('0-1', 0.1125), ('2-1', 0.0978), ('2-0', 0.0922), ('0-0', 0.0801), ('1-2', 0.0769), ('0-2', 0.06), ('2-2', 0.0267), ('3-1', 0.0243), ('3-0', 0.0221), ('1-3', 0.0164)]",0.0,0.0,0.0,0.0,152.03
03/10/2026 01:08,NO BET,2026-10-03T16:30:00Z,soccer_spain_segunda_division,the-odds-api,football,Cádiz CF,Leganés,Away Win,Leganés,0.3410862050365685,2.66,0.3759,-0.0927,A EVITER,NO BET,False,61.01,5 - WATCHLIST,OK,BOOST|GLOBAL_BOOST,-4.1% (61 obs),MEGA 70%/3% | SAFE 63%/1% | VALUE 58%/3%,REFUSE,value negative,Value negative ou nulle | Proba IA 34.1% | Learning BOOST|GLOBAL_BOOST | Calibration -4.1% (61 obs) | Source the-odds-api,0.5,0.5,1.2,1.25,1.2,1.12,0.95,NO BET,7.43,0.0,0.0,0.0,1500.0,1500.0,65.0,1.257,1.027,0.2916,NO DRAW SIGNAL,1-1,15.14,1-0,14.08,0-1,11.25,SCORE POISSON + FORME - confiance 84%,A recalculer via player_scorers,0.3946,0.6054,0.4609,0.5391,"[('1-1', 0.1514), ('1-0', 0.1408), ('0-1', 0.1125), ('2-1', 0.0978), ('2-0', 0.0922), ('0-0', 0.0801), ('1-2', 0.0769), ('0-2', 0.06), ('2-2', 0.0267), ('3-1', 0.0243), ('3-0', 0.0221), ('1-3', 0.0164)]",0.0,0.0,0.0,0.0,114.17
03/10/2026 01:08,WATCHLIST,2026-10-03T16:30:00Z,soccer_spain_segunda_division,the-odds-api,football,Sabadell FC,Andorra CF,Away Win,Andorra CF,0.3171383270500492,4.0,0.25,0.2686,A EVITER,WATCHLIST,False,86.47,5 - WATCHLIST,MARCHE JUSTE,BOOST|GLOBAL_BOOST,+4.0% (49 obs),MEGA 70%/3% | SAFE 63%/1% | VALUE 58%/3%,WATCHLIST,cote trop haute,Value positive 26.9% | Proba IA 31.7% | MARCHE JUSTE | Learning BOOST|GLOBAL_BOOST | Calibration +4.0% (49 obs) | Source the-odds-api,0.5,0.5,1.2,1.1,1.2,1.2,0,NO BET,7.43,0.0,0.0,0.0,1500.0,1500.0,65.0,1.611,0.831,0.2453,NO DRAW SIGNAL,1-0,15.22,1-1,13.13,2-0,11.81,SCORE POISSON + FORME - confiance 78%,A recalculer via player_scorers,0.4406,0.5594,0.451,0.549,"[('1-0', 0.1522), ('1-1', 0.1313), ('2-0', 0.1181), ('2-1', 0.108), ('0-1', 0.086), ('0-0', 0.0676), ('1-2', 0.0612), ('3-1', 0.0413), ('0-2', 0.0402), ('2-2', 0.0347), ('3-0', 0.0294), ('1-3', 0.0167)]",0.0,0.0,0.0,0.0,265.65
03/10/2026 01:08,WATCHLIST,2026-10-03T16:30:00Z,soccer_spain_segunda_division,the-odds-api,football,Sabadell FC,Andorra CF,Home Win,Sabadell FC,0.489902773443678,2.18,0.4587,0.068,A EVITER,WATCHLIST,False,84.24,5 - WATCHLIST,OK,BOOST|GLOBAL_BOOST,-3.2% (50 obs),MEGA 70%/3% | SAFE 63%/1% | VALUE 58%/3%,WATCHLIST,proba trop basse,Value positive 6.8% | Proba IA 49.0% | Learning BOOST|GLOBAL_BOOST | Calibration -3.2% (50 obs) | Source the-odds-api,0.5,0.5,1.2,1.1,1.2,1.2,0,NO BET,7.43,0.0,0.0,0.0,1500.0,1500.0,65.0,1.611,0.831,0.2453,NO DRAW SIGNAL,1-0,15.22,1-1,13.13,2-0,11.81,SCORE POISSON + FORME - confiance 78%,A recalculer via player_scorers,0.4406,0.5594,0.451,0.549,"[('1-0', 0.1522), ('1-1', 0.1313), ('2-0', 0.1181), ('2-1', 0.108), ('0-1', 0.086), ('0-0', 0.0676), ('1-2', 0.0612), ('3-1', 0.0413), ('0-2', 0.0402), ('2-2', 0.0347), ('3-0', 0.0294), ('1-3', 0.0167)]",0.0,0.0,0.0,0.0,188.2
03/10/2026 01:08,WATCHLIST,2026-10-03T16:30:00Z,soccer_spain_segunda_division,the-odds-api,football,Sabadell FC,Andorra CF,Draw,Draw,0.3159297681644986,3.4,0.2941,0.0742,A EVITER,NUL POSSIBLE,True,68.65,3B - NUL POSSIBLE,MARCHE JUSTE,BOOST|GLOBAL_BOOST,+1.2% (179 obs),MEGA 70%/3% | SAFE 63%/1% | VALUE 58%/3%,WATCHLIST,cote trop haute,Value positive 7.4% | Proba IA 31.6% | MARCHE JUSTE | Learning BOOST|GLOBAL_BOOST | Calibration +1.2% (179 obs) | Source the-odds-api,0.5,0.5,1.2,1.1,1.2,1.2,0,NO BET,7.43,0.1346,0.0309,0.0,1500.0,1500.0,65.0,1.611,0.831,0.2453,NO DRAW SIGNAL,1-0,15.22,1-1,13.13,2-0,11.81,SCORE POISSON + FORME - confiance 78%,A recalculer via player_scorers,0.4406,0.5594,0.451,0.549,"[('1-0', 0.1522), ('1-1', 0.1313), ('2-0', 0.1181), ('2-1', 0.108), ('0-1', 0.086), ('0-0', 0.0676), ('1-2', 0.0612), ('3-1', 0.0413), ('0-2', 0.0402), ('2-2', 0.0347), ('3-0', 0.0294), ('1-3', 0.0167)]",0.0,0.0,0.0,0.0,155.61
03/10/2026 01:08,WATCHLIST,2026-10-03T17:45:00Z,soccer_argentina_primera_division,the-odds-api,football,Defensa y Justicia,San Lorenzo,Away Win,San Lorenzo,0.30265556274391603,4.2,0.2381,0.2712,A EVITER,WATCHLIST,False,75.86,5 - WATCHLIST,MARCHE JUSTE,BOOST|GLOBAL_BOOST,+4.0% (49 obs),MEGA 70%/3% | SAFE 63%/1% | VALUE 58%/3%,WATCHLIST,cote trop haute,Value positive 27.1% | Proba IA 30.3% | MARCHE JUSTE | Learning BOOST|GLOBAL_BOOST | Calibration +4.0% (49 obs) | Source the-odds-api,0.5,0.5,1.2,1.1,1.2,1.2,0,NO BET,7.43,0.0,0.0,0.0,1500.0,1500.0,65.0,1.612,0.812,0.245,NO DRAW SIGNAL,1-0,15.43,1-1,13.08,2-0,11.98,SCORE POISSON + FORME - confiance 78%,A recalculer via player_scorers,0.4359,0.5641,0.4444,0.5556,"[('1-0', 0.1543), ('1-1', 0.1308), ('2-0', 0.1198), ('2-1', 0.1077), ('0-1', 0.0856), ('0-0', 0.0684), ('1-2', 0.0601), ('3-1', 0.0412), ('0-2', 0.0395), ('2-2', 0.0342), ('3-0', 0.0297), ('1-3', 0.0163)]",0.0,0.0,0.0,0.0,250.05
03/10/2026 01:08,WATCHLIST,2026-10-03T17:45:00Z,soccer_argentina_primera_division,the-odds-api,football,Defensa y Justicia,San Lorenzo,Home Win,Defensa y Justicia,0.48632129548097497,2.18,0.4587,0.0602,A EVITER,WATCHLIST,False,83.2,5 - WATCHLIST,OK,BOOST|GLOBAL_BOOST,-3.2% (50 obs),MEGA 70%/3% | SAFE 63%/1% | VALUE 58%/3%,WATCHLIST,proba trop basse,Value positive 6.0% | Proba IA 48.6% | Learning BOOST|GLOBAL_BOOST | Calibration -3.2% (50 obs) | Source the-odds-api,0.5,0.5,1.2,1.1,1.2,1.2,0,NO BET,7.43,0.0,0.0,0.0,1500.0,1500.0,65.0,1.612,0.812,0.245,NO DRAW SIGNAL,1-0,15.43,1-1,13.08,2-0,11.98,SCORE POISSON + FORME - confiance 78%,A recalculer via player_scorers,0.4359,0.5641,0.4444,0.5556,"[('1-0', 0.1543), ('1-1', 0.1308), ('2-0', 0.1198), ('2-1', 0.1077), ('0-1', 0.0856), ('0-0', 0.0684), ('1-2', 0.0601), ('3-1', 0.0412), ('0-2', 0.0395), ('2-2', 0.0342), ('3-0', 0.0297), ('1-3', 0.0163)]",0.0,0.0,0.0,0.0,183.06
03/10/2026 01:08,WATCHLIST,2026-10-03T17:45:00Z,soccer_argentina_primera_division,the-odds-api,football,Defensa y Justicia,San Lorenzo,Draw,Draw,0.33329450980184644,3.1,0.3226,0.0332,A EVITER,NUL POSSIBLE,True,64.67,3B - NUL POSSIBLE,OK,BOOST|GLOBAL_BOOST,+1.2% (179 obs),MEGA 70%/3% | SAFE 63%/1% | VALUE 58%/3%,WATCHLIST,cote trop haute,Value positive 3.3% | Proba IA 33.3% | Learning BOOST|GLOBAL_BOOST | Calibration +1.2% (179 obs) | Source the-odds-api,0.5,0.5,1.2,1.1,1.2,1.2,0,NO BET,7.43,0.1346,0.0158,0.0,1500.0,1500.0,65.0,1.612,0.812,0.245,DRAW POSSIBLE - tight 23%,1-0,15.43,1-1,13.08,2-0,11.98,SCORE POISSON + FORME - confiance 78%,A recalculer via player_scorers,0.4359,0.5641,0.4444,0.5556,"[('1-0', 0.1543), ('1-1', 0.1308), ('2-0', 0.1198), ('2-1', 0.1077), ('0-1', 0.0856), ('0-0', 0.0684), ('1-2', 0.0601), ('3-1', 0.0412), ('0-2', 0.0395), ('2-2', 0.0342), ('3-0', 0.0297), ('1-3', 0.0163)]",0.0,0.0,0.0,0.0,133.32
03/10/2026 01:08,WATCHLIST,2026-10-03T18:45:00Z,soccer_uefa_nations_league,the-odds-api,football,North Macedonia,Scotland,Away Win,Scotland,0.6118112637984587,1.82,0.5495,0.1135,Moyenne,VALUE BET,True,94.6,3 - VALUE BET,MARCHE JUSTE,BOOST|GLOBAL_BOOST,-1.6% (36 obs),MEGA 70%/3% | SAFE 63%/1% | VALUE 58%/3%,WATCHLIST,watchlist prudente,Value positive 11.3% | Proba IA 61.2% | MARCHE JUSTE | Learning BOOST|GLOBAL_BOOST | Calibration -1.6% (36 obs) | Source the-odds-api,0.5,0.5,1.2,1.1,1.2,1.2,0,NO BET,7.43,0.1346,0.1384,0.0,1500.0,1500.0,65.0,0.733,1.553,0.2512,NO DRAW SIGNAL,0-1,16.39,1-1,13.43,0-2,11.98,SCORE POISSON + FORME - confiance 78%,A recalculer via player_scorers,0.3997,0.6003,0.4089,0.5911,"[('0-1', 0.1639), ('1-1', 0.1343), ('0-2', 0.1198), ('1-2', 0.0994), ('1-0', 0.0987), ('0-0', 0.078), ('2-1', 0.0657), ('2-0', 0.0489), ('0-3', 0.0255), ('1-3', 0.0239), ('2-2', 0.0237), ('3-1', 0.017)]",0.0,0.0,0.0,0.0,231.64
03/10/2026 01:08,WATCHLIST,2026-10-03T18:45:00Z,soccer_uefa_nations_league,the-odds-api,football,North Macedonia,Scotland,Draw,Draw,0.30431709719452216,3.6,0.2778,0.0955,A EVITER,NUL POSSIBLE,True,67.62,3B - NUL POSSIBLE,MARCHE JUSTE,BOOST|GLOBAL_BOOST,+1.2% (179 obs),MEGA 70%/3% | SAFE 63%/1% | VALUE 58%/3%,WATCHLIST,cote trop haute,Value positive 9.6% | Proba IA 30.4% | MARCHE JUSTE | Learning BOOST|GLOBAL_BOOST | Calibration +1.2% (179 obs) | Source the-odds-api,0.5,0.5,1.2,1.1,1.2,1.2,0,NO BET,7.43,0.1346,0.0367,0.0,1500.0,1500.0,65.0,0.733,1.553,0.2512,NO DRAW SIGNAL,0-1,16.39,1-1,13.43,0-2,11.98,SCORE POISSON + FORME - confiance 78%,A recalculer via player_scorers,0.3997,0.6003,0.4089,0.5911,"[('0-1', 0.1639), ('1-1', 0.1343), ('0-2', 0.1198), ('1-2', 0.0994), ('1-0', 0.0987), ('0-0', 0.078), ('2-1', 0.0657), ('2-0', 0.0489), ('0-3', 0.0255), ('1-3', 0.0239), ('2-2', 0.0237), ('3-1', 0.017)]",0.0,0.0,0.0,0.0,162.46
03/10/2026 01:08,NO BET,2026-10-03T18:45:00Z,soccer_uefa_nations_league,the-odds-api,football,North Macedonia,Scotland,Home Win,North Macedonia,0.14901118917549178,5.5,0.1818,-0.1804,A EVITER,NO BET,False,32.61,6 - NO BET,COTE HAUTE,BOOST|GLOBAL_BOOST,-4.3% (77 obs),MEGA 70%/3% | SAFE 63%/1% | VALUE 58%/3%,REFUSE,cote trop haute,Value negative ou nulle | Proba IA 14.9% | COTE HAUTE | Learning BOOST|GLOBAL_BOOST | Calibration -4.3% (77 obs) | Source the-odds-api,0.5,0.5,1.2,1.1,1.2,1.2,0,NO BET,7.43,0.0,0.0,0.0,1500.0,1500.0,65.0,0.733,1.553,0.2512,NO DRAW SIGNAL,0-1,16.39,1-1,13.43,0-2,11.98,SCORE POISSON + FORME - confiance 78%,A recalculer via player_scorers,0.3997,0.6003,0.4089,0.5911,"[('0-1', 0.1639), ('1-1', 0.1343), ('0-2', 0.1198), ('1-2', 0.0994), ('1-0', 0.0987), ('0-0', 0.078), ('2-1', 0.0657), ('2-0', 0.0489), ('0-3', 0.0255), ('1-3', 0.0239), ('2-2', 0.0237), ('3-1', 0.017)]",0.0,0.0,0.0,0.0,58.69
03/10/2026 01:08,WATCHLIST,2026-10-03T18:45:00Z,soccer_uefa_nations_league,the-odds-api,football,Spain,Czech Republic,Away Win,Czech Republic,0.03546566692289295,40.0,0.025,0.4186,A EVITER,WATCHLIST,False,64.64,5 - WATCHLIST,COTE HAUTE,BOOST|GLOBAL_BOOST,BASELINE,MEGA 70%/3% | SAFE 63%/1% | VALUE 58%/3%,WATCHLIST,cote trop haute,Value positive 41.9% | Proba IA 3.5% | COTE HAUTE | Learning BOOST|GLOBAL_BOOST | Source the-odds-api,0.5,0.5,1.2,1.1,1.2,1.2,0,NO BET,7.43,0.0,0.0,0.0,1500.0,1500.0,65.0,3.012,0.25,0.0471,NO DRAW SIGNAL,3-0,22.84,2-0,22.24,4-0,15.77,SCORE POISSON + FORME - confiance 73%,A recalculer via player_scorers,0.6971,0.3029,0.2073,0.7927,"[('3-0', 0.2284), ('2-0', 0.2224), ('4-0', 0.1577), ('5-0', 0.0656), ('3-1', 0.0494), ('2-1', 0.046), ('1-0', 0.0358), ('6-0', 0.0328), ('4-1', 0.0285), ('1-1', 0.025), ('5-1', 0.0169), ('7-0', 0.0124)]",0.0,0.0,0.0,0.0,278.16
03/10/2026 01:08,WATCHLIST,2026-10-03T18:45:00Z,soccer_uefa_nations_league,the-odds-api,football,Spain,Czech Republic,Draw,Draw,0.0830251709535697,15.0,0.0667,0.2454,A EVITER,WATCHLIST,False,62.64,5 - WATCHLIST,DRAW RISQUE,BOOST|GLOBAL_BOOST,-0.2% (13 obs),MEGA 70%/3% | SAFE 63%/1% | VALUE 58%/3%,WATCHLIST,cote trop haute,Value positive 24.5% | Proba IA 8.3% | DRAW RISQUE | Learning BOOST|GLOBAL_BOOST | Calibration -0.2% (13 obs) | Source the-odds-api,0.5,0.5,1.2,1.1,1.2,1.2,0,NO BET,7.43,0.0,0.0,0.0,1500.0,1500.0,65.0,3.012,0.25,0.0471,NO DRAW SIGNAL,3-0,22.84,2-0,22.24,4-0,15.77,SCORE POISSON + FORME - confiance 73%,A recalculer via player_scorers,0.6971,0.3029,0.2073,0.7927,"[('3-0', 0.2284), ('2-0', 0.2224), ('4-0', 0.1577), ('5-0', 0.0656), ('3-1', 0.0494), ('2-1', 0.046), ('1-0', 0.0358), ('6-0', 0.0328), ('4-1', 0.0285), ('1-1', 0.025), ('5-1', 0.0169), ('7-0', 0.0124)]",0.0,0.0,0.0,0.0,204.03
03/10/2026 01:08,WATCHLIST,2026-10-03T18:45:00Z,soccer_uefa_nations_league,the-odds-api,football,Spain,Czech Republic,Home Win,Spain,0.9,1.09,0.9174,-0.019,Elite,FAVORI SOLIDE,True,83.47,2B - FAVORI SOLIDE,OK,BOOST|GLOBAL_BOOST,BASELINE,MEGA 70%/3% | SAFE 63%/1% | VALUE 58%/3%,WATCHLIST,value negative,Value negative ou nulle | Proba IA 90.0% | Learning BOOST|GLOBAL_BOOST | Source the-odds-api,0.5,0.5,1.2,1.1,1.2,1.2,0,NO BET,7.43,0.2692,0.0,0.0,1500.0,1500.0,65.0,3.012,0.25,0.0471,NO DRAW SIGNAL,3-0,22.84,2-0,22.24,4-0,15.77,SCORE POISSON + FORME - confiance 73%,A recalculer via player_scorers,0.6971,0.3029,0.2073,0.7927,"[('3-0', 0.2284), ('2-0', 0.2224), ('4-0', 0.1577), ('5-0', 0.0656), ('3-1', 0.0494), ('2-1', 0.046), ('1-0', 0.0358), ('6-0', 0.0328), ('4-1', 0.0285), ('1-1', 0.025), ('5-1', 0.0169), ('7-0', 0.0124)]",0.0,0.0,0.0,0.0,186.54
03/10/2026 01:08,WATCHLIST,2026-10-03T18:45:00Z,soccer_uefa_nations_league,the-odds-api,football,Switzerland,Slovenia,Home Win,Switzerland,0.7875995628889613,1.33,0.7519,0.0475,Elite,MEGA VALUE,True,86.39,1 - MEGA VALUE,OK,BOOST|GLOBAL_BOOST,-6.0% (14 obs),MEGA 70%/3% | SAFE 63%/1% | VALUE 58%/3%,WATCHLIST,watchlist prudente,Value positive 4.8% | Proba IA 78.8% | Learning BOOST|GLOBAL_BOOST | Calibration -6.0% (14 obs) | Source the-odds-api,0.5,0.5,1.2,1.1,1.2,1.2,0,NO BET,7.43,0.4038,0.144,0.0,1500.0,1500.0,65.0,2.653,0.25,0.0723,NO DRAW SIGNAL,2-0,24.21,3-0,21.96,4-0,13.37,SCORE POISSON + FORME - confiance 78%,A recalculer via player_scorers,0.5962,0.4038,0.194,0.806,"[('2-0', 0.2421), ('3-0', 0.2196), ('4-0', 0.1337), ('1-0', 0.1094), ('2-1', 0.0497), ('3-1', 0.0476), ('5-0', 0.0326), ('1-1', 0.0291), ('0-0', 0.026), ('0-1', 0.0178), ('4-1', 0.0166), ('6-0', 0.0144)]",0.0,0.0,0.0,0.0,203.42
03/10/2026 01:08,WATCHLIST,2026-10-03T18:45:00Z,soccer_uefa_nations_league,the-odds-api,football,Switzerland,Slovenia,Draw,Draw,0.2046868920502385,5.7,0.1754,0.1667,A EVITER,WATCHLIST,False,61.62,5 - WATCHLIST,DRAW RISQUE,BOOST|GLOBAL_BOOST,+4.0% (36 obs),MEGA 70%/3% | SAFE 63%/1% | VALUE 58%/3%,WATCHLIST,cote trop haute,Value positive 16.7% | Proba IA 20.5% | DRAW RISQUE | Learning BOOST|GLOBAL_BOOST | Calibration +4.0% (36 obs) | Source the-odds-api,0.5,0.5,1.2,1.1,1.2,1.2,0,NO BET,7.43,0.0,0.0,0.0,1500.0,1500.0,65.0,2.653,0.25,0.0723,NO DRAW SIGNAL,2-0,24.21,3-0,21.96,4-0,13.37,SCORE POISSON + FORME - confiance 78%,A recalculer via player_scorers,0.5962,0.4038,0.194,0.806,"[('2-0', 0.2421), ('3-0', 0.2196), ('4-0', 0.1337), ('1-0', 0.1094), ('2-1', 0.0497), ('3-1', 0.0476), ('5-0', 0.0326), ('1-1', 0.0291), ('0-0', 0.026), ('0-1', 0.0178), ('4-1', 0.0166), ('6-0', 0.0144)]",0.0,0.0,0.0,0.0,177.21
03/10/2026 01:08,NO BET,2026-10-03T18:45:00Z,soccer_uefa_nations_league,the-odds-api,football,Switzerland,Slovenia,Away Win,Slovenia,0.07264189655910872,12.5,0.08,-0.092,A EVITER,NO BET,False,30.32,6 - NO BET,COTE HAUTE,BOOST|GLOBAL_BOOST,-0.2% (13 obs),MEGA 70%/3% | SAFE 63%/1% | VALUE 58%/3%,REFUSE,cote trop haute,Value negative ou nulle | Proba IA 7.3% | COTE HAUTE | Learning BOOST|GLOBAL_BOOST | Calibration -0.2% (13 obs) | Source the-odds-api,0.5,0.5,1.2,1.1,1.2,1.2,0,NO BET,7.43,0.0,0.0,0.0,1500.0,1500.0,65.0,2.653,0.25,0.0723,NO DRAW SIGNAL,2-0,24.21,3-0,21.96,4-0,13.37,SCORE POISSON + FORME - confiance 78%,A recalculer via player_scorers,0.5962,0.4038,0.194,0.806,"[('2-0', 0.2421), ('3-0', 0.2196), ('4-0', 0.1337), ('1-0', 0.1094), ('2-1', 0.0497), ('3-1', 0.0476), ('5-0', 0.0326), ('1-1', 0.0291), ('0-0', 0.026), ('0-1', 0.0178), ('4-1', 0.0166), ('6-0', 0.0144)]",0.0,0.0,0.0,0.0,49.96
03/10/2026 01:08,WATCHLIST,2026-10-03T20:00:00Z,soccer_argentina_primera_division,the-odds-api,football,Atlético Tucuman,Barracas Central,Home Win,Atlético Tucuman,0.5095466374209278,2.0,0.5,0.0191,Faible,WATCHLIST,False,79.45,5 - WATCHLIST,OK,BOOST|GLOBAL_BOOST,-6.0% (26 obs),MEGA 70%/3% | SAFE 63%/1% | VALUE 58%/3%,WATCHLIST,proba trop basse,Value positive 1.9% | Proba IA 51.0% | Learning BOOST|GLOBAL_BOOST | Calibration -6.0% (26 obs) | Source the-odds-api,0.5,0.5,1.2,1.1,1.2,1.2,0,NO BET,7.43,0.0,0.0,0.0,1500.0,1500.0,65.0,1.732,0.716,0.2033,NO DRAW SIGNAL,1-0,17.72,2-0,14.64,1-1,11.64,SCORE POISSON + FORME - confiance 78%,A recalculer via player_scorers,0.4511,0.5489,0.4135,0.5865,"[('1-0', 0.1772), ('2-0', 0.1464), ('1-1', 0.1164), ('2-1', 0.1153), ('0-1', 0.0807), ('0-0', 0.0635), ('1-2', 0.0534), ('3-1', 0.045), ('3-0', 0.0336), ('0-2', 0.0328), ('2-2', 0.0282), ('3-2', 0.0136)]",0.0,0.0,0.0,0.0,161.46
03/10/2026 01:08,WATCHLIST,2026-10-03T20:00:00Z,soccer_argentina_primera_division,the-odds-api,football,Atlético Tucuman,Barracas Central,Draw,Draw,0.3187515386805676,3.1,0.3226,-0.0119,A EVITER,NUL POSSIBLE,True,58.87,3B - NUL POSSIBLE,DRAW RISQUE,BOOST|GLOBAL_BOOST,+1.2% (179 obs),MEGA 70%/3% | SAFE 63%/1% | VALUE 58%/3%,WATCHLIST,cote trop haute,Value negative ou nulle | Proba IA 31.9% | DRAW RISQUE | Learning BOOST|GLOBAL_BOOST | Calibration +1.2% (179 obs) | Source the-odds-api,0.5,0.5,1.2,1.1,1.2,1.2,0,NO BET,7.43,0.1346,0.0,0.0,1500.0,1500.0,65.0,1.732,0.716,0.2033,NO DRAW SIGNAL,1-0,17.72,2-0,14.64,1-1,11.64,SCORE POISSON + FORME - confiance 78%,A recalculer via player_scorers,0.4511,0.5489,0.4135,0.5865,"[('1-0', 0.1772), ('2-0', 0.1464), ('1-1', 0.1164), ('2-1', 0.1153), ('0-1', 0.0807), ('0-0', 0.0635), ('1-2', 0.0534), ('3-1', 0.045), ('3-0', 0.0336), ('0-2', 0.0328), ('2-2', 0.0282), ('3-2', 0.0136)]",0.0,0.0,0.0,0.0,109.44
03/10/2026 01:08,NO BET,2026-10-03T20:00:00Z,soccer_argentina_primera_division,the-odds-api,football,Atlético Tucuman,Barracas Central,Away Win,Barracas Central,0.18177579766910404,5.0,0.2,-0.0911,A EVITER,NO BET,False,35.01,6 - NO BET,COTE HAUTE,BOOST|GLOBAL_BOOST,-3.0% (36 obs),MEGA 70%/3% | SAFE 63%/1% | VALUE 58%/3%,REFUSE,cote trop haute,Value negative ou nulle | Proba IA 18.2% | COTE HAUTE | Learning BOOST|GLOBAL_BOOST | Calibration -3.0% (36 obs) | Source the-odds-api,0.5,0.5,1.2,1.1,1.2,1.2,0,NO BET,7.43,0.0,0.0,0.0,1500.0,1500.0,65.0,1.732,0.716,0.2033,NO DRAW SIGNAL,1-0,17.72,2-0,14.64,1-1,11.64,SCORE POISSON + FORME - confiance 78%,A recalculer via player_scorers,0.4511,0.5489,0.4135,0.5865,"[('1-0', 0.1772), ('2-0', 0.1464), ('1-1', 0.1164), ('2-1', 0.1153), ('0-1', 0.0807), ('0-0', 0.0635), ('1-2', 0.0534), ('3-1', 0.045), ('3-0', 0.0336), ('0-2', 0.0328), ('2-2', 0.0282), ('3-2', 0.0136)]",0.0,0.0,0.0,0.0,64.54
03/10/2026 01:08,WATCHLIST,2026-10-03T20:00:00Z,soccer_argentina_primera_division,the-odds-api,football,Newells Old Boys,Lanus,Home Win,Newells Old Boys,0.42098645507045346,2.88,0.3472,0.2124,A EVITER,WATCHLIST,False,92.96,5 - WATCHLIST,MARCHE JUSTE,BOOST|GLOBAL_BOOST,+4.0% (33 obs),MEGA 70%/3% | SAFE 63%/1% | VALUE 58%/3%,WATCHLIST,proba trop basse,Value positive 21.2% | Proba IA 42.1% | MARCHE JUSTE | Learning BOOST|GLOBAL_BOOST | Calibration +4.0% (33 obs) | Source the-odds-api,0.5,0.5,1.2,1.1,1.2,1.2,0,NO BET,7.43,0.0,0.0,0.0,1500.0,1500.0,65.0,1.286,1.072,0.2873,NO DRAW SIGNAL,1-1,14.57,1-0,13.06,0-1,10.58,SCORE POISSON + FORME - confiance 78%,A recalculer via player_scorers,0.4139,0.5861,0.4777,0.5223,"[('1-1', 0.1457), ('1-0', 0.1306), ('0-1', 0.1058), ('2-1', 0.0955), ('2-0', 0.0874), ('1-2', 0.0762), ('0-0', 0.0733), ('0-2', 0.0585), ('2-2', 0.0379), ('3-1', 0.0327), ('1-3', 0.0225), ('3-0', 0.0216)]",0.0,0.0,0.0,0.0,258.4
03/10/2026 01:08,WATCHLIST,2026-10-03T20:00:00Z,soccer_argentina_primera_division,the-odds-api,football,Newells Old Boys,Lanus,Draw,Draw,0.34696924384125793,3.1,0.3226,0.0756,A EVITER,NUL POSSIBLE,True,70.12,3B - NUL POSSIBLE,NUL SERRE,BOOST|GLOBAL_BOOST,-1.2% (23 obs),MEGA 70%/3% | SAFE 63%/1% | VALUE 58%/3%,WATCHLIST,cote trop haute,Value positive 7.6% | Proba IA 34.7% | NUL SERRE | Learning BOOST|GLOBAL_BOOST | Calibration -1.2% (23 obs) | Source the-odds-api,0.5,0.5,1.2,1.1,1.2,1.2,0,NO BET,7.43,0.1346,0.036,0.0,1500.0,1500.0,65.0,1.286,1.072,0.2873,DRAW POSSIBLE - tight 75%,1-1,14.57,1-0,13.06,0-1,10.58,SCORE POISSON + FORME - confiance 78%,A recalculer via player_scorers,0.4139,0.5861,0.4777,0.5223,"[('1-1', 0.1457), ('1-0', 0.1306), ('0-1', 0.1058), ('2-1', 0.0955), ('2-0', 0.0874), ('1-2', 0.0762), ('0-0', 0.0733), ('0-2', 0.0585), ('2-2', 0.0379), ('3-1', 0.0327), ('1-3', 0.0225), ('3-0', 0.0216)]",0.0,0.0,0.0,0.0,160.58
03/10/2026 01:08,NO BET,2026-10-03T20:00:00Z,soccer_argentina_primera_division,the-odds-api,football,Newells Old Boys,Lanus,Away Win,Lanus,0.3177085146211568,2.94,0.3401,-0.0659,A EVITER,NO BET,False,56.61,5 - WATCHLIST,OK,BOOST|GLOBAL_BOOST,-4.1% (61 obs),MEGA 70%/3% | SAFE 63%/1% | VALUE 58%/3%,REFUSE,value negative,Value negative ou nulle | Proba IA 31.8% | Learning BOOST|GLOBAL_BOOST | Calibration -4.1% (61 obs) | Source the-odds-api,0.5,0.5,1.2,1.1,1.2,1.2,0,NO BET,7.43,0.0,0.0,0.0,1500.0,1500.0,65.0,1.286,1.072,0.2873,NO DRAW SIGNAL,1-1,14.57,1-0,13.06,0-1,10.58,SCORE POISSON + FORME - confiance 78%,A recalculer via player_scorers,0.4139,0.5861,0.4777,0.5223,"[('1-1', 0.1457), ('1-0', 0.1306), ('0-1', 0.1058), ('2-1', 0.0955), ('2-0', 0.0874), ('1-2', 0.0762), ('0-0', 0.0733), ('0-2', 0.0585), ('2-2', 0.0379), ('3-1', 0.0327), ('1-3', 0.0225), ('3-0', 0.0216)]",0.0,0.0,0.0,0.0,106.02
03/10/2026 01:08,WATCHLIST,2026-10-03T21:30:00Z,soccer_brazil_campeonato,the-odds-api,football,Atletico Mineiro,Bragantino-SP,Away Win,Bragantino-SP,0.3430248427783344,3.6,0.2778,0.2349,A EVITER,WATCHLIST,False,87.56,5 - WATCHLIST,MARCHE JUSTE,BOOST|GLOBAL_BOOST,+4.0% (64 obs),MEGA 70%/3% | SAFE 63%/1% | VALUE 58%/3%,WATCHLIST,cote trop haute,Value positive 23.5% | Proba IA 34.3% | MARCHE JUSTE | Learning BOOST|GLOBAL_BOOST | Calibration +4.0% (64 obs) | Source the-odds-api,0.5,0.5,1.2,1.1,1.2,1.2,0,NO BET,7.43,0.0,0.0,0.0,1500.0,1500.0,65.0,1.577,0.876,0.2493,NO DRAW SIGNAL,1-0,14.8,1-1,13.3,2-0,11.3,SCORE POISSON + FORME - confiance 78%,A recalculer via player_scorers,0.4436,0.5564,0.4622,0.5378,"[('1-0', 0.148), ('1-1', 0.133), ('2-0', 0.113), ('2-1', 0.1077), ('0-1', 0.0884), ('0-0', 0.0669), ('1-2', 0.0642), ('0-2', 0.0426), ('3-1', 0.0406), ('2-2', 0.0358), ('3-0', 0.0281), ('1-3', 0.0177)]",0.0,0.0,0.0,0.0,254.6
03/10/2026 01:08,WATCHLIST,2026-10-03T21:30:00Z,soccer_brazil_campeonato,the-odds-api,football,Atletico Mineiro,Bragantino-SP,Home Win,Atletico Mineiro,0.4805692248136035,2.18,0.4587,0.0476,A EVITER,WATCHLIST,False,81.51,5 - WATCHLIST,OK,BOOST|GLOBAL_BOOST,-3.2% (50 obs),MEGA 70%/3% | SAFE 63%/1% | VALUE 58%/3%,WATCHLIST,proba trop basse,Value positive 4.8% | Proba IA 48.1% | Learning BOOST|GLOBAL_BOOST | Calibration -3.2% (50 obs) | Source the-odds-api,0.5,0.5,1.2,1.1,1.2,1.2,0,NO BET,7.43,0.0,0.0,0.0,1500.0,1500.0,65.0,1.577,0.876,0.2493,NO DRAW SIGNAL,1-0,14.8,1-1,13.3,2-0,11.3,SCORE POISSON + FORME - confiance 78%,A recalculer via player_scorers,0.4436,0.5564,0.4622,0.5378,"[('1-0', 0.148), ('1-1', 0.133), ('2-0', 0.113), ('2-1', 0.1077), ('0-1', 0.0884), ('0-0', 0.0669), ('1-2', 0.0642), ('0-2', 0.0426), ('3-1', 0.0406), ('2-2', 0.0358), ('3-0', 0.0281), ('1-3', 0.0177)]",0.0,0.0,0.0,0.0,174.76
03/10/2026 01:08,WATCHLIST,2026-10-03T21:30:00Z,soccer_brazil_campeonato,the-odds-api,football,Atletico Mineiro,Bragantino-SP,Draw,Draw,0.30062708959658574,3.65,0.274,0.0973,A EVITER,NUL POSSIBLE,True,67.66,3B - NUL POSSIBLE,MARCHE JUSTE,BOOST|GLOBAL_BOOST,+1.2% (179 obs),MEGA 70%/3% | SAFE 63%/1% | VALUE 58%/3%,WATCHLIST,cote trop haute,Value positive 9.7% | Proba IA 30.1% | MARCHE JUSTE | Learning BOOST|GLOBAL_BOOST | Calibration +1.2% (179 obs) | Source the-odds-api,0.5,0.5,1.2,1.1,1.2,1.2,0,NO BET,7.43,0.1346,0.0367,0.0,1500.0,1500.0,65.0,1.577,0.876,0.2493,NO DRAW SIGNAL,1-0,14.8,1-1,13.3,2-0,11.3,SCORE POISSON + FORME - confiance 78%,A recalculer via player_scorers,0.4436,0.5564,0.4622,0.5378,"[('1-0', 0.148), ('1-1', 0.133), ('2-0', 0.113), ('2-1', 0.1077), ('0-1', 0.0884), ('0-0', 0.0669), ('1-2', 0.0642), ('0-2', 0.0426), ('3-1', 0.0406), ('2-2', 0.0358), ('3-0', 0.0281), ('1-3', 0.0177)]",0.0,0.0,0.0,0.0,163.01
03/10/2026 01:08,WATCHLIST,2026-10-04T02:00:00Z,tennis_atp_japan_open,the-odds-api,tennis,Jaume Munar,Kyrian Jacquet,Player 1 Win,Jaume Munar,0.6508179999999999,1.69,0.5917,0.0999,Moyenne,VALUE BET,True,97.2,3 - VALUE BET,,GLOBAL_BOOST,BASELINE,MEGA 74%/3% | SAFE 67%/1% | VALUE 62%/3%,WATCHLIST,watchlist prudente,Value positive 10.0% | Proba IA 65.1% | Learning GLOBAL_BOOST | Source the-odds-api,,,,,,,,NO BET,7.43,0.1346,0.1448,0.0,1534.42,1477.1,57.32,,,,NO DRAW SPORT,2-0,40.39,2-1,23.72,,,SET SCORE ESTIMATION,Tennis : aucun buteur,,,,,2-0 40.39% | 2-1 23.72%,64.48,0.5,0.333,0.0836,232.36
03/10/2026 01:08,NO BET,2026-10-04T02:00:00Z,tennis_atp_japan_open,the-odds-api,tennis,Jaume Munar,Kyrian Jacquet,Player 2 Win,Kyrian Jacquet,0.38940433121752693,2.55,0.3922,-0.007,A EVITER,NO BET,False,66.4,5 - WATCHLIST,,BOOST|GLOBAL_BOOST,BASELINE,MEGA 74%/3% | SAFE 67%/1% | VALUE 62%/3%,REFUSE,value negative,Value negative ou nulle | Proba IA 38.9% | Learning BOOST|GLOBAL_BOOST | Source the-odds-api,,,,,,,,NO BET,7.43,0.0,0.0,0.0,1534.42,1477.1,57.32,,,,NO DRAW SPORT,2-1,22.89,2-0,13.0,,,SET SCORE ESTIMATION,Tennis : aucun buteur,,,,,2-1 22.89% | 2-0 13.0%,37.62,0.5,0.333,-0.0849,125.53
03/10/2026 01:08,WATCHLIST,2026-10-04T02:00:00Z,tennis_atp_japan_open,the-odds-api,tennis,Valentin Vacherot,Arthur Fils,Player 1 Win,Valentin Vacherot,0.28803765190950853,4.4,0.2273,0.2674,A EVITER,WATCHLIST,False,76.26,5 - WATCHLIST,,BOOST|GLOBAL_BOOST,BASELINE,MEGA 74%/3% | SAFE 67%/1% | VALUE 62%/3%,WATCHLIST,cote trop haute,Value positive 26.7% | Proba IA 28.8% | Learning BOOST|GLOBAL_BOOST | Source the-odds-api,,,,,,,,NO BET,7.43,0.0,0.0,0.0,1651.87,1736.52,-84.65,,,,NO DRAW SPORT,2-1,17.51,2-0,9.02,,,SET SCORE ESTIMATION,Tennis : aucun buteur,,,,,2-1 17.51% | 2-0 9.02%,52.82,0.667,0.833,0.1675,247.99
03/10/2026 01:08,WATCHLIST,2026-10-04T02:00:00Z,tennis_atp_japan_open,the-odds-api,tennis,Valentin Vacherot,Arthur Fils,Player 2 Win,Arthur Fils,0.7044658623001581,1.28,0.7812,-0.0983,Forte,WATCHLIST,False,68.79,5 - WATCHLIST,,LOW_VALUE_FAVORITE|DANGEROUS_OPPONENT|BOOST|GLOBAL_BOOST,BASELINE,MEGA 74%/3% | SAFE 67%/1% | VALUE 62%/3%,WATCHLIST,value negative,Value negative ou nulle | Proba IA 70.4% | Learning LOW_VALUE_FAVORITE|DANGEROUS_OPPONENT|BOOST|GLOBAL_BOOST | Source the-odds-api,,,,,,,,NO BET,7.43,0.0,0.0,0.0,1651.87,1736.52,-84.65,,,,NO DRAW SPORT,2-0,38.68,2-1,26.23,,,SET SCORE ESTIMATION,Tennis : aucun buteur,,,,,2-0 38.68% | 2-1 26.23%,65.43,0.667,0.833,-0.1692,151.12
03/10/2026 01:08,WATCHLIST,2026-10-04T03:00:00Z,tennis_atp_china_open,the-odds-api,tennis,Hubert Hurkacz,Karen Khachanov,Player 2 Win,Karen Khachanov,0.6327509999999998,1.77,0.565,0.12,Moyenne,VALUE BET,True,99.79,3 - VALUE BET,,GLOBAL_BOOST,BASELINE,MEGA 74%/3% | SAFE 67%/1% | VALUE 62%/3%,WATCHLIST,watchlist prudente,Value positive 12.0% | Proba IA 63.3% | Learning GLOBAL_BOOST | Source the-odds-api,,,,,,,,NO BET,7.43,0.1346,0.1558,0.0,1530.74,1559.61,-28.86,,,,NO DRAW SPORT,2-0,38.86,2-1,23.48,,,SET SCORE ESTIMATION,Tennis : aucun buteur,,,,,2-0 38.86% | 2-1 23.48%,72.42,0.333,0.583,0.1034,243.57
03/10/2026 01:08,NO BET,2026-10-04T03:00:00Z,tennis_atp_china_open,the-odds-api,tennis,Hubert Hurkacz,Karen Khachanov,Player 1 Win,Hubert Hurkacz,0.4087226062890765,2.25,0.4444,-0.0804,A EVITER,NO BET,False,63.95,5 - WATCHLIST,,BOOST|GLOBAL_BOOST,BASELINE,MEGA 74%/3% | SAFE 67%/1% | VALUE 62%/3%,REFUSE,value negative,Value negative ou nulle | Proba IA 40.9% | Learning BOOST|GLOBAL_BOOST | Source the-odds-api,,,,,,,,NO BET,7.43,0.0,0.0,0.0,1530.74,1559.61,-28.86,,,,NO DRAW SPORT,2-1,24.77,2-0,12.9,,,SET SCORE ESTIMATION,Tennis : aucun buteur,,,,,2-1 24.77% | 2-0 12.9%,46.36,0.333,0.583,-0.1526,123.26
03/10/2026 01:08,WATCHLIST,2026-10-04T03:00:00Z,tennis_wta_china_open,the-odds-api,tennis,Daria Snigur,Taylah Preston,Player 2 Win,Taylah Preston,0.4382426670725679,2.6,0.3846,0.1394,A EVITER,WATCHLIST,False,85.29,5 - WATCHLIST,,BOOST|GLOBAL_BOOST,BASELINE,MEGA 74%/3% | SAFE 67%/1% | VALUE 62%/3%,WATCHLIST,proba trop basse,Value positive 13.9% | Proba IA 43.8% | Learning BOOST|GLOBAL_BOOST | Source the-odds-api,,,,,,,,NO BET,7.43,0.0,0.0,0.0,1515.81,1535.1,-19.29,,,,NO DRAW SPORT,2-1,21.9,2-0,18.47,,,SET SCORE ESTIMATION,Tennis : aucun buteur,,,,,2-1 21.9% | 2-0 18.47%,39.17,0.5,0.667,0.0498,216.86
03/10/2026 01:08,WATCHLIST,2026-10-04T03:00:00Z,tennis_wta_china_open,the-odds-api,tennis,Daria Snigur,Taylah Preston,Player 1 Win,Daria Snigur,0.6470536852616765,1.57,0.6369,0.0159,Moyenne,WATCHLIST,False,85.29,5 - WATCHLIST,,BOOST|GLOBAL_BOOST,BASELINE,MEGA 74%/3% | SAFE 67%/1% | VALUE 62%/3%,WATCHLIST,watchlist prudente,Value positive 1.6% | Proba IA 64.7% | Learning BOOST|GLOBAL_BOOST | Source the-odds-api,,,,,,,,NO BET,7.43,0.0,0.0,0.0,1515.81,1535.1,-19.29,,,,NO DRAW SPORT,2-0,31.08,2-1,28.54,,,SET SCORE ESTIMATION,Tennis : aucun buteur,,,,,2-0 31.08% | 2-1 28.54%,48.4,0.5,0.667,-0.0639,178.35
03/10/2026 01:08,WATCHLIST,2026-10-04T03:00:00Z,tennis_wta_china_open,the-odds-api,tennis,Ekaterina Alexandrova,Diana Shnaider,Player 2 Win,Diana Shnaider,0.7189003037862035,1.45,0.6897,0.0424,Forte,SAFE PICK,True,93.7,2 - SAFE PICK,,DANGEROUS_OPPONENT|BOOST|GLOBAL_BOOST,BASELINE,MEGA 74%/3% | SAFE 67%/1% | VALUE 62%/3%,WATCHLIST,watchlist prudente,Value positive 4.2% | Proba IA 71.9% | Learning DANGEROUS_OPPONENT|BOOST|GLOBAL_BOOST | Source the-odds-api,,,,,,,,NO BET,7.43,0.2692,0.0942,0.0,1519.86,1640.76,-120.9,,,,NO DRAW SPORT,2-0,43.77,2-1,22.47,,,SET SCORE ESTIMATION,Tennis : aucun buteur,,,,,2-0 43.77% | 2-1 22.47%,66.37,0.25,0.667,-0.0395,207.23
03/10/2026 01:08,NO BET,2026-10-04T03:00:00Z,tennis_wta_china_open,the-odds-api,tennis,Ekaterina Alexandrova,Diana Shnaider,Player 1 Win,Ekaterina Alexandrova,0.32862773548680924,3.0,0.3333,-0.0141,A EVITER,NO BET,False,63.03,5 - WATCHLIST,,BOOST|GLOBAL_BOOST,BASELINE,MEGA 74%/3% | SAFE 67%/1% | VALUE 62%/3%,REFUSE,value negative,Value negative ou nulle | Proba IA 32.9% | Learning BOOST|GLOBAL_BOOST | Source the-odds-api,,,,,,,,NO BET,7.43,0.0,0.0,0.0,1519.86,1640.76,-120.9,,,,NO DRAW SPORT,2-1,19.98,2-0,10.29,,,SET SCORE ESTIMATION,Tennis : aucun buteur,,,,,2-1 19.98% | 2-0 10.29%,41.19,0.25,0.667,-0.0917,116.29
03/10/2026 01:08,WATCHLIST,2026-10-04T03:00:00Z,tennis_wta_china_open,the-odds-api,tennis,Karolina Muchova,Liudmila Samsonova,Player 1 Win,Karolina Muchova,0.7408232901033552,1.3,0.7692,-0.0369,Forte,FAVORI SOLIDE,True,77.68,2B - FAVORI SOLIDE,,LOW_VALUE_FAVORITE|DANGEROUS_OPPONENT|BOOST|GLOBAL_BOOST,BASELINE,MEGA 74%/3% | SAFE 67%/1% | VALUE 62%/3%,WATCHLIST,value negative,Value negative ou nulle | Proba IA 74.1% | Learning LOW_VALUE_FAVORITE|DANGEROUS_OPPONENT|BOOST|GLOBAL_BOOST | Source the-odds-api,,,,,,,,NO BET,7.43,0.2692,0.0,0.0,1741.64,1492.4,249.24,,,,NO DRAW SPORT,2-0,45.73,2-1,22.53,,,SET SCORE ESTIMATION,Tennis : aucun buteur,,,,,2-0 45.73% | 2-1 22.53%,67.78,0.667,0.25,-0.1127,166.82
03/10/2026 01:08,NO BET,2026-10-04T03:00:00Z,tennis_wta_china_open,the-odds-api,tennis,Karolina Muchova,Liudmila Samsonova,Player 2 Win,Liudmila Samsonova,0.24679639052080718,3.75,0.2667,-0.0745,A EVITER,NO BET,False,49.65,6 - NO BET,,BOOST|GLOBAL_BOOST,BASELINE,MEGA 74%/3% | SAFE 67%/1% | VALUE 62%/3%,REFUSE,cote trop haute,Value negative ou nulle | Proba IA 24.7% | Learning BOOST|GLOBAL_BOOST | Source the-odds-api,,,,,,,,NO BET,7.43,0.0,0.0,0.0,1741.64,1492.4,249.24,,,,NO DRAW SPORT,2-1,15.01,2-0,7.73,,,SET SCORE ESTIMATION,Tennis : aucun buteur,,,,,2-1 15.01% | 2-0 7.73%,35.92,0.667,0.25,-0.1472,90.76
03/10/2026 01:08,WATCHLIST,2026-10-04T03:00:00Z,tennis_wta_china_open,the-odds-api,tennis,Linda Noskova,Viktorija Golubic,Player 2 Win,Viktorija Golubic,0.195353343420164,6.0,0.1667,0.1721,A EVITER,WATCHLIST,False,65.85,5 - WATCHLIST,,BOOST|GLOBAL_BOOST,BASELINE,MEGA 74%/3% | SAFE 67%/1% | VALUE 62%/3%,WATCHLIST,cote trop haute,Value positive 17.2% | Proba IA 19.5% | Learning BOOST|GLOBAL_BOOST | Source the-odds-api,,,,,,,,NO BET,7.43,0.0,0.0,0.0,1673.55,1492.41,181.14,,,,NO DRAW SPORT,2-1,11.88,2-0,6.12,,,SET SCORE ESTIMATION,Tennis : aucun buteur,,,,,2-1 11.88% | 2-0 6.12%,39.4,0.667,0.417,0.08,185.14
03/10/2026 01:08,WATCHLIST,2026-10-04T03:00:00Z,tennis_wta_china_open,the-odds-api,tennis,Linda Noskova,Viktorija Golubic,Player 1 Win,Linda Noskova,0.8276469982900948,1.14,0.8772,-0.0565,Elite,FAVORI SOLIDE,True,79.81,2B - FAVORI SOLIDE,,LOW_VALUE_FAVORITE|BOOST|GLOBAL_BOOST,BASELINE,MEGA 74%/3% | SAFE 67%/1% | VALUE 62%/3%,WATCHLIST,value negative,Value negative ou nulle | Proba IA 82.8% | Learning LOW_VALUE_FAVORITE|BOOST|GLOBAL_BOOST | Source the-odds-api,,,,,,,,NO BET,7.43,0.2692,0.0,0.0,1673.55,1492.41,181.14,,,,NO DRAW SPORT,2-0,54.24,2-1,22.02,,,SET SCORE ESTIMATION,Tennis : aucun buteur,,,,,2-0 54.24% | 2-1 22.02%,73.38,0.667,0.417,-0.1306,176.05
03/10/2026 01:08,MEGA VALUE,2026-10-04T03:00:00Z,tennis_wta_china_open,the-odds-api,tennis,Nikola Bartunkova,Aryna Sabalenka,Player 2 Win,Aryna Sabalenka,0.8728999999999999,1.2,0.8333,0.0475,Elite,MEGA VALUE,True,94.58,1 - MEGA VALUE,,GLOBAL_BOOST,BASELINE,MEGA 74%/3% | SAFE 67%/1% | VALUE 62%/3%,JOUABLE,ok,Value positive 4.8% | Proba IA 87.3% | Mode MEGA VALUE | Learning GLOBAL_BOOST | Source the-odds-api,,,,,,,,VALUE BET,7.43,0.4038,0.22,3.0,1538.75,1896.04,-357.29,,,,NO DRAW SPORT,2-0,61.92,2-1,24.08,,,SET SCORE ESTIMATION,Tennis : aucun buteur,,,,,2-0 61.92% | 2-1 24.08%,80.42,0.583,0.75,0.032,221.5
03/10/2026 01:08,NO BET,2026-10-04T03:00:00Z,tennis_wta_china_open,the-odds-api,tennis,Nikola Bartunkova,Aryna Sabalenka,Player 1 Win,Nikola Bartunkova,0.15194148932679424,5.5,0.1818,-0.1643,A EVITER,NO BET,False,32.73,6 - NO BET,,BOOST|GLOBAL_BOOST,BASELINE,MEGA 74%/3% | SAFE 67%/1% | VALUE 62%/3%,REFUSE,cote trop haute,Value negative ou nulle | Proba IA 15.2% | Learning BOOST|GLOBAL_BOOST | Source the-odds-api,,,,,,,,NO BET,7.43,0.0,0.0,0.0,1538.75,1896.04,-357.29,,,,NO DRAW SPORT,2-1,9.24,2-0,4.76,,,SET SCORE ESTIMATION,Tennis : aucun buteur,,,,,2-1 9.24% | 2-0 4.76%,27.3,0.583,0.75,-0.23,59.08
03/10/2026 01:08,WATCHLIST,2026-10-04T03:00:00Z,tennis_wta_china_open,the-odds-api,tennis,Polina Kudermetova,Mirra Andreeva,Player 1 Win,Polina Kudermetova,0.15194148932679424,9.5,0.1053,0.4434,A EVITER,WATCHLIST,False,71.2,5 - WATCHLIST,,BOOST|GLOBAL_BOOST,BASELINE,MEGA 74%/3% | SAFE 67%/1% | VALUE 62%/3%,WATCHLIST,cote trop haute,Value positive 44.3% | Proba IA 15.2% | Learning BOOST|GLOBAL_BOOST | Source the-odds-api,,,,,,,,NO BET,7.43,0.0,0.0,0.0,1428.09,1803.12,-375.03,,,,NO DRAW SPORT,2-1,9.24,2-0,4.76,,,SET SCORE ESTIMATION,Tennis : aucun buteur,,,,,2-1 9.24% | 2-0 4.76%,57.85,0.333,0.917,0.33,306.69
03/10/2026 01:08,WATCHLIST,2026-10-04T03:00:00Z,tennis_wta_china_open,the-odds-api,tennis,Polina Kudermetova,Mirra Andreeva,Player 2 Win,Mirra Andreeva,0.8680200225969287,1.08,0.9259,-0.0625,Elite,FAVORI SOLIDE,True,81.14,2B - FAVORI SOLIDE,,LOW_VALUE_FAVORITE|BOOST|GLOBAL_BOOST,BASELINE,MEGA 74%/3% | SAFE 67%/1% | VALUE 62%/3%,WATCHLIST,value negative,Value negative ou nulle | Proba IA 86.8% | Learning LOW_VALUE_FAVORITE|BOOST|GLOBAL_BOOST | Source the-odds-api,,,,,,,,NO BET,7.43,0.2692,0.0,0.0,1428.09,1803.12,-375.03,,,,NO DRAW SPORT,2-0,57.59,2-1,22.39,,,SET SCORE ESTIMATION,Tennis : aucun buteur,,,,,2-0 57.59% | 2-1 22.39%,75.99,0.333,0.917,-0.1362,180.85
03/10/2026 01:08,WATCHLIST,2026-10-04T03:00:00Z,tennis_wta_china_open,the-odds-api,tennis,Sara Bejlek,Naomi Osaka,Player 2 Win,Naomi Osaka,0.7109776404141636,1.33,0.7519,-0.0544,Forte,FAVORI SOLIDE,True,74.17,2B - FAVORI SOLIDE,,LOW_VALUE_FAVORITE|DANGEROUS_OPPONENT|BOOST|GLOBAL_BOOST,BASELINE,MEGA 74%/3% | SAFE 67%/1% | VALUE 62%/3%,WATCHLIST,value negative,Value negative ou nulle | Proba IA 71.1% | Learning LOW_VALUE_FAVORITE|DANGEROUS_OPPONENT|BOOST|GLOBAL_BOOST | Source the-odds-api,,,,,,,,NO BET,7.43,0.2692,0.0,0.0,1522.33,1663.66,-141.33,,,,NO DRAW SPORT,2-0,42.25,2-1,23.27,,,SET SCORE ESTIMATION,Tennis : aucun buteur,,,,,2-0 42.25% | 2-1 23.27%,65.86,0.5,0.667,-0.1287,159.54
03/10/2026 01:08,WATCHLIST,2026-10-04T03:00:00Z,tennis_wta_china_open,the-odds-api,tennis,Sara Bejlek,Naomi Osaka,Player 1 Win,Sara Bejlek,0.2805491070784022,3.6,0.2778,0.01,A EVITER,WATCHLIST,False,60.78,5 - WATCHLIST,,BOOST|GLOBAL_BOOST,BASELINE,MEGA 74%/3% | SAFE 67%/1% | VALUE 62%/3%,WATCHLIST,cote trop haute,Value positive 1.0% | Proba IA 28.1% | Learning BOOST|GLOBAL_BOOST | Source the-odds-api,,,,,,,,NO BET,7.43,0.0,0.0,0.0,1522.33,1663.66,-141.33,,,,NO DRAW SPORT,2-1,17.06,2-0,8.79,,,SET SCORE ESTIMATION,Tennis : aucun buteur,,,,,2-1 17.06% | 2-0 8.79%,38.09,0.5,0.667,-0.0695,113.88
03/10/2026 01:08,WATCHLIST,2026-10-04T03:00:00Z,tennis_wta_china_open,the-odds-api,tennis,Sinja Kraus,Dayana Yastremska,Player 1 Win,Sinja Kraus,0.38821050522995926,3.0,0.3333,0.1646,A EVITER,WATCHLIST,False,86.47,5 - WATCHLIST,,BOOST|GLOBAL_BOOST,BASELINE,MEGA 74%/3% | SAFE 67%/1% | VALUE 62%/3%,WATCHLIST,proba trop basse,Value positive 16.5% | Proba IA 38.8% | Learning BOOST|GLOBAL_BOOST | Source the-odds-api,,,,,,,,NO BET,7.43,0.0,0.0,0.0,1473.26,1485.09,-11.83,,,,NO DRAW SPORT,2-1,21.81,2-0,13.96,,,SET SCORE ESTIMATION,Tennis : aucun buteur,,,,,2-1 21.81% | 2-0 13.96%,47.92,0.333,0.333,0.0731,225.94
03/10/2026 01:08,WATCHLIST,2026-10-04T03:00:00Z,tennis_wta_china_open,the-odds-api,tennis,Sinja Kraus,Dayana Yastremska,Player 2 Win,Dayana Yastremska,0.6970858471042852,1.4,0.7143,-0.0241,Forte,FAVORI SOLIDE,True,84.52,2B - FAVORI SOLIDE,,BOOST|GLOBAL_BOOST,BASELINE,MEGA 74%/3% | SAFE 67%/1% | VALUE 62%/3%,WATCHLIST,value negative,Value negative ou nulle | Proba IA 69.7% | Learning BOOST|GLOBAL_BOOST | Source the-odds-api,,,,,,,,NO BET,7.43,0.2692,0.0,0.0,1473.26,1485.09,-11.83,,,,NO DRAW SPORT,2-0,36.81,2-1,27.42,,,SET SCORE ESTIMATION,Tennis : aucun buteur,,,,,2-0 36.81% | 2-1 27.42%,61.63,0.333,0.333,-0.1008,173.89
03/10/2026 01:08,WATCHLIST,2026-10-04T12:00:00Z,soccer_spain_segunda_division,the-odds-api,football,Real Sociedad B,Granada CF,Draw,Draw,0.3387209915635177,3.4,0.2941,0.1517,A EVITER,NUL POSSIBLE,True,78.52,3B - NUL POSSIBLE,NUL SERRE,BOOST|GLOBAL_BOOST,+1.2% (179 obs),MEGA 70%/3% | SAFE 63%/1% | VALUE 58%/3%,WATCHLIST,cote trop haute,Value positive 15.2% | Proba IA 33.9% | NUL SERRE | Learning BOOST|GLOBAL_BOOST | Calibration +1.2% (179 obs) | Source the-odds-api,0.5,0.5,1.2,1.1,1.2,1.2,0,NO BET,7.43,0.1346,0.0632,0.0,1500.0,1500.0,65.0,1.317,1.074,0.2829,DRAW POSSIBLE - tight 66%,1-1,14.47,1-0,13.04,0-1,10.39,SCORE POISSON + FORME - confiance 78%,A recalculer via player_scorers,0.4231,0.5769,0.4835,0.5165,"[('1-1', 0.1447), ('1-0', 0.1304), ('0-1', 0.1039), ('2-1', 0.0971), ('2-0', 0.0886), ('1-2', 0.0763), ('0-0', 0.0715), ('0-2', 0.0575), ('2-2', 0.0384), ('3-1', 0.0336), ('1-3', 0.0226), ('3-0', 0.022)]",0.0,0.0,0.0,0.0,205.13
03/10/2026 01:08,NO BET,2026-10-04T12:00:00Z,soccer_spain_segunda_division,the-odds-api,football,Real Sociedad B,Granada CF,Away Win,Granada CF,0.3307087912424101,2.78,0.3597,-0.0806,A EVITER,NO BET,False,55.47,5 - WATCHLIST,OK,BOOST|GLOBAL_BOOST,-4.1% (61 obs),MEGA 70%/3% | SAFE 63%/1% | VALUE 58%/3%,REFUSE,value negative,Value negative ou nulle | Proba IA 33.1% | Learning BOOST|GLOBAL_BOOST | Calibration -4.1% (61 obs) | Source the-odds-api,0.5,0.5,1.2,1.1,1.2,1.2,0,NO BET,7.43,0.0,0.0,0.0,1500.0,1500.0,65.0,1.317,1.074,0.2829,NO DRAW SIGNAL,1-1,14.47,1-0,13.04,0-1,10.39,SCORE POISSON + FORME - confiance 78%,A recalculer via player_scorers,0.4231,0.5769,0.4835,0.5165,"[('1-1', 0.1447), ('1-0', 0.1304), ('0-1', 0.1039), ('2-1', 0.0971), ('2-0', 0.0886), ('1-2', 0.0763), ('0-0', 0.0715), ('0-2', 0.0575), ('2-2', 0.0384), ('3-1', 0.0336), ('1-3', 0.0226), ('3-0', 0.022)]",0.0,0.0,0.0,0.0,105.25
03/10/2026 01:08,NO BET,2026-10-04T12:00:00Z,soccer_spain_segunda_division,the-odds-api,football,Real Sociedad B,Granada CF,Home Win,Real Sociedad B,0.33557363214174835,2.66,0.3759,-0.1074,A EVITER,NO BET,False,53.44,6 - NO BET,MARCHE JUSTE,BOOST|GLOBAL_BOOST,-6.0% (36 obs),MEGA 70%/3% | SAFE 63%/1% | VALUE 58%/3%,REFUSE,value negative,Value negative ou nulle | Proba IA 33.6% | MARCHE JUSTE | Learning BOOST|GLOBAL_BOOST | Calibration -6.0% (36 obs) | Source the-odds-api,0.5,0.5,1.2,1.1,1.2,1.2,0,NO BET,7.43,0.0,0.0,0.0,1500.0,1500.0,65.0,1.317,1.074,0.2829,NO DRAW SIGNAL,1-1,14.47,1-0,13.04,0-1,10.39,SCORE POISSON + FORME - confiance 78%,A recalculer via player_scorers,0.4231,0.5769,0.4835,0.5165,"[('1-1', 0.1447), ('1-0', 0.1304), ('0-1', 0.1039), ('2-1', 0.0971), ('2-0', 0.0886), ('1-2', 0.0763), ('0-0', 0.0715), ('0-2', 0.0575), ('2-2', 0.0384), ('3-1', 0.0336), ('1-3', 0.0226), ('3-0', 0.022)]",0.0,0.0,0.0,0.0,102.58
03/10/2026 01:08,WATCHLIST,2026-10-04T13:00:00Z,soccer_uefa_nations_league,the-odds-api,football,Azerbaijan,Lithuania,Home Win,Azerbaijan,0.5152987080882993,2.36,0.4237,0.2161,Faible,WATCHLIST,False,97.34,5 - WATCHLIST,OK,BOOST|GLOBAL_BOOST,+3.9% (57 obs),MEGA 70%/3% | SAFE 63%/1% | VALUE 58%/3%,WATCHLIST,proba trop basse,Value positive 21.6% | Proba IA 51.5% | Learning BOOST|GLOBAL_BOOST | Calibration +3.9% (57 obs) | Source the-odds-api,0.5,0.5,1.2,1.1,1.2,1.2,0,NO BET,7.43,0.0,0.0,0.0,1500.0,1500.0,65.0,1.485,0.924,0.2588,NO DRAW SIGNAL,1-0,14.49,1-1,13.55,2-0,10.56,SCORE POISSON + FORME - confiance 75%,A recalculer via player_scorers,0.4323,0.5677,0.4656,0.5344,"[('1-0', 0.1449), ('1-1', 0.1355), ('2-0', 0.1056), ('2-1', 0.105), ('0-1', 0.0941), ('0-0', 0.0685), ('1-2', 0.0679), ('0-2', 0.0466), ('3-1', 0.0382), ('2-2', 0.0362), ('3-0', 0.026), ('1-3', 0.0188)]",0.0,0.0,0.0,0.0,273.06
03/10/2026 01:08,WATCHLIST,2026-10-04T13:00:00Z,soccer_uefa_nations_league,the-odds-api,football,Azerbaijan,Lithuania,Away Win,Lithuania,0.357393569570246,3.45,0.2899,0.233,A EVITER,WATCHLIST,False,91.16,5 - WATCHLIST,MARCHE JUSTE,BOOST|GLOBAL_BOOST,+4.0% (64 obs),MEGA 70%/3% | SAFE 63%/1% | VALUE 58%/3%,WATCHLIST,cote trop haute,Value positive 23.3% | Proba IA 35.7% | MARCHE JUSTE | Learning BOOST|GLOBAL_BOOST | Calibration +4.0% (64 obs) | Source the-odds-api,0.5,0.5,1.2,1.1,1.2,1.2,0,NO BET,7.43,0.0,0.0,0.0,1500.0,1500.0,65.0,1.485,0.924,0.2588,NO DRAW SIGNAL,1-0,14.49,1-1,13.55,2-0,10.56,SCORE POISSON + FORME - confiance 75%,A recalculer via player_scorers,0.4323,0.5677,0.4656,0.5344,"[('1-0', 0.1449), ('1-1', 0.1355), ('2-0', 0.1056), ('2-1', 0.105), ('0-1', 0.0941), ('0-0', 0.0685), ('1-2', 0.0679), ('0-2', 0.0466), ('3-1', 0.0382), ('2-2', 0.0362), ('3-0', 0.026), ('1-3', 0.0188)]",0.0,0.0,0.0,0.0,260.13
03/10/2026 01:08,WATCHLIST,2026-10-04T13:00:00Z,soccer_uefa_nations_league,the-odds-api,football,Azerbaijan,Lithuania,Draw,Draw,0.32895332439250946,3.2,0.3125,0.0527,A EVITER,NUL POSSIBLE,True,66.72,3B - NUL POSSIBLE,MARCHE JUSTE,BOOST|GLOBAL_BOOST,+1.2% (179 obs),MEGA 70%/3% | SAFE 63%/1% | VALUE 58%/3%,WATCHLIST,cote trop haute,Value positive 5.3% | Proba IA 32.9% | MARCHE JUSTE | Learning BOOST|GLOBAL_BOOST | Calibration +1.2% (179 obs) | Source the-odds-api,0.5,0.5,1.2,1.1,1.2,1.2,0,NO BET,7.43,0.1346,0.0239,0.0,1500.0,1500.0,65.0,1.485,0.924,0.2588,DRAW POSSIBLE - tight 29%,1-0,14.49,1-1,13.55,2-0,10.56,SCORE POISSON + FORME - confiance 75%,A recalculer via player_scorers,0.4323,0.5677,0.4656,0.5344,"[('1-0', 0.1449), ('1-1', 0.1355), ('2-0', 0.1056), ('2-1', 0.105), ('0-1', 0.0941), ('0-0', 0.0685), ('1-2', 0.0679), ('0-2', 0.0466), ('3-1', 0.0382), ('2-2', 0.0362), ('3-0', 0.026), ('1-3', 0.0188)]",0.0,0.0,0.0,0.0,144.41
03/10/2026 01:08,WATCHLIST,2026-10-04T14:15:00Z,soccer_spain_segunda_division,the-odds-api,football,Sporting Gijón,Celta Fortuna,Home Win,Sporting Gijón,0.7031919999999999,1.59,0.6289,0.1181,Forte,MEGA VALUE,True,98.96,1 - MEGA VALUE,OK,GLOBAL_BOOST,+4.0% (19 obs),MEGA 70%/3% | SAFE 63%/1% | VALUE 58%/3%,WATCHLIST,watchlist prudente,Value positive 11.8% | Proba IA 70.3% | Learning GLOBAL_BOOST | Calibration +4.0% (19 obs) | Source the-odds-api,0.5,0.5,1.2,1.1,1.2,1.2,0,NO BET,7.43,0.4038,0.2001,0.0,1500.0,1500.0,65.0,2.024,0.546,0.1475,NO DRAW SIGNAL,2-0,19.65,1-0,17.79,2-1,10.21,SCORE POISSON + FORME - confiance 78%,A recalculer via player_scorers,0.5097,0.4903,0.3472,0.6528,"[('2-0', 0.1965), ('1-0', 0.1779), ('2-1', 0.1021), ('1-1', 0.0883), ('3-0', 0.0859), ('0-1', 0.0539), ('0-0', 0.0534), ('3-1', 0.0511), ('1-2', 0.0323), ('4-0', 0.0319), ('2-2', 0.0189), ('4-1', 0.0189)]",0.0,0.0,0.0,0.0,246.46
03/10/2026 01:08,WATCHLIST,2026-10-04T14:15:00Z,soccer_spain_segunda_division,the-odds-api,football,Sporting Gijón,Celta Fortuna,Away Win,Celta Fortuna,0.19762701214589543,6.2,0.1613,0.2253,A EVITER,WATCHLIST,False,71.45,5 - WATCHLIST,COTE HAUTE,BOOST|GLOBAL_BOOST,+3.2% (24 obs),MEGA 70%/3% | SAFE 63%/1% | VALUE 58%/3%,WATCHLIST,cote trop haute,Value positive 22.5% | Proba IA 19.8% | COTE HAUTE | Learning BOOST|GLOBAL_BOOST | Calibration +3.2% (24 obs) | Source the-odds-api,0.5,0.5,1.2,1.1,1.2,1.2,0,NO BET,7.43,0.0,0.0,0.0,1500.0,1500.0,65.0,2.024,0.546,0.1475,NO DRAW SIGNAL,2-0,19.65,1-0,17.79,2-1,10.21,SCORE POISSON + FORME - confiance 78%,A recalculer via player_scorers,0.5097,0.4903,0.3472,0.6528,"[('2-0', 0.1965), ('1-0', 0.1779), ('2-1', 0.1021), ('1-1', 0.0883), ('3-0', 0.0859), ('0-1', 0.0539), ('0-0', 0.0534), ('3-1', 0.0511), ('1-2', 0.0323), ('4-0', 0.0319), ('2-2', 0.0189), ('4-1', 0.0189)]",0.0,0.0,0.0,0.0,216.45
03/10/2026 01:08,WATCHLIST,2026-10-04T14:15:00Z,soccer_spain_segunda_division,the-odds-api,football,Sporting Gijón,Celta Fortuna,Draw,Draw,0.26383554325245484,4.2,0.2381,0.1081,A EVITER,WATCHLIST,False,57.36,5 - WATCHLIST,DRAW RISQUE,BOOST|GLOBAL_BOOST,+3.7% (114 obs),MEGA 70%/3% | SAFE 63%/1% | VALUE 58%/3%,WATCHLIST,cote trop haute,Value positive 10.8% | Proba IA 26.4% | DRAW RISQUE | Learning BOOST|GLOBAL_BOOST | Calibration +3.7% (114 obs) | Source the-odds-api,0.5,0.5,1.2,1.1,1.2,1.2,0,NO BET,7.43,0.0,0.0,0.0,1500.0,1500.0,65.0,2.024,0.546,0.1475,NO DRAW SIGNAL,2-0,19.65,1-0,17.79,2-1,10.21,SCORE POISSON + FORME - confiance 78%,A recalculer via player_scorers,0.5097,0.4903,0.3472,0.6528,"[('2-0', 0.1965), ('1-0', 0.1779), ('2-1', 0.1021), ('1-1', 0.0883), ('3-0', 0.0859), ('0-1', 0.0539), ('0-0', 0.0534), ('3-1', 0.0511), ('1-2', 0.0323), ('4-0', 0.0319), ('2-2', 0.0189), ('4-1', 0.0189)]",0.0,0.0,0.0,0.0,149.85
03/10/2026 01:08,WATCHLIST,2026-10-04T16:00:00Z,soccer_uefa_nations_league,the-odds-api,football,Kosovo,Austria,Draw,Draw,0.30464268610022244,3.8,0.2632,0.1576,A EVITER,NUL POSSIBLE,True,74.77,3B - NUL POSSIBLE,MARCHE JUSTE,BOOST|GLOBAL_BOOST,+1.2% (179 obs),MEGA 70%/3% | SAFE 63%/1% | VALUE 58%/3%,WATCHLIST,cote trop haute,Value positive 15.8% | Proba IA 30.5% | MARCHE JUSTE | Learning BOOST|GLOBAL_BOOST | Calibration +1.2% (179 obs) | Source the-odds-api,0.5,0.5,1.2,1.1,1.2,1.2,0,NO BET,7.43,0.1346,0.0563,0.0,1500.0,1500.0,65.0,1.051,1.308,0.2841,NO DRAW SIGNAL,1-1,14.44,0-1,12.42,1-0,11.31,SCORE POISSON + FORME - confiance 78%,A recalculer via player_scorers,0.415,0.585,0.476,0.524,"[('1-1', 0.1444), ('0-1', 0.1242), ('1-0', 0.1131), ('1-2', 0.0886), ('2-1', 0.0833), ('0-2', 0.0795), ('0-0', 0.0728), ('2-0', 0.0669), ('2-2', 0.0376), ('1-3', 0.0289), ('3-1', 0.0264), ('3-0', 0.0177)]",0.0,0.0,0.0,0.0,199.77
03/10/2026 01:08,WATCHLIST,2026-10-04T16:00:00Z,soccer_uefa_nations_league,the-odds-api,football,Kosovo,Austria,Home Win,Kosovo,0.32656567241737416,3.45,0.2899,0.1267,A EVITER,WATCHLIST,False,79.13,5 - WATCHLIST,MARCHE JUSTE,BOOST|GLOBAL_BOOST,+1.2% (35 obs),MEGA 70%/3% | SAFE 63%/1% | VALUE 58%/3%,WATCHLIST,cote trop haute,Value positive 12.7% | Proba IA 32.7% | MARCHE JUSTE | Learning BOOST|GLOBAL_BOOST | Calibration +1.2% (35 obs) | Source the-odds-api,0.5,0.5,1.2,1.1,1.2,1.2,0,NO BET,7.43,0.0,0.0,0.0,1500.0,1500.0,65.0,1.051,1.308,0.2841,NO DRAW SIGNAL,1-1,14.44,0-1,12.42,1-0,11.31,SCORE POISSON + FORME - confiance 78%,A recalculer via player_scorers,0.415,0.585,0.476,0.524,"[('1-1', 0.1444), ('0-1', 0.1242), ('1-0', 0.1131), ('1-2', 0.0886), ('2-1', 0.0833), ('0-2', 0.0795), ('0-0', 0.0728), ('2-0', 0.0669), ('2-2', 0.0376), ('1-3', 0.0289), ('3-1', 0.0264), ('3-0', 0.0177)]",0.0,0.0,0.0,0.0,194.43
03/10/2026 01:08,NO BET,2026-10-04T16:00:00Z,soccer_uefa_nations_league,the-odds-api,football,Kosovo,Austria,Away Win,Austria,0.43653560443998135,2.2,0.4545,-0.0396,A EVITER,NO BET,False,69.63,5 - WATCHLIST,MARCHE JUSTE,BOOST|GLOBAL_BOOST,-6.0% (21 obs),MEGA 70%/3% | SAFE 63%/1% | VALUE 58%/3%,REFUSE,value negative,Value negative ou nulle | Proba IA 43.7% | MARCHE JUSTE | Learning BOOST|GLOBAL_BOOST | Calibration -6.0% (21 obs) | Source the-odds-api,0.5,0.5,1.2,1.1,1.2,1.2,0,NO BET,7.43,0.0,0.0,0.0,1500.0,1500.0,65.0,1.051,1.308,0.2841,NO DRAW SIGNAL,1-1,14.44,0-1,12.42,1-0,11.31,SCORE POISSON + FORME - confiance 78%,A recalculer via player_scorers,0.415,0.585,0.476,0.524,"[('1-1', 0.1444), ('0-1', 0.1242), ('1-0', 0.1131), ('1-2', 0.0886), ('2-1', 0.0833), ('0-2', 0.0795), ('0-0', 0.0728), ('2-0', 0.0669), ('2-2', 0.0376), ('1-3', 0.0289), ('3-1', 0.0264), ('3-0', 0.0177)]",0.0,0.0,0.0,0.0,133.61
03/10/2026 01:08,WATCHLIST,2026-10-04T16:00:00Z,soccer_uefa_nations_league,the-odds-api,football,Malta,Andorra,Away Win,Andorra,0.18930227360772442,6.8,0.1471,0.2873,A EVITER,WATCHLIST,False,71.1,5 - WATCHLIST,COTE HAUTE,BOOST|GLOBAL_BOOST,+3.2% (24 obs),MEGA 70%/3% | SAFE 63%/1% | VALUE 58%/3%,WATCHLIST,cote trop haute,Value positive 28.7% | Proba IA 18.9% | COTE HAUTE | Learning BOOST|GLOBAL_BOOST | Calibration +3.2% (24 obs) | Source the-odds-api,0.5,0.5,1.2,1.1,1.2,1.2,0,NO BET,7.43,0.0,0.0,0.0,1500.0,1500.0,65.0,1.965,0.556,0.159,NO DRAW SIGNAL,2-0,19.69,1-0,18.33,2-1,10.4,SCORE POISSON + FORME - confiance 78%,A recalculer via player_scorers,0.4816,0.5184,0.353,0.647,"[('2-0', 0.1969), ('1-0', 0.1833), ('2-1', 0.104), ('1-1', 0.0922), ('3-0', 0.0752), ('0-1', 0.0576), ('0-0', 0.0564), ('3-1', 0.0507), ('1-2', 0.034), ('4-0', 0.0273), ('2-2', 0.0194), ('0-2', 0.0188)]",0.0,0.0,0.0,0.0,242.0
03/10/2026 01:08,WATCHLIST,2026-10-04T16:00:00Z,soccer_uefa_nations_league,the-odds-api,football,Malta,Andorra,Home Win,Malta,0.6443404443808409,1.7,0.5882,0.0954,Moyenne,SAFE PICK,True,93.88,2 - SAFE PICK,OK,BOOST|GLOBAL_BOOST,-2.9% (29 obs),MEGA 70%/3% | SAFE 63%/1% | VALUE 58%/3%,WATCHLIST,watchlist prudente,Value positive 9.5% | Proba IA 64.4% | Learning BOOST|GLOBAL_BOOST | Calibration -2.9% (29 obs) | Source the-odds-api,0.5,0.5,1.2,1.1,1.2,1.2,0,NO BET,7.43,0.2692,0.1363,0.0,1500.0,1500.0,65.0,1.965,0.556,0.159,NO DRAW SIGNAL,2-0,19.69,1-0,18.33,2-1,10.4,SCORE POISSON + FORME - confiance 78%,A recalculer via player_scorers,0.4816,0.5184,0.353,0.647,"[('2-0', 0.1969), ('1-0', 0.1833), ('2-1', 0.104), ('1-1', 0.0922), ('3-0', 0.0752), ('0-1', 0.0576), ('0-0', 0.0564), ('3-1', 0.0507), ('1-2', 0.034), ('4-0', 0.0273), ('2-2', 0.0194), ('0-2', 0.0188)]",0.0,0.0,0.0,0.0,225.06
03/10/2026 01:08,WATCHLIST,2026-10-04T16:00:00Z,soccer_uefa_nations_league,the-odds-api,football,Malta,Andorra,Draw,Draw,0.3041000379240553,3.5,0.2857,0.0644,A EVITER,NUL POSSIBLE,True,67.02,3B - NUL POSSIBLE,DRAW RISQUE,BOOST|GLOBAL_BOOST,+3.7% (114 obs),MEGA 70%/3% | SAFE 63%/1% | VALUE 58%/3%,WATCHLIST,cote trop haute,Value positive 6.4% | Proba IA 30.4% | DRAW RISQUE | Learning BOOST|GLOBAL_BOOST | Calibration +3.7% (114 obs) | Source the-odds-api,0.5,0.5,1.2,1.1,1.2,1.2,0,NO BET,7.43,0.1346,0.0257,0.0,1500.0,1500.0,65.0,1.965,0.556,0.159,NO DRAW SIGNAL,2-0,19.69,1-0,18.33,2-1,10.4,SCORE POISSON + FORME - confiance 78%,A recalculer via player_scorers,0.4816,0.5184,0.353,0.647,"[('2-0', 0.1969), ('1-0', 0.1833), ('2-1', 0.104), ('1-1', 0.0922), ('3-0', 0.0752), ('0-1', 0.0576), ('0-0', 0.0564), ('3-1', 0.0507), ('1-2', 0.034), ('4-0', 0.0273), ('2-2', 0.0194), ('0-2', 0.0188)]",0.0,0.0,0.0,0.0,148.15
03/10/2026 01:08,WATCHLIST,2026-10-04T16:30:00Z,soccer_spain_segunda_division,the-odds-api,football,CD Castellón,AD Ceuta FC,Draw,Draw,0.17701183506571527,7.2,0.1389,0.2745,A EVITER,WATCHLIST,False,66.58,5 - WATCHLIST,DRAW RISQUE,BOOST|GLOBAL_BOOST,+4.0% (36 obs),MEGA 70%/3% | SAFE 63%/1% | VALUE 58%/3%,WATCHLIST,cote trop haute,Value positive 27.5% | Proba IA 17.7% | DRAW RISQUE | Learning BOOST|GLOBAL_BOOST | Calibration +4.0% (36 obs) | Source the-odds-api,0.5,0.5,1.2,1.1,1.2,1.2,0,NO BET,7.43,0.0,0.0,0.0,1500.0,1500.0,65.0,2.806,0.25,0.0633,NO DRAW SIGNAL,2-0,22.12,3-0,21.19,4-0,13.63,SCORE POISSON + FORME - confiance 75%,A recalculer via player_scorers,0.6291,0.3709,0.1964,0.8036,"[('2-0', 0.2212), ('3-0', 0.2119), ('4-0', 0.1363), ('1-0', 0.0953), ('5-0', 0.0529), ('3-1', 0.046), ('2-1', 0.0458), ('1-1', 0.0262), ('4-1', 0.0248), ('6-0', 0.0247), ('0-0', 0.0219), ('0-1', 0.0155)]",0.0,0.0,0.0,0.0,228.96
03/10/2026 01:08,WATCHLIST,2026-10-04T16:30:00Z,soccer_spain_segunda_division,the-odds-api,football,CD Castellón,AD Ceuta FC,Home Win,CD Castellón,0.8173366829429195,1.25,0.8,0.0217,Elite,SAFE PICK,True,84.67,2 - SAFE PICK,OK,BOOST|GLOBAL_BOOST,-6.0% (16 obs),MEGA 70%/3% | SAFE 63%/1% | VALUE 58%/3%,WATCHLIST,watchlist prudente,Value positive 2.2% | Proba IA 81.7% | Learning BOOST|GLOBAL_BOOST | Calibration -6.0% (16 obs) | Source the-odds-api,0.5,0.5,1.2,1.1,1.2,1.2,0,NO BET,7.43,0.2692,0.0867,0.0,1500.0,1500.0,65.0,2.806,0.25,0.0633,NO DRAW SIGNAL,2-0,22.12,3-0,21.19,4-0,13.63,SCORE POISSON + FORME - confiance 75%,A recalculer via player_scorers,0.6291,0.3709,0.1964,0.8036,"[('2-0', 0.2212), ('3-0', 0.2119), ('4-0', 0.1363), ('1-0', 0.0953), ('5-0', 0.0529), ('3-1', 0.046), ('2-1', 0.0458), ('1-1', 0.0262), ('4-1', 0.0248), ('6-0', 0.0247), ('0-0', 0.0219), ('0-1', 0.0155)]",0.0,0.0,0.0,0.0,191.84
03/10/2026 01:08,NO BET,2026-10-04T16:30:00Z,soccer_spain_segunda_division,the-odds-api,football,CD Castellón,AD Ceuta FC,Away Win,AD Ceuta FC,0.07058922130312133,12.5,0.08,-0.1176,A EVITER,NO BET,False,29.31,6 - NO BET,COTE HAUTE,BOOST|GLOBAL_BOOST,-0.2% (13 obs),MEGA 70%/3% | SAFE 63%/1% | VALUE 58%/3%,REFUSE,cote trop haute,Value negative ou nulle | Proba IA 7.1% | COTE HAUTE | Learning BOOST|GLOBAL_BOOST | Calibration -0.2% (13 obs) | Source the-odds-api,0.5,0.5,1.2,1.1,1.2,1.2,0,NO BET,7.43,0.0,0.0,0.0,1500.0,1500.0,65.0,2.806,0.25,0.0633,NO DRAW SIGNAL,2-0,22.12,3-0,21.19,4-0,13.63,SCORE POISSON + FORME - confiance 75%,A recalculer via player_scorers,0.6291,0.3709,0.1964,0.8036,"[('2-0', 0.2212), ('3-0', 0.2119), ('4-0', 0.1363), ('1-0', 0.0953), ('5-0', 0.0529), ('3-1', 0.046), ('2-1', 0.0458), ('1-1', 0.0262), ('4-1', 0.0248), ('6-0', 0.0247), ('0-0', 0.0219), ('0-1', 0.0155)]",0.0,0.0,0.0,0.0,48.32
03/10/2026 01:08,WATCHLIST,2026-10-04T16:30:00Z,soccer_spain_segunda_division,the-odds-api,football,Las Palmas,Real Valladolid CF,Draw,Draw,0.33351156907231333,3.45,0.2899,0.1506,A EVITER,NUL POSSIBLE,True,84.68,3B - NUL POSSIBLE,MARCHE JUSTE,BOOST|GLOBAL_BOOST,+1.2% (179 obs),MEGA 70%/3% | SAFE 63%/1% | VALUE 58%/3%,WATCHLIST,cote trop haute,Value positive 15.1% | Proba IA 33.4% | MARCHE JUSTE | Learning BOOST|GLOBAL_BOOST | Calibration +1.2% (179 obs) | Source the-odds-api,0.25,0.5,0.75,1.1,1.25,1.2,0.95,NO BET,7.43,0.1346,0.0615,0.0,1401.4,1500.0,-33.6,0.988,1.11,0.3258,DRAW POSSIBLE - tight 49%,1-1,15.19,0-1,13.32,1-0,12.97,SCORE POISSON + FORME - confiance 84%,A recalculer via player_scorers,0.3048,0.6952,0.4007,0.5993,"[('1-1', 0.1519), ('0-1', 0.1332), ('1-0', 0.1297), ('0-0', 0.1245), ('0-2', 0.0754), ('2-0', 0.073), ('2-1', 0.0727), ('1-2', 0.0701), ('2-2', 0.0228), ('3-1', 0.0191), ('3-0', 0.0172), ('1-3', 0.0161)]",0.0,0.0,0.0,0.0,213.44
03/10/2026 01:08,WATCHLIST,2026-10-04T16:30:00Z,soccer_spain_segunda_division,the-odds-api,football,Las Palmas,Real Valladolid CF,Away Win,Real Valladolid CF,0.3163400644504985,3.35,0.2985,0.0597,A EVITER,WATCHLIST,False,77.51,5 - WATCHLIST,OK,BOOST|GLOBAL_BOOST,-4.1% (61 obs),MEGA 70%/3% | SAFE 63%/1% | VALUE 58%/3%,WATCHLIST,cote trop haute,Value positive 6.0% | Proba IA 31.6% | Learning BOOST|GLOBAL_BOOST | Calibration -4.1% (61 obs) | Source the-odds-api,0.25,0.5,0.75,1.1,1.25,1.2,0.95,NO BET,7.43,0.0,0.0,0.0,1401.4,1500.0,-33.6,0.988,1.11,0.3258,NO DRAW SIGNAL,1-1,15.19,0-1,13.32,1-0,12.97,SCORE POISSON + FORME - confiance 84%,A recalculer via player_scorers,0.3048,0.6952,0.4007,0.5993,"[('1-1', 0.1519), ('0-1', 0.1332), ('1-0', 0.1297), ('0-0', 0.1245), ('0-2', 0.0754), ('2-0', 0.073), ('2-1', 0.0727), ('1-2', 0.0701), ('2-2', 0.0228), ('3-1', 0.0191), ('3-0', 0.0172), ('1-3', 0.0161)]",0.0,0.0,0.0,0.0,162.55
03/10/2026 01:08,NO BET,2026-10-04T16:30:00Z,soccer_spain_segunda_division,the-odds-api,football,Las Palmas,Real Valladolid CF,Home Win,Las Palmas,0.35445778867236427,2.26,0.4425,-0.1989,A EVITER,NO BET,False,65.74,5 - WATCHLIST,OK,BOOST|GLOBAL_BOOST,-6.0% (36 obs),MEGA 70%/3% | SAFE 63%/1% | VALUE 58%/3%,REFUSE,value negative,Value negative ou nulle | Proba IA 35.4% | Learning BOOST|GLOBAL_BOOST | Calibration -6.0% (36 obs) | Source the-odds-api,0.25,0.5,0.75,1.1,1.25,1.2,0.95,NO BET,7.43,0.0,0.0,0.0,1401.4,1500.0,-33.6,0.988,1.11,0.3258,NO DRAW SIGNAL,1-1,15.19,0-1,13.32,1-0,12.97,SCORE POISSON + FORME - confiance 84%,A recalculer via player_scorers,0.3048,0.6952,0.4007,0.5993,"[('1-1', 0.1519), ('0-1', 0.1332), ('1-0', 0.1297), ('0-0', 0.1245), ('0-2', 0.0754), ('2-0', 0.073), ('2-1', 0.0727), ('1-2', 0.0701), ('2-2', 0.0228), ('3-1', 0.0191), ('3-0', 0.0172), ('1-3', 0.0161)]",0.0,0.0,0.0,0.0,122.11
03/10/2026 01:08,WATCHLIST,2026-10-04T17:45:00Z,soccer_argentina_primera_division,the-odds-api,football,Atlético Huracán,Aldosivi Mar del Plata,Home Win,Atlético Huracán,0.6193786282771533,1.76,0.5682,0.0901,Moyenne,VALUE BET,True,92.23,3 - VALUE BET,OK,BOOST|GLOBAL_BOOST,-2.9% (29 obs),MEGA 70%/3% | SAFE 63%/1% | VALUE 58%/3%,WATCHLIST,watchlist prudente,Value positive 9.0% | Proba IA 61.9% | Learning BOOST|GLOBAL_BOOST | Calibration -2.9% (29 obs) | Source the-odds-api,0.5,0.5,1.2,1.1,1.2,1.2,0,NO BET,7.43,0.1346,0.1186,0.0,1500.0,1500.0,65.0,1.899,0.609,0.1691,NO DRAW SIGNAL,2-0,18.29,1-0,17.87,2-1,10.97,SCORE POISSON + FORME - confiance 71%,A recalculer via player_scorers,0.4777,0.5223,0.3738,0.6262,"[('2-0', 0.1829), ('1-0', 0.1787), ('2-1', 0.1097), ('1-1', 0.1034), ('0-1', 0.0669), ('0-0', 0.0595), ('3-1', 0.052), ('3-0', 0.0437), ('1-2', 0.0428), ('0-2', 0.0255), ('2-2', 0.0244), ('4-0', 0.0162)]",0.0,0.0,0.0,0.0,218.6
03/10/2026 01:08,WATCHLIST,2026-10-04T17:45:00Z,soccer_argentina_primera_division,the-odds-api,football,Atlético Huracán,Aldosivi Mar del Plata,Draw,Draw,0.30692180844012434,3.5,0.2857,0.0742,A EVITER,NUL POSSIBLE,True,68.28,3B - NUL POSSIBLE,DRAW RISQUE,BOOST|GLOBAL_BOOST,+3.7% (114 obs),MEGA 70%/3% | SAFE 63%/1% | VALUE 58%/3%,WATCHLIST,cote trop haute,Value positive 7.4% | Proba IA 30.7% | DRAW RISQUE | Learning BOOST|GLOBAL_BOOST | Calibration +3.7% (114 obs) | Source the-odds-api,0.5,0.5,1.2,1.1,1.2,1.2,0,NO BET,7.43,0.1346,0.0297,0.0,1500.0,1500.0,65.0,1.899,0.609,0.1691,NO DRAW SIGNAL,2-0,18.29,1-0,17.87,2-1,10.97,SCORE POISSON + FORME - confiance 71%,A recalculer via player_scorers,0.4777,0.5223,0.3738,0.6262,"[('2-0', 0.1829), ('1-0', 0.1787), ('2-1', 0.1097), ('1-1', 0.1034), ('0-1', 0.0669), ('0-0', 0.0595), ('3-1', 0.052), ('3-0', 0.0437), ('1-2', 0.0428), ('0-2', 0.0255), ('2-2', 0.0244), ('4-0', 0.0162)]",0.0,0.0,0.0,0.0,154.46
03/10/2026 01:08,NO BET,2026-10-04T17:45:00Z,soccer_argentina_primera_division,the-odds-api,football,Atlético Huracán,Aldosivi Mar del Plata,Away Win,Aldosivi Mar del Plata,0.14209074272001485,5.9,0.1695,-0.1617,A EVITER,NO BET,False,32.32,6 - NO BET,COTE HAUTE,BOOST|GLOBAL_BOOST,-3.0% (36 obs),MEGA 70%/3% | SAFE 63%/1% | VALUE 58%/3%,REFUSE,cote trop haute,Value negative ou nulle | Proba IA 14.2% | COTE HAUTE | Learning BOOST|GLOBAL_BOOST | Calibration -3.0% (36 obs) | Source the-odds-api,0.5,0.5,1.2,1.1,1.2,1.2,0,NO BET,7.43,0.0,0.0,0.0,1500.0,1500.0,65.0,1.899,0.609,0.1691,NO DRAW SIGNAL,2-0,18.29,1-0,17.87,2-1,10.97,SCORE POISSON + FORME - confiance 71%,A recalculer via player_scorers,0.4777,0.5223,0.3738,0.6262,"[('2-0', 0.1829), ('1-0', 0.1787), ('2-1', 0.1097), ('1-1', 0.1034), ('0-1', 0.0669), ('0-0', 0.0595), ('3-1', 0.052), ('3-0', 0.0437), ('1-2', 0.0428), ('0-2', 0.0255), ('2-2', 0.0244), ('4-0', 0.0162)]",0.0,0.0,0.0,0.0,57.78
03/10/2026 01:08,VALUE BET,2026-10-04T18:45:00Z,soccer_uefa_nations_league,the-odds-api,football,Greece,Germany,Away Win,Germany,0.6371275919556363,1.91,0.5236,0.2169,Moyenne,VALUE BET,True,100.0,3 - VALUE BET,MARCHE JUSTE,BOOST|GLOBAL_BOOST,+4.0% (17 obs),MEGA 70%/3% | SAFE 63%/1% | VALUE 58%/3%,JOUABLE,ok,Value positive 21.7% | Proba IA 63.7% | Mode VALUE BET | MARCHE JUSTE | Learning BOOST|GLOBAL_BOOST | Calibration +4.0% (17 obs) | Source the-odds-api,0.5,0.5,1.2,1.1,1.2,1.2,0,VALUE BET,7.43,0.1346,0.22,1.0,1500.0,1500.0,65.0,0.862,1.47,0.2612,NO DRAW SIGNAL,0-1,14.34,1-1,13.46,1-0,10.26,SCORE POISSON + FORME - confiance 75%,A recalculer via player_scorers,0.4121,0.5879,0.444,0.556,"[('0-1', 0.1434), ('1-1', 0.1346), ('1-0', 0.1026), ('0-2', 0.0997), ('1-2', 0.0954), ('2-1', 0.0724), ('0-0', 0.0721), ('2-0', 0.0546), ('2-2', 0.0343), ('1-3', 0.0331), ('3-1', 0.0219), ('0-3', 0.0212)]",0.0,0.0,0.0,0.0,285.87
03/10/2026 01:08,WATCHLIST,2026-10-04T18:45:00Z,soccer_uefa_nations_league,the-odds-api,football,Greece,Germany,Draw,Draw,0.2874950037333414,4.0,0.25,0.15,A EVITER,NUL POSSIBLE,True,73.17,3B - NUL POSSIBLE,MARCHE JUSTE,BOOST|GLOBAL_BOOST,+1.2% (179 obs),MEGA 70%/3% | SAFE 63%/1% | VALUE 58%/3%,WATCHLIST,cote trop haute,Value positive 15.0% | Proba IA 28.7% | MARCHE JUSTE | Learning BOOST|GLOBAL_BOOST | Calibration +1.2% (179 obs) | Source the-odds-api,0.5,0.5,1.2,1.1,1.2,1.2,0,NO BET,7.43,0.1346,0.05,0.0,1500.0,1500.0,65.0,0.862,1.47,0.2612,NO DRAW SIGNAL,0-1,14.34,1-1,13.46,1-0,10.26,SCORE POISSON + FORME - confiance 75%,A recalculer via player_scorers,0.4121,0.5879,0.444,0.556,"[('0-1', 0.1434), ('1-1', 0.1346), ('1-0', 0.1026), ('0-2', 0.0997), ('1-2', 0.0954), ('2-1', 0.0724), ('0-0', 0.0721), ('2-0', 0.0546), ('2-2', 0.0343), ('1-3', 0.0331), ('3-1', 0.0219), ('0-3', 0.0212)]",0.0,0.0,0.0,0.0,192.91
03/10/2026 01:08,NO BET,2026-10-04T18:45:00Z,soccer_uefa_nations_league,the-odds-api,football,Greece,Germany,Home Win,Greece,0.19459363597353002,4.3,0.2326,-0.1632,A EVITER,NO BET,False,34.52,6 - NO BET,MARCHE JUSTE,BOOST|GLOBAL_BOOST,-5.0% (19 obs),MEGA 70%/3% | SAFE 63%/1% | VALUE 58%/3%,REFUSE,cote trop haute,Value negative ou nulle | Proba IA 19.5% | MARCHE JUSTE | Learning BOOST|GLOBAL_BOOST | Calibration -5.0% (19 obs) | Source the-odds-api,0.5,0.5,1.2,1.1,1.2,1.2,0,NO BET,7.43,0.0,0.0,0.0,1500.0,1500.0,65.0,0.862,1.47,0.2612,NO DRAW SIGNAL,0-1,14.34,1-1,13.46,1-0,10.26,SCORE POISSON + FORME - confiance 75%,A recalculer via player_scorers,0.4121,0.5879,0.444,0.556,"[('0-1', 0.1434), ('1-1', 0.1346), ('1-0', 0.1026), ('0-2', 0.0997), ('1-2', 0.0954), ('2-1', 0.0724), ('0-0', 0.0721), ('2-0', 0.0546), ('2-2', 0.0343), ('1-3', 0.0331), ('3-1', 0.0219), ('0-3', 0.0212)]",0.0,0.0,0.0,0.0,64.71
03/10/2026 01:08,WATCHLIST,2026-10-04T18:45:00Z,soccer_uefa_nations_league,the-odds-api,football,Netherlands,Serbia,Draw,Draw,0.15465473020762982,9.2,0.1087,0.4228,A EVITER,WATCHLIST,False,65.65,5 - WATCHLIST,DRAW RISQUE,BOOST|GLOBAL_BOOST,+4.0% (36 obs),MEGA 70%/3% | SAFE 63%/1% | VALUE 58%/3%,WATCHLIST,cote trop haute,Value positive 42.3% | Proba IA 15.5% | DRAW RISQUE | Learning BOOST|GLOBAL_BOOST | Calibration +4.0% (36 obs) | Source the-odds-api,0.5,0.5,1.2,1.1,1.2,1.2,0,NO BET,7.43,0.0,0.0,0.0,1500.0,1500.0,65.0,2.943,0.25,0.05,NO DRAW SIGNAL,3-0,21.95,2-0,21.86,4-0,14.8,SCORE POISSON + FORME - confiance 69%,A recalculer via player_scorers,0.6848,0.3152,0.2068,0.7932,"[('3-0', 0.2195), ('2-0', 0.2186), ('4-0', 0.148), ('1-0', 0.067), ('5-0', 0.0602), ('3-1', 0.0475), ('2-1', 0.0454), ('6-0', 0.0294), ('4-1', 0.0268), ('1-1', 0.0251), ('0-0', 0.0157), ('5-1', 0.0155)]",0.0,0.0,0.0,0.0,289.8
03/10/2026 01:08,WATCHLIST,2026-10-04T18:45:00Z,soccer_uefa_nations_league,the-odds-api,football,Netherlands,Serbia,Home Win,Netherlands,0.8697535,1.18,0.8475,0.0263,Elite,SAFE PICK,True,87.41,2 - SAFE PICK,MARCHE JUSTE,GLOBAL_BOOST,BASELINE,MEGA 70%/3% | SAFE 63%/1% | VALUE 58%/3%,WATCHLIST,watchlist prudente,Value positive 2.6% | Proba IA 87.0% | MARCHE JUSTE | Learning GLOBAL_BOOST | Source the-odds-api,0.5,0.5,1.2,1.1,1.2,1.2,0,NO BET,7.43,0.2692,0.1462,0.0,1500.0,1500.0,65.0,2.943,0.25,0.05,NO DRAW SIGNAL,3-0,21.95,2-0,21.86,4-0,14.8,SCORE POISSON + FORME - confiance 69%,A recalculer via player_scorers,0.6848,0.3152,0.2068,0.7932,"[('3-0', 0.2195), ('2-0', 0.2186), ('4-0', 0.148), ('1-0', 0.067), ('5-0', 0.0602), ('3-1', 0.0475), ('2-1', 0.0454), ('6-0', 0.0294), ('4-1', 0.0268), ('1-1', 0.0251), ('0-0', 0.0157), ('5-1', 0.0155)]",0.0,0.0,0.0,0.0,201.56
03/10/2026 01:08,NO BET,2026-10-04T18:45:00Z,soccer_uefa_nations_league,the-odds-api,football,Netherlands,Serbia,Away Win,Serbia,0.04629923077393741,20.0,0.05,-0.074,A EVITER,NO BET,False,31.28,6 - NO BET,COTE HAUTE,BOOST|GLOBAL_BOOST,BASELINE,MEGA 70%/3% | SAFE 63%/1% | VALUE 58%/3%,REFUSE,cote trop haute,Value negative ou nulle | Proba IA 4.6% | COTE HAUTE | Learning BOOST|GLOBAL_BOOST | Source the-odds-api,0.5,0.5,1.2,1.1,1.2,1.2,0,NO BET,7.43,0.0,0.0,0.0,1500.0,1500.0,65.0,2.943,0.25,0.05,NO DRAW SIGNAL,3-0,21.95,2-0,21.86,4-0,14.8,SCORE POISSON + FORME - confiance 69%,A recalculer via player_scorers,0.6848,0.3152,0.2068,0.7932,"[('3-0', 0.2195), ('2-0', 0.2186), ('4-0', 0.148), ('1-0', 0.067), ('5-0', 0.0602), ('3-1', 0.0475), ('2-1', 0.0454), ('6-0', 0.0294), ('4-1', 0.0268), ('1-1', 0.0251), ('0-0', 0.0157), ('5-1', 0.0155)]",0.0,0.0,0.0,0.0,49.54
03/10/2026 01:08,WATCHLIST,2026-10-04T18:45:00Z,soccer_uefa_nations_league,the-odds-api,football,Portugal,Norway,Home Win,Portugal,0.6533484041052151,1.66,0.6024,0.0846,Moyenne,SAFE PICK,True,93.01,2 - SAFE PICK,OK,BOOST|GLOBAL_BOOST,-2.9% (29 obs),MEGA 70%/3% | SAFE 63%/1% | VALUE 58%/3%,WATCHLIST,watchlist prudente,Value positive 8.5% | Proba IA 65.3% | Learning BOOST|GLOBAL_BOOST | Calibration -2.9% (29 obs) | Source the-odds-api,0.5,0.5,1.2,1.1,1.2,1.2,0,NO BET,7.43,0.2692,0.1281,0.0,1500.0,1500.0,65.0,1.957,0.62,0.1635,NO DRAW SIGNAL,2-0,18.32,1-0,17.43,2-1,11.14,SCORE POISSON + FORME - confiance 75%,A recalculer via player_scorers,0.4952,0.5048,0.3826,0.6174,"[('2-0', 0.1832), ('1-0', 0.1743), ('2-1', 0.1114), ('1-1', 0.1026), ('0-1', 0.0649), ('0-0', 0.0569), ('3-1', 0.0541), ('3-0', 0.0448), ('1-2', 0.043), ('0-2', 0.0251), ('2-2', 0.025), ('4-0', 0.017)]",0.0,0.0,0.0,0.0,219.75
03/10/2026 01:08,NO BET,2026-10-04T18:45:00Z,soccer_uefa_nations_league,the-odds-api,football,Portugal,Norway,Away Win,Norway,0.16569650816386963,5.1,0.1961,-0.1549,A EVITER,NO BET,False,33.31,6 - NO BET,COTE HAUTE,BOOST|GLOBAL_BOOST,-3.0% (36 obs),MEGA 70%/3% | SAFE 63%/1% | VALUE 58%/3%,REFUSE,cote trop haute,Value negative ou nulle | Proba IA 16.6% | COTE HAUTE | Learning BOOST|GLOBAL_BOOST | Calibration -3.0% (36 obs) | Source the-odds-api,0.5,0.5,1.2,1.1,1.2,1.2,0,NO BET,7.43,0.0,0.0,0.0,1500.0,1500.0,65.0,1.957,0.62,0.1635,NO DRAW SIGNAL,2-0,18.32,1-0,17.43,2-1,11.14,SCORE POISSON + FORME - confiance 75%,A recalculer via player_scorers,0.4952,0.5048,0.3826,0.6174,"[('2-0', 0.1832), ('1-0', 0.1743), ('2-1', 0.1114), ('1-1', 0.1026), ('0-1', 0.0649), ('0-0', 0.0569), ('3-1', 0.0541), ('3-0', 0.0448), ('1-2', 0.043), ('0-2', 0.0251), ('2-2', 0.025), ('4-0', 0.017)]",0.0,0.0,0.0,0.0,60.9
03/10/2026 01:08,NO BET,2026-10-04T18:45:00Z,soccer_uefa_nations_league,the-odds-api,football,Portugal,Norway,Draw,Draw,0.16170915649780243,4.8,0.2083,-0.2238,A EVITER,NO BET,False,29.14,6 - NO BET,DRAW RISQUE,BOOST|GLOBAL_BOOST,-4.5% (32 obs),MEGA 70%/3% | SAFE 63%/1% | VALUE 58%/3%,REFUSE,cote trop haute,Value negative ou nulle | Proba IA 16.2% | DRAW RISQUE | Learning BOOST|GLOBAL_BOOST | Calibration -4.5% (32 obs) | Source the-odds-api,0.5,0.5,1.2,1.1,1.2,1.2,0,NO BET,7.43,0.0,0.0,0.0,1500.0,1500.0,65.0,1.957,0.62,0.1635,NO DRAW SIGNAL,2-0,18.32,1-0,17.43,2-1,11.14,SCORE POISSON + FORME - confiance 75%,A recalculer via player_scorers,0.4952,0.5048,0.3826,0.6174,"[('2-0', 0.1832), ('1-0', 0.1743), ('2-1', 0.1114), ('1-1', 0.1026), ('0-1', 0.0649), ('0-0', 0.0569), ('3-1', 0.0541), ('3-0', 0.0448), ('1-2', 0.043), ('0-2', 0.0251), ('2-2', 0.025), ('4-0', 0.017)]",0.0,0.0,0.0,0.0,54.45
03/10/2026 01:08,WATCHLIST,2026-10-04T18:45:00Z,soccer_uefa_nations_league,the-odds-api,football,Republic of Ireland,Israel,Away Win,Israel,0.33698085452459375,3.7,0.2703,0.2468,A EVITER,WATCHLIST,False,87.3,5 - WATCHLIST,MARCHE JUSTE,BOOST|GLOBAL_BOOST,+4.0% (64 obs),MEGA 70%/3% | SAFE 63%/1% | VALUE 58%/3%,WATCHLIST,cote trop haute,Value positive 24.7% | Proba IA 33.7% | MARCHE JUSTE | Learning BOOST|GLOBAL_BOOST | Calibration +4.0% (64 obs) | Source the-odds-api,0.5,0.5,1.2,1.1,1.2,1.2,0,NO BET,7.43,0.0,0.0,0.0,1500.0,1500.0,65.0,1.568,0.871,0.2502,NO DRAW SIGNAL,1-0,14.88,1-1,13.31,2-0,11.3,SCORE POISSON + FORME - confiance 78%,A recalculer via player_scorers,0.4399,0.5601,0.4595,0.5405,"[('1-0', 0.1488), ('1-1', 0.1331), ('2-0', 0.113), ('2-1', 0.1073), ('0-1', 0.0888), ('0-0', 0.0675), ('1-2', 0.064), ('0-2', 0.0426), ('3-1', 0.0403), ('2-2', 0.0356), ('3-0', 0.028), ('1-3', 0.0176)]",0.0,0.0,0.0,0.0,258.93
03/10/2026 01:08,WATCHLIST,2026-10-04T18:45:00Z,soccer_uefa_nations_league,the-odds-api,football,Republic of Ireland,Israel,Home Win,Republic of Ireland,0.4742745059700648,2.22,0.4505,0.0529,A EVITER,WATCHLIST,False,81.85,5 - WATCHLIST,OK,BOOST|GLOBAL_BOOST,-3.2% (50 obs),MEGA 70%/3% | SAFE 63%/1% | VALUE 58%/3%,WATCHLIST,proba trop basse,Value positive 5.3% | Proba IA 47.4% | Learning BOOST|GLOBAL_BOOST | Calibration -3.2% (50 obs) | Source the-odds-api,0.5,0.5,1.2,1.1,1.2,1.2,0,NO BET,7.43,0.0,0.0,0.0,1500.0,1500.0,65.0,1.568,0.871,0.2502,NO DRAW SIGNAL,1-0,14.88,1-1,13.31,2-0,11.3,SCORE POISSON + FORME - confiance 78%,A recalculer via player_scorers,0.4399,0.5601,0.4595,0.5405,"[('1-0', 0.1488), ('1-1', 0.1331), ('2-0', 0.113), ('2-1', 0.1073), ('0-1', 0.0888), ('0-0', 0.0675), ('1-2', 0.064), ('0-2', 0.0426), ('3-1', 0.0403), ('2-2', 0.0356), ('3-0', 0.028), ('1-3', 0.0176)]",0.0,0.0,0.0,0.0,177.08
03/10/2026 01:08,WATCHLIST,2026-10-04T18:45:00Z,soccer_uefa_nations_league,the-odds-api,football,Republic of Ireland,Israel,Draw,Draw,0.3127824087427293,3.45,0.2899,0.0791,A EVITER,NUL POSSIBLE,True,69.08,3B - NUL POSSIBLE,MARCHE JUSTE,BOOST|GLOBAL_BOOST,+1.2% (179 obs),MEGA 70%/3% | SAFE 63%/1% | VALUE 58%/3%,WATCHLIST,cote trop haute,Value positive 7.9% | Proba IA 31.3% | MARCHE JUSTE | Learning BOOST|GLOBAL_BOOST | Calibration +1.2% (179 obs) | Source the-odds-api,0.5,0.5,1.2,1.1,1.2,1.2,0,NO BET,7.43,0.1346,0.0323,0.0,1500.0,1500.0,65.0,1.568,0.871,0.2502,NO DRAW SIGNAL,1-0,14.88,1-1,13.31,2-0,11.3,SCORE POISSON + FORME - confiance 78%,A recalculer via player_scorers,0.4399,0.5601,0.4595,0.5405,"[('1-0', 0.1488), ('1-1', 0.1331), ('2-0', 0.113), ('2-1', 0.1073), ('0-1', 0.0888), ('0-0', 0.0675), ('1-2', 0.064), ('0-2', 0.0426), ('3-1', 0.0403), ('2-2', 0.0356), ('3-0', 0.028), ('1-3', 0.0176)]",0.0,0.0,0.0,0.0,158.15
03/10/2026 01:08,WATCHLIST,2026-10-04T18:45:00Z,soccer_uefa_nations_league,the-odds-api,football,Wales,Denmark,Draw,Draw,0.299433263609018,3.8,0.2632,0.1378,A EVITER,NUL POSSIBLE,True,72.28,3B - NUL POSSIBLE,MARCHE JUSTE,BOOST|GLOBAL_BOOST,+1.2% (179 obs),MEGA 70%/3% | SAFE 63%/1% | VALUE 58%/3%,WATCHLIST,cote trop haute,Value positive 13.8% | Proba IA 29.9% | MARCHE JUSTE | Learning BOOST|GLOBAL_BOOST | Calibration +1.2% (179 obs) | Source the-odds-api,0.5,0.5,1.2,1.1,1.2,1.2,0,NO BET,7.43,0.1346,0.0492,0.0,1500.0,1500.0,65.0,0.946,1.393,0.2697,NO DRAW SIGNAL,1-1,13.8,0-1,13.54,1-0,10.82,SCORE POISSON + FORME - confiance 70%,A recalculer via player_scorers,0.4134,0.5866,0.4592,0.5408,"[('1-1', 0.138), ('0-1', 0.1354), ('1-0', 0.1082), ('1-2', 0.0931), ('0-2', 0.0901), ('2-1', 0.0778), ('0-0', 0.0718), ('2-0', 0.06), ('2-2', 0.0358), ('1-3', 0.0312), ('3-1', 0.0238), ('0-3', 0.019)]",0.0,0.0,0.0,0.0,187.21
03/10/2026 01:08,WATCHLIST,2026-10-04T18:45:00Z,soccer_uefa_nations_league,the-odds-api,football,Wales,Denmark,Home Win,Wales,0.28901441862660926,3.9,0.2564,0.1272,A EVITER,WATCHLIST,False,74.61,5 - WATCHLIST,MARCHE JUSTE,BOOST|GLOBAL_BOOST,+1.2% (35 obs),MEGA 70%/3% | SAFE 63%/1% | VALUE 58%/3%,WATCHLIST,cote trop haute,Value positive 12.7% | Proba IA 28.9% | MARCHE JUSTE | Learning BOOST|GLOBAL_BOOST | Calibration +1.2% (35 obs) | Source the-odds-api,0.5,0.5,1.2,1.1,1.2,1.2,0,NO BET,7.43,0.0,0.0,0.0,1500.0,1500.0,65.0,0.946,1.393,0.2697,NO DRAW SIGNAL,1-1,13.8,0-1,13.54,1-0,10.82,SCORE POISSON + FORME - confiance 70%,A recalculer via player_scorers,0.4134,0.5866,0.4592,0.5408,"[('1-1', 0.138), ('0-1', 0.1354), ('1-0', 0.1082), ('1-2', 0.0931), ('0-2', 0.0901), ('2-1', 0.0778), ('0-0', 0.0718), ('2-0', 0.06), ('2-2', 0.0358), ('1-3', 0.0312), ('3-1', 0.0238), ('0-3', 0.019)]",0.0,0.0,0.0,0.0,185.33
03/10/2026 01:08,NO BET,2026-10-04T18:45:00Z,soccer_uefa_nations_league,the-odds-api,football,Wales,Denmark,Away Win,Denmark,0.48146638504326056,2.04,0.4902,-0.0178,A EVITER,NO BET,False,74.02,5 - WATCHLIST,MARCHE JUSTE,BOOST|GLOBAL_BOOST,-6.0% (28 obs),MEGA 70%/3% | SAFE 63%/1% | VALUE 58%/3%,REFUSE,value negative,Value negative ou nulle | Proba IA 48.1% | MARCHE JUSTE | Learning BOOST|GLOBAL_BOOST | Calibration -6.0% (28 obs) | Source the-odds-api,0.5,0.5,1.2,1.1,1.2,1.2,0,NO BET,7.43,0.0,0.0,0.0,1500.0,1500.0,65.0,0.946,1.393,0.2697,NO DRAW SIGNAL,1-1,13.8,0-1,13.54,1-0,10.82,SCORE POISSON + FORME - confiance 70%,A recalculer via player_scorers,0.4134,0.5866,0.4592,0.5408,"[('1-1', 0.138), ('0-1', 0.1354), ('1-0', 0.1082), ('1-2', 0.0931), ('0-2', 0.0901), ('2-1', 0.0778), ('0-0', 0.0718), ('2-0', 0.06), ('2-2', 0.0358), ('1-3', 0.0312), ('3-1', 0.0238), ('0-3', 0.019)]",0.0,0.0,0.0,0.0,143.25
03/10/2026 01:08,WATCHLIST,2026-10-04T19:00:00Z,soccer_spain_segunda_division,the-odds-api,football,Girona FC,Mallorca,Home Win,Girona FC,0.5119342893960631,2.34,0.4274,0.1979,Faible,WATCHLIST,False,100.0,5 - WATCHLIST,MARCHE JUSTE,BOOST|GLOBAL_BOOST,+3.9% (57 obs),MEGA 70%/3% | SAFE 63%/1% | VALUE 58%/3%,WATCHLIST,proba trop basse,Value positive 19.8% | Proba IA 51.2% | MARCHE JUSTE | Learning BOOST|GLOBAL_BOOST | Calibration +3.9% (57 obs) | Source the-odds-api,0.5,0.46,1.2,1.38,1.2,1.12,1,NO BET,7.43,0.0,0.0,0.0,1500.0,1460.8,104.2,1.31,1.02,0.2836,NO DRAW SIGNAL,1-1,14.34,1-0,13.59,0-1,10.46,SCORE POISSON + FORME - confiance 84%,A recalculer via player_scorers,0.408,0.592,0.4679,0.5321,"[('1-1', 0.1434), ('1-0', 0.1359), ('0-1', 0.1046), ('2-1', 0.097), ('2-0', 0.0915), ('0-0', 0.0739), ('1-2', 0.0736), ('0-2', 0.0556), ('2-2', 0.0369), ('3-1', 0.0333), ('3-0', 0.0224), ('1-3', 0.0213)]",0.0,0.0,0.0,0.0,268.94
03/10/2026 01:08,WATCHLIST,2026-10-04T19:00:00Z,soccer_spain_segunda_division,the-odds-api,football,Girona FC,Mallorca,Away Win,Mallorca,0.3751834217888032,3.2,0.3125,0.2006,A EVITER,WATCHLIST,False,96.83,5 - WATCHLIST,OK,BOOST|GLOBAL_BOOST,+4.0% (64 obs),MEGA 70%/3% | SAFE 63%/1% | VALUE 58%/3%,WATCHLIST,cote trop haute,Value positive 20.1% | Proba IA 37.5% | Learning BOOST|GLOBAL_BOOST | Calibration +4.0% (64 obs) | Source the-odds-api,0.5,0.46,1.2,1.38,1.2,1.12,1,NO BET,7.43,0.0,0.0,0.0,1500.0,1460.8,104.2,1.31,1.02,0.2836,NO DRAW SIGNAL,1-1,14.34,1-0,13.59,0-1,10.46,SCORE POISSON + FORME - confiance 84%,A recalculer via player_scorers,0.408,0.592,0.4679,0.5321,"[('1-1', 0.1434), ('1-0', 0.1359), ('0-1', 0.1046), ('2-1', 0.097), ('2-0', 0.0915), ('0-0', 0.0739), ('1-2', 0.0736), ('0-2', 0.0556), ('2-2', 0.0369), ('3-1', 0.0333), ('3-0', 0.0224), ('1-3', 0.0213)]",0.0,0.0,0.0,0.0,255.82
03/10/2026 01:08,WATCHLIST,2026-10-04T19:00:00Z,soccer_spain_segunda_division,the-odds-api,football,Girona FC,Mallorca,Draw,Draw,0.3154956496235649,3.55,0.2817,0.12,A EVITER,NUL POSSIBLE,True,78.05,3B - NUL POSSIBLE,MARCHE JUSTE,BOOST|GLOBAL_BOOST,+1.2% (179 obs),MEGA 70%/3% | SAFE 63%/1% | VALUE 58%/3%,WATCHLIST,cote trop haute,Value positive 12.0% | Proba IA 31.5% | MARCHE JUSTE | Learning BOOST|GLOBAL_BOOST | Calibration +1.2% (179 obs) | Source the-odds-api,0.5,0.46,1.2,1.38,1.2,1.12,1,NO BET,7.43,0.1346,0.0471,0.0,1500.0,1460.8,104.2,1.31,1.02,0.2836,NO DRAW SIGNAL,1-1,14.34,1-0,13.59,0-1,10.46,SCORE POISSON + FORME - confiance 84%,A recalculer via player_scorers,0.408,0.592,0.4679,0.5321,"[('1-1', 0.1434), ('1-0', 0.1359), ('0-1', 0.1046), ('2-1', 0.097), ('2-0', 0.0915), ('0-0', 0.0739), ('1-2', 0.0736), ('0-2', 0.0556), ('2-2', 0.0369), ('3-1', 0.0333), ('3-0', 0.0224), ('1-3', 0.0213)]",0.0,0.0,0.0,0.0,189.2
03/10/2026 01:08,WATCHLIST,2026-10-04T20:00:00Z,soccer_argentina_primera_division,the-odds-api,football,Talleres,Belgrano de Cordoba,Draw,Draw,0.3251547871593396,3.1,0.3226,0.008,A EVITER,NUL POSSIBLE,True,61.42,3B - NUL POSSIBLE,NUL SERRE,BOOST|GLOBAL_BOOST,-1.2% (23 obs),MEGA 70%/3% | SAFE 63%/1% | VALUE 58%/3%,WATCHLIST,cote trop haute,Value positive 0.8% | Proba IA 32.5% | NUL SERRE | Learning BOOST|GLOBAL_BOOST | Calibration -1.2% (23 obs) | Source the-odds-api,0.5,0.5,1.2,1.1,1.2,1.2,0,NO BET,7.43,0.1346,0.0038,0.0,1500.0,1500.0,65.0,1.346,1.032,0.2784,DRAW POSSIBLE - tight 58%,1-1,14.25,1-0,13.46,0-1,10.24,SCORE POISSON + FORME - confiance 74%,A recalculer via player_scorers,0.4211,0.5789,0.477,0.523,"[('1-1', 0.1425), ('1-0', 0.1346), ('0-1', 0.1024), ('2-1', 0.0988), ('2-0', 0.0924), ('1-2', 0.0742), ('0-0', 0.0713), ('0-2', 0.0549), ('2-2', 0.0376), ('3-1', 0.0344), ('3-0', 0.0228), ('1-3', 0.0215)]",0.0,0.0,0.0,0.0,117.09
03/10/2026 01:08,NO BET,2026-10-04T20:00:00Z,soccer_argentina_primera_division,the-odds-api,football,Talleres,Belgrano de Cordoba,Home Win,Talleres,0.3439304140547221,2.62,0.3817,-0.0989,A EVITER,NO BET,False,53.92,6 - NO BET,MARCHE JUSTE,BOOST|GLOBAL_BOOST,-6.0% (36 obs),MEGA 70%/3% | SAFE 63%/1% | VALUE 58%/3%,REFUSE,value negative,Value negative ou nulle | Proba IA 34.4% | MARCHE JUSTE | Learning BOOST|GLOBAL_BOOST | Calibration -6.0% (36 obs) | Source the-odds-api,0.5,0.5,1.2,1.1,1.2,1.2,0,NO BET,7.43,0.0,0.0,0.0,1500.0,1500.0,65.0,1.346,1.032,0.2784,NO DRAW SIGNAL,1-1,14.25,1-0,13.46,0-1,10.24,SCORE POISSON + FORME - confiance 74%,A recalculer via player_scorers,0.4211,0.5789,0.477,0.523,"[('1-1', 0.1425), ('1-0', 0.1346), ('0-1', 0.1024), ('2-1', 0.0988), ('2-0', 0.0924), ('1-2', 0.0742), ('0-0', 0.0713), ('0-2', 0.0549), ('2-2', 0.0376), ('3-1', 0.0344), ('3-0', 0.0228), ('1-3', 0.0215)]",0.0,0.0,0.0,0.0,103.88
03/10/2026 01:08,NO BET,2026-10-04T20:00:00Z,soccer_argentina_primera_division,the-odds-api,football,Talleres,Belgrano de Cordoba,Away Win,Belgrano de Cordoba,0.3075591758554414,2.96,0.3378,-0.0896,A EVITER,NO BET,False,53.46,6 - NO BET,MARCHE JUSTE,BOOST|GLOBAL_BOOST,-4.1% (61 obs),MEGA 70%/3% | SAFE 63%/1% | VALUE 58%/3%,REFUSE,value negative,Value negative ou nulle | Proba IA 30.8% | MARCHE JUSTE | Learning BOOST|GLOBAL_BOOST | Calibration -4.1% (61 obs) | Source the-odds-api,0.5,0.5,1.2,1.1,1.2,1.2,0,NO BET,7.43,0.0,0.0,0.0,1500.0,1500.0,65.0,1.346,1.032,0.2784,NO DRAW SIGNAL,1-1,14.25,1-0,13.46,0-1,10.24,SCORE POISSON + FORME - confiance 74%,A recalculer via player_scorers,0.4211,0.5789,0.477,0.523,"[('1-1', 0.1425), ('1-0', 0.1346), ('0-1', 0.1024), ('2-1', 0.0988), ('2-0', 0.0924), ('1-2', 0.0742), ('0-0', 0.0713), ('0-2', 0.0549), ('2-2', 0.0376), ('3-1', 0.0344), ('3-0', 0.0228), ('1-3', 0.0215)]",0.0,0.0,0.0,0.0,100.65
03/10/2026 01:08,WATCHLIST,2026-10-04T22:15:00Z,soccer_argentina_primera_division,the-odds-api,football,Argentinos Juniors,CA Tigre BA,Home Win,Argentinos Juniors,0.6006030013817709,1.87,0.5348,0.1231,Moyenne,VALUE BET,True,95.24,3 - VALUE BET,OK,BOOST|GLOBAL_BOOST,-0.7% (30 obs),MEGA 70%/3% | SAFE 63%/1% | VALUE 58%/3%,WATCHLIST,watchlist prudente,Value positive 12.3% | Proba IA 60.1% | Learning BOOST|GLOBAL_BOOST | Calibration -0.7% (30 obs) | Source the-odds-api,0.5,0.5,1.2,1.1,1.2,1.2,0,NO BET,7.43,0.1346,0.1415,0.0,1500.0,1500.0,65.0,1.807,0.675,0.1936,NO DRAW SIGNAL,1-0,18.04,2-0,15.47,2-1,11.56,SCORE POISSON + FORME - confiance 78%,A recalculer via player_scorers,0.4597,0.5403,0.4032,0.5968,"[('1-0', 0.1804), ('2-0', 0.1547), ('2-1', 0.1156), ('1-1', 0.1129), ('0-1', 0.0758), ('0-0', 0.0624), ('1-2', 0.0498), ('3-1', 0.0466), ('3-0', 0.0363), ('0-2', 0.0299), ('2-2', 0.0272), ('3-2', 0.0135)]",0.0,0.0,0.0,0.0,235.94
03/10/2026 01:08,WATCHLIST,2026-10-04T22:15:00Z,soccer_argentina_primera_division,the-odds-api,football,Argentinos Juniors,CA Tigre BA,Draw,Draw,0.2971541412691161,3.35,0.2985,-0.0045,A EVITER,NUL POSSIBLE,True,58.81,3B - NUL POSSIBLE,DRAW RISQUE,BOOST|GLOBAL_BOOST,+1.2% (179 obs),MEGA 70%/3% | SAFE 63%/1% | VALUE 58%/3%,WATCHLIST,cote trop haute,Value negative ou nulle | Proba IA 29.7% | DRAW RISQUE | Learning BOOST|GLOBAL_BOOST | Calibration +1.2% (179 obs) | Source the-odds-api,0.5,0.5,1.2,1.1,1.2,1.2,0,NO BET,7.43,0.1346,0.0,0.0,1500.0,1500.0,65.0,1.807,0.675,0.1936,NO DRAW SIGNAL,1-0,18.04,2-0,15.47,2-1,11.56,SCORE POISSON + FORME - confiance 78%,A recalculer via player_scorers,0.4597,0.5403,0.4032,0.5968,"[('1-0', 0.1804), ('2-0', 0.1547), ('2-1', 0.1156), ('1-1', 0.1129), ('0-1', 0.0758), ('0-0', 0.0624), ('1-2', 0.0498), ('3-1', 0.0466), ('3-0', 0.0363), ('0-2', 0.0299), ('2-2', 0.0272), ('3-2', 0.0135)]",0.0,0.0,0.0,0.0,107.84
03/10/2026 01:08,NO BET,2026-10-04T22:15:00Z,soccer_argentina_primera_division,the-odds-api,football,Argentinos Juniors,CA Tigre BA,Away Win,CA Tigre BA,0.16945974613317982,5.2,0.1923,-0.1188,A EVITER,NO BET,False,33.47,6 - NO BET,COTE HAUTE,BOOST|GLOBAL_BOOST,-3.0% (36 obs),MEGA 70%/3% | SAFE 63%/1% | VALUE 58%/3%,REFUSE,cote trop haute,Value negative ou nulle | Proba IA 16.9% | COTE HAUTE | Learning BOOST|GLOBAL_BOOST | Calibration -3.0% (36 obs) | Source the-odds-api,0.5,0.5,1.2,1.1,1.2,1.2,0,NO BET,7.43,0.0,0.0,0.0,1500.0,1500.0,65.0,1.807,0.675,0.1936,NO DRAW SIGNAL,1-0,18.04,2-0,15.47,2-1,11.56,SCORE POISSON + FORME - confiance 78%,A recalculer via player_scorers,0.4597,0.5403,0.4032,0.5968,"[('1-0', 0.1804), ('2-0', 0.1547), ('2-1', 0.1156), ('1-1', 0.1129), ('0-1', 0.0758), ('0-0', 0.0624), ('1-2', 0.0498), ('3-1', 0.0466), ('3-0', 0.0363), ('0-2', 0.0299), ('2-2', 0.0272), ('3-2', 0.0135)]",0.0,0.0,0.0,0.0,61.4
03/10/2026 01:08,WATCHLIST,2026-10-05T00:30:00Z,soccer_argentina_primera_division,the-odds-api,football,Estudiantes de Río Cuarto,Racing Club,Draw,Draw,0.334705395059881,3.15,0.3175,0.0543,A EVITER,NUL POSSIBLE,True,67.15,3B - NUL POSSIBLE,MARCHE JUSTE,BOOST|GLOBAL_BOOST,+1.2% (179 obs),MEGA 70%/3% | SAFE 63%/1% | VALUE 58%/3%,WATCHLIST,cote trop haute,Value positive 5.4% | Proba IA 33.5% | MARCHE JUSTE | Learning BOOST|GLOBAL_BOOST | Calibration +1.2% (179 obs) | Source the-odds-api,0.5,0.5,1.2,1.1,1.2,1.2,0,NO BET,7.43,0.1346,0.0253,0.0,1500.0,1500.0,65.0,0.878,1.411,0.2676,DRAW POSSIBLE - tight 22%,0-1,14.92,1-1,14.13,1-0,11.05,SCORE POISSON + FORME - confiance 74%,A recalculer via player_scorers,0.4008,0.5992,0.441,0.559,"[('0-1', 0.1492), ('1-1', 0.1413), ('1-0', 0.1105), ('0-2', 0.1003), ('1-2', 0.0973), ('0-0', 0.077), ('2-1', 0.0763), ('2-0', 0.0584), ('2-2', 0.0254), ('1-3', 0.0222), ('0-3', 0.0208), ('3-1', 0.0187)]",0.0,0.0,0.0,0.0,146.17
03/10/2026 01:08,NO BET,2026-10-05T00:30:00Z,soccer_argentina_primera_division,the-odds-api,football,Estudiantes de Río Cuarto,Racing Club,Away Win,Racing Club,0.48203657261436816,2.04,0.4902,-0.0166,A EVITER,NO BET,False,74.18,5 - WATCHLIST,MARCHE JUSTE,BOOST|GLOBAL_BOOST,-6.0% (28 obs),MEGA 70%/3% | SAFE 63%/1% | VALUE 58%/3%,REFUSE,value negative,Value negative ou nulle | Proba IA 48.2% | MARCHE JUSTE | Learning BOOST|GLOBAL_BOOST | Calibration -6.0% (28 obs) | Source the-odds-api,0.5,0.5,1.2,1.1,1.2,1.2,0,NO BET,7.43,0.0,0.0,0.0,1500.0,1500.0,65.0,0.878,1.411,0.2676,NO DRAW SIGNAL,0-1,14.92,1-1,14.13,1-0,11.05,SCORE POISSON + FORME - confiance 74%,A recalculer via player_scorers,0.4008,0.5992,0.441,0.559,"[('0-1', 0.1492), ('1-1', 0.1413), ('1-0', 0.1105), ('0-2', 0.1003), ('1-2', 0.0973), ('0-0', 0.077), ('2-1', 0.0763), ('2-0', 0.0584), ('2-2', 0.0254), ('1-3', 0.0222), ('0-3', 0.0208), ('3-1', 0.0187)]",0.0,0.0,0.0,0.0,143.53
03/10/2026 01:08,NO BET,2026-10-05T00:30:00Z,soccer_argentina_primera_division,the-odds-api,football,Estudiantes de Río Cuarto,Racing Club,Home Win,Estudiantes de Río Cuarto,0.1864539133310232,4.5,0.2222,-0.161,A EVITER,NO BET,False,34.18,6 - NO BET,MARCHE JUSTE,BOOST|GLOBAL_BOOST,-5.0% (19 obs),MEGA 70%/3% | SAFE 63%/1% | VALUE 58%/3%,REFUSE,cote trop haute,Value negative ou nulle | Proba IA 18.6% | MARCHE JUSTE | Learning BOOST|GLOBAL_BOOST | Calibration -5.0% (19 obs) | Source the-odds-api,0.5,0.5,1.2,1.1,1.2,1.2,0,NO BET,7.43,0.0,0.0,0.0,1500.0,1500.0,65.0,0.878,1.411,0.2676,NO DRAW SIGNAL,0-1,14.92,1-1,14.13,1-0,11.05,SCORE POISSON + FORME - confiance 74%,A recalculer via player_scorers,0.4008,0.5992,0.441,0.559,"[('0-1', 0.1492), ('1-1', 0.1413), ('1-0', 0.1105), ('0-2', 0.1003), ('1-2', 0.0973), ('0-0', 0.077), ('2-1', 0.0763), ('2-0', 0.0584), ('2-2', 0.0254), ('1-3', 0.0222), ('0-3', 0.0208), ('3-1', 0.0187)]",0.0,0.0,0.0,0.0,63.64
03/10/2026 01:08,WATCHLIST,2026-10-05T18:30:00Z,soccer_spain_segunda_division,the-odds-api,football,Córdoba,Tenerife,Away Win,Tenerife,0.3108662637678655,3.95,0.2532,0.2279,A EVITER,WATCHLIST,False,86.21,5 - WATCHLIST,MARCHE JUSTE,BOOST|GLOBAL_BOOST,+4.0% (49 obs),MEGA 70%/3% | SAFE 63%/1% | VALUE 58%/3%,WATCHLIST,cote trop haute,Value positive 22.8% | Proba IA 31.1% | MARCHE JUSTE | Learning BOOST|GLOBAL_BOOST | Calibration +4.0% (49 obs) | Source the-odds-api,0.5,0.5,1.2,1.1,1.2,1.2,0,NO BET,7.43,0.0,0.0,0.0,1500.0,1500.0,65.0,1.675,0.799,0.2113,NO DRAW SIGNAL,1-0,16.74,2-0,13.43,1-1,12.05,SCORE POISSON + FORME - confiance 78%,A recalculer via player_scorers,0.458,0.542,0.4395,0.5605,"[('1-0', 0.1674), ('2-0', 0.1343), ('1-1', 0.1205), ('2-1', 0.1163), ('0-1', 0.0859), ('0-0', 0.0619), ('1-2', 0.06), ('3-1', 0.0442), ('0-2', 0.0373), ('2-2', 0.0306), ('3-0', 0.0305), ('1-3', 0.0144)]",0.0,0.0,0.0,0.0,247.36
03/10/2026 01:08,NO BET,2026-10-05T18:30:00Z,soccer_spain_segunda_division,the-odds-api,football,Córdoba,Tenerife,Home Win,Córdoba,0.4950036662996489,1.99,0.5025,-0.0149,A EVITER,NO BET,False,74.92,5 - WATCHLIST,OK,BOOST|GLOBAL_BOOST,-6.0% (26 obs),MEGA 70%/3% | SAFE 63%/1% | VALUE 58%/3%,REFUSE,value negative,Value negative ou nulle | Proba IA 49.5% | Learning BOOST|GLOBAL_BOOST | Calibration -6.0% (26 obs) | Source the-odds-api,0.5,0.5,1.2,1.1,1.2,1.2,0,NO BET,7.43,0.0,0.0,0.0,1500.0,1500.0,65.0,1.675,0.799,0.2113,NO DRAW SIGNAL,1-0,16.74,2-0,13.43,1-1,12.05,SCORE POISSON + FORME - confiance 78%,A recalculer via player_scorers,0.458,0.542,0.4395,0.5605,"[('1-0', 0.1674), ('2-0', 0.1343), ('1-1', 0.1205), ('2-1', 0.1163), ('0-1', 0.0859), ('0-0', 0.0619), ('1-2', 0.06), ('3-1', 0.0442), ('0-2', 0.0373), ('2-2', 0.0306), ('3-0', 0.0305), ('1-3', 0.0144)]",0.0,0.0,0.0,0.0,145.53
03/10/2026 01:08,WATCHLIST,2026-10-05T18:30:00Z,soccer_spain_segunda_division,the-odds-api,football,Córdoba,Tenerife,Draw,Draw,0.2863011777457737,3.6,0.2778,0.0307,A EVITER,NUL POSSIBLE,True,59.4,3B - NUL POSSIBLE,DRAW RISQUE,BOOST|GLOBAL_BOOST,+1.2% (179 obs),MEGA 70%/3% | SAFE 63%/1% | VALUE 58%/3%,WATCHLIST,cote trop haute,Value positive 3.1% | Proba IA 28.6% | DRAW RISQUE | Learning BOOST|GLOBAL_BOOST | Calibration +1.2% (179 obs) | Source the-odds-api,0.5,0.5,1.2,1.1,1.2,1.2,0,NO BET,7.43,0.1346,0.0118,0.0,1500.0,1500.0,65.0,1.675,0.799,0.2113,NO DRAW SIGNAL,1-0,16.74,2-0,13.43,1-1,12.05,SCORE POISSON + FORME - confiance 78%,A recalculer via player_scorers,0.458,0.542,0.4395,0.5605,"[('1-0', 0.1674), ('2-0', 0.1343), ('1-1', 0.1205), ('2-1', 0.1163), ('0-1', 0.0859), ('0-0', 0.0619), ('1-2', 0.06), ('3-1', 0.0442), ('0-2', 0.0373), ('2-2', 0.0306), ('3-0', 0.0305), ('1-3', 0.0144)]",0.0,0.0,0.0,0.0,121.15
03/10/2026 01:08,WATCHLIST,2026-10-05T18:45:00Z,soccer_uefa_nations_league,the-odds-api,football,Bosnia & Herzegovina,Poland,Home Win,Bosnia & Herzegovina,0.3226586055489709,3.45,0.2899,0.1132,A EVITER,WATCHLIST,False,77.42,5 - WATCHLIST,MARCHE JUSTE,BOOST|GLOBAL_BOOST,+1.2% (35 obs),MEGA 70%/3% | SAFE 63%/1% | VALUE 58%/3%,WATCHLIST,cote trop haute,Value positive 11.3% | Proba IA 32.3% | MARCHE JUSTE | Learning BOOST|GLOBAL_BOOST | Calibration +1.2% (35 obs) | Source the-odds-api,0.5,0.5,1.2,1.1,1.2,1.2,0,NO BET,7.43,0.0,0.0,0.0,1500.0,1500.0,65.0,1.053,1.29,0.2867,NO DRAW SIGNAL,1-1,14.51,0-1,12.4,1-0,11.42,SCORE POISSON + FORME - confiance 78%,A recalculer via player_scorers,0.4104,0.5896,0.4735,0.5265,"[('1-1', 0.1451), ('0-1', 0.124), ('1-0', 0.1142), ('1-2', 0.0877), ('2-1', 0.0834), ('0-2', 0.0786), ('0-0', 0.0738), ('2-0', 0.0676), ('2-2', 0.0375), ('1-3', 0.0284), ('3-1', 0.0264), ('3-0', 0.0177)]",0.0,0.0,0.0,0.0,185.83
03/10/2026 01:08,WATCHLIST,2026-10-05T18:45:00Z,soccer_uefa_nations_league,the-odds-api,football,Bosnia & Herzegovina,Poland,Draw,Draw,0.32070507211476923,3.45,0.2899,0.1064,A EVITER,NUL POSSIBLE,True,72.56,3B - NUL POSSIBLE,MARCHE JUSTE,BOOST|GLOBAL_BOOST,+1.2% (179 obs),MEGA 70%/3% | SAFE 63%/1% | VALUE 58%/3%,WATCHLIST,cote trop haute,Value positive 10.6% | Proba IA 32.1% | MARCHE JUSTE | Learning BOOST|GLOBAL_BOOST | Calibration +1.2% (179 obs) | Source the-odds-api,0.5,0.5,1.2,1.1,1.2,1.2,0,NO BET,7.43,0.1346,0.0434,0.0,1500.0,1500.0,65.0,1.053,1.29,0.2867,DRAW POSSIBLE - tight 33%,1-1,14.51,0-1,12.4,1-0,11.42,SCORE POISSON + FORME - confiance 78%,A recalculer via player_scorers,0.4104,0.5896,0.4735,0.5265,"[('1-1', 0.1451), ('0-1', 0.124), ('1-0', 0.1142), ('1-2', 0.0877), ('2-1', 0.0834), ('0-2', 0.0786), ('0-0', 0.0738), ('2-0', 0.0676), ('2-2', 0.0375), ('1-3', 0.0284), ('3-1', 0.0264), ('3-0', 0.0177)]",0.0,0.0,0.0,0.0,175.6
03/10/2026 01:08,NO BET,2026-10-05T18:45:00Z,soccer_uefa_nations_league,the-odds-api,football,Bosnia & Herzegovina,Poland,Away Win,Poland,0.423763402847171,2.22,0.4505,-0.0592,A EVITER,NO BET,False,66.83,5 - WATCHLIST,MARCHE JUSTE,BOOST|GLOBAL_BOOST,-6.0% (21 obs),MEGA 70%/3% | SAFE 63%/1% | VALUE 58%/3%,REFUSE,value negative,Value negative ou nulle | Proba IA 42.4% | MARCHE JUSTE | Learning BOOST|GLOBAL_BOOST | Calibration -6.0% (21 obs) | Source the-odds-api,0.5,0.5,1.2,1.1,1.2,1.2,0,NO BET,7.43,0.0,0.0,0.0,1500.0,1500.0,65.0,1.053,1.29,0.2867,NO DRAW SIGNAL,1-1,14.51,0-1,12.4,1-0,11.42,SCORE POISSON + FORME - confiance 78%,A recalculer via player_scorers,0.4104,0.5896,0.4735,0.5265,"[('1-1', 0.1451), ('0-1', 0.124), ('1-0', 0.1142), ('1-2', 0.0877), ('2-1', 0.0834), ('0-2', 0.0786), ('0-0', 0.0738), ('2-0', 0.0676), ('2-2', 0.0375), ('1-3', 0.0284), ('3-1', 0.0264), ('3-0', 0.0177)]",0.0,0.0,0.0,0.0,128.57
03/10/2026 01:08,WATCHLIST,2026-10-05T18:45:00Z,soccer_uefa_nations_league,the-odds-api,football,France,Belgium,Home Win,France,0.7206499999999999,1.57,0.6369,0.1314,Forte,MEGA VALUE,True,100.0,1 - MEGA VALUE,OK,GLOBAL_BOOST,+4.0% (19 obs),MEGA 70%/3% | SAFE 63%/1% | VALUE 58%/3%,WATCHLIST,watchlist prudente,Value positive 13.1% | Proba IA 72.1% | Learning GLOBAL_BOOST | Calibration +4.0% (19 obs) | Source the-odds-api,0.5,0.5,1.2,1.1,1.2,1.2,0,NO BET,7.43,0.4038,0.22,0.0,1500.0,1500.0,65.0,2.083,0.537,0.1409,NO DRAW SIGNAL,2-0,19.89,1-0,17.53,2-1,10.18,SCORE POISSON + FORME - confiance 78%,A recalculer via player_scorers,0.5227,0.4773,0.3458,0.6542,"[('2-0', 0.1989), ('1-0', 0.1753), ('2-1', 0.1018), ('3-0', 0.0893), ('1-1', 0.086), ('3-1', 0.0522), ('0-0', 0.0514), ('0-1', 0.0512), ('4-0', 0.034), ('1-2', 0.0311), ('4-1', 0.0198), ('2-2', 0.0186)]",0.0,0.0,0.0,0.0,254.96
03/10/2026 01:08,WATCHLIST,2026-10-05T18:45:00Z,soccer_uefa_nations_league,the-odds-api,football,France,Belgium,Away Win,Belgium,0.20321485034274994,6.0,0.1667,0.2193,A EVITER,WATCHLIST,False,71.6,5 - WATCHLIST,COTE HAUTE,BOOST|GLOBAL_BOOST,+3.2% (24 obs),MEGA 70%/3% | SAFE 63%/1% | VALUE 58%/3%,WATCHLIST,cote trop haute,Value positive 21.9% | Proba IA 20.3% | COTE HAUTE | Learning BOOST|GLOBAL_BOOST | Calibration +3.2% (24 obs) | Source the-odds-api,0.5,0.5,1.2,1.1,1.2,1.2,0,NO BET,7.43,0.0,0.0,0.0,1500.0,1500.0,65.0,2.083,0.537,0.1409,NO DRAW SIGNAL,2-0,19.89,1-0,17.53,2-1,10.18,SCORE POISSON + FORME - confiance 78%,A recalculer via player_scorers,0.5227,0.4773,0.3458,0.6542,"[('2-0', 0.1989), ('1-0', 0.1753), ('2-1', 0.1018), ('3-0', 0.0893), ('1-1', 0.086), ('3-1', 0.0522), ('0-0', 0.0514), ('0-1', 0.0512), ('4-0', 0.034), ('1-2', 0.0311), ('4-1', 0.0198), ('2-2', 0.0186)]",0.0,0.0,0.0,0.0,214.49
03/10/2026 01:08,NO BET,2026-10-05T18:45:00Z,soccer_uefa_nations_league,the-odds-api,football,France,Belgium,Draw,Draw,0.15085619297445998,4.9,0.2041,-0.2608,A EVITER,NO BET,False,28.69,6 - NO BET,DRAW RISQUE,BOOST|GLOBAL_BOOST,-4.5% (32 obs),MEGA 70%/3% | SAFE 63%/1% | VALUE 58%/3%,REFUSE,cote trop haute,Value negative ou nulle | Proba IA 15.1% | DRAW RISQUE | Learning BOOST|GLOBAL_BOOST | Calibration -4.5% (32 obs) | Source the-odds-api,0.5,0.5,1.2,1.1,1.2,1.2,0,NO BET,7.43,0.0,0.0,0.0,1500.0,1500.0,65.0,2.083,0.537,0.1409,NO DRAW SIGNAL,2-0,19.89,1-0,17.53,2-1,10.18,SCORE POISSON + FORME - confiance 78%,A recalculer via player_scorers,0.5227,0.4773,0.3458,0.6542,"[('2-0', 0.1989), ('1-0', 0.1753), ('2-1', 0.1018), ('3-0', 0.0893), ('1-1', 0.086), ('3-1', 0.0522), ('0-0', 0.0514), ('0-1', 0.0512), ('4-0', 0.034), ('1-2', 0.0311), ('4-1', 0.0198), ('2-2', 0.0186)]",0.0,0.0,0.0,0.0,53.02
03/10/2026 01:08,MEGA VALUE,2026-10-05T18:45:00Z,soccer_uefa_nations_league,the-odds-api,football,Italy,Turkey,Home Win,Italy,0.7524194999999999,1.5,0.6667,0.1286,Forte,MEGA VALUE,True,100.0,1 - MEGA VALUE,OK,GLOBAL_BOOST,+4.0% (27 obs),MEGA 70%/3% | SAFE 63%/1% | VALUE 58%/3%,JOUABLE,ok,Value positive 12.9% | Proba IA 75.2% | Mode MEGA VALUE | Learning GLOBAL_BOOST | Calibration +4.0% (27 obs) | Source the-odds-api,0.5,0.5,1.2,1.1,1.2,1.2,0,VALUE BET,7.43,0.4038,0.22,3.0,1500.0,1500.0,65.0,2.225,0.473,0.1228,NO DRAW SIGNAL,2-0,21.95,1-0,17.96,3-0,10.48,SCORE POISSON + FORME - confiance 78%,A recalculer via player_scorers,0.5438,0.4562,0.3189,0.6811,"[('2-0', 0.2195), ('1-0', 0.1796), ('3-0', 0.1048), ('2-1', 0.0969), ('1-1', 0.0754), ('3-1', 0.053), ('0-0', 0.048), ('4-0', 0.0422), ('0-1', 0.042), ('1-2', 0.0237), ('4-1', 0.021), ('2-2', 0.0148)]",0.0,0.0,0.0,0.0,255.98
03/10/2026 01:08,WATCHLIST,2026-10-05T18:45:00Z,soccer_uefa_nations_league,the-odds-api,football,Italy,Turkey,Away Win,Turkey,0.18508288558152813,6.6,0.1515,0.2215,A EVITER,WATCHLIST,False,70.92,5 - WATCHLIST,COTE HAUTE,BOOST|GLOBAL_BOOST,+3.2% (24 obs),MEGA 70%/3% | SAFE 63%/1% | VALUE 58%/3%,WATCHLIST,cote trop haute,Value positive 22.1% | Proba IA 18.5% | COTE HAUTE | Learning BOOST|GLOBAL_BOOST | Calibration +3.2% (24 obs) | Source the-odds-api,0.5,0.5,1.2,1.1,1.2,1.2,0,NO BET,7.43,0.0,0.0,0.0,1500.0,1500.0,65.0,2.225,0.473,0.1228,NO DRAW SIGNAL,2-0,21.95,1-0,17.96,3-0,10.48,SCORE POISSON + FORME - confiance 78%,A recalculer via player_scorers,0.5438,0.4562,0.3189,0.6811,"[('2-0', 0.2195), ('1-0', 0.1796), ('3-0', 0.1048), ('2-1', 0.0969), ('1-1', 0.0754), ('3-1', 0.053), ('0-0', 0.048), ('4-0', 0.0422), ('0-1', 0.042), ('1-2', 0.0237), ('4-1', 0.021), ('2-2', 0.0148)]",0.0,0.0,0.0,0.0,213.18
03/10/2026 01:08,NO BET,2026-10-05T18:45:00Z,soccer_uefa_nations_league,the-odds-api,football,Italy,Turkey,Draw,Draw,0.13425115878374605,5.3,0.1887,-0.2885,A EVITER,NO BET,False,27.99,6 - NO BET,DRAW RISQUE,BOOST|GLOBAL_BOOST,-4.5% (32 obs),MEGA 70%/3% | SAFE 63%/1% | VALUE 58%/3%,REFUSE,cote trop haute,Value negative ou nulle | Proba IA 13.4% | DRAW RISQUE | Learning BOOST|GLOBAL_BOOST | Calibration -4.5% (32 obs) | Source the-odds-api,0.5,0.5,1.2,1.1,1.2,1.2,0,NO BET,7.43,0.0,0.0,0.0,1500.0,1500.0,65.0,2.225,0.473,0.1228,NO DRAW SIGNAL,2-0,21.95,1-0,17.96,3-0,10.48,SCORE POISSON + FORME - confiance 78%,A recalculer via player_scorers,0.5438,0.4562,0.3189,0.6811,"[('2-0', 0.2195), ('1-0', 0.1796), ('3-0', 0.1048), ('2-1', 0.0969), ('1-1', 0.0754), ('3-1', 0.053), ('0-0', 0.048), ('4-0', 0.0422), ('0-1', 0.042), ('1-2', 0.0237), ('4-1', 0.021), ('2-2', 0.0148)]",0.0,0.0,0.0,0.0,50.82
03/10/2026 01:08,WATCHLIST,2026-10-05T18:45:00Z,soccer_uefa_nations_league,the-odds-api,football,Northern Ireland,Georgia,Draw,Draw,0.32005389430336867,3.3,0.303,0.0562,A EVITER,NUL POSSIBLE,True,66.75,3B - NUL POSSIBLE,NUL SERRE,BOOST|GLOBAL_BOOST,-1.2% (23 obs),MEGA 70%/3% | SAFE 63%/1% | VALUE 58%/3%,WATCHLIST,cote trop haute,Value positive 5.6% | Proba IA 32.0% | NUL SERRE | Learning BOOST|GLOBAL_BOOST | Calibration -1.2% (23 obs) | Source the-odds-api,0.5,0.5,1.2,1.1,1.2,1.2,0,NO BET,7.43,0.1346,0.0244,0.0,1500.0,1500.0,65.0,1.321,1.061,0.2823,DRAW POSSIBLE - tight 65%,1-1,14.42,1-0,13.17,0-1,10.38,SCORE POISSON + FORME - confiance 78%,A recalculer via player_scorers,0.4211,0.5789,0.4807,0.5193,"[('1-1', 0.1442), ('1-0', 0.1317), ('0-1', 0.1038), ('2-1', 0.0974), ('2-0', 0.0895), ('1-2', 0.0756), ('0-0', 0.0717), ('0-2', 0.0569), ('2-2', 0.0381), ('3-1', 0.0337), ('1-3', 0.0222), ('3-0', 0.0222)]",0.0,0.0,0.0,0.0,145.35
03/10/2026 01:08,NO BET,2026-10-05T18:45:00Z,soccer_uefa_nations_league,the-odds-api,football,Northern Ireland,Georgia,Away Win,Georgia,0.3222700151900176,2.9,0.3448,-0.0654,A EVITER,NO BET,False,56.86,5 - WATCHLIST,OK,BOOST|GLOBAL_BOOST,-4.1% (61 obs),MEGA 70%/3% | SAFE 63%/1% | VALUE 58%/3%,REFUSE,value negative,Value negative ou nulle | Proba IA 32.2% | Learning BOOST|GLOBAL_BOOST | Calibration -4.1% (61 obs) | Source the-odds-api,0.5,0.5,1.2,1.1,1.2,1.2,0,NO BET,7.43,0.0,0.0,0.0,1500.0,1500.0,65.0,1.321,1.061,0.2823,NO DRAW SIGNAL,1-1,14.42,1-0,13.17,0-1,10.38,SCORE POISSON + FORME - confiance 78%,A recalculer via player_scorers,0.4211,0.5789,0.4807,0.5193,"[('1-1', 0.1442), ('1-0', 0.1317), ('0-1', 0.1038), ('2-1', 0.0974), ('2-0', 0.0895), ('1-2', 0.0756), ('0-0', 0.0717), ('0-2', 0.0569), ('2-2', 0.0381), ('3-1', 0.0337), ('1-3', 0.0222), ('3-0', 0.0222)]",0.0,0.0,0.0,0.0,106.71
03/10/2026 01:08,NO BET,2026-10-05T18:45:00Z,soccer_uefa_nations_league,the-odds-api,football,Northern Ireland,Georgia,Home Win,Northern Ireland,0.33513951360081473,2.72,0.3676,-0.0884,A EVITER,NO BET,False,54.76,6 - NO BET,MARCHE JUSTE,BOOST|GLOBAL_BOOST,-6.0% (36 obs),MEGA 70%/3% | SAFE 63%/1% | VALUE 58%/3%,REFUSE,value negative,Value negative ou nulle | Proba IA 33.5% | MARCHE JUSTE | Learning BOOST|GLOBAL_BOOST | Calibration -6.0% (36 obs) | Source the-odds-api,0.5,0.5,1.2,1.1,1.2,1.2,0,NO BET,7.43,0.0,0.0,0.0,1500.0,1500.0,65.0,1.321,1.061,0.2823,NO DRAW SIGNAL,1-1,14.42,1-0,13.17,0-1,10.38,SCORE POISSON + FORME - confiance 78%,A recalculer via player_scorers,0.4211,0.5789,0.4807,0.5193,"[('1-1', 0.1442), ('1-0', 0.1317), ('0-1', 0.1038), ('2-1', 0.0974), ('2-0', 0.0895), ('1-2', 0.0756), ('0-0', 0.0717), ('0-2', 0.0569), ('2-2', 0.0381), ('3-1', 0.0337), ('1-3', 0.0222), ('3-0', 0.0222)]",0.0,0.0,0.0,0.0,104.5
03/10/2026 01:08,SAFE PICK,2026-10-05T18:45:00Z,soccer_uefa_nations_league,the-odds-api,football,Romania,Sweden,Away Win,Sweden,0.6446540678942567,1.85,0.5405,0.1926,Moyenne,SAFE PICK,True,100.0,2 - SAFE PICK,MARCHE JUSTE,BOOST|GLOBAL_BOOST,+4.0% (17 obs),MEGA 70%/3% | SAFE 63%/1% | VALUE 58%/3%,JOUABLE,ok,Value positive 19.3% | Proba IA 64.5% | Mode SAFE PICK | MARCHE JUSTE | Learning BOOST|GLOBAL_BOOST | Calibration +4.0% (17 obs) | Source the-odds-api,0.5,0.5,1.2,1.1,1.2,1.2,0,VALUE BET,7.43,0.2463,0.22,1.83,1500.0,1500.0,65.0,0.846,1.484,0.2597,NO DRAW SIGNAL,0-1,14.49,1-1,13.4,0-2,10.16,SCORE POISSON + FORME - confiance 77%,A recalculer via player_scorers,0.4115,0.5885,0.4406,0.5594,"[('0-1', 0.1449), ('1-1', 0.134), ('0-2', 0.1016), ('1-0', 0.1016), ('1-2', 0.0957), ('0-0', 0.0723), ('2-1', 0.0713), ('2-0', 0.0536), ('2-2', 0.034), ('1-3', 0.0334), ('0-3', 0.0217), ('3-1', 0.0216)]",0.0,0.0,0.0,0.0,275.95
03/10/2026 01:08,WATCHLIST,2026-10-05T18:45:00Z,soccer_uefa_nations_league,the-odds-api,football,Romania,Sweden,Draw,Draw,0.2856499999343731,3.95,0.2532,0.1283,A EVITER,NUL POSSIBLE,True,70.6,3B - NUL POSSIBLE,MARCHE JUSTE,BOOST|GLOBAL_BOOST,+1.2% (179 obs),MEGA 70%/3% | SAFE 63%/1% | VALUE 58%/3%,WATCHLIST,cote trop haute,Value positive 12.8% | Proba IA 28.6% | MARCHE JUSTE | Learning BOOST|GLOBAL_BOOST | Calibration +1.2% (179 obs) | Source the-odds-api,0.5,0.5,1.2,1.1,1.2,1.2,0,NO BET,7.43,0.1346,0.0435,0.0,1500.0,1500.0,65.0,0.846,1.484,0.2597,NO DRAW SIGNAL,0-1,14.49,1-1,13.4,0-2,10.16,SCORE POISSON + FORME - confiance 77%,A recalculer via player_scorers,0.4115,0.5885,0.4406,0.5594,"[('0-1', 0.1449), ('1-1', 0.134), ('0-2', 0.1016), ('1-0', 0.1016), ('1-2', 0.0957), ('0-0', 0.0723), ('2-1', 0.0713), ('2-0', 0.0536), ('2-2', 0.034), ('1-3', 0.0334), ('0-3', 0.0217), ('3-1', 0.0216)]",0.0,0.0,0.0,0.0,179.66
03/10/2026 01:08,NO BET,2026-10-05T18:45:00Z,soccer_uefa_nations_league,the-odds-api,football,Romania,Sweden,Home Win,Romania,0.18927568384709223,4.3,0.2326,-0.1861,A EVITER,NO BET,False,34.3,6 - NO BET,MARCHE JUSTE,BOOST|GLOBAL_BOOST,-5.0% (19 obs),MEGA 70%/3% | SAFE 63%/1% | VALUE 58%/3%,REFUSE,cote trop haute,Value negative ou nulle | Proba IA 18.9% | MARCHE JUSTE | Learning BOOST|GLOBAL_BOOST | Calibration -5.0% (19 obs) | Source the-odds-api,0.5,0.5,1.2,1.1,1.2,1.2,0,NO BET,7.43,0.0,0.0,0.0,1500.0,1500.0,65.0,0.846,1.484,0.2597,NO DRAW SIGNAL,0-1,14.49,1-1,13.4,0-2,10.16,SCORE POISSON + FORME - confiance 77%,A recalculer via player_scorers,0.4115,0.5885,0.4406,0.5594,"[('0-1', 0.1449), ('1-1', 0.134), ('0-2', 0.1016), ('1-0', 0.1016), ('1-2', 0.0957), ('0-0', 0.0723), ('2-1', 0.0713), ('2-0', 0.0536), ('2-2', 0.034), ('1-3', 0.0334), ('0-3', 0.0217), ('3-1', 0.0216)]",0.0,0.0,0.0,0.0,64.01
03/10/2026 01:08,WATCHLIST,2026-10-05T18:45:00Z,soccer_uefa_nations_league,the-odds-api,football,Ukraine,Hungary,Home Win,Ukraine,0.5066163372696253,2.37,0.4219,0.2007,Faible,WATCHLIST,False,95.21,5 - WATCHLIST,OK,BOOST|GLOBAL_BOOST,+3.9% (57 obs),MEGA 70%/3% | SAFE 63%/1% | VALUE 58%/3%,WATCHLIST,proba trop basse,Value positive 20.1% | Proba IA 50.7% | Learning BOOST|GLOBAL_BOOST | Calibration +3.9% (57 obs) | Source the-odds-api,0.5,0.5,1.2,1.1,1.2,1.2,0,NO BET,7.43,0.0,0.0,0.0,1500.0,1500.0,65.0,1.452,0.969,0.2615,NO DRAW SIGNAL,1-0,14.09,1-1,13.67,2-1,10.42,SCORE POISSON + FORME - confiance 71%,A recalculer via player_scorers,0.4354,0.5646,0.4744,0.5256,"[('1-0', 0.1409), ('1-1', 0.1367), ('2-1', 0.1042), ('2-0', 0.1011), ('0-1', 0.0965), ('1-2', 0.0708), ('0-0', 0.0678), ('0-2', 0.0492), ('3-1', 0.0374), ('2-2', 0.0371), ('3-0', 0.025), ('1-3', 0.0199)]",0.0,0.0,0.0,0.0,262.67
03/10/2026 01:08,WATCHLIST,2026-10-05T18:45:00Z,soccer_uefa_nations_league,the-odds-api,football,Ukraine,Hungary,Away Win,Hungary,0.3838502728696388,3.15,0.3175,0.2091,A EVITER,WATCHLIST,False,91.02,5 - WATCHLIST,MARCHE JUSTE,BOOST|GLOBAL_BOOST,+4.0% (64 obs),MEGA 70%/3% | SAFE 63%/1% | VALUE 58%/3%,WATCHLIST,cote trop haute,Value positive 20.9% | Proba IA 38.4% | MARCHE JUSTE | Learning BOOST|GLOBAL_BOOST | Calibration +4.0% (64 obs) | Source the-odds-api,0.5,0.5,1.2,1.1,1.2,1.2,0,NO BET,7.43,0.0,0.0,0.0,1500.0,1500.0,65.0,1.452,0.969,0.2615,NO DRAW SIGNAL,1-0,14.09,1-1,13.67,2-1,10.42,SCORE POISSON + FORME - confiance 71%,A recalculer via player_scorers,0.4354,0.5646,0.4744,0.5256,"[('1-0', 0.1409), ('1-1', 0.1367), ('2-1', 0.1042), ('2-0', 0.1011), ('0-1', 0.0965), ('1-2', 0.0708), ('0-0', 0.0678), ('0-2', 0.0492), ('3-1', 0.0374), ('2-2', 0.0371), ('3-0', 0.025), ('1-3', 0.0199)]",0.0,0.0,0.0,0.0,251.5
03/10/2026 01:08,WATCHLIST,2026-10-05T18:45:00Z,soccer_uefa_nations_league,the-odds-api,football,Ukraine,Hungary,Draw,Draw,0.3125653494722624,3.45,0.2899,0.0784,A EVITER,NUL POSSIBLE,True,68.99,3B - NUL POSSIBLE,MARCHE JUSTE,BOOST|GLOBAL_BOOST,+1.2% (179 obs),MEGA 70%/3% | SAFE 63%/1% | VALUE 58%/3%,WATCHLIST,cote trop haute,Value positive 7.8% | Proba IA 31.3% | MARCHE JUSTE | Learning BOOST|GLOBAL_BOOST | Calibration +1.2% (179 obs) | Source the-odds-api,0.5,0.5,1.2,1.1,1.2,1.2,0,NO BET,7.43,0.1346,0.032,0.0,1500.0,1500.0,65.0,1.452,0.969,0.2615,NO DRAW SIGNAL,1-0,14.09,1-1,13.67,2-1,10.42,SCORE POISSON + FORME - confiance 71%,A recalculer via player_scorers,0.4354,0.5646,0.4744,0.5256,"[('1-0', 0.1409), ('1-1', 0.1367), ('2-1', 0.1042), ('2-0', 0.1011), ('0-1', 0.0965), ('1-2', 0.0708), ('0-0', 0.0678), ('0-2', 0.0492), ('3-1', 0.0374), ('2-2', 0.0371), ('3-0', 0.025), ('1-3', 0.0199)]",0.0,0.0,0.0,0.0,157.68
03/10/2026 01:08,WATCHLIST,2026-10-05T19:45:00Z,soccer_argentina_primera_division,the-odds-api,football,Deportivo Riestra,Central Córdoba,Home Win,Deportivo Riestra,0.5239810789069732,1.94,0.5155,0.0165,Faible,WATCHLIST,False,79.76,5 - WATCHLIST,OK,BOOST|GLOBAL_BOOST,-6.0% (26 obs),MEGA 70%/3% | SAFE 63%/1% | VALUE 58%/3%,WATCHLIST,proba trop basse,Value positive 1.7% | Proba IA 52.4% | Learning BOOST|GLOBAL_BOOST | Calibration -6.0% (26 obs) | Source the-odds-api,0.5,0.5,1.2,1.1,1.2,1.2,0,NO BET,7.43,0.0,0.0,0.0,1500.0,1500.0,65.0,1.763,0.703,0.1994,NO DRAW SIGNAL,1-0,17.79,2-0,14.93,2-1,11.57,SCORE POISSON + FORME - confiance 78%,A recalculer via player_scorers,0.4557,0.5443,0.411,0.589,"[('1-0', 0.1779), ('2-0', 0.1493), ('2-1', 0.1157), ('1-1', 0.1151), ('0-1', 0.0788), ('0-0', 0.0629), ('1-2', 0.0522), ('3-1', 0.0458), ('3-0', 0.0346), ('0-2', 0.0317), ('2-2', 0.0279), ('3-2', 0.0136)]",0.0,0.0,0.0,0.0,161.83
03/10/2026 01:08,WATCHLIST,2026-10-05T19:45:00Z,soccer_argentina_primera_division,the-odds-api,football,Deportivo Riestra,Central Córdoba,Draw,Draw,0.30637916026395723,3.25,0.3077,-0.0043,A EVITER,NUL POSSIBLE,True,59.23,3B - NUL POSSIBLE,DRAW RISQUE,BOOST|GLOBAL_BOOST,+1.2% (179 obs),MEGA 70%/3% | SAFE 63%/1% | VALUE 58%/3%,WATCHLIST,cote trop haute,Value negative ou nulle | Proba IA 30.6% | DRAW RISQUE | Learning BOOST|GLOBAL_BOOST | Calibration +1.2% (179 obs) | Source the-odds-api,0.5,0.5,1.2,1.1,1.2,1.2,0,NO BET,7.43,0.1346,0.0,0.0,1500.0,1500.0,65.0,1.763,0.703,0.1994,NO DRAW SIGNAL,1-0,17.79,2-0,14.93,2-1,11.57,SCORE POISSON + FORME - confiance 78%,A recalculer via player_scorers,0.4557,0.5443,0.411,0.589,"[('1-0', 0.1779), ('2-0', 0.1493), ('2-1', 0.1157), ('1-1', 0.1151), ('0-1', 0.0788), ('0-0', 0.0629), ('1-2', 0.0522), ('3-1', 0.0458), ('3-0', 0.0346), ('0-2', 0.0317), ('2-2', 0.0279), ('3-2', 0.0136)]",0.0,0.0,0.0,0.0,109.11
03/10/2026 01:08,NO BET,2026-10-05T19:45:00Z,soccer_argentina_primera_division,the-odds-api,football,Deportivo Riestra,Central Córdoba,Away Win,Central Córdoba,0.17960908489889515,5.0,0.2,-0.102,A EVITER,NO BET,False,33.89,6 - NO BET,COTE HAUTE,BOOST|GLOBAL_BOOST,-3.0% (36 obs),MEGA 70%/3% | SAFE 63%/1% | VALUE 58%/3%,REFUSE,cote trop haute,Value negative ou nulle | Proba IA 18.0% | COTE HAUTE | Learning BOOST|GLOBAL_BOOST | Calibration -3.0% (36 obs) | Source the-odds-api,0.5,0.5,1.2,1.1,1.2,1.2,0,NO BET,7.43,0.0,0.0,0.0,1500.0,1500.0,65.0,1.763,0.703,0.1994,NO DRAW SIGNAL,1-0,17.79,2-0,14.93,2-1,11.57,SCORE POISSON + FORME - confiance 78%,A recalculer via player_scorers,0.4557,0.5443,0.411,0.589,"[('1-0', 0.1779), ('2-0', 0.1493), ('2-1', 0.1157), ('1-1', 0.1151), ('0-1', 0.0788), ('0-0', 0.0629), ('1-2', 0.0522), ('3-1', 0.0458), ('3-0', 0.0346), ('0-2', 0.0317), ('2-2', 0.0279), ('3-2', 0.0136)]",0.0,0.0,0.0,0.0,62.73
03/10/2026 01:08,WATCHLIST,2026-10-05T22:00:00Z,soccer_argentina_primera_division,the-odds-api,football,Estudiantes,Gimnasia Mendoza,Home Win,Estudiantes,0.633596010492732,1.73,0.578,0.0961,Moyenne,SAFE PICK,True,93.51,2 - SAFE PICK,OK,BOOST|GLOBAL_BOOST,-0.7% (30 obs),MEGA 70%/3% | SAFE 63%/1% | VALUE 58%/3%,WATCHLIST,watchlist prudente,Value positive 9.6% | Proba IA 63.4% | Learning BOOST|GLOBAL_BOOST | Calibration -0.7% (30 obs) | Source the-odds-api,0.5,0.5,1.2,1.1,1.2,1.2,0,NO BET,7.43,0.2692,0.1317,0.0,1500.0,1500.0,65.0,1.869,0.64,0.1739,NO DRAW SIGNAL,2-0,17.7,1-0,17.55,2-1,11.09,SCORE POISSON + FORME - confiance 69%,A recalculer via player_scorers,0.4777,0.5223,0.3856,0.6144,"[('2-0', 0.177), ('1-0', 0.1755), ('2-1', 0.1109), ('1-1', 0.1058), ('0-1', 0.0692), ('0-0', 0.0593), ('3-1', 0.0519), ('1-2', 0.0451), ('3-0', 0.0419), ('0-2', 0.0269), ('2-2', 0.0254), ('4-0', 0.0154)]",0.0,0.0,0.0,0.0,224.08
03/10/2026 01:08,WATCHLIST,2026-10-05T22:00:00Z,soccer_argentina_primera_division,the-odds-api,football,Estudiantes,Gimnasia Mendoza,Draw,Draw,0.30236356376032053,3.5,0.2857,0.0583,A EVITER,NUL POSSIBLE,True,66.25,3B - NUL POSSIBLE,DRAW RISQUE,BOOST|GLOBAL_BOOST,+3.7% (114 obs),MEGA 70%/3% | SAFE 63%/1% | VALUE 58%/3%,WATCHLIST,cote trop haute,Value positive 5.8% | Proba IA 30.2% | DRAW RISQUE | Learning BOOST|GLOBAL_BOOST | Calibration +3.7% (114 obs) | Source the-odds-api,0.5,0.5,1.2,1.1,1.2,1.2,0,NO BET,7.43,0.1346,0.0233,0.0,1500.0,1500.0,65.0,1.869,0.64,0.1739,NO DRAW SIGNAL,2-0,17.7,1-0,17.55,2-1,11.09,SCORE POISSON + FORME - confiance 69%,A recalculer via player_scorers,0.4777,0.5223,0.3856,0.6144,"[('2-0', 0.177), ('1-0', 0.1755), ('2-1', 0.1109), ('1-1', 0.1058), ('0-1', 0.0692), ('0-0', 0.0593), ('3-1', 0.0519), ('1-2', 0.0451), ('3-0', 0.0419), ('0-2', 0.0269), ('2-2', 0.0254), ('4-0', 0.0154)]",0.0,0.0,0.0,0.0,144.27
03/10/2026 01:08,NO BET,2026-10-05T22:00:00Z,soccer_argentina_primera_division,the-odds-api,football,Estudiantes,Gimnasia Mendoza,Away Win,Gimnasia Mendoza,0.15759984465414165,5.25,0.1905,-0.1726,A EVITER,NO BET,False,32.97,6 - NO BET,COTE HAUTE,BOOST|GLOBAL_BOOST,-3.0% (36 obs),MEGA 70%/3% | SAFE 63%/1% | VALUE 58%/3%,REFUSE,cote trop haute,Value negative ou nulle | Proba IA 15.8% | COTE HAUTE | Learning BOOST|GLOBAL_BOOST | Calibration -3.0% (36 obs) | Source the-odds-api,0.5,0.5,1.2,1.1,1.2,1.2,0,NO BET,7.43,0.0,0.0,0.0,1500.0,1500.0,65.0,1.869,0.64,0.1739,NO DRAW SIGNAL,2-0,17.7,1-0,17.55,2-1,11.09,SCORE POISSON + FORME - confiance 69%,A recalculer via player_scorers,0.4777,0.5223,0.3856,0.6144,"[('2-0', 0.177), ('1-0', 0.1755), ('2-1', 0.1109), ('1-1', 0.1058), ('0-1', 0.0692), ('0-0', 0.0593), ('3-1', 0.0519), ('1-2', 0.0451), ('3-0', 0.0419), ('0-2', 0.0269), ('2-2', 0.0254), ('4-0', 0.0154)]",0.0,0.0,0.0,0.0,59.83
03/10/2026 01:08,WATCHLIST,2026-10-05T22:00:00Z,soccer_argentina_primera_division,the-odds-api,football,Velez Sarsfield BA,Platense,Home Win,Velez Sarsfield BA,0.5188801860510023,1.95,0.5128,0.0118,Faible,WATCHLIST,False,79.0,5 - WATCHLIST,OK,BOOST|GLOBAL_BOOST,-6.0% (26 obs),MEGA 70%/3% | SAFE 63%/1% | VALUE 58%/3%,WATCHLIST,proba trop basse,Value positive 1.2% | Proba IA 51.9% | Learning BOOST|GLOBAL_BOOST | Calibration -6.0% (26 obs) | Source the-odds-api,0.5,0.5,1.2,1.1,1.2,1.2,0,NO BET,7.43,0.0,0.0,0.0,1500.0,1500.0,65.0,1.755,0.7,0.2002,NO DRAW SIGNAL,1-0,17.87,2-0,14.94,2-1,11.53,SCORE POISSON + FORME - confiance 78%,A recalculer via player_scorers,0.4528,0.5472,0.4091,0.5909,"[('1-0', 0.1787), ('2-0', 0.1494), ('2-1', 0.1153), ('1-1', 0.1152), ('0-1', 0.0791), ('0-0', 0.0633), ('1-2', 0.0521), ('3-1', 0.0455), ('3-0', 0.0345), ('0-2', 0.0318), ('2-2', 0.0278), ('3-2', 0.0135)]",0.0,0.0,0.0,0.0,158.32
03/10/2026 01:08,WATCHLIST,2026-10-05T22:00:00Z,soccer_argentina_primera_division,the-odds-api,football,Velez Sarsfield BA,Platense,Draw,Draw,0.3157127088940317,3.1,0.3226,-0.0213,A EVITER,NUL POSSIBLE,True,57.66,3B - NUL POSSIBLE,DRAW RISQUE,BOOST|GLOBAL_BOOST,+1.2% (179 obs),MEGA 70%/3% | SAFE 63%/1% | VALUE 58%/3%,WATCHLIST,cote trop haute,Value negative ou nulle | Proba IA 31.6% | DRAW RISQUE | Learning BOOST|GLOBAL_BOOST | Calibration +1.2% (179 obs) | Source the-odds-api,0.5,0.5,1.2,1.1,1.2,1.2,0,NO BET,7.43,0.1346,0.0,0.0,1500.0,1500.0,65.0,1.755,0.7,0.2002,NO DRAW SIGNAL,1-0,17.87,2-0,14.94,2-1,11.53,SCORE POISSON + FORME - confiance 78%,A recalculer via player_scorers,0.4528,0.5472,0.4091,0.5909,"[('1-0', 0.1787), ('2-0', 0.1494), ('2-1', 0.1153), ('1-1', 0.1152), ('0-1', 0.0791), ('0-0', 0.0633), ('1-2', 0.0521), ('3-1', 0.0455), ('3-0', 0.0345), ('0-2', 0.0318), ('2-2', 0.0278), ('3-2', 0.0135)]",0.0,0.0,0.0,0.0,107.44
03/10/2026 01:08,NO BET,2026-10-05T22:00:00Z,soccer_argentina_primera_division,the-odds-api,football,Velez Sarsfield BA,Platense,Away Win,Platense,0.17516162184425582,5.1,0.1961,-0.1067,A EVITER,NO BET,False,33.71,6 - NO BET,COTE HAUTE,BOOST|GLOBAL_BOOST,-3.0% (36 obs),MEGA 70%/3% | SAFE 63%/1% | VALUE 58%/3%,REFUSE,cote trop haute,Value negative ou nulle | Proba IA 17.5% | COTE HAUTE | Learning BOOST|GLOBAL_BOOST | Calibration -3.0% (36 obs) | Source the-odds-api,0.5,0.5,1.2,1.1,1.2,1.2,0,NO BET,7.43,0.0,0.0,0.0,1500.0,1500.0,65.0,1.755,0.7,0.2002,NO DRAW SIGNAL,1-0,17.87,2-0,14.94,2-1,11.53,SCORE POISSON + FORME - confiance 78%,A recalculer via player_scorers,0.4528,0.5472,0.4091,0.5909,"[('1-0', 0.1787), ('2-0', 0.1494), ('2-1', 0.1153), ('1-1', 0.1152), ('0-1', 0.0791), ('0-0', 0.0633), ('1-2', 0.0521), ('3-1', 0.0455), ('3-0', 0.0345), ('0-2', 0.0318), ('2-2', 0.0278), ('3-2', 0.0135)]",0.0,0.0,0.0,0.0,62.15
03/10/2026 01:08,WATCHLIST,2026-10-06T00:15:00Z,soccer_argentina_primera_division,the-odds-api,football,Banfield,Rosario Central,Draw,Draw,0.3147359421769309,3.4,0.2941,0.0701,A EVITER,NUL POSSIBLE,True,68.13,3B - NUL POSSIBLE,MARCHE JUSTE,BOOST|GLOBAL_BOOST,+1.2% (179 obs),MEGA 70%/3% | SAFE 63%/1% | VALUE 58%/3%,WATCHLIST,cote trop haute,Value positive 7.0% | Proba IA 31.5% | MARCHE JUSTE | Learning BOOST|GLOBAL_BOOST | Calibration +1.2% (179 obs) | Source the-odds-api,0.5,0.5,1.2,1.1,1.2,1.2,0,NO BET,7.43,0.1346,0.0292,0.0,1500.0,1500.0,65.0,0.906,1.408,0.2674,NO DRAW SIGNAL,0-1,13.97,1-1,13.64,1-0,10.71,SCORE POISSON + FORME - confiance 71%,A recalculer via player_scorers,0.4074,0.5926,0.4492,0.5508,"[('0-1', 0.1397), ('1-1', 0.1364), ('1-0', 0.1071), ('0-2', 0.0937), ('1-2', 0.0936), ('2-1', 0.0755), ('0-0', 0.0727), ('2-0', 0.058), ('2-2', 0.0348), ('1-3', 0.0315), ('3-1', 0.0229), ('0-3', 0.0197)]",0.0,0.0,0.0,0.0,153.01
03/10/2026 01:08,NO BET,2026-10-06T00:15:00Z,soccer_argentina_primera_division,the-odds-api,football,Banfield,Rosario Central,Away Win,Rosario Central,0.4856857730694568,1.98,0.5051,-0.0383,A EVITER,NO BET,False,71.84,5 - WATCHLIST,MARCHE JUSTE,BOOST|GLOBAL_BOOST,-6.0% (28 obs),MEGA 70%/3% | SAFE 63%/1% | VALUE 58%/3%,REFUSE,value negative,Value negative ou nulle | Proba IA 48.6% | MARCHE JUSTE | Learning BOOST|GLOBAL_BOOST | Calibration -6.0% (28 obs) | Source the-odds-api,0.5,0.5,1.2,1.1,1.2,1.2,0,NO BET,7.43,0.0,0.0,0.0,1500.0,1500.0,65.0,0.906,1.408,0.2674,NO DRAW SIGNAL,0-1,13.97,1-1,13.64,1-0,10.71,SCORE POISSON + FORME - confiance 71%,A recalculer via player_scorers,0.4074,0.5926,0.4492,0.5508,"[('0-1', 0.1397), ('1-1', 0.1364), ('1-0', 0.1071), ('0-2', 0.0937), ('1-2', 0.0936), ('2-1', 0.0755), ('0-0', 0.0727), ('2-0', 0.058), ('2-2', 0.0348), ('1-3', 0.0315), ('3-1', 0.0229), ('0-3', 0.0197)]",0.0,0.0,0.0,0.0,140.32
03/10/2026 01:08,NO BET,2026-10-06T00:15:00Z,soccer_argentina_primera_division,the-odds-api,football,Banfield,Rosario Central,Home Win,Banfield,0.20295041788650373,4.1,0.2439,-0.1679,A EVITER,NO BET,False,34.87,6 - NO BET,MARCHE JUSTE,BOOST|GLOBAL_BOOST,-5.0% (19 obs),MEGA 70%/3% | SAFE 63%/1% | VALUE 58%/3%,REFUSE,cote trop haute,Value negative ou nulle | Proba IA 20.3% | MARCHE JUSTE | Learning BOOST|GLOBAL_BOOST | Calibration -5.0% (19 obs) | Source the-odds-api,0.5,0.5,1.2,1.1,1.2,1.2,0,NO BET,7.43,0.0,0.0,0.0,1500.0,1500.0,65.0,0.906,1.408,0.2674,NO DRAW SIGNAL,0-1,13.97,1-1,13.64,1-0,10.71,SCORE POISSON + FORME - confiance 71%,A recalculer via player_scorers,0.4074,0.5926,0.4492,0.5508,"[('0-1', 0.1397), ('1-1', 0.1364), ('1-0', 0.1071), ('0-2', 0.0937), ('1-2', 0.0936), ('2-1', 0.0755), ('0-0', 0.0727), ('2-0', 0.058), ('2-2', 0.0348), ('1-3', 0.0315), ('3-1', 0.0229), ('0-3', 0.0197)]",0.0,0.0,0.0,0.0,65.81
03/10/2026 01:08,MEGA VALUE,2026-10-06T18:45:00Z,soccer_uefa_nations_league,the-odds-api,football,Croatia,Spain,Away Win,Spain,0.7738605630000001,1.47,0.6803,0.1376,Forte,MEGA VALUE,True,100.0,1 - MEGA VALUE,OK,BOOST|GLOBAL_BOOST,+4.0% (15 obs),MEGA 70%/3% | SAFE 63%/1% | VALUE 58%/3%,JOUABLE,ok,Value positive 13.8% | Proba IA 77.4% | Mode MEGA VALUE | Learning BOOST|GLOBAL_BOOST | Calibration +4.0% (15 obs) | Source the-odds-api,0.5,0.5,1.2,1.1,1.2,1.2,0,VALUE BET,7.43,0.4038,0.22,3.0,1500.0,1500.0,65.0,0.498,1.875,0.1654,NO DRAW SIGNAL,0-2,20.08,0-1,19.57,1-2,9.46,SCORE POISSON + FORME - confiance 72%,A recalculer via player_scorers,0.4436,0.5564,0.3191,0.6809,"[('0-2', 0.2008), ('0-1', 0.1957), ('1-2', 0.0946), ('1-1', 0.0904), ('0-3', 0.0728), ('0-0', 0.0634), ('1-0', 0.062), ('1-3', 0.044), ('2-1', 0.0338), ('0-4', 0.0241), ('2-0', 0.0216), ('2-2', 0.017)]",0.0,0.0,0.0,0.0,261.33
03/10/2026 01:08,WATCHLIST,2026-10-06T18:45:00Z,soccer_uefa_nations_league,the-odds-api,football,Croatia,Spain,Home Win,Croatia,0.1824383168273865,7.0,0.1429,0.2771,A EVITER,WATCHLIST,False,70.81,5 - WATCHLIST,COTE HAUTE,BOOST|GLOBAL_BOOST,+4.0% (36 obs),MEGA 70%/3% | SAFE 63%/1% | VALUE 58%/3%,WATCHLIST,cote trop haute,Value positive 27.7% | Proba IA 18.2% | COTE HAUTE | Learning BOOST|GLOBAL_BOOST | Calibration +4.0% (36 obs) | Source the-odds-api,0.5,0.5,1.2,1.1,1.2,1.2,0,NO BET,7.43,0.0,0.0,0.0,1500.0,1500.0,65.0,0.498,1.875,0.1654,NO DRAW SIGNAL,0-2,20.08,0-1,19.57,1-2,9.46,SCORE POISSON + FORME - confiance 72%,A recalculer via player_scorers,0.4436,0.5564,0.3191,0.6809,"[('0-2', 0.2008), ('0-1', 0.1957), ('1-2', 0.0946), ('1-1', 0.0904), ('0-3', 0.0728), ('0-0', 0.0634), ('1-0', 0.062), ('1-3', 0.044), ('2-1', 0.0338), ('0-4', 0.0241), ('2-0', 0.0216), ('2-2', 0.017)]",0.0,0.0,0.0,0.0,236.71
03/10/2026 01:08,NO BET,2026-10-06T18:45:00Z,soccer_uefa_nations_league,the-odds-api,football,Croatia,Spain,Draw,Draw,0.15367796349052903,5.0,0.2,-0.2316,A EVITER,NO BET,False,28.8,6 - NO BET,DRAW RISQUE,BOOST|GLOBAL_BOOST,-4.5% (32 obs),MEGA 70%/3% | SAFE 63%/1% | VALUE 58%/3%,REFUSE,cote trop haute,Value negative ou nulle | Proba IA 15.4% | DRAW RISQUE | Learning BOOST|GLOBAL_BOOST | Calibration -4.5% (32 obs) | Source the-odds-api,0.5,0.5,1.2,1.1,1.2,1.2,0,NO BET,7.43,0.0,0.0,0.0,1500.0,1500.0,65.0,0.498,1.875,0.1654,NO DRAW SIGNAL,0-2,20.08,0-1,19.57,1-2,9.46,SCORE POISSON + FORME - confiance 72%,A recalculer via player_scorers,0.4436,0.5564,0.3191,0.6809,"[('0-2', 0.2008), ('0-1', 0.1957), ('1-2', 0.0946), ('1-1', 0.0904), ('0-3', 0.0728), ('0-0', 0.0634), ('1-0', 0.062), ('1-3', 0.044), ('2-1', 0.0338), ('0-4', 0.0241), ('2-0', 0.0216), ('2-2', 0.017)]",0.0,0.0,0.0,0.0,53.38
03/10/2026 01:08,WATCHLIST,2026-10-06T18:45:00Z,soccer_uefa_nations_league,the-odds-api,football,England,Czech Republic,Draw,Draw,0.1801591944874846,6.75,0.1481,0.2161,A EVITER,WATCHLIST,False,66.27,5 - WATCHLIST,DRAW RISQUE,BOOST|GLOBAL_BOOST,+4.0% (36 obs),MEGA 70%/3% | SAFE 63%/1% | VALUE 58%/3%,WATCHLIST,cote trop haute,Value positive 21.6% | Proba IA 18.0% | DRAW RISQUE | Learning BOOST|GLOBAL_BOOST | Calibration +4.0% (36 obs) | Source the-odds-api,0.5,0.5,1.2,1.1,1.2,1.2,0,NO BET,7.43,0.0,0.0,0.0,1500.0,1500.0,65.0,2.825,0.25,0.0623,NO DRAW SIGNAL,2-0,21.99,3-0,21.21,4-0,13.73,SCORE POISSON + FORME - confiance 74%,A recalculer via player_scorers,0.6331,0.3669,0.1967,0.8033,"[('2-0', 0.2199), ('3-0', 0.2121), ('4-0', 0.1373), ('1-0', 0.0942), ('5-0', 0.0536), ('3-1', 0.046), ('2-1', 0.0456), ('1-1', 0.0259), ('6-0', 0.0252), ('4-1', 0.025), ('0-0', 0.0216), ('0-1', 0.0153)]",0.0,0.0,0.0,0.0,203.6
03/10/2026 01:08,WATCHLIST,2026-10-06T18:45:00Z,soccer_uefa_nations_league,the-odds-api,football,England,Czech Republic,Home Win,England,0.8265617019377607,1.2,0.8333,-0.0081,Elite,FAVORI SOLIDE,True,81.63,2B - FAVORI SOLIDE,OK,BOOST|GLOBAL_BOOST,-6.0% (16 obs),MEGA 70%/3% | SAFE 63%/1% | VALUE 58%/3%,WATCHLIST,value negative,Value negative ou nulle | Proba IA 82.7% | Learning BOOST|GLOBAL_BOOST | Calibration -6.0% (16 obs) | Source the-odds-api,0.5,0.5,1.2,1.1,1.2,1.2,0,NO BET,7.43,0.2692,0.0,0.0,1500.0,1500.0,65.0,2.825,0.25,0.0623,NO DRAW SIGNAL,2-0,21.99,3-0,21.21,4-0,13.73,SCORE POISSON + FORME - confiance 74%,A recalculer via player_scorers,0.6331,0.3669,0.1967,0.8033,"[('2-0', 0.2199), ('3-0', 0.2121), ('4-0', 0.1373), ('1-0', 0.0942), ('5-0', 0.0536), ('3-1', 0.046), ('2-1', 0.0456), ('1-1', 0.0259), ('6-0', 0.0252), ('4-1', 0.025), ('0-0', 0.0216), ('0-1', 0.0153)]",0.0,0.0,0.0,0.0,178.67
03/10/2026 01:08,NO BET,2026-10-06T18:45:00Z,soccer_uefa_nations_league,the-odds-api,football,England,Czech Republic,Away Win,Czech Republic,0.05747490716764645,15.0,0.0667,-0.1379,A EVITER,NO BET,False,28.76,6 - NO BET,COTE HAUTE,BOOST|GLOBAL_BOOST,-0.2% (13 obs),MEGA 70%/3% | SAFE 63%/1% | VALUE 58%/3%,REFUSE,cote trop haute,Value negative ou nulle | Proba IA 5.7% | COTE HAUTE | Learning BOOST|GLOBAL_BOOST | Calibration -0.2% (13 obs) | Source the-odds-api,0.5,0.5,1.2,1.1,1.2,1.2,0,NO BET,7.43,0.0,0.0,0.0,1500.0,1500.0,65.0,2.825,0.25,0.0623,NO DRAW SIGNAL,2-0,21.99,3-0,21.21,4-0,13.73,SCORE POISSON + FORME - confiance 74%,A recalculer via player_scorers,0.6331,0.3669,0.1967,0.8033,"[('2-0', 0.2199), ('3-0', 0.2121), ('4-0', 0.1373), ('1-0', 0.0942), ('5-0', 0.0536), ('3-1', 0.046), ('2-1', 0.0456), ('1-1', 0.0259), ('6-0', 0.0252), ('4-1', 0.025), ('0-0', 0.0216), ('0-1', 0.0153)]",0.0,0.0,0.0,0.0,46.59
03/10/2026 01:08,WATCHLIST,2026-10-07T00:30:00Z,soccer_usa_mls,the-odds-api,football,Chicago Fire,Vancouver Whitecaps FC,Draw,Draw,0.3154956496235649,3.9,0.2564,0.2304,A EVITER,NUL POSSIBLE,True,82.4,3B - NUL POSSIBLE,NUL SERRE,BOOST|GLOBAL_BOOST,-1.2% (23 obs),MEGA 70%/3% | SAFE 63%/1% | VALUE 58%/3%,WATCHLIST,cote trop haute,Value positive 23.0% | Proba IA 31.5% | NUL SERRE | Learning BOOST|GLOBAL_BOOST | Calibration -1.2% (23 obs) | Source the-odds-api,0.5,0.5,1.2,1.1,1.2,1.2,0,NO BET,7.43,0.1346,0.0795,0.0,1500.0,1500.0,65.0,1.203,1.198,0.2969,DRAW POSSIBLE - tight 66%,1-1,15.1,1-0,11.87,0-1,10.99,SCORE POISSON + FORME - confiance 78%,A recalculer via player_scorers,0.4211,0.5789,0.4925,0.5075,"[('1-1', 0.151), ('1-0', 0.1187), ('0-1', 0.1099), ('2-1', 0.0901), ('1-2', 0.0817), ('2-0', 0.0773), ('0-0', 0.0735), ('0-2', 0.0669), ('2-2', 0.0396), ('3-1', 0.0303), ('1-3', 0.0258), ('3-0', 0.0197)]",0.0,0.0,0.0,0.0,243.12
03/10/2026 01:08,WATCHLIST,2026-10-07T00:30:00Z,soccer_usa_mls,the-odds-api,football,Chicago Fire,Vancouver Whitecaps FC,Home Win,Chicago Fire,0.39407110553256414,2.8,0.3571,0.1034,A EVITER,WATCHLIST,False,79.29,5 - WATCHLIST,OK,BOOST|GLOBAL_BOOST,+4.0% (33 obs),MEGA 70%/3% | SAFE 63%/1% | VALUE 58%/3%,WATCHLIST,proba trop basse,Value positive 10.3% | Proba IA 39.4% | Learning BOOST|GLOBAL_BOOST | Calibration +4.0% (33 obs) | Source the-odds-api,0.5,0.5,1.2,1.1,1.2,1.2,0,NO BET,7.43,0.0,0.0,0.0,1500.0,1500.0,65.0,1.203,1.198,0.2969,NO DRAW SIGNAL,1-1,15.1,1-0,11.87,0-1,10.99,SCORE POISSON + FORME - confiance 78%,A recalculer via player_scorers,0.4211,0.5789,0.4925,0.5075,"[('1-1', 0.151), ('1-0', 0.1187), ('0-1', 0.1099), ('2-1', 0.0901), ('1-2', 0.0817), ('2-0', 0.0773), ('0-0', 0.0735), ('0-2', 0.0669), ('2-2', 0.0396), ('3-1', 0.0303), ('1-3', 0.0258), ('3-0', 0.0197)]",0.0,0.0,0.0,0.0,189.4
03/10/2026 01:08,NO BET,2026-10-07T00:30:00Z,soccer_usa_mls,the-odds-api,football,Chicago Fire,Vancouver Whitecaps FC,Away Win,Vancouver Whitecaps FC,0.39411364914957564,2.32,0.431,-0.0857,A EVITER,NO BET,False,57.55,5 - WATCHLIST,OK,BOOST|GLOBAL_BOOST,-2.8% (18 obs),MEGA 70%/3% | SAFE 63%/1% | VALUE 58%/3%,REFUSE,value negative,Value negative ou nulle | Proba IA 39.4% | Learning BOOST|GLOBAL_BOOST | Calibration -2.8% (18 obs) | Source the-odds-api,0.5,0.5,1.2,1.1,1.2,1.2,0,NO BET,7.43,0.0,0.0,0.0,1500.0,1500.0,65.0,1.203,1.198,0.2969,NO DRAW SIGNAL,1-1,15.1,1-0,11.87,0-1,10.99,SCORE POISSON + FORME - confiance 78%,A recalculer via player_scorers,0.4211,0.5789,0.4925,0.5075,"[('1-1', 0.151), ('1-0', 0.1187), ('0-1', 0.1099), ('2-1', 0.0901), ('1-2', 0.0817), ('2-0', 0.0773), ('0-0', 0.0735), ('0-2', 0.0669), ('2-2', 0.0396), ('3-1', 0.0303), ('1-3', 0.0258), ('3-0', 0.0197)]",0.0,0.0,0.0,0.0,112.76
03/10/2026 01:08,WATCHLIST,2026-10-07T22:30:00Z,soccer_brazil_campeonato,the-odds-api,football,Bragantino-SP,Mirassol,Home Win,Bragantino-SP,0.6095024314709117,1.8,0.5556,0.0971,Moyenne,VALUE BET,True,92.62,3 - VALUE BET,OK,BOOST|GLOBAL_BOOST,-0.7% (30 obs),MEGA 70%/3% | SAFE 63%/1% | VALUE 58%/3%,WATCHLIST,watchlist prudente,Value positive 9.7% | Proba IA 61.0% | Learning BOOST|GLOBAL_BOOST | Calibration -0.7% (30 obs) | Source the-odds-api,0.5,0.5,1.2,1.1,1.2,1.2,0,NO BET,7.43,0.1346,0.1214,0.0,1500.0,1500.0,65.0,1.814,0.698,0.1937,NO DRAW SIGNAL,1-0,17.67,2-0,15.2,2-1,11.69,SCORE POISSON + FORME - confiance 78%,A recalculer via player_scorers,0.4674,0.5326,0.4134,0.5866,"[('1-0', 0.1767), ('2-0', 0.152), ('2-1', 0.1169), ('1-1', 0.1137), ('0-1', 0.0761), ('0-0', 0.0611), ('1-2', 0.0513), ('3-1', 0.0473), ('3-0', 0.0359), ('0-2', 0.0307), ('2-2', 0.0281), ('3-2', 0.0139)]",0.0,0.0,0.0,0.0,221.5
03/10/2026 01:08,WATCHLIST,2026-10-07T22:30:00Z,soccer_brazil_campeonato,the-odds-api,football,Bragantino-SP,Mirassol,Draw,Draw,0.29606884491678187,3.8,0.2632,0.1251,A EVITER,NUL POSSIBLE,True,70.67,3B - NUL POSSIBLE,DRAW RISQUE,BOOST|GLOBAL_BOOST,+3.7% (114 obs),MEGA 70%/3% | SAFE 63%/1% | VALUE 58%/3%,WATCHLIST,cote trop haute,Value positive 12.5% | Proba IA 29.6% | DRAW RISQUE | Learning BOOST|GLOBAL_BOOST | Calibration +3.7% (114 obs) | Source the-odds-api,0.5,0.5,1.2,1.1,1.2,1.2,0,NO BET,7.43,0.1346,0.0447,0.0,1500.0,1500.0,65.0,1.814,0.698,0.1937,NO DRAW SIGNAL,1-0,17.67,2-0,15.2,2-1,11.69,SCORE POISSON + FORME - confiance 78%,A recalculer via player_scorers,0.4674,0.5326,0.4134,0.5866,"[('1-0', 0.1767), ('2-0', 0.152), ('2-1', 0.1169), ('1-1', 0.1137), ('0-1', 0.0761), ('0-0', 0.0611), ('1-2', 0.0513), ('3-1', 0.0473), ('3-0', 0.0359), ('0-2', 0.0307), ('2-2', 0.0281), ('3-2', 0.0139)]",0.0,0.0,0.0,0.0,179.09
03/10/2026 01:08,NO BET,2026-10-07T22:30:00Z,soccer_brazil_campeonato,the-odds-api,football,Bragantino-SP,Mirassol,Away Win,Mirassol,0.18953034863616744,4.6,0.2174,-0.1282,A EVITER,NO BET,False,34.31,6 - NO BET,COTE HAUTE,BOOST|GLOBAL_BOOST,-3.0% (36 obs),MEGA 70%/3% | SAFE 63%/1% | VALUE 58%/3%,REFUSE,cote trop haute,Value negative ou nulle | Proba IA 19.0% | COTE HAUTE | Learning BOOST|GLOBAL_BOOST | Calibration -3.0% (36 obs) | Source the-odds-api,0.5,0.5,1.2,1.1,1.2,1.2,0,NO BET,7.43,0.0,0.0,0.0,1500.0,1500.0,65.0,1.814,0.698,0.1937,NO DRAW SIGNAL,1-0,17.67,2-0,15.2,2-1,11.69,SCORE POISSON + FORME - confiance 78%,A recalculer via player_scorers,0.4674,0.5326,0.4134,0.5866,"[('1-0', 0.1767), ('2-0', 0.152), ('2-1', 0.1169), ('1-1', 0.1137), ('0-1', 0.0761), ('0-0', 0.0611), ('1-2', 0.0513), ('3-1', 0.0473), ('3-0', 0.0359), ('0-2', 0.0307), ('2-2', 0.0281), ('3-2', 0.0139)]",0.0,0.0,0.0,0.0,64.05
03/10/2026 01:08,WATCHLIST,2026-10-07T22:30:00Z,soccer_brazil_campeonato,the-odds-api,football,Internacional,Corinthians,Away Win,Corinthians,0.33812122966680896,3.55,0.2817,0.2003,A EVITER,WATCHLIST,False,85.09,5 - WATCHLIST,MARCHE JUSTE,BOOST|GLOBAL_BOOST,+4.0% (64 obs),MEGA 70%/3% | SAFE 63%/1% | VALUE 58%/3%,WATCHLIST,cote trop haute,Value positive 20.0% | Proba IA 33.8% | MARCHE JUSTE | Learning BOOST|GLOBAL_BOOST | Calibration +4.0% (64 obs) | Source the-odds-api,0.5,0.5,1.2,1.1,1.2,1.2,0,NO BET,7.43,0.0,0.0,0.0,1500.0,1500.0,65.0,1.562,0.874,0.2509,NO DRAW SIGNAL,1-0,14.86,1-1,13.32,2-0,11.26,SCORE POISSON + FORME - confiance 78%,A recalculer via player_scorers,0.4392,0.5608,0.4597,0.5403,"[('1-0', 0.1486), ('1-1', 0.1332), ('2-0', 0.1126), ('2-1', 0.1072), ('0-1', 0.0892), ('0-0', 0.0676), ('1-2', 0.0642), ('0-2', 0.0429), ('3-1', 0.0401), ('2-2', 0.0356), ('3-0', 0.0279), ('1-3', 0.0176)]",0.0,0.0,0.0,0.0,235.74
03/10/2026 01:08,WATCHLIST,2026-10-07T22:30:00Z,soccer_brazil_campeonato,the-odds-api,football,Internacional,Corinthians,Home Win,Internacional,0.4714527354539958,2.15,0.4651,0.0136,A EVITER,WATCHLIST,False,77.22,5 - WATCHLIST,OK,BOOST|GLOBAL_BOOST,-3.2% (50 obs),MEGA 70%/3% | SAFE 63%/1% | VALUE 58%/3%,WATCHLIST,proba trop basse,Value positive 1.4% | Proba IA 47.1% | Learning BOOST|GLOBAL_BOOST | Calibration -3.2% (50 obs) | Source the-odds-api,0.5,0.5,1.2,1.1,1.2,1.2,0,NO BET,7.43,0.0,0.0,0.0,1500.0,1500.0,65.0,1.562,0.874,0.2509,NO DRAW SIGNAL,1-0,14.86,1-1,13.32,2-0,11.26,SCORE POISSON + FORME - confiance 78%,A recalculer via player_scorers,0.4392,0.5608,0.4597,0.5403,"[('1-0', 0.1486), ('1-1', 0.1332), ('2-0', 0.1126), ('2-1', 0.1072), ('0-1', 0.0892), ('0-0', 0.0676), ('1-2', 0.0642), ('0-2', 0.0429), ('3-1', 0.0401), ('2-2', 0.0356), ('3-0', 0.0279), ('1-3', 0.0176)]",0.0,0.0,0.0,0.0,153.15
03/10/2026 01:08,WATCHLIST,2026-10-07T22:30:00Z,soccer_brazil_campeonato,the-odds-api,football,Internacional,Corinthians,Draw,Draw,0.31430182363599724,3.3,0.303,0.0372,A EVITER,NUL POSSIBLE,True,64.33,3B - NUL POSSIBLE,MARCHE JUSTE,BOOST|GLOBAL_BOOST,+1.2% (179 obs),MEGA 70%/3% | SAFE 63%/1% | VALUE 58%/3%,WATCHLIST,cote trop haute,Value positive 3.7% | Proba IA 31.4% | MARCHE JUSTE | Learning BOOST|GLOBAL_BOOST | Calibration +1.2% (179 obs) | Source the-odds-api,0.5,0.5,1.2,1.1,1.2,1.2,0,NO BET,7.43,0.1346,0.0162,0.0,1500.0,1500.0,65.0,1.562,0.874,0.2509,NO DRAW SIGNAL,1-0,14.86,1-1,13.32,2-0,11.26,SCORE POISSON + FORME - confiance 78%,A recalculer via player_scorers,0.4392,0.5608,0.4597,0.5403,"[('1-0', 0.1486), ('1-1', 0.1332), ('2-0', 0.1126), ('2-1', 0.1072), ('0-1', 0.0892), ('0-0', 0.0676), ('1-2', 0.0642), ('0-2', 0.0429), ('3-1', 0.0401), ('2-2', 0.0356), ('3-0', 0.0279), ('1-3', 0.0176)]",0.0,0.0,0.0,0.0,133.2
03/10/2026 01:08,WATCHLIST,2026-10-07T22:30:00Z,soccer_brazil_campeonato,the-odds-api,football,Remo,Grêmio,Home Win,Remo,0.5258260827059414,2.24,0.4464,0.1779,Faible,WATCHLIST,False,98.39,5 - WATCHLIST,OK,BOOST|GLOBAL_BOOST,+3.9% (57 obs),MEGA 70%/3% | SAFE 63%/1% | VALUE 58%/3%,WATCHLIST,proba trop basse,Value positive 17.8% | Proba IA 52.6% | Learning BOOST|GLOBAL_BOOST | Calibration +3.9% (57 obs) | Source the-odds-api,0.5,0.5,1.2,1.1,1.2,1.2,0,NO BET,7.43,0.0,0.0,0.0,1500.0,1500.0,65.0,1.497,0.938,0.2574,NO DRAW SIGNAL,1-0,14.32,1-1,13.55,2-1,10.56,SCORE POISSON + FORME - confiance 74%,A recalculer via player_scorers,0.439,0.561,0.4715,0.5285,"[('1-0', 0.1432), ('1-1', 0.1355), ('2-1', 0.1056), ('2-0', 0.1051), ('0-1', 0.0936), ('1-2', 0.0686), ('0-0', 0.0673), ('0-2', 0.0468), ('3-1', 0.0386), ('2-2', 0.0368), ('3-0', 0.026), ('1-3', 0.0191)]",0.0,0.0,0.0,0.0,258.9
03/10/2026 01:08,WATCHLIST,2026-10-07T22:30:00Z,soccer_brazil_campeonato,the-odds-api,football,Remo,Grêmio,Away Win,Grêmio,0.371420183819493,3.2,0.3125,0.1885,A EVITER,WATCHLIST,False,88.13,5 - WATCHLIST,MARCHE JUSTE,BOOST|GLOBAL_BOOST,+4.0% (64 obs),MEGA 70%/3% | SAFE 63%/1% | VALUE 58%/3%,WATCHLIST,cote trop haute,Value positive 18.9% | Proba IA 37.1% | MARCHE JUSTE | Learning BOOST|GLOBAL_BOOST | Calibration +4.0% (64 obs) | Source the-odds-api,0.5,0.5,1.2,1.1,1.2,1.2,0,NO BET,7.43,0.0,0.0,0.0,1500.0,1500.0,65.0,1.497,0.938,0.2574,NO DRAW SIGNAL,1-0,14.32,1-1,13.55,2-1,10.56,SCORE POISSON + FORME - confiance 74%,A recalculer via player_scorers,0.439,0.561,0.4715,0.5285,"[('1-0', 0.1432), ('1-1', 0.1355), ('2-1', 0.1056), ('2-0', 0.1051), ('0-1', 0.0936), ('1-2', 0.0686), ('0-0', 0.0673), ('0-2', 0.0468), ('3-1', 0.0386), ('2-2', 0.0368), ('3-0', 0.026), ('1-3', 0.0191)]",0.0,0.0,0.0,0.0,237.51
03/10/2026 01:08,WATCHLIST,2026-10-07T22:30:00Z,soccer_brazil_campeonato,the-odds-api,football,Remo,Grêmio,Draw,Draw,0.30507680464115616,3.5,0.2857,0.0678,A EVITER,NUL POSSIBLE,True,67.46,3B - NUL POSSIBLE,MARCHE JUSTE,BOOST|GLOBAL_BOOST,+1.2% (179 obs),MEGA 70%/3% | SAFE 63%/1% | VALUE 58%/3%,WATCHLIST,cote trop haute,Value positive 6.8% | Proba IA 30.5% | MARCHE JUSTE | Learning BOOST|GLOBAL_BOOST | Calibration +1.2% (179 obs) | Source the-odds-api,0.5,0.5,1.2,1.1,1.2,1.2,0,NO BET,7.43,0.1346,0.0271,0.0,1500.0,1500.0,65.0,1.497,0.938,0.2574,NO DRAW SIGNAL,1-0,14.32,1-1,13.55,2-1,10.56,SCORE POISSON + FORME - confiance 74%,A recalculer via player_scorers,0.439,0.561,0.4715,0.5285,"[('1-0', 0.1432), ('1-1', 0.1355), ('2-1', 0.1056), ('2-0', 0.1051), ('0-1', 0.0936), ('1-2', 0.0686), ('0-0', 0.0673), ('0-2', 0.0468), ('3-1', 0.0386), ('2-2', 0.0368), ('3-0', 0.026), ('1-3', 0.0191)]",0.0,0.0,0.0,0.0,150.34
03/10/2026 01:08,WATCHLIST,2026-10-07T23:00:00Z,soccer_brazil_campeonato,the-odds-api,football,Vitoria,Chapecoense,Home Win,Vitoria,0.6222003987932224,1.7,0.5882,0.0577,Moyenne,VALUE BET,True,88.62,3 - VALUE BET,OK,BOOST|GLOBAL_BOOST,-2.9% (29 obs),MEGA 70%/3% | SAFE 63%/1% | VALUE 58%/3%,WATCHLIST,watchlist prudente,Value positive 5.8% | Proba IA 62.2% | Learning BOOST|GLOBAL_BOOST | Calibration -2.9% (29 obs) | Source the-odds-api,0.5,0.5,1.2,1.1,1.2,1.2,0,NO BET,7.43,0.1346,0.0825,0.0,1500.0,1500.0,65.0,1.891,0.644,0.1717,NO DRAW SIGNAL,2-0,17.72,1-0,17.4,2-1,11.16,SCORE POISSON + FORME - confiance 71%,A recalculer via player_scorers,0.4843,0.5157,0.3889,0.6111,"[('2-0', 0.1772), ('1-0', 0.174), ('2-1', 0.1116), ('1-1', 0.1054), ('0-1', 0.0684), ('0-0', 0.0583), ('3-1', 0.0527), ('1-2', 0.0452), ('3-0', 0.0423), ('0-2', 0.0268), ('2-2', 0.0257), ('4-0', 0.0157)]",0.0,0.0,0.0,0.0,199.54
03/10/2026 01:08,WATCHLIST,2026-10-07T23:00:00Z,soccer_brazil_campeonato,the-odds-api,football,Vitoria,Chapecoense,Draw,Draw,0.2805491070784022,3.95,0.2532,0.1082,A EVITER,NUL POSSIBLE,True,68.07,3B - NUL POSSIBLE,DRAW RISQUE,BOOST|GLOBAL_BOOST,+3.7% (114 obs),MEGA 70%/3% | SAFE 63%/1% | VALUE 58%/3%,WATCHLIST,cote trop haute,Value positive 10.8% | Proba IA 28.1% | DRAW RISQUE | Learning BOOST|GLOBAL_BOOST | Calibration +3.7% (114 obs) | Source the-odds-api,0.5,0.5,1.2,1.1,1.2,1.2,0,NO BET,7.43,0.1346,0.0367,0.0,1500.0,1500.0,65.0,1.891,0.644,0.1717,NO DRAW SIGNAL,2-0,17.72,1-0,17.4,2-1,11.16,SCORE POISSON + FORME - confiance 71%,A recalculer via player_scorers,0.4843,0.5157,0.3889,0.6111,"[('2-0', 0.1772), ('1-0', 0.174), ('2-1', 0.1116), ('1-1', 0.1054), ('0-1', 0.0684), ('0-0', 0.0583), ('3-1', 0.0527), ('1-2', 0.0452), ('3-0', 0.0423), ('0-2', 0.0268), ('2-2', 0.0257), ('4-0', 0.0157)]",0.0,0.0,0.0,0.0,166.89
03/10/2026 01:08,NO BET,2026-10-07T23:00:00Z,soccer_brazil_campeonato,the-odds-api,football,Vitoria,Chapecoense,Away Win,Chapecoense,0.1667228457918633,5.0,0.2,-0.1664,A EVITER,NO BET,False,33.35,6 - NO BET,COTE HAUTE,BOOST|GLOBAL_BOOST,-3.0% (36 obs),MEGA 70%/3% | SAFE 63%/1% | VALUE 58%/3%,REFUSE,cote trop haute,Value negative ou nulle | Proba IA 16.7% | COTE HAUTE | Learning BOOST|GLOBAL_BOOST | Calibration -3.0% (36 obs) | Source the-odds-api,0.5,0.5,1.2,1.1,1.2,1.2,0,NO BET,7.43,0.0,0.0,0.0,1500.0,1500.0,65.0,1.891,0.644,0.1717,NO DRAW SIGNAL,2-0,17.72,1-0,17.4,2-1,11.16,SCORE POISSON + FORME - confiance 71%,A recalculer via player_scorers,0.4843,0.5157,0.3889,0.6111,"[('2-0', 0.1772), ('1-0', 0.174), ('2-1', 0.1116), ('1-1', 0.1054), ('0-1', 0.0684), ('0-0', 0.0583), ('3-1', 0.0527), ('1-2', 0.0452), ('3-0', 0.0423), ('0-2', 0.0268), ('2-2', 0.0257), ('4-0', 0.0157)]",0.0,0.0,0.0,0.0,61.03
03/10/2026 01:08,WATCHLIST,2026-10-07T23:30:00Z,soccer_brazil_campeonato,the-odds-api,football,Botafogo,Vasco da Gama,Draw,Draw,0.3376356952111835,3.5,0.2857,0.1817,A EVITER,NUL POSSIBLE,True,81.93,3B - NUL POSSIBLE,NUL SERRE,BOOST|GLOBAL_BOOST,+1.2% (179 obs),MEGA 70%/3% | SAFE 63%/1% | VALUE 58%/3%,WATCHLIST,cote trop haute,Value positive 18.2% | Proba IA 33.8% | NUL SERRE | Learning BOOST|GLOBAL_BOOST | Calibration +1.2% (179 obs) | Source the-odds-api,0.5,0.5,1.2,1.1,1.2,1.2,0,NO BET,7.43,0.1346,0.0727,0.0,1500.0,1500.0,65.0,1.264,1.127,0.2901,DRAW POSSIBLE - tight 71%,1-1,14.78,1-0,12.53,0-1,10.68,SCORE POISSON + FORME - confiance 78%,A recalculer via player_scorers,0.4211,0.5789,0.4876,0.5124,"[('1-1', 0.1478), ('1-0', 0.1253), ('0-1', 0.1068), ('2-1', 0.094), ('2-0', 0.0834), ('1-2', 0.0787), ('0-0', 0.0725), ('0-2', 0.0615), ('2-2', 0.039), ('3-1', 0.0321), ('1-3', 0.0239), ('3-0', 0.0209)]",0.0,0.0,0.0,0.0,223.03
03/10/2026 01:08,WATCHLIST,2026-10-07T23:30:00Z,soccer_brazil_campeonato,the-odds-api,football,Botafogo,Vasco da Gama,Home Win,Botafogo,0.4229399885046551,2.7,0.3704,0.1419,A EVITER,WATCHLIST,False,84.94,5 - WATCHLIST,MARCHE JUSTE,BOOST|GLOBAL_BOOST,+4.0% (33 obs),MEGA 70%/3% | SAFE 63%/1% | VALUE 58%/3%,WATCHLIST,proba trop basse,Value positive 14.2% | Proba IA 42.3% | MARCHE JUSTE | Learning BOOST|GLOBAL_BOOST | Calibration +4.0% (33 obs) | Source the-odds-api,0.5,0.5,1.2,1.1,1.2,1.2,0,NO BET,7.43,0.0,0.0,0.0,1500.0,1500.0,65.0,1.264,1.127,0.2901,NO DRAW SIGNAL,1-1,14.78,1-0,12.53,0-1,10.68,SCORE POISSON + FORME - confiance 78%,A recalculer via player_scorers,0.4211,0.5789,0.4876,0.5124,"[('1-1', 0.1478), ('1-0', 0.1253), ('0-1', 0.1068), ('2-1', 0.094), ('2-0', 0.0834), ('1-2', 0.0787), ('0-0', 0.0725), ('0-2', 0.0615), ('2-2', 0.039), ('3-1', 0.0321), ('1-3', 0.0239), ('3-0', 0.0209)]",0.0,0.0,0.0,0.0,216.35
03/10/2026 01:08,NO BET,2026-10-07T23:30:00Z,soccer_brazil_campeonato,the-odds-api,football,Botafogo,Vasco da Gama,Away Win,Vasco da Gama,0.36913943353506257,2.54,0.3937,-0.0624,A EVITER,NO BET,False,59.18,5 - WATCHLIST,OK,BOOST|GLOBAL_BOOST,-2.8% (18 obs),MEGA 70%/3% | SAFE 63%/1% | VALUE 58%/3%,REFUSE,value negative,Value negative ou nulle | Proba IA 36.9% | Learning BOOST|GLOBAL_BOOST | Calibration -2.8% (18 obs) | Source the-odds-api,0.5,0.5,1.2,1.1,1.2,1.2,0,NO BET,7.43,0.0,0.0,0.0,1500.0,1500.0,65.0,1.264,1.127,0.2901,NO DRAW SIGNAL,1-1,14.78,1-0,12.53,0-1,10.68,SCORE POISSON + FORME - confiance 78%,A recalculer via player_scorers,0.4211,0.5789,0.4876,0.5124,"[('1-1', 0.1478), ('1-0', 0.1253), ('0-1', 0.1068), ('2-1', 0.094), ('2-0', 0.0834), ('1-2', 0.0787), ('0-0', 0.0725), ('0-2', 0.0615), ('2-2', 0.039), ('3-1', 0.0321), ('1-3', 0.0239), ('3-0', 0.0209)]",0.0,0.0,0.0,0.0,113.43
03/10/2026 01:08,WATCHLIST,2026-10-08T00:30:00Z,soccer_brazil_campeonato,the-odds-api,football,Cruzeiro,Sao Paulo,Away Win,Sao Paulo,0.3015151876017008,4.0,0.25,0.2061,A EVITER,WATCHLIST,False,84.21,5 - WATCHLIST,MARCHE JUSTE,BOOST|GLOBAL_BOOST,+4.0% (49 obs),MEGA 70%/3% | SAFE 63%/1% | VALUE 58%/3%,WATCHLIST,cote trop haute,Value positive 20.6% | Proba IA 30.2% | MARCHE JUSTE | Learning BOOST|GLOBAL_BOOST | Calibration +4.0% (49 obs) | Source the-odds-api,0.5,0.5,1.2,1.1,1.2,1.2,0,NO BET,7.43,0.0,0.0,0.0,1500.0,1500.0,65.0,1.697,0.779,0.2086,NO DRAW SIGNAL,1-0,16.94,2-0,13.74,1-1,11.94,SCORE POISSON + FORME - confiance 78%,A recalculer via player_scorers,0.4584,0.5416,0.4344,0.5656,"[('1-0', 0.1694), ('2-0', 0.1374), ('1-1', 0.1194), ('2-1', 0.1165), ('0-1', 0.0842), ('0-0', 0.062), ('1-2', 0.0584), ('3-1', 0.0447), ('0-2', 0.036), ('3-0', 0.0314), ('2-2', 0.0301), ('3-2', 0.0142)]",0.0,0.0,0.0,0.0,234.34
03/10/2026 01:08,NO BET,2026-10-08T00:30:00Z,soccer_brazil_campeonato,the-odds-api,football,Cruzeiro,Sao Paulo,Home Win,Cruzeiro,0.5035775074830895,1.92,0.5208,-0.0331,Faible,NO BET,False,73.19,5 - WATCHLIST,OK,BOOST|GLOBAL_BOOST,-6.0% (26 obs),MEGA 70%/3% | SAFE 63%/1% | VALUE 58%/3%,REFUSE,value negative,Value negative ou nulle | Proba IA 50.4% | Learning BOOST|GLOBAL_BOOST | Calibration -6.0% (26 obs) | Source the-odds-api,0.5,0.5,1.2,1.1,1.2,1.2,0,NO BET,7.43,0.0,0.0,0.0,1500.0,1500.0,65.0,1.697,0.779,0.2086,NO DRAW SIGNAL,1-0,16.94,2-0,13.74,1-1,11.94,SCORE POISSON + FORME - confiance 78%,A recalculer via player_scorers,0.4584,0.5416,0.4344,0.5656,"[('1-0', 0.1694), ('2-0', 0.1374), ('1-1', 0.1194), ('2-1', 0.1165), ('0-1', 0.0842), ('0-0', 0.062), ('1-2', 0.0584), ('3-1', 0.0447), ('0-2', 0.036), ('3-0', 0.0314), ('2-2', 0.0301), ('3-2', 0.0142)]",0.0,0.0,0.0,0.0,143.57
03/10/2026 01:08,WATCHLIST,2026-10-08T00:30:00Z,soccer_brazil_campeonato,the-odds-api,football,Cruzeiro,Sao Paulo,Draw,Draw,0.28662676665147396,3.5,0.2857,0.0032,A EVITER,NUL POSSIBLE,True,59.26,3B - NUL POSSIBLE,DRAW RISQUE,BOOST|GLOBAL_BOOST,+1.2% (179 obs),MEGA 70%/3% | SAFE 63%/1% | VALUE 58%/3%,WATCHLIST,cote trop haute,Value positive 0.3% | Proba IA 28.7% | DRAW RISQUE | Learning BOOST|GLOBAL_BOOST | Calibration +1.2% (179 obs) | Source the-odds-api,0.5,0.5,1.2,1.1,1.2,1.2,0,NO BET,7.43,0.1346,0.0013,0.0,1500.0,1500.0,65.0,1.697,0.779,0.2086,NO DRAW SIGNAL,1-0,16.94,2-0,13.74,1-1,11.94,SCORE POISSON + FORME - confiance 78%,A recalculer via player_scorers,0.4584,0.5416,0.4344,0.5656,"[('1-0', 0.1694), ('2-0', 0.1374), ('1-1', 0.1194), ('2-1', 0.1165), ('0-1', 0.0842), ('0-0', 0.062), ('1-2', 0.0584), ('3-1', 0.0447), ('0-2', 0.036), ('3-0', 0.0314), ('2-2', 0.0301), ('3-2', 0.0142)]",0.0,0.0,0.0,0.0,109.14
03/10/2026 01:08,WATCHLIST,2026-10-08T22:30:00Z,soccer_brazil_campeonato,the-odds-api,football,Santos,Flamengo,Away Win,Flamengo,0.6362152918418641,1.85,0.5405,0.177,Moyenne,SAFE PICK,True,100.0,2 - SAFE PICK,MARCHE JUSTE,BOOST|GLOBAL_BOOST,+4.0% (17 obs),MEGA 70%/3% | SAFE 63%/1% | VALUE 58%/3%,WATCHLIST,watchlist prudente,Value positive 17.7% | Proba IA 63.6% | MARCHE JUSTE | Learning BOOST|GLOBAL_BOOST | Calibration +4.0% (17 obs) | Source the-odds-api,0.5,0.5,1.2,1.1,1.2,1.2,0,NO BET,7.43,0.2692,0.2082,0.0,1500.0,1500.0,65.0,0.859,1.47,0.2612,NO DRAW SIGNAL,0-1,14.37,1-1,13.46,1-0,10.26,SCORE POISSON + FORME - confiance 75%,A recalculer via player_scorers,0.4113,0.5887,0.443,0.557,"[('0-1', 0.1437), ('1-1', 0.1346), ('1-0', 0.1026), ('0-2', 0.1), ('1-2', 0.0954), ('0-0', 0.0723), ('2-1', 0.0722), ('2-0', 0.0545), ('2-2', 0.0342), ('1-3', 0.0331), ('3-1', 0.0219), ('0-3', 0.0213)]",0.0,0.0,0.0,0.0,268.64
03/10/2026 01:08,WATCHLIST,2026-10-08T22:30:00Z,soccer_brazil_campeonato,the-odds-api,football,Santos,Flamengo,Draw,Draw,0.2905338335198772,3.8,0.2632,0.104,A EVITER,NUL POSSIBLE,True,68.02,3B - NUL POSSIBLE,MARCHE JUSTE,BOOST|GLOBAL_BOOST,+1.2% (179 obs),MEGA 70%/3% | SAFE 63%/1% | VALUE 58%/3%,WATCHLIST,cote trop haute,Value positive 10.4% | Proba IA 29.1% | MARCHE JUSTE | Learning BOOST|GLOBAL_BOOST | Calibration +1.2% (179 obs) | Source the-odds-api,0.5,0.5,1.2,1.1,1.2,1.2,0,NO BET,7.43,0.1346,0.0372,0.0,1500.0,1500.0,65.0,0.859,1.47,0.2612,NO DRAW SIGNAL,0-1,14.37,1-1,13.46,1-0,10.26,SCORE POISSON + FORME - confiance 75%,A recalculer via player_scorers,0.4113,0.5887,0.443,0.557,"[('0-1', 0.1437), ('1-1', 0.1346), ('1-0', 0.1026), ('0-2', 0.1), ('1-2', 0.0954), ('0-0', 0.0723), ('2-1', 0.0722), ('2-0', 0.0545), ('2-2', 0.0342), ('1-3', 0.0331), ('3-1', 0.0219), ('0-3', 0.0213)]",0.0,0.0,0.0,0.0,165.74
03/10/2026 01:08,NO BET,2026-10-08T22:30:00Z,soccer_brazil_campeonato,the-odds-api,football,Santos,Flamengo,Home Win,Santos,0.19231451363362811,4.2,0.2381,-0.1923,A EVITER,NO BET,False,34.43,6 - NO BET,MARCHE JUSTE,BOOST|GLOBAL_BOOST,-5.0% (19 obs),MEGA 70%/3% | SAFE 63%/1% | VALUE 58%/3%,REFUSE,cote trop haute,Value negative ou nulle | Proba IA 19.2% | MARCHE JUSTE | Learning BOOST|GLOBAL_BOOST | Calibration -5.0% (19 obs) | Source the-odds-api,0.5,0.5,1.2,1.1,1.2,1.2,0,NO BET,7.43,0.0,0.0,0.0,1500.0,1500.0,65.0,0.859,1.47,0.2612,NO DRAW SIGNAL,0-1,14.37,1-1,13.46,1-0,10.26,SCORE POISSON + FORME - confiance 75%,A recalculer via player_scorers,0.4113,0.5887,0.443,0.557,"[('0-1', 0.1437), ('1-1', 0.1346), ('1-0', 0.1026), ('0-2', 0.1), ('1-2', 0.0954), ('0-0', 0.0723), ('2-1', 0.0722), ('2-0', 0.0545), ('2-2', 0.0342), ('1-3', 0.0331), ('3-1', 0.0219), ('0-3', 0.0213)]",0.0,0.0,0.0,0.0,64.42
03/10/2026 01:08,WATCHLIST,2026-10-08T23:00:00Z,soccer_brazil_campeonato,the-odds-api,football,Atletico Paranaense,Atletico Mineiro,Away Win,Atletico Mineiro,0.31109433879630854,3.95,0.2532,0.2288,A EVITER,WATCHLIST,False,86.22,5 - WATCHLIST,MARCHE JUSTE,BOOST|GLOBAL_BOOST,+4.0% (49 obs),MEGA 70%/3% | SAFE 63%/1% | VALUE 58%/3%,WATCHLIST,cote trop haute,Value positive 22.9% | Proba IA 31.1% | MARCHE JUSTE | Learning BOOST|GLOBAL_BOOST | Calibration +4.0% (49 obs) | Source the-odds-api,0.5,0.5,1.2,1.1,1.2,1.2,0,NO BET,7.43,0.0,0.0,0.0,1500.0,1500.0,65.0,1.641,0.813,0.2416,NO DRAW SIGNAL,1-0,15.35,1-1,13.03,2-0,12.08,SCORE POISSON + FORME - confiance 78%,A recalculer via player_scorers,0.4437,0.5563,0.448,0.552,"[('1-0', 0.1535), ('1-1', 0.1303), ('2-0', 0.1208), ('2-1', 0.1086), ('0-1', 0.0842), ('0-0', 0.0672), ('1-2', 0.0599), ('3-1', 0.042), ('0-2', 0.039), ('2-2', 0.0344), ('3-0', 0.0302), ('1-3', 0.0163)]",0.0,0.0,0.0,0.0,247.78
03/10/2026 01:08,WATCHLIST,2026-10-08T23:00:00Z,soccer_brazil_campeonato,the-odds-api,football,Atletico Paranaense,Atletico Mineiro,Home Win,Atletico Paranaense,0.5032519185773892,2.06,0.4854,0.0367,Faible,WATCHLIST,False,81.21,5 - WATCHLIST,OK,BOOST|GLOBAL_BOOST,-3.2% (50 obs),MEGA 70%/3% | SAFE 63%/1% | VALUE 58%/3%,WATCHLIST,proba trop basse,Value positive 3.7% | Proba IA 50.3% | Learning BOOST|GLOBAL_BOOST | Calibration -3.2% (50 obs) | Source the-odds-api,0.5,0.5,1.2,1.1,1.2,1.2,0,NO BET,7.43,0.0,0.0,0.0,1500.0,1500.0,65.0,1.641,0.813,0.2416,NO DRAW SIGNAL,1-0,15.35,1-1,13.03,2-0,12.08,SCORE POISSON + FORME - confiance 78%,A recalculer via player_scorers,0.4437,0.5563,0.448,0.552,"[('1-0', 0.1535), ('1-1', 0.1303), ('2-0', 0.1208), ('2-1', 0.1086), ('0-1', 0.0842), ('0-0', 0.0672), ('1-2', 0.0599), ('3-1', 0.042), ('0-2', 0.039), ('2-2', 0.0344), ('3-0', 0.0302), ('1-3', 0.0163)]",0.0,0.0,0.0,0.0,171.2
03/10/2026 01:08,WATCHLIST,2026-10-08T23:00:00Z,soccer_brazil_campeonato,the-odds-api,football,Atletico Paranaense,Atletico Mineiro,Draw,Draw,0.30833269369815886,3.4,0.2941,0.0483,A EVITER,NUL POSSIBLE,True,65.36,3B - NUL POSSIBLE,MARCHE JUSTE,BOOST|GLOBAL_BOOST,+1.2% (179 obs),MEGA 70%/3% | SAFE 63%/1% | VALUE 58%/3%,WATCHLIST,cote trop haute,Value positive 4.8% | Proba IA 30.8% | MARCHE JUSTE | Learning BOOST|GLOBAL_BOOST | Calibration +1.2% (179 obs) | Source the-odds-api,0.5,0.5,1.2,1.1,1.2,1.2,0,NO BET,7.43,0.1346,0.0201,0.0,1500.0,1500.0,65.0,1.641,0.813,0.2416,NO DRAW SIGNAL,1-0,15.35,1-1,13.03,2-0,12.08,SCORE POISSON + FORME - confiance 78%,A recalculer via player_scorers,0.4437,0.5563,0.448,0.552,"[('1-0', 0.1535), ('1-1', 0.1303), ('2-0', 0.1208), ('2-1', 0.1086), ('0-1', 0.0842), ('0-0', 0.0672), ('1-2', 0.0599), ('3-1', 0.042), ('0-2', 0.039), ('2-2', 0.0344), ('3-0', 0.0302), ('1-3', 0.0163)]",0.0,0.0,0.0,0.0,139.1
03/10/2026 01:08,MEGA VALUE,2026-10-09T00:30:00Z,soccer_brazil_campeonato,the-odds-api,football,Fluminense,Coritiba,Home Win,Fluminense,0.7292774999999999,1.53,0.6536,0.1158,Forte,MEGA VALUE,True,99.8,1 - MEGA VALUE,OK,GLOBAL_BOOST,+4.0% (19 obs),MEGA 70%/3% | SAFE 63%/1% | VALUE 58%/3%,JOUABLE,ok,Value positive 11.6% | Proba IA 72.9% | Mode MEGA VALUE | Learning GLOBAL_BOOST | Calibration +4.0% (19 obs) | Source the-odds-api,0.5,0.5,1.2,1.1,1.2,1.2,0,VALUE BET,7.43,0.2463,0.2185,1.83,1500.0,1500.0,65.0,2.124,0.49,0.1336,NO DRAW SIGNAL,2-0,20.77,1-0,17.96,2-1,9.77,SCORE POISSON + FORME - confiance 78%,A recalculer via player_scorers,0.5224,0.4776,0.3237,0.6763,"[('2-0', 0.2077), ('1-0', 0.1796), ('2-1', 0.0977), ('3-0', 0.095), ('1-1', 0.0814), ('0-0', 0.0517), ('3-1', 0.051), ('0-1', 0.0478), ('4-0', 0.0368), ('1-2', 0.0277), ('4-1', 0.0196), ('2-2', 0.0168)]",0.0,0.0,0.0,0.0,248.55
03/10/2026 01:08,WATCHLIST,2026-10-09T00:30:00Z,soccer_brazil_campeonato,the-odds-api,football,Fluminense,Coritiba,Away Win,Coritiba,0.17755640964290778,7.0,0.1429,0.2429,A EVITER,WATCHLIST,False,70.61,5 - WATCHLIST,COTE HAUTE,BOOST|GLOBAL_BOOST,+3.2% (24 obs),MEGA 70%/3% | SAFE 63%/1% | VALUE 58%/3%,WATCHLIST,cote trop haute,Value positive 24.3% | Proba IA 17.8% | COTE HAUTE | Learning BOOST|GLOBAL_BOOST | Calibration +3.2% (24 obs) | Source the-odds-api,0.5,0.5,1.2,1.1,1.2,1.2,0,NO BET,7.43,0.0,0.0,0.0,1500.0,1500.0,65.0,2.124,0.49,0.1336,NO DRAW SIGNAL,2-0,20.77,1-0,17.96,2-1,9.77,SCORE POISSON + FORME - confiance 78%,A recalculer via player_scorers,0.5224,0.4776,0.3237,0.6763,"[('2-0', 0.2077), ('1-0', 0.1796), ('2-1', 0.0977), ('3-0', 0.095), ('1-1', 0.0814), ('0-0', 0.0517), ('3-1', 0.051), ('0-1', 0.0478), ('4-0', 0.0368), ('1-2', 0.0277), ('4-1', 0.0196), ('2-2', 0.0168)]",0.0,0.0,0.0,0.0,221.38
03/10/2026 01:08,NO BET,2026-10-09T00:30:00Z,soccer_brazil_campeonato,the-odds-api,football,Fluminense,Coritiba,Draw,Draw,0.16615887154237285,4.3,0.2326,-0.2855,A EVITER,NO BET,False,29.33,6 - NO BET,DRAW RISQUE,BOOST|GLOBAL_BOOST,-4.5% (32 obs),MEGA 70%/3% | SAFE 63%/1% | VALUE 58%/3%,REFUSE,cote trop haute,Value negative ou nulle | Proba IA 16.6% | DRAW RISQUE | Learning BOOST|GLOBAL_BOOST | Calibration -4.5% (32 obs) | Source the-odds-api,0.5,0.5,1.2,1.1,1.2,1.2,0,NO BET,7.43,0.0,0.0,0.0,1500.0,1500.0,65.0,2.124,0.49,0.1336,NO DRAW SIGNAL,2-0,20.77,1-0,17.96,2-1,9.77,SCORE POISSON + FORME - confiance 78%,A recalculer via player_scorers,0.5224,0.4776,0.3237,0.6763,"[('2-0', 0.2077), ('1-0', 0.1796), ('2-1', 0.0977), ('3-0', 0.095), ('1-1', 0.0814), ('0-0', 0.0517), ('3-1', 0.051), ('0-1', 0.0478), ('4-0', 0.0368), ('1-2', 0.0277), ('4-1', 0.0196), ('2-2', 0.0168)]",0.0,0.0,0.0,0.0,55.04
03/10/2026 01:08,WATCHLIST,2026-10-09T00:30:00Z,soccer_brazil_campeonato,the-odds-api,football,Palmeiras,Bahia,Home Win,Palmeiras,0.6662634306979927,1.57,0.6369,0.046,Moyenne,SAFE PICK,True,89.13,2 - SAFE PICK,OK,BOOST|GLOBAL_BOOST,-2.9% (29 obs),MEGA 70%/3% | SAFE 63%/1% | VALUE 58%/3%,WATCHLIST,watchlist prudente,Value positive 4.6% | Proba IA 66.6% | Learning BOOST|GLOBAL_BOOST | Calibration -2.9% (29 obs) | Source the-odds-api,0.5,0.5,1.2,1.1,1.2,1.2,0,NO BET,7.43,0.2692,0.0808,0.0,1500.0,1500.0,65.0,1.997,0.577,0.1569,NO DRAW SIGNAL,2-0,19.4,1-0,17.8,2-1,10.6,SCORE POISSON + FORME - confiance 78%,A recalculer via player_scorers,0.4948,0.5052,0.365,0.635,"[('2-0', 0.194), ('1-0', 0.178), ('2-1', 0.106), ('1-1', 0.0926), ('3-0', 0.0753), ('0-1', 0.0571), ('0-0', 0.0541), ('3-1', 0.0524), ('1-2', 0.0351), ('4-0', 0.0277), ('2-2', 0.0203), ('0-2', 0.0192)]",0.0,0.0,0.0,0.0,198.35
03/10/2026 01:08,WATCHLIST,2026-10-09T00:30:00Z,soccer_brazil_campeonato,the-odds-api,football,Palmeiras,Bahia,Draw,Draw,0.25819200222031674,4.33,0.2309,0.118,A EVITER,WATCHLIST,False,58.26,5 - WATCHLIST,DRAW RISQUE,BOOST|GLOBAL_BOOST,+3.7% (114 obs),MEGA 70%/3% | SAFE 63%/1% | VALUE 58%/3%,WATCHLIST,cote trop haute,Value positive 11.8% | Proba IA 25.8% | DRAW RISQUE | Learning BOOST|GLOBAL_BOOST | Calibration +3.7% (114 obs) | Source the-odds-api,0.5,0.5,1.2,1.1,1.2,1.2,0,NO BET,7.43,0.0,0.0,0.0,1500.0,1500.0,65.0,1.997,0.577,0.1569,NO DRAW SIGNAL,2-0,19.4,1-0,17.8,2-1,10.6,SCORE POISSON + FORME - confiance 78%,A recalculer via player_scorers,0.4948,0.5052,0.365,0.635,"[('2-0', 0.194), ('1-0', 0.178), ('2-1', 0.106), ('1-1', 0.0926), ('3-0', 0.0753), ('0-1', 0.0571), ('0-0', 0.0541), ('3-1', 0.0524), ('1-2', 0.0351), ('4-0', 0.0277), ('2-2', 0.0203), ('0-2', 0.0192)]",0.0,0.0,0.0,0.0,155.03
03/10/2026 01:08,NO BET,2026-10-09T00:30:00Z,soccer_brazil_campeonato,the-odds-api,football,Palmeiras,Bahia,Away Win,Bahia,0.14402938046178068,5.5,0.1818,-0.2078,A EVITER,NO BET,False,32.4,6 - NO BET,COTE HAUTE,BOOST|GLOBAL_BOOST,-3.0% (36 obs),MEGA 70%/3% | SAFE 63%/1% | VALUE 58%/3%,REFUSE,cote trop haute,Value negative ou nulle | Proba IA 14.4% | COTE HAUTE | Learning BOOST|GLOBAL_BOOST | Calibration -3.0% (36 obs) | Source the-odds-api,0.5,0.5,1.2,1.1,1.2,1.2,0,NO BET,7.43,0.0,0.0,0.0,1500.0,1500.0,65.0,1.997,0.577,0.1569,NO DRAW SIGNAL,2-0,19.4,1-0,17.8,2-1,10.6,SCORE POISSON + FORME - confiance 78%,A recalculer via player_scorers,0.4948,0.5052,0.365,0.635,"[('2-0', 0.194), ('1-0', 0.178), ('2-1', 0.106), ('1-1', 0.0926), ('3-0', 0.0753), ('0-1', 0.0571), ('0-0', 0.0541), ('3-1', 0.0524), ('1-2', 0.0351), ('4-0', 0.0277), ('2-2', 0.0203), ('0-2', 0.0192)]",0.0,0.0,0.0,0.0,58.03
03/10/2026 01:08,WATCHLIST,2026-10-09T16:30:00Z,soccer_germany_bundesliga2,the-odds-api,football,1. FC Heidenheim,1. FC Kaiserslautern,Away Win,1. FC Kaiserslautern,0.3239805779033404,3.7,0.2703,0.1987,A EVITER,WATCHLIST,False,84.31,5 - WATCHLIST,OK,BOOST|GLOBAL_BOOST,+4.0% (49 obs),MEGA 70%/3% | SAFE 63%/1% | VALUE 58%/3%,WATCHLIST,cote trop haute,Value positive 19.9% | Proba IA 32.4% | Learning BOOST|GLOBAL_BOOST | Calibration +4.0% (49 obs) | Source the-odds-api,0.5,0.5,1.2,1.1,1.2,1.2,0,NO BET,7.43,0.0,0.0,0.0,1500.0,1500.0,65.0,1.667,0.822,0.2388,NO DRAW SIGNAL,1-0,15.18,1-1,13.0,2-0,12.09,SCORE POISSON + FORME - confiance 78%,A recalculer via player_scorers,0.4527,0.5473,0.454,0.546,"[('1-0', 0.1518), ('1-1', 0.13), ('2-0', 0.1209), ('2-1', 0.1096), ('0-1', 0.083), ('0-0', 0.0658), ('1-2', 0.0602), ('3-1', 0.0428), ('0-2', 0.0388), ('2-2', 0.0349), ('3-0', 0.0305), ('1-3', 0.0165)]",0.0,0.0,0.0,0.0,232.91
03/10/2026 01:08,WATCHLIST,2026-10-09T16:30:00Z,soccer_germany_bundesliga2,the-odds-api,football,1. FC Heidenheim,1. FC Kaiserslautern,Draw,Draw,0.30637916026395723,3.9,0.2564,0.1949,A EVITER,NUL POSSIBLE,True,79.13,3B - NUL POSSIBLE,MARCHE JUSTE,BOOST|GLOBAL_BOOST,+3.7% (114 obs),MEGA 70%/3% | SAFE 63%/1% | VALUE 58%/3%,WATCHLIST,cote trop haute,Value positive 19.5% | Proba IA 30.6% | MARCHE JUSTE | Learning BOOST|GLOBAL_BOOST | Calibration +3.7% (114 obs) | Source the-odds-api,0.5,0.5,1.2,1.1,1.2,1.2,0,NO BET,7.43,0.1346,0.0672,0.0,1500.0,1500.0,65.0,1.667,0.822,0.2388,NO DRAW SIGNAL,1-0,15.18,1-1,13.0,2-0,12.09,SCORE POISSON + FORME - confiance 78%,A recalculer via player_scorers,0.4527,0.5473,0.454,0.546,"[('1-0', 0.1518), ('1-1', 0.13), ('2-0', 0.1209), ('2-1', 0.1096), ('0-1', 0.083), ('0-0', 0.0658), ('1-2', 0.0602), ('3-1', 0.0428), ('0-2', 0.0388), ('2-2', 0.0349), ('3-0', 0.0305), ('1-3', 0.0165)]",0.0,0.0,0.0,0.0,222.36
03/10/2026 01:08,NO BET,2026-10-09T16:30:00Z,soccer_germany_bundesliga2,the-odds-api,football,1. FC Heidenheim,1. FC Kaiserslautern,Home Win,1. FC Heidenheim,0.4892515956322774,1.97,0.5076,-0.0362,A EVITER,NO BET,False,72.24,5 - WATCHLIST,OK,BOOST|GLOBAL_BOOST,-6.0% (26 obs),MEGA 70%/3% | SAFE 63%/1% | VALUE 58%/3%,REFUSE,value negative,Value negative ou nulle | Proba IA 48.9% | Learning BOOST|GLOBAL_BOOST | Calibration -6.0% (26 obs) | Source the-odds-api,0.5,0.5,1.2,1.1,1.2,1.2,0,NO BET,7.43,0.0,0.0,0.0,1500.0,1500.0,65.0,1.667,0.822,0.2388,NO DRAW SIGNAL,1-0,15.18,1-1,13.0,2-0,12.09,SCORE POISSON + FORME - confiance 78%,A recalculer via player_scorers,0.4527,0.5473,0.454,0.546,"[('1-0', 0.1518), ('1-1', 0.13), ('2-0', 0.1209), ('2-1', 0.1096), ('0-1', 0.083), ('0-0', 0.0658), ('1-2', 0.0602), ('3-1', 0.0428), ('0-2', 0.0388), ('2-2', 0.0349), ('3-0', 0.0305), ('1-3', 0.0165)]",0.0,0.0,0.0,0.0,141.16
03/10/2026 01:08,WATCHLIST,2026-10-09T16:30:00Z,soccer_germany_bundesliga2,the-odds-api,football,Eintracht Braunschweig,Holstein Kiel,Draw,Draw,0.2921617780483786,3.8,0.2632,0.1102,A EVITER,NUL POSSIBLE,True,74.0,3B - NUL POSSIBLE,MARCHE JUSTE,BOOST|GLOBAL_BOOST,+1.2% (179 obs),MEGA 70%/3% | SAFE 63%/1% | VALUE 58%/3%,WATCHLIST,cote trop haute,Value positive 11.0% | Proba IA 29.2% | MARCHE JUSTE | Learning BOOST|GLOBAL_BOOST | Calibration +1.2% (179 obs) | Source the-odds-api,0.5,0.33,1.2,1.38,1.2,2.0,0.85,NO BET,7.43,0.1346,0.0394,0.0,1500.0,1413.5,151.5,1.396,1.065,0.2716,NO DRAW SIGNAL,1-1,14.16,1-0,13.12,2-1,10.12,SCORE POISSON + FORME - confiance 84%,A recalculer via player_scorers,0.4428,0.5572,0.4935,0.5065,"[('1-1', 0.1416), ('1-0', 0.1312), ('2-1', 0.1012), ('0-1', 0.0994), ('2-0', 0.0924), ('1-2', 0.0758), ('0-0', 0.0675), ('0-2', 0.0545), ('2-2', 0.0392), ('3-1', 0.0358), ('3-0', 0.0232), ('1-3', 0.0222)]",0.0,0.0,0.0,0.0,177.36
03/10/2026 01:08,NO BET,2026-10-09T16:30:00Z,soccer_germany_bundesliga2,the-odds-api,football,Eintracht Braunschweig,Holstein Kiel,Away Win,Holstein Kiel,0.3824818226989805,2.43,0.4115,-0.0706,A EVITER,NO BET,False,64.0,5 - WATCHLIST,OK,BOOST|GLOBAL_BOOST,-2.8% (18 obs),MEGA 70%/3% | SAFE 63%/1% | VALUE 58%/3%,REFUSE,value negative,Value negative ou nulle | Proba IA 38.2% | Learning BOOST|GLOBAL_BOOST | Calibration -2.8% (18 obs) | Source the-odds-api,0.5,0.33,1.2,1.38,1.2,2.0,0.85,NO BET,7.43,0.0,0.0,0.0,1500.0,1413.5,151.5,1.396,1.065,0.2716,NO DRAW SIGNAL,1-1,14.16,1-0,13.12,2-1,10.12,SCORE POISSON + FORME - confiance 84%,A recalculer via player_scorers,0.4428,0.5572,0.4935,0.5065,"[('1-1', 0.1416), ('1-0', 0.1312), ('2-1', 0.1012), ('0-1', 0.0994), ('2-0', 0.0924), ('1-2', 0.0758), ('0-0', 0.0675), ('0-2', 0.0545), ('2-2', 0.0392), ('3-1', 0.0358), ('3-0', 0.0232), ('1-3', 0.0222)]",0.0,0.0,0.0,0.0,121.49
03/10/2026 01:08,NO BET,2026-10-09T16:30:00Z,soccer_germany_bundesliga2,the-odds-api,football,Eintracht Braunschweig,Holstein Kiel,Home Win,Eintracht Braunschweig,0.3471863031117248,2.65,0.3774,-0.08,A EVITER,NO BET,False,61.44,5 - WATCHLIST,OK,BOOST|GLOBAL_BOOST,-6.0% (36 obs),MEGA 70%/3% | SAFE 63%/1% | VALUE 58%/3%,REFUSE,value negative,Value negative ou nulle | Proba IA 34.7% | Learning BOOST|GLOBAL_BOOST | Calibration -6.0% (36 obs) | Source the-odds-api,0.5,0.33,1.2,1.38,1.2,2.0,0.85,NO BET,7.43,0.0,0.0,0.0,1500.0,1413.5,151.5,1.396,1.065,0.2716,NO DRAW SIGNAL,1-1,14.16,1-0,13.12,2-1,10.12,SCORE POISSON + FORME - confiance 84%,A recalculer via player_scorers,0.4428,0.5572,0.4935,0.5065,"[('1-1', 0.1416), ('1-0', 0.1312), ('2-1', 0.1012), ('0-1', 0.0994), ('2-0', 0.0924), ('1-2', 0.0758), ('0-0', 0.0675), ('0-2', 0.0545), ('2-2', 0.0392), ('3-1', 0.0358), ('3-0', 0.0232), ('1-3', 0.0222)]",0.0,0.0,0.0,0.0,115.23
03/10/2026 01:08,WATCHLIST,2026-10-09T17:30:00Z,soccer_argentina_primera_division,the-odds-api,football,Aldosivi Mar del Plata,Sarmiento de Junin,Home Win,Aldosivi Mar del Plata,0.4074202506662754,2.8,0.3571,0.1408,A EVITER,WATCHLIST,False,84.15,5 - WATCHLIST,MARCHE JUSTE,BOOST|GLOBAL_BOOST,+4.0% (33 obs),MEGA 70%/3% | SAFE 63%/1% | VALUE 58%/3%,WATCHLIST,proba trop basse,Value positive 14.1% | Proba IA 40.7% | MARCHE JUSTE | Learning BOOST|GLOBAL_BOOST | Calibration +4.0% (33 obs) | Source the-odds-api,0.5,0.5,1.2,1.1,1.2,1.2,0,NO BET,7.43,0.0,0.0,0.0,1500.0,1500.0,65.0,1.244,1.12,0.2929,NO DRAW SIGNAL,1-1,14.82,1-0,12.59,0-1,10.81,SCORE POISSON + FORME - confiance 78%,A recalculer via player_scorers,0.4137,0.5863,0.4823,0.5177,"[('1-1', 0.1482), ('1-0', 0.1259), ('0-1', 0.1081), ('2-1', 0.093), ('2-0', 0.0829), ('1-2', 0.0784), ('0-0', 0.074), ('0-2', 0.0621), ('2-2', 0.0385), ('3-1', 0.0315), ('1-3', 0.0238), ('3-0', 0.0207)]",0.0,0.0,0.0,0.0,213.6
03/10/2026 01:08,WATCHLIST,2026-10-09T17:30:00Z,soccer_argentina_primera_division,the-odds-api,football,Aldosivi Mar del Plata,Sarmiento de Junin,Draw,Draw,0.3370930470350163,3.1,0.3226,0.045,A EVITER,NUL POSSIBLE,True,66.18,3B - NUL POSSIBLE,NUL SERRE,BOOST|GLOBAL_BOOST,-1.2% (23 obs),MEGA 70%/3% | SAFE 63%/1% | VALUE 58%/3%,WATCHLIST,cote trop haute,Value positive 4.5% | Proba IA 33.7% | NUL SERRE | Learning BOOST|GLOBAL_BOOST | Calibration -1.2% (23 obs) | Source the-odds-api,0.5,0.5,1.2,1.1,1.2,1.2,0,NO BET,7.43,0.1346,0.0214,0.0,1500.0,1500.0,65.0,1.244,1.12,0.2929,DRAW POSSIBLE - tight 76%,1-1,14.82,1-0,12.59,0-1,10.81,SCORE POISSON + FORME - confiance 78%,A recalculer via player_scorers,0.4137,0.5863,0.4823,0.5177,"[('1-1', 0.1482), ('1-0', 0.1259), ('0-1', 0.1081), ('2-1', 0.093), ('2-0', 0.0829), ('1-2', 0.0784), ('0-0', 0.074), ('0-2', 0.0621), ('2-2', 0.0385), ('3-1', 0.0315), ('1-3', 0.0238), ('3-0', 0.0207)]",0.0,0.0,0.0,0.0,140.89
03/10/2026 01:08,NO BET,2026-10-09T17:30:00Z,soccer_argentina_primera_division,the-odds-api,football,Aldosivi Mar del Plata,Sarmiento de Junin,Away Win,Sarmiento de Junin,0.3424546552072268,2.6,0.3846,-0.1096,A EVITER,NO BET,False,53.73,6 - NO BET,OK,BOOST|GLOBAL_BOOST,-4.1% (61 obs),MEGA 70%/3% | SAFE 63%/1% | VALUE 58%/3%,REFUSE,value negative,Value negative ou nulle | Proba IA 34.2% | Learning BOOST|GLOBAL_BOOST | Calibration -4.1% (61 obs) | Source the-odds-api,0.5,0.5,1.2,1.1,1.2,1.2,0,NO BET,7.43,0.0,0.0,0.0,1500.0,1500.0,65.0,1.244,1.12,0.2929,NO DRAW SIGNAL,1-1,14.82,1-0,12.59,0-1,10.81,SCORE POISSON + FORME - confiance 78%,A recalculer via player_scorers,0.4137,0.5863,0.4823,0.5177,"[('1-1', 0.1482), ('1-0', 0.1259), ('0-1', 0.1081), ('2-1', 0.093), ('2-0', 0.0829), ('1-2', 0.0784), ('0-0', 0.074), ('0-2', 0.0621), ('2-2', 0.0385), ('3-1', 0.0315), ('1-3', 0.0238), ('3-0', 0.0207)]",0.0,0.0,0.0,0.0,103.49
03/10/2026 01:08,WATCHLIST,2026-10-09T17:45:00Z,soccer_portugal_primeira_liga,the-odds-api,football,Moreirense FC,Gil Vicente,Home Win,Moreirense FC,0.3164724163406657,3.4,0.2941,0.076,A EVITER,WATCHLIST,False,80.03,5 - WATCHLIST,VALUE CLAIRE,BOOST|GLOBAL_BOOST,-6.0% (36 obs),MEGA 70%/3% | SAFE 63%/1% | VALUE 58%/3%,WATCHLIST,cote trop haute,Value positive 7.6% | Proba IA 31.6% | VALUE CLAIRE | Learning BOOST|GLOBAL_BOOST | Calibration -6.0% (36 obs) | Source the-odds-api,0.5,0.33,1.2,1.0,1.2,1.38,1,NO BET,7.43,0.0,0.0,0.0,1500.0,1485.4,79.6,1.36,0.87,0.2735,NO DRAW SIGNAL,1-0,15.9,1-1,14.16,2-0,10.82,SCORE POISSON + FORME - confiance 84%,A recalculer via player_scorers,0.3851,0.6149,0.431,0.569,"[('1-0', 0.159), ('1-1', 0.1416), ('2-0', 0.1082), ('0-1', 0.1051), ('2-1', 0.1028), ('0-0', 0.0799), ('1-2', 0.0678), ('0-2', 0.0494), ('3-1', 0.0257), ('3-0', 0.0253), ('2-2', 0.0249), ('1-3', 0.0143)]",0.0,0.0,0.0,0.0,173.28
03/10/2026 01:08,WATCHLIST,2026-10-09T17:45:00Z,soccer_portugal_primeira_liga,the-odds-api,football,Moreirense FC,Gil Vicente,Draw,Draw,0.33752716557595003,3.2,0.3125,0.0801,A EVITER,NUL POSSIBLE,True,77.39,3B - NUL POSSIBLE,MARCHE JUSTE,BOOST|GLOBAL_BOOST,+1.2% (179 obs),MEGA 70%/3% | SAFE 63%/1% | VALUE 58%/3%,WATCHLIST,cote trop haute,Value positive 8.0% | Proba IA 33.8% | MARCHE JUSTE | Learning BOOST|GLOBAL_BOOST | Calibration +1.2% (179 obs) | Source the-odds-api,0.5,0.33,1.2,1.0,1.2,1.38,1,NO BET,7.43,0.1346,0.0364,0.0,1500.0,1485.4,79.6,1.36,0.87,0.2735,DRAW POSSIBLE - tight 33%,1-0,15.9,1-1,14.16,2-0,10.82,SCORE POISSON + FORME - confiance 84%,A recalculer via player_scorers,0.3851,0.6149,0.431,0.569,"[('1-0', 0.159), ('1-1', 0.1416), ('2-0', 0.1082), ('0-1', 0.1051), ('2-1', 0.1028), ('0-0', 0.0799), ('1-2', 0.0678), ('0-2', 0.0494), ('3-1', 0.0257), ('3-0', 0.0253), ('2-2', 0.0249), ('1-3', 0.0143)]",0.0,0.0,0.0,0.0,172.6
03/10/2026 01:08,NO BET,2026-10-09T17:45:00Z,soccer_portugal_primeira_liga,the-odds-api,football,Moreirense FC,Gil Vicente,Away Win,Gil Vicente,0.35203380640183446,2.48,0.4032,-0.127,A EVITER,NO BET,False,61.29,5 - WATCHLIST,OK,BOOST|GLOBAL_BOOST,-4.1% (61 obs),MEGA 70%/3% | SAFE 63%/1% | VALUE 58%/3%,REFUSE,value negative,Value negative ou nulle | Proba IA 35.2% | Learning BOOST|GLOBAL_BOOST | Calibration -4.1% (61 obs) | Source the-odds-api,0.5,0.33,1.2,1.0,1.2,1.38,1,NO BET,7.43,0.0,0.0,0.0,1500.0,1485.4,79.6,1.36,0.87,0.2735,NO DRAW SIGNAL,1-0,15.9,1-1,14.16,2-0,10.82,SCORE POISSON + FORME - confiance 84%,A recalculer via player_scorers,0.3851,0.6149,0.431,0.569,"[('1-0', 0.159), ('1-1', 0.1416), ('2-0', 0.1082), ('0-1', 0.1051), ('2-1', 0.1028), ('0-0', 0.0799), ('1-2', 0.0678), ('0-2', 0.0494), ('3-1', 0.0257), ('3-0', 0.0253), ('2-2', 0.0249), ('1-3', 0.0143)]",0.0,0.0,0.0,0.0,115.35
03/10/2026 01:08,WATCHLIST,2026-10-09T18:00:00Z,soccer_france_ligue_two,the-odds-api,football,Montpellier,Grenoble,Away Win,Grenoble,0.33720892955303683,5.5,0.1818,0.8546,A EVITER,WATCHLIST,False,82.51,5 - WATCHLIST,VALUE CLAIRE,BOOST|GLOBAL_BOOST,+4.0% (64 obs),MEGA 70%/3% | SAFE 63%/1% | VALUE 58%/3%,WATCHLIST,cote trop haute,Value positive 85.5% | Proba IA 33.7% | VALUE CLAIRE | Learning BOOST|GLOBAL_BOOST | Calibration +4.0% (64 obs) | Source the-odds-api,0.04,0.5,0.25,1.1,2.25,1.2,0.85,NO BET,7.43,0.0,0.0,0.0,1347.3,1500.0,-87.7,0.861,1.288,0.2958,NO DRAW SIGNAL,0-1,15.08,1-1,14.25,1-0,11.74,SCORE POISSON + FORME - confiance 84%,A recalculer via player_scorers,0.3233,0.6767,0.3944,0.6056,"[('0-1', 0.1508), ('1-1', 0.1425), ('1-0', 0.1174), ('0-0', 0.1148), ('0-2', 0.0942), ('1-2', 0.0789), ('2-1', 0.0676), ('2-0', 0.0608), ('2-2', 0.0225), ('1-3', 0.0183), ('3-1', 0.0178), ('0-3', 0.017)]",0.0,0.0,0.0,0.0,513.22
03/10/2026 01:08,WATCHLIST,2026-10-09T18:00:00Z,soccer_france_ligue_two,the-odds-api,football,Montpellier,Grenoble,Draw,Draw,0.2983479672566838,3.8,0.2632,0.1337,A EVITER,NUL POSSIBLE,True,76.96,3B - NUL POSSIBLE,MARCHE JUSTE,BOOST|GLOBAL_BOOST,+1.2% (179 obs),MEGA 70%/3% | SAFE 63%/1% | VALUE 58%/3%,WATCHLIST,cote trop haute,Value positive 13.4% | Proba IA 29.8% | MARCHE JUSTE | Learning BOOST|GLOBAL_BOOST | Calibration +1.2% (179 obs) | Source the-odds-api,0.04,0.5,0.25,1.1,2.25,1.2,0.85,NO BET,7.43,0.1346,0.0478,0.0,1347.3,1500.0,-87.7,0.861,1.288,0.2958,DRAW POSSIBLE - tight 11%,0-1,15.08,1-1,14.25,1-0,11.74,SCORE POISSON + FORME - confiance 84%,A recalculer via player_scorers,0.3233,0.6767,0.3944,0.6056,"[('0-1', 0.1508), ('1-1', 0.1425), ('1-0', 0.1174), ('0-0', 0.1148), ('0-2', 0.0942), ('1-2', 0.0789), ('2-1', 0.0676), ('2-0', 0.0608), ('2-2', 0.0225), ('1-3', 0.0183), ('3-1', 0.0178), ('0-3', 0.017)]",0.0,0.0,0.0,0.0,192.29
03/10/2026 01:08,NO BET,2026-10-09T18:00:00Z,soccer_france_ligue_two,the-odds-api,football,Montpellier,Grenoble,Home Win,Montpellier,0.48838335855041004,1.62,0.6173,-0.2088,A EVITER,NO BET,False,70.06,5 - WATCHLIST,OK,BOOST|GLOBAL_BOOST,-3.2% (50 obs),MEGA 70%/3% | SAFE 63%/1% | VALUE 58%/3%,REFUSE,value negative,Value negative ou nulle | Proba IA 48.8% | Learning BOOST|GLOBAL_BOOST | Calibration -3.2% (50 obs) | Source the-odds-api,0.04,0.5,0.25,1.1,2.25,1.2,0.85,NO BET,7.43,0.0,0.0,0.0,1347.3,1500.0,-87.7,0.861,1.288,0.2958,NO DRAW SIGNAL,0-1,15.08,1-1,14.25,1-0,11.74,SCORE POISSON + FORME - confiance 84%,A recalculer via player_scorers,0.3233,0.6767,0.3944,0.6056,"[('0-1', 0.1508), ('1-1', 0.1425), ('1-0', 0.1174), ('0-0', 0.1148), ('0-2', 0.0942), ('1-2', 0.0789), ('2-1', 0.0676), ('2-0', 0.0608), ('2-2', 0.0225), ('1-3', 0.0183), ('3-1', 0.0178), ('0-3', 0.017)]",0.0,0.0,0.0,0.0,137.88
03/10/2026 01:08,WATCHLIST,2026-10-09T18:00:00Z,soccer_france_ligue_two,the-odds-api,football,Nancy,Guingamp,Home Win,Nancy,0.5159498858996998,2.2,0.4545,0.1351,Faible,WATCHLIST,False,93.06,5 - WATCHLIST,MARCHE JUSTE,BOOST|GLOBAL_BOOST,+3.9% (57 obs),MEGA 70%/3% | SAFE 63%/1% | VALUE 58%/3%,WATCHLIST,proba trop basse,Value positive 13.5% | Proba IA 51.6% | MARCHE JUSTE | Learning BOOST|GLOBAL_BOOST | Calibration +3.9% (57 obs) | Source the-odds-api,0.5,0.5,1.2,1.1,1.2,1.2,0,NO BET,7.43,0.0,0.0,0.0,1500.0,1500.0,65.0,1.464,0.977,0.2601,NO DRAW SIGNAL,1-0,13.99,1-1,13.66,2-1,10.47,SCORE POISSON + FORME - confiance 71%,A recalculer via player_scorers,0.4406,0.5594,0.4784,0.5216,"[('1-0', 0.1399), ('1-1', 0.1366), ('2-1', 0.1047), ('2-0', 0.101), ('0-1', 0.0958), ('1-2', 0.0711), ('0-0', 0.067), ('0-2', 0.0492), ('3-1', 0.0377), ('2-2', 0.0374), ('3-0', 0.0251), ('1-3', 0.0201)]",0.0,0.0,0.0,0.0,231.93
03/10/2026 01:08,WATCHLIST,2026-10-09T18:00:00Z,soccer_france_ligue_two,the-odds-api,football,Nancy,Guingamp,Draw,Draw,0.2942238411178137,3.6,0.2778,0.0592,A EVITER,NUL POSSIBLE,True,63.02,3B - NUL POSSIBLE,MARCHE JUSTE,BOOST|GLOBAL_BOOST,+1.2% (179 obs),MEGA 70%/3% | SAFE 63%/1% | VALUE 58%/3%,WATCHLIST,cote trop haute,Value positive 5.9% | Proba IA 29.4% | MARCHE JUSTE | Learning BOOST|GLOBAL_BOOST | Calibration +1.2% (179 obs) | Source the-odds-api,0.5,0.5,1.2,1.1,1.2,1.2,0,NO BET,7.43,0.1346,0.0228,0.0,1500.0,1500.0,65.0,1.464,0.977,0.2601,NO DRAW SIGNAL,1-0,13.99,1-1,13.66,2-1,10.47,SCORE POISSON + FORME - confiance 71%,A recalculer via player_scorers,0.4406,0.5594,0.4784,0.5216,"[('1-0', 0.1399), ('1-1', 0.1366), ('2-1', 0.1047), ('2-0', 0.101), ('0-1', 0.0958), ('1-2', 0.0711), ('0-0', 0.067), ('0-2', 0.0492), ('3-1', 0.0377), ('2-2', 0.0374), ('3-0', 0.0251), ('1-3', 0.0201)]",0.0,0.0,0.0,0.0,139.32
03/10/2026 01:08,NO BET,2026-10-09T18:00:00Z,soccer_france_ligue_two,the-odds-api,football,Nancy,Guingamp,Away Win,Guingamp,0.30071692500215014,2.9,0.3448,-0.1279,A EVITER,NO BET,False,51.98,6 - NO BET,OK,BOOST|GLOBAL_BOOST,-4.1% (61 obs),MEGA 70%/3% | SAFE 63%/1% | VALUE 58%/3%,REFUSE,value negative,Value negative ou nulle | Proba IA 30.1% | Learning BOOST|GLOBAL_BOOST | Calibration -4.1% (61 obs) | Source the-odds-api,0.5,0.5,1.2,1.1,1.2,1.2,0,NO BET,7.43,0.0,0.0,0.0,1500.0,1500.0,65.0,1.464,0.977,0.2601,NO DRAW SIGNAL,1-0,13.99,1-1,13.66,2-1,10.47,SCORE POISSON + FORME - confiance 71%,A recalculer via player_scorers,0.4406,0.5594,0.4784,0.5216,"[('1-0', 0.1399), ('1-1', 0.1366), ('2-1', 0.1047), ('2-0', 0.101), ('0-1', 0.0958), ('1-2', 0.0711), ('0-0', 0.067), ('0-2', 0.0492), ('3-1', 0.0377), ('2-2', 0.0374), ('3-0', 0.0251), ('1-3', 0.0201)]",0.0,0.0,0.0,0.0,97.98
03/10/2026 01:08,WATCHLIST,2026-10-09T18:00:00Z,soccer_france_ligue_two,the-odds-api,football,Pau FC,Stade Lavallois,Away Win,Stade Lavallois,0.34541963057698627,3.4,0.2941,0.1744,A EVITER,WATCHLIST,False,85.42,5 - WATCHLIST,MARCHE JUSTE,BOOST|GLOBAL_BOOST,+4.0% (64 obs),MEGA 70%/3% | SAFE 63%/1% | VALUE 58%/3%,WATCHLIST,cote trop haute,Value positive 17.4% | Proba IA 34.5% | MARCHE JUSTE | Learning BOOST|GLOBAL_BOOST | Calibration +4.0% (64 obs) | Source the-odds-api,0.5,0.5,1.2,1.1,1.2,1.2,0,NO BET,7.43,0.0,0.0,0.0,1500.0,1500.0,65.0,1.562,0.884,0.2509,NO DRAW SIGNAL,1-0,14.75,1-1,13.34,2-0,11.18,SCORE POISSON + FORME - confiance 78%,A recalculer via player_scorers,0.4418,0.5582,0.463,0.537,"[('1-0', 0.1475), ('1-1', 0.1334), ('2-0', 0.1118), ('2-1', 0.1073), ('0-1', 0.0893), ('0-0', 0.0671), ('1-2', 0.0648), ('0-2', 0.0432), ('3-1', 0.0402), ('2-2', 0.0359), ('3-0', 0.0278), ('1-3', 0.0179)]",0.0,0.0,0.0,0.0,225.6
03/10/2026 01:08,NO BET,2026-10-09T18:00:00Z,soccer_france_ligue_two,the-odds-api,football,Pau FC,Stade Lavallois,Home Win,Pau FC,0.47384038742913115,2.1,0.4762,-0.0049,A EVITER,NO BET,False,75.18,5 - WATCHLIST,OK,BOOST|GLOBAL_BOOST,-3.2% (50 obs),MEGA 70%/3% | SAFE 63%/1% | VALUE 58%/3%,REFUSE,value negative,Value negative ou nulle | Proba IA 47.4% | Learning BOOST|GLOBAL_BOOST | Calibration -3.2% (50 obs) | Source the-odds-api,0.5,0.5,1.2,1.1,1.2,1.2,0,NO BET,7.43,0.0,0.0,0.0,1500.0,1500.0,65.0,1.562,0.884,0.2509,NO DRAW SIGNAL,1-0,14.75,1-1,13.34,2-0,11.18,SCORE POISSON + FORME - confiance 78%,A recalculer via player_scorers,0.4418,0.5582,0.463,0.537,"[('1-0', 0.1475), ('1-1', 0.1334), ('2-0', 0.1118), ('2-1', 0.1073), ('0-1', 0.0893), ('0-0', 0.0671), ('1-2', 0.0648), ('0-2', 0.0432), ('3-1', 0.0402), ('2-2', 0.0359), ('3-0', 0.0278), ('1-3', 0.0179)]",0.0,0.0,0.0,0.0,144.44
03/10/2026 01:08,WATCHLIST,2026-10-09T18:00:00Z,soccer_france_ligue_two,the-odds-api,football,Pau FC,Stade Lavallois,Draw,Draw,0.30507680464115616,3.4,0.2941,0.0373,A EVITER,NUL POSSIBLE,True,63.95,3B - NUL POSSIBLE,MARCHE JUSTE,BOOST|GLOBAL_BOOST,+1.2% (179 obs),MEGA 70%/3% | SAFE 63%/1% | VALUE 58%/3%,WATCHLIST,cote trop haute,Value positive 3.7% | Proba IA 30.5% | MARCHE JUSTE | Learning BOOST|GLOBAL_BOOST | Calibration +1.2% (179 obs) | Source the-odds-api,0.5,0.5,1.2,1.1,1.2,1.2,0,NO BET,7.43,0.1346,0.0155,0.0,1500.0,1500.0,65.0,1.562,0.884,0.2509,NO DRAW SIGNAL,1-0,14.75,1-1,13.34,2-0,11.18,SCORE POISSON + FORME - confiance 78%,A recalculer via player_scorers,0.4418,0.5582,0.463,0.537,"[('1-0', 0.1475), ('1-1', 0.1334), ('2-0', 0.1118), ('2-1', 0.1073), ('0-1', 0.0893), ('0-0', 0.0671), ('1-2', 0.0648), ('0-2', 0.0432), ('3-1', 0.0402), ('2-2', 0.0359), ('3-0', 0.0278), ('1-3', 0.0179)]",0.0,0.0,0.0,0.0,132.02
03/10/2026 01:08,WATCHLIST,2026-10-09T18:00:00Z,soccer_france_ligue_two,the-odds-api,football,Sochaux,Boulogne,Home Win,Sochaux,0.5223531343784719,2.25,0.4444,0.1753,Faible,WATCHLIST,False,97.95,5 - WATCHLIST,OK,BOOST|GLOBAL_BOOST,+3.9% (57 obs),MEGA 70%/3% | SAFE 63%/1% | VALUE 58%/3%,WATCHLIST,proba trop basse,Value positive 17.5% | Proba IA 52.2% | Learning BOOST|GLOBAL_BOOST | Calibration +3.9% (57 obs) | Source the-odds-api,0.5,0.5,1.2,1.1,1.2,1.2,0,NO BET,7.43,0.0,0.0,0.0,1500.0,1500.0,65.0,1.497,0.924,0.2576,NO DRAW SIGNAL,1-0,14.46,1-1,13.53,2-0,10.61,SCORE POISSON + FORME - confiance 75%,A recalculer via player_scorers,0.4354,0.5646,0.4673,0.5327,"[('1-0', 0.1446), ('1-1', 0.1353), ('2-0', 0.1061), ('2-1', 0.1055), ('0-1', 0.0934), ('0-0', 0.068), ('1-2', 0.0678), ('0-2', 0.0463), ('3-1', 0.0385), ('2-2', 0.0364), ('3-0', 0.0262), ('1-3', 0.0188)]",0.0,0.0,0.0,0.0,256.91
03/10/2026 01:08,WATCHLIST,2026-10-09T18:00:00Z,soccer_france_ligue_two,the-odds-api,football,Sochaux,Boulogne,Away Win,Boulogne,0.36058661996844854,3.3,0.303,0.1899,A EVITER,WATCHLIST,False,87.84,5 - WATCHLIST,MARCHE JUSTE,BOOST|GLOBAL_BOOST,+4.0% (64 obs),MEGA 70%/3% | SAFE 63%/1% | VALUE 58%/3%,WATCHLIST,cote trop haute,Value positive 19.0% | Proba IA 36.1% | MARCHE JUSTE | Learning BOOST|GLOBAL_BOOST | Calibration +4.0% (64 obs) | Source the-odds-api,0.5,0.5,1.2,1.1,1.2,1.2,0,NO BET,7.43,0.0,0.0,0.0,1500.0,1500.0,65.0,1.497,0.924,0.2576,NO DRAW SIGNAL,1-0,14.46,1-1,13.53,2-0,10.61,SCORE POISSON + FORME - confiance 75%,A recalculer via player_scorers,0.4354,0.5646,0.4673,0.5327,"[('1-0', 0.1446), ('1-1', 0.1353), ('2-0', 0.1061), ('2-1', 0.1055), ('0-1', 0.0934), ('0-0', 0.068), ('1-2', 0.0678), ('0-2', 0.0463), ('3-1', 0.0385), ('2-2', 0.0364), ('3-0', 0.0262), ('1-3', 0.0188)]",0.0,0.0,0.0,0.0,236.92
03/10/2026 01:08,WATCHLIST,2026-10-09T18:00:00Z,soccer_france_ligue_two,the-odds-api,football,Sochaux,Boulogne,Draw,Draw,0.3187515386805676,3.25,0.3077,0.0359,A EVITER,NUL POSSIBLE,True,64.37,3B - NUL POSSIBLE,MARCHE JUSTE,BOOST|GLOBAL_BOOST,+1.2% (179 obs),MEGA 70%/3% | SAFE 63%/1% | VALUE 58%/3%,WATCHLIST,cote trop haute,Value positive 3.6% | Proba IA 31.9% | MARCHE JUSTE | Learning BOOST|GLOBAL_BOOST | Calibration +1.2% (179 obs) | Source the-odds-api,0.5,0.5,1.2,1.1,1.2,1.2,0,NO BET,7.43,0.1346,0.016,0.0,1500.0,1500.0,65.0,1.497,0.924,0.2576,NO DRAW SIGNAL,1-0,14.46,1-1,13.53,2-0,10.61,SCORE POISSON + FORME - confiance 75%,A recalculer via player_scorers,0.4354,0.5646,0.4673,0.5327,"[('1-0', 0.1446), ('1-1', 0.1353), ('2-0', 0.1061), ('2-1', 0.1055), ('0-1', 0.0934), ('0-0', 0.068), ('1-2', 0.0678), ('0-2', 0.0463), ('3-1', 0.0385), ('2-2', 0.0364), ('3-0', 0.0262), ('1-3', 0.0188)]",0.0,0.0,0.0,0.0,133.04
03/10/2026 01:08,WATCHLIST,2026-10-09T18:00:00Z,soccer_france_ligue_two,the-odds-api,football,USL Dunkerque,Annecy FC,Home Win,USL Dunkerque,0.5194228342271694,2.2,0.4545,0.1427,Faible,WATCHLIST,False,94.08,5 - WATCHLIST,OK,BOOST|GLOBAL_BOOST,+3.9% (57 obs),MEGA 70%/3% | SAFE 63%/1% | VALUE 58%/3%,WATCHLIST,proba trop basse,Value positive 14.3% | Proba IA 51.9% | Learning BOOST|GLOBAL_BOOST | Calibration +3.9% (57 obs) | Source the-odds-api,0.5,0.5,1.2,1.1,1.2,1.2,0,NO BET,7.43,0.0,0.0,0.0,1500.0,1500.0,65.0,1.477,0.96,0.2591,NO DRAW SIGNAL,1-0,14.14,1-1,13.61,2-1,10.51,SCORE POISSON + FORME - confiance 72%,A recalculer via player_scorers,0.4396,0.5604,0.4753,0.5247,"[('1-0', 0.1414), ('1-1', 0.1361), ('2-1', 0.1051), ('2-0', 0.1027), ('0-1', 0.0949), ('1-2', 0.07), ('0-0', 0.0672), ('0-2', 0.0482), ('3-1', 0.0381), ('2-2', 0.0371), ('3-0', 0.0255), ('1-3', 0.0196)]",0.0,0.0,0.0,0.0,236.97
03/10/2026 01:08,WATCHLIST,2026-10-09T18:00:00Z,soccer_france_ligue_two,the-odds-api,football,USL Dunkerque,Annecy FC,Away Win,Annecy FC,0.3833941228127527,3.0,0.3333,0.1502,A EVITER,WATCHLIST,False,84.22,5 - WATCHLIST,MARCHE JUSTE,BOOST|GLOBAL_BOOST,+4.0% (64 obs),MEGA 70%/3% | SAFE 63%/1% | VALUE 58%/3%,WATCHLIST,proba trop basse,Value positive 15.0% | Proba IA 38.3% | MARCHE JUSTE | Learning BOOST|GLOBAL_BOOST | Calibration +4.0% (64 obs) | Source the-odds-api,0.5,0.5,1.2,1.1,1.2,1.2,0,NO BET,7.43,0.0,0.0,0.0,1500.0,1500.0,65.0,1.477,0.96,0.2591,NO DRAW SIGNAL,1-0,14.14,1-1,13.61,2-1,10.51,SCORE POISSON + FORME - confiance 72%,A recalculer via player_scorers,0.4396,0.5604,0.4753,0.5247,"[('1-0', 0.1414), ('1-1', 0.1361), ('2-1', 0.1051), ('2-0', 0.1027), ('0-1', 0.0949), ('1-2', 0.07), ('0-0', 0.0672), ('0-2', 0.0482), ('3-1', 0.0381), ('2-2', 0.0371), ('3-0', 0.0255), ('1-3', 0.0196)]",0.0,0.0,0.0,0.0,216.06
03/10/2026 01:08,WATCHLIST,2026-10-09T18:00:00Z,soccer_france_ligue_two,the-odds-api,football,USL Dunkerque,Annecy FC,Draw,Draw,0.3000844414204186,3.5,0.2857,0.0503,A EVITER,NUL POSSIBLE,True,65.24,3B - NUL POSSIBLE,MARCHE JUSTE,BOOST|GLOBAL_BOOST,+1.2% (179 obs),MEGA 70%/3% | SAFE 63%/1% | VALUE 58%/3%,WATCHLIST,cote trop haute,Value positive 5.0% | Proba IA 30.0% | MARCHE JUSTE | Learning BOOST|GLOBAL_BOOST | Calibration +1.2% (179 obs) | Source the-odds-api,0.5,0.5,1.2,1.1,1.2,1.2,0,NO BET,7.43,0.1346,0.0201,0.0,1500.0,1500.0,65.0,1.477,0.96,0.2591,NO DRAW SIGNAL,1-0,14.14,1-1,13.61,2-1,10.51,SCORE POISSON + FORME - confiance 72%,A recalculer via player_scorers,0.4396,0.5604,0.4753,0.5247,"[('1-0', 0.1414), ('1-1', 0.1361), ('2-1', 0.1051), ('2-0', 0.1027), ('0-1', 0.0949), ('1-2', 0.07), ('0-0', 0.0672), ('0-2', 0.0482), ('3-1', 0.0381), ('2-2', 0.0371), ('3-0', 0.0255), ('1-3', 0.0196)]",0.0,0.0,0.0,0.0,139.19
03/10/2026 01:08,WATCHLIST,2026-10-09T18:00:00Z,soccer_netherlands_eredivisie,the-odds-api,football,PSV Eindhoven,Heerenveen,Away Win,Heerenveen,0.16387190793632528,10.5,0.0952,0.7207,A EVITER,WATCHLIST,False,77.18,5 - WATCHLIST,COTE HAUTE,BOOST|GLOBAL_BOOST,+3.2% (24 obs),MEGA 70%/3% | SAFE 63%/1% | VALUE 58%/3%,WATCHLIST,cote trop haute,Value positive 72.1% | Proba IA 16.4% | COTE HAUTE | Learning BOOST|GLOBAL_BOOST | Calibration +3.2% (24 obs) | Source the-odds-api,0.67,0.58,3.25,1.62,1.75,1.12,1,NO BET,7.43,0.0,0.0,0.0,1712.4,1530.6,246.9,2.24,1.29,0.1729,NO DRAW SIGNAL,2-1,13.82,1-1,10.54,2-0,10.41,SCORE POISSON + FORME - confiance 84%,A recalculer via player_scorers,0.7311,0.2689,0.6761,0.3239,"[('2-1', 0.1382), ('1-1', 0.1054), ('2-0', 0.1041), ('3-1', 0.0918), ('1-2', 0.0805), ('2-2', 0.0689), ('3-2', 0.0441), ('1-0', 0.0389), ('0-2', 0.0361), ('1-3', 0.0315), ('3-0', 0.0273), ('2-3', 0.0258)]",0.0,0.0,0.0,0.0,435.58
03/10/2026 01:08,WATCHLIST,2026-10-09T18:00:00Z,soccer_netherlands_eredivisie,the-odds-api,football,PSV Eindhoven,Heerenveen,Draw,Draw,0.19980305846473442,7.5,0.1333,0.4985,A EVITER,WATCHLIST,False,74.69,5 - WATCHLIST,DRAW RISQUE,BOOST|GLOBAL_BOOST,+4.0% (36 obs),MEGA 70%/3% | SAFE 63%/1% | VALUE 58%/3%,WATCHLIST,cote trop haute,Value positive 49.9% | Proba IA 20.0% | DRAW RISQUE | Learning BOOST|GLOBAL_BOOST | Calibration +4.0% (36 obs) | Source the-odds-api,0.67,0.58,3.25,1.62,1.75,1.12,1,NO BET,7.43,0.0,0.0,0.0,1712.4,1530.6,246.9,2.24,1.29,0.1729,NO DRAW SIGNAL,2-1,13.82,1-1,10.54,2-0,10.41,SCORE POISSON + FORME - confiance 84%,A recalculer via player_scorers,0.7311,0.2689,0.6761,0.3239,"[('2-1', 0.1382), ('1-1', 0.1054), ('2-0', 0.1041), ('3-1', 0.0918), ('1-2', 0.0805), ('2-2', 0.0689), ('3-2', 0.0441), ('1-0', 0.0389), ('0-2', 0.0361), ('1-3', 0.0315), ('3-0', 0.0273), ('2-3', 0.0258)]",0.0,0.0,0.0,0.0,338.89
03/10/2026 01:08,MEGA VALUE,2026-10-09T18:00:00Z,soccer_netherlands_eredivisie,the-odds-api,football,PSV Eindhoven,Heerenveen,Home Win,PSV Eindhoven,0.8509808698652811,1.25,0.8,0.0637,Elite,MEGA VALUE,True,98.07,1 - MEGA VALUE,OK,BOOST|GLOBAL_BOOST,+4.0% (27 obs),MEGA 70%/3% | SAFE 63%/1% | VALUE 58%/3%,JOUABLE,ok,Value positive 6.4% | Proba IA 85.1% | Mode MEGA VALUE | Learning BOOST|GLOBAL_BOOST | Calibration +4.0% (27 obs) | Source the-odds-api,0.67,0.58,3.25,1.62,1.75,1.12,1,VALUE BET,7.43,0.4038,0.22,3.0,1712.4,1530.6,246.9,2.24,1.29,0.1729,NO DRAW SIGNAL,2-1,13.82,1-1,10.54,2-0,10.41,SCORE POISSON + FORME - confiance 84%,A recalculer via player_scorers,0.7311,0.2689,0.6761,0.3239,"[('2-1', 0.1382), ('1-1', 0.1054), ('2-0', 0.1041), ('3-1', 0.0918), ('1-2', 0.0805), ('2-2', 0.0689), ('3-2', 0.0441), ('1-0', 0.0389), ('0-2', 0.0361), ('1-3', 0.0315), ('3-0', 0.0273), ('2-3', 0.0258)]",0.0,0.0,0.0,0.0,232.11
03/10/2026 01:08,WATCHLIST,2026-10-09T18:30:00Z,soccer_germany_bundesliga,the-odds-api,football,Borussia Dortmund,Werder Bremen,Draw,Draw,0.25992847638405153,5.7,0.1754,0.4816,A EVITER,WATCHLIST,False,77.22,5 - WATCHLIST,COTE HAUTE,BOOST|GLOBAL_BOOST,+3.7% (114 obs),MEGA 70%/3% | SAFE 63%/1% | VALUE 58%/3%,WATCHLIST,cote trop haute,Value positive 48.2% | Proba IA 26.0% | COTE HAUTE | Learning BOOST|GLOBAL_BOOST | Calibration +3.7% (114 obs) | Source the-odds-api,0.5,0.29,1.2,1.0,1.2,1.62,1,NO BET,7.43,0.0,0.0,0.0,1500.0,1441.0,124.0,1.34,0.97,0.2785,NO DRAW SIGNAL,1-0,14.12,1-1,14.08,0-1,10.29,SCORE POISSON + FORME - confiance 80%,A recalculer via player_scorers,0.4043,0.5957,0.4586,0.5414,"[('1-0', 0.1412), ('1-1', 0.1408), ('0-1', 0.1029), ('2-1', 0.0986), ('2-0', 0.0961), ('0-0', 0.074), ('1-2', 0.071), ('0-2', 0.0526), ('2-2', 0.0359), ('3-1', 0.0341), ('3-0', 0.0233), ('1-3', 0.0201)]",0.0,0.0,0.0,0.0,339.57
03/10/2026 01:08,WATCHLIST,2026-10-09T18:30:00Z,soccer_germany_bundesliga,the-odds-api,football,Borussia Dortmund,Werder Bremen,Home Win,Borussia Dortmund,0.6658293121570591,1.37,0.7299,-0.0878,Moyenne,WATCHLIST,False,80.87,5 - WATCHLIST,OK,BOOST|GLOBAL_BOOST,-2.9% (29 obs),MEGA 70%/3% | SAFE 63%/1% | VALUE 58%/3%,WATCHLIST,value negative,Value negative ou nulle | Proba IA 66.6% | Learning BOOST|GLOBAL_BOOST | Calibration -2.9% (29 obs) | Source the-odds-api,0.5,0.29,1.2,1.0,1.2,1.62,1,NO BET,7.43,0.0,0.0,0.0,1500.0,1441.0,124.0,1.34,0.97,0.2785,NO DRAW SIGNAL,1-0,14.12,1-1,14.08,0-1,10.29,SCORE POISSON + FORME - confiance 80%,A recalculer via player_scorers,0.4043,0.5957,0.4586,0.5414,"[('1-0', 0.1412), ('1-1', 0.1408), ('0-1', 0.1029), ('2-1', 0.0986), ('2-0', 0.0961), ('0-0', 0.074), ('1-2', 0.071), ('0-2', 0.0526), ('2-2', 0.0359), ('3-1', 0.0341), ('3-0', 0.0233), ('1-3', 0.0201)]",0.0,0.0,0.0,0.0,166.3
03/10/2026 01:08,WATCHLIST,2026-10-09T18:30:00Z,soccer_germany_bundesliga,the-odds-api,football,Borussia Dortmund,Werder Bremen,Away Win,Werder Bremen,0.14266093029112242,7.5,0.1333,0.07,A EVITER,WATCHLIST,False,59.04,5 - WATCHLIST,COTE HAUTE,BOOST|GLOBAL_BOOST,-3.0% (36 obs),MEGA 70%/3% | SAFE 63%/1% | VALUE 58%/3%,WATCHLIST,cote trop haute,Value positive 7.0% | Proba IA 14.3% | COTE HAUTE | Learning BOOST|GLOBAL_BOOST | Calibration -3.0% (36 obs) | Source the-odds-api,0.5,0.29,1.2,1.0,1.2,1.62,1,NO BET,7.43,0.0,0.0,0.0,1500.0,1441.0,124.0,1.34,0.97,0.2785,NO DRAW SIGNAL,1-0,14.12,1-1,14.08,0-1,10.29,SCORE POISSON + FORME - confiance 80%,A recalculer via player_scorers,0.4043,0.5957,0.4586,0.5414,"[('1-0', 0.1412), ('1-1', 0.1408), ('0-1', 0.1029), ('2-1', 0.0986), ('2-0', 0.0961), ('0-0', 0.074), ('1-2', 0.071), ('0-2', 0.0526), ('2-2', 0.0359), ('3-1', 0.0341), ('3-0', 0.0233), ('1-3', 0.0201)]",0.0,0.0,0.0,0.0,127.45
03/10/2026 01:08,WATCHLIST,2026-10-09T18:30:00Z,soccer_italy_serie_b,the-odds-api,football,Avellino,Sampdoria,Draw,Draw,0.31723212378729965,3.25,0.3077,0.031,A EVITER,NUL POSSIBLE,True,63.74,3B - NUL POSSIBLE,NUL SERRE,BOOST|GLOBAL_BOOST,-1.2% (23 obs),MEGA 70%/3% | SAFE 63%/1% | VALUE 58%/3%,WATCHLIST,cote trop haute,Value positive 3.1% | Proba IA 31.7% | NUL SERRE | Learning BOOST|GLOBAL_BOOST | Calibration -1.2% (23 obs) | Source the-odds-api,0.5,0.5,1.2,1.1,1.2,1.2,0,NO BET,7.43,0.1346,0.0138,0.0,1500.0,1500.0,65.0,1.326,1.058,0.2815,DRAW POSSIBLE - tight 64%,1-1,14.4,1-0,13.2,0-1,10.35,SCORE POISSON + FORME - confiance 78%,A recalculer via player_scorers,0.4218,0.5782,0.4808,0.5192,"[('1-1', 0.144), ('1-0', 0.132), ('0-1', 0.1035), ('2-1', 0.0977), ('2-0', 0.0899), ('1-2', 0.0755), ('0-0', 0.0715), ('0-2', 0.0566), ('2-2', 0.0381), ('3-1', 0.0338), ('3-0', 0.0223), ('1-3', 0.0221)]",0.0,0.0,0.0,0.0,129.87
03/10/2026 01:08,NO BET,2026-10-09T18:30:00Z,soccer_italy_serie_b,the-odds-api,football,Avellino,Sampdoria,Away Win,Sampdoria,0.3218138651331315,2.85,0.3509,-0.0828,A EVITER,NO BET,False,54.84,6 - NO BET,OK,BOOST|GLOBAL_BOOST,-4.1% (61 obs),MEGA 70%/3% | SAFE 63%/1% | VALUE 58%/3%,REFUSE,value negative,Value negative ou nulle | Proba IA 32.2% | Learning BOOST|GLOBAL_BOOST | Calibration -4.1% (61 obs) | Source the-odds-api,0.5,0.5,1.2,1.1,1.2,1.2,0,NO BET,7.43,0.0,0.0,0.0,1500.0,1500.0,65.0,1.326,1.058,0.2815,NO DRAW SIGNAL,1-1,14.4,1-0,13.2,0-1,10.35,SCORE POISSON + FORME - confiance 78%,A recalculer via player_scorers,0.4218,0.5782,0.4808,0.5192,"[('1-1', 0.144), ('1-0', 0.132), ('0-1', 0.1035), ('2-1', 0.0977), ('2-0', 0.0899), ('1-2', 0.0755), ('0-0', 0.0715), ('0-2', 0.0566), ('2-2', 0.0381), ('3-1', 0.0338), ('3-0', 0.0223), ('1-3', 0.0221)]",0.0,0.0,0.0,0.0,103.69
03/10/2026 01:08,NO BET,2026-10-09T18:30:00Z,soccer_italy_serie_b,the-odds-api,football,Avellino,Sampdoria,Home Win,Avellino,0.338286873022584,2.65,0.3774,-0.1035,A EVITER,NO BET,False,53.56,6 - NO BET,MARCHE JUSTE,BOOST|GLOBAL_BOOST,-6.0% (36 obs),MEGA 70%/3% | SAFE 63%/1% | VALUE 58%/3%,REFUSE,value negative,Value negative ou nulle | Proba IA 33.8% | MARCHE JUSTE | Learning BOOST|GLOBAL_BOOST | Calibration -6.0% (36 obs) | Source the-odds-api,0.5,0.5,1.2,1.1,1.2,1.2,0,NO BET,7.43,0.0,0.0,0.0,1500.0,1500.0,65.0,1.326,1.058,0.2815,NO DRAW SIGNAL,1-1,14.4,1-0,13.2,0-1,10.35,SCORE POISSON + FORME - confiance 78%,A recalculer via player_scorers,0.4218,0.5782,0.4808,0.5192,"[('1-1', 0.144), ('1-0', 0.132), ('0-1', 0.1035), ('2-1', 0.0977), ('2-0', 0.0899), ('1-2', 0.0755), ('0-0', 0.0715), ('0-2', 0.0566), ('2-2', 0.0381), ('3-1', 0.0338), ('3-0', 0.0223), ('1-3', 0.0221)]",0.0,0.0,0.0,0.0,102.95
03/10/2026 01:08,WATCHLIST,2026-10-09T18:45:00Z,soccer_belgium_first_div,the-odds-api,football,SK Beveren,Lommel SK,Away Win,Lommel SK,0.3009450000305932,4.0,0.25,0.2038,A EVITER,WATCHLIST,False,83.92,5 - WATCHLIST,MARCHE JUSTE,BOOST|GLOBAL_BOOST,+4.0% (49 obs),MEGA 70%/3% | SAFE 63%/1% | VALUE 58%/3%,WATCHLIST,cote trop haute,Value positive 20.4% | Proba IA 30.1% | MARCHE JUSTE | Learning BOOST|GLOBAL_BOOST | Calibration +4.0% (49 obs) | Source the-odds-api,0.5,0.5,1.2,1.1,1.2,1.2,0,NO BET,7.43,0.0,0.0,0.0,1500.0,1500.0,65.0,1.731,0.768,0.2048,NO DRAW SIGNAL,1-0,16.98,2-0,14.01,1-1,11.83,SCORE POISSON + FORME - confiance 78%,A recalculer via player_scorers,0.4643,0.5357,0.4336,0.5664,"[('1-0', 0.1698), ('2-0', 0.1401), ('1-1', 0.1183), ('2-1', 0.1172), ('0-1', 0.0821), ('0-0', 0.0611), ('1-2', 0.0572), ('3-1', 0.0457), ('0-2', 0.0349), ('3-0', 0.0324), ('2-2', 0.03), ('3-2', 0.0143)]",0.0,0.0,0.0,0.0,232.89
03/10/2026 01:08,WATCHLIST,2026-10-09T18:45:00Z,soccer_belgium_first_div,the-odds-api,football,SK Beveren,Lommel SK,Draw,Draw,0.2975882598100498,3.8,0.2632,0.1308,A EVITER,NUL POSSIBLE,True,71.39,3B - NUL POSSIBLE,DRAW RISQUE,BOOST|GLOBAL_BOOST,+3.7% (114 obs),MEGA 70%/3% | SAFE 63%/1% | VALUE 58%/3%,WATCHLIST,cote trop haute,Value positive 13.1% | Proba IA 29.8% | DRAW RISQUE | Learning BOOST|GLOBAL_BOOST | Calibration +3.7% (114 obs) | Source the-odds-api,0.5,0.5,1.2,1.1,1.2,1.2,0,NO BET,7.43,0.1346,0.0467,0.0,1500.0,1500.0,65.0,1.731,0.768,0.2048,NO DRAW SIGNAL,1-0,16.98,2-0,14.01,1-1,11.83,SCORE POISSON + FORME - confiance 78%,A recalculer via player_scorers,0.4643,0.5357,0.4336,0.5664,"[('1-0', 0.1698), ('2-0', 0.1401), ('1-1', 0.1183), ('2-1', 0.1172), ('0-1', 0.0821), ('0-0', 0.0611), ('1-2', 0.0572), ('3-1', 0.0457), ('0-2', 0.0349), ('3-0', 0.0324), ('2-2', 0.03), ('3-2', 0.0143)]",0.0,0.0,0.0,0.0,182.75
03/10/2026 01:08,NO BET,2026-10-09T18:45:00Z,soccer_belgium_first_div,the-odds-api,football,SK Beveren,Lommel SK,Home Win,SK Beveren,0.5199654824033365,1.87,0.5348,-0.0277,Faible,NO BET,False,74.51,5 - WATCHLIST,OK,BOOST|GLOBAL_BOOST,-6.0% (26 obs),MEGA 70%/3% | SAFE 63%/1% | VALUE 58%/3%,REFUSE,value negative,Value negative ou nulle | Proba IA 52.0% | Learning BOOST|GLOBAL_BOOST | Calibration -6.0% (26 obs) | Source the-odds-api,0.5,0.5,1.2,1.1,1.2,1.2,0,NO BET,7.43,0.0,0.0,0.0,1500.0,1500.0,65.0,1.731,0.768,0.2048,NO DRAW SIGNAL,1-0,16.98,2-0,14.01,1-1,11.83,SCORE POISSON + FORME - confiance 78%,A recalculer via player_scorers,0.4643,0.5357,0.4336,0.5664,"[('1-0', 0.1698), ('2-0', 0.1401), ('1-1', 0.1183), ('2-1', 0.1172), ('0-1', 0.0821), ('0-0', 0.0611), ('1-2', 0.0572), ('3-1', 0.0457), ('0-2', 0.0349), ('3-0', 0.0324), ('2-2', 0.03), ('3-2', 0.0143)]",0.0,0.0,0.0,0.0,146.67
03/10/2026 01:08,WATCHLIST,2026-10-09T18:45:00Z,soccer_france_ligue_one,the-odds-api,football,RC Lens,Lyon,Home Win,RC Lens,0.5124769375722302,2.25,0.4444,0.1531,Faible,WATCHLIST,False,100.0,5 - WATCHLIST,MARCHE JUSTE,BOOST|GLOBAL_BOOST,+3.9% (57 obs),MEGA 70%/3% | SAFE 63%/1% | VALUE 58%/3%,WATCHLIST,proba trop basse,Value positive 15.3% | Proba IA 51.2% | MARCHE JUSTE | Learning BOOST|GLOBAL_BOOST | Calibration +3.9% (57 obs) | Source the-odds-api,0.5,0.54,1.2,1.62,1.2,1.62,1,NO BET,7.43,0.0,0.0,0.0,1500.0,1570.5,-5.5,1.34,1.1,0.2798,NO DRAW SIGNAL,1-1,14.46,1-0,12.79,0-1,10.24,SCORE POISSON + FORME - confiance 84%,A recalculer via player_scorers,0.4358,0.5642,0.494,0.506,"[('1-1', 0.1446), ('1-0', 0.1279), ('0-1', 0.1024), ('2-1', 0.0982), ('2-0', 0.0881), ('1-2', 0.0775), ('0-0', 0.0693), ('0-2', 0.0577), ('2-2', 0.0394), ('3-1', 0.0342), ('1-3', 0.0232), ('3-0', 0.0221)]",0.0,0.0,0.0,0.0,249.69
03/10/2026 01:08,WATCHLIST,2026-10-09T18:45:00Z,soccer_france_ligue_one,the-odds-api,football,RC Lens,Lyon,Draw,Draw,0.2968285523634159,3.8,0.2632,0.1279,A EVITER,NUL POSSIBLE,True,78.18,3B - NUL POSSIBLE,MARCHE JUSTE,BOOST|GLOBAL_BOOST,+1.2% (179 obs),MEGA 70%/3% | SAFE 63%/1% | VALUE 58%/3%,WATCHLIST,cote trop haute,Value positive 12.8% | Proba IA 29.7% | MARCHE JUSTE | Learning BOOST|GLOBAL_BOOST | Calibration +1.2% (179 obs) | Source the-odds-api,0.5,0.54,1.2,1.62,1.2,1.62,1,NO BET,7.43,0.1346,0.0457,0.0,1500.0,1570.5,-5.5,1.34,1.1,0.2798,NO DRAW SIGNAL,1-1,14.46,1-0,12.79,0-1,10.24,SCORE POISSON + FORME - confiance 84%,A recalculer via player_scorers,0.4358,0.5642,0.494,0.506,"[('1-1', 0.1446), ('1-0', 0.1279), ('0-1', 0.1024), ('2-1', 0.0982), ('2-0', 0.0881), ('1-2', 0.0775), ('0-0', 0.0693), ('0-2', 0.0577), ('2-2', 0.0394), ('3-1', 0.0342), ('1-3', 0.0232), ('3-0', 0.0221)]",0.0,0.0,0.0,0.0,191.5
03/10/2026 01:08,NO BET,2026-10-09T18:45:00Z,soccer_france_ligue_one,the-odds-api,football,RC Lens,Lyon,Away Win,Lyon,0.3015151876017008,3.0,0.3333,-0.0955,A EVITER,NO BET,False,59.69,5 - WATCHLIST,MARCHE JUSTE,BOOST|GLOBAL_BOOST,-4.1% (61 obs),MEGA 70%/3% | SAFE 63%/1% | VALUE 58%/3%,REFUSE,value negative,Value negative ou nulle | Proba IA 30.2% | MARCHE JUSTE | Learning BOOST|GLOBAL_BOOST | Calibration -4.1% (61 obs) | Source the-odds-api,0.5,0.54,1.2,1.62,1.2,1.62,1,NO BET,7.43,0.0,0.0,0.0,1500.0,1570.5,-5.5,1.34,1.1,0.2798,NO DRAW SIGNAL,1-1,14.46,1-0,12.79,0-1,10.24,SCORE POISSON + FORME - confiance 84%,A recalculer via player_scorers,0.4358,0.5642,0.494,0.506,"[('1-1', 0.1446), ('1-0', 0.1279), ('0-1', 0.1024), ('2-1', 0.0982), ('2-0', 0.0881), ('1-2', 0.0775), ('0-0', 0.0693), ('0-2', 0.0577), ('2-2', 0.0394), ('3-1', 0.0342), ('1-3', 0.0232), ('3-0', 0.0221)]",0.0,0.0,0.0,0.0,109.45
03/10/2026 01:08,WATCHLIST,2026-10-09T19:00:00Z,soccer_efl_champ,the-odds-api,football,West Ham United,Queens Park Rangers,Home Win,West Ham United,0.7080639999999999,1.57,0.6369,0.1117,Forte,MEGA VALUE,True,98.43,1 - MEGA VALUE,OK,GLOBAL_BOOST,+4.0% (19 obs),MEGA 70%/3% | SAFE 63%/1% | VALUE 58%/3%,WATCHLIST,watchlist prudente,Value positive 11.2% | Proba IA 70.8% | Learning GLOBAL_BOOST | Calibration +4.0% (19 obs) | Source the-odds-api,0.5,0.5,1.2,1.1,1.2,1.2,0,NO BET,7.43,0.4038,0.1959,0.0,1500.0,1500.0,65.0,2.031,0.553,0.1472,NO DRAW SIGNAL,2-0,19.54,1-0,17.64,2-1,10.27,SCORE POISSON + FORME - confiance 78%,A recalculer via player_scorers,0.5131,0.4869,0.351,0.649,"[('2-0', 0.1954), ('1-0', 0.1764), ('2-1', 0.1027), ('1-1', 0.0886), ('3-0', 0.0857), ('0-1', 0.0539), ('0-0', 0.0528), ('3-1', 0.0516), ('1-2', 0.0327), ('4-0', 0.0319), ('2-2', 0.0191), ('4-1', 0.0191)]",0.0,0.0,0.0,0.0,243.25
03/10/2026 01:08,WATCHLIST,2026-10-09T19:00:00Z,soccer_efl_champ,the-odds-api,football,West Ham United,Queens Park Rangers,Away Win,Queens Park Rangers,0.2045833005134082,5.9,0.1695,0.207,A EVITER,WATCHLIST,False,70.25,5 - WATCHLIST,COTE HAUTE,BOOST|GLOBAL_BOOST,+3.2% (24 obs),MEGA 70%/3% | SAFE 63%/1% | VALUE 58%/3%,WATCHLIST,cote trop haute,Value positive 20.7% | Proba IA 20.5% | COTE HAUTE | Learning BOOST|GLOBAL_BOOST | Calibration +3.2% (24 obs) | Source the-odds-api,0.5,0.5,1.2,1.1,1.2,1.2,0,NO BET,7.43,0.0,0.0,0.0,1500.0,1500.0,65.0,2.031,0.553,0.1472,NO DRAW SIGNAL,2-0,19.54,1-0,17.64,2-1,10.27,SCORE POISSON + FORME - confiance 78%,A recalculer via player_scorers,0.5131,0.4869,0.351,0.649,"[('2-0', 0.1954), ('1-0', 0.1764), ('2-1', 0.1027), ('1-1', 0.0886), ('3-0', 0.0857), ('0-1', 0.0539), ('0-0', 0.0528), ('3-1', 0.0516), ('1-2', 0.0327), ('4-0', 0.0319), ('2-2', 0.0191), ('4-1', 0.0191)]",0.0,0.0,0.0,0.0,207.32
03/10/2026 01:08,NO BET,2026-10-09T19:00:00Z,soccer_efl_champ,the-odds-api,football,West Ham United,Queens Park Rangers,Draw,Draw,0.16312004175583694,4.5,0.2222,-0.266,A EVITER,NO BET,False,29.2,6 - NO BET,DRAW RISQUE,BOOST|GLOBAL_BOOST,-4.5% (32 obs),MEGA 70%/3% | SAFE 63%/1% | VALUE 58%/3%,REFUSE,cote trop haute,Value negative ou nulle | Proba IA 16.3% | DRAW RISQUE | Learning BOOST|GLOBAL_BOOST | Calibration -4.5% (32 obs) | Source the-odds-api,0.5,0.5,1.2,1.1,1.2,1.2,0,NO BET,7.43,0.0,0.0,0.0,1500.0,1500.0,65.0,2.031,0.553,0.1472,NO DRAW SIGNAL,2-0,19.54,1-0,17.64,2-1,10.27,SCORE POISSON + FORME - confiance 78%,A recalculer via player_scorers,0.5131,0.4869,0.351,0.649,"[('2-0', 0.1954), ('1-0', 0.1764), ('2-1', 0.1027), ('1-1', 0.0886), ('3-0', 0.0857), ('0-1', 0.0539), ('0-0', 0.0528), ('3-1', 0.0516), ('1-2', 0.0327), ('4-0', 0.0319), ('2-2', 0.0191), ('4-1', 0.0191)]",0.0,0.0,0.0,0.0,54.63
03/10/2026 01:08,WATCHLIST,2026-10-09T19:00:00Z,soccer_spain_la_liga,the-odds-api,football,Málaga,Espanyol,Draw,Draw,0.327542439134475,3.4,0.2941,0.1136,A EVITER,NUL POSSIBLE,True,73.68,3B - NUL POSSIBLE,NUL SERRE,BOOST|GLOBAL_BOOST,-1.2% (23 obs),MEGA 70%/3% | SAFE 63%/1% | VALUE 58%/3%,WATCHLIST,cote trop haute,Value positive 11.4% | Proba IA 32.8% | NUL SERRE | Learning BOOST|GLOBAL_BOOST | Calibration -1.2% (23 obs) | Source the-odds-api,0.5,0.5,1.2,1.1,1.2,1.2,0,NO BET,7.43,0.1346,0.0474,0.0,1500.0,1500.0,65.0,1.284,1.094,0.2875,DRAW POSSIBLE - tight 75%,1-1,14.64,1-0,12.84,0-1,10.58,SCORE POISSON + FORME - confiance 78%,A recalculer via player_scorers,0.4187,0.5813,0.483,0.517,"[('1-1', 0.1464), ('1-0', 0.1284), ('0-1', 0.1058), ('2-1', 0.0953), ('2-0', 0.0861), ('1-2', 0.0772), ('0-0', 0.0726), ('0-2', 0.0595), ('2-2', 0.0384), ('3-1', 0.0326), ('1-3', 0.0231), ('3-0', 0.0214)]",0.0,0.0,0.0,0.0,180.84
03/10/2026 01:08,NO BET,2026-10-09T19:00:00Z,soccer_spain_la_liga,the-odds-api,football,Málaga,Espanyol,Away Win,Espanyol,0.3335597290979481,2.82,0.3546,-0.0594,A EVITER,NO BET,False,58.03,5 - WATCHLIST,OK,BOOST|GLOBAL_BOOST,-4.1% (61 obs),MEGA 70%/3% | SAFE 63%/1% | VALUE 58%/3%,REFUSE,value negative,Value negative ou nulle | Proba IA 33.4% | Learning BOOST|GLOBAL_BOOST | Calibration -4.1% (61 obs) | Source the-odds-api,0.5,0.5,1.2,1.1,1.2,1.2,0,NO BET,7.43,0.0,0.0,0.0,1500.0,1500.0,65.0,1.284,1.094,0.2875,NO DRAW SIGNAL,1-1,14.64,1-0,12.84,0-1,10.58,SCORE POISSON + FORME - confiance 78%,A recalculer via player_scorers,0.4187,0.5813,0.483,0.517,"[('1-1', 0.1464), ('1-0', 0.1284), ('0-1', 0.1058), ('2-1', 0.0953), ('2-0', 0.0861), ('1-2', 0.0772), ('0-0', 0.0726), ('0-2', 0.0595), ('2-2', 0.0384), ('3-1', 0.0326), ('1-3', 0.0231), ('3-0', 0.0214)]",0.0,0.0,0.0,0.0,109.23
03/10/2026 01:08,NO BET,2026-10-09T19:00:00Z,soccer_spain_la_liga,the-odds-api,football,Málaga,Espanyol,Home Win,Málaga,0.31690653488159937,2.84,0.3521,-0.1,A EVITER,NO BET,False,52.66,6 - NO BET,MARCHE JUSTE,BOOST|GLOBAL_BOOST,-6.0% (36 obs),MEGA 70%/3% | SAFE 63%/1% | VALUE 58%/3%,REFUSE,value negative,Value negative ou nulle | Proba IA 31.7% | MARCHE JUSTE | Learning BOOST|GLOBAL_BOOST | Calibration -6.0% (36 obs) | Source the-odds-api,0.5,0.5,1.2,1.1,1.2,1.2,0,NO BET,7.43,0.0,0.0,0.0,1500.0,1500.0,65.0,1.284,1.094,0.2875,NO DRAW SIGNAL,1-1,14.64,1-0,12.84,0-1,10.58,SCORE POISSON + FORME - confiance 78%,A recalculer via player_scorers,0.4187,0.5813,0.483,0.517,"[('1-1', 0.1464), ('1-0', 0.1284), ('0-1', 0.1058), ('2-1', 0.0953), ('2-0', 0.0861), ('1-2', 0.0772), ('0-0', 0.0726), ('0-2', 0.0595), ('2-2', 0.0384), ('3-1', 0.0326), ('1-3', 0.0231), ('3-0', 0.0214)]",0.0,0.0,0.0,0.0,100.12
03/10/2026 01:08,WATCHLIST,2026-10-09T19:15:00Z,soccer_portugal_primeira_liga,the-odds-api,football,Braga,Sporting Lisbon,Home Win,Braga,0.3341627468837139,3.25,0.3077,0.086,A EVITER,WATCHLIST,False,74.78,5 - WATCHLIST,MARCHE JUSTE,BOOST|GLOBAL_BOOST,+1.2% (35 obs),MEGA 70%/3% | SAFE 63%/1% | VALUE 58%/3%,WATCHLIST,cote trop haute,Value positive 8.6% | Proba IA 33.4% | MARCHE JUSTE | Learning BOOST|GLOBAL_BOOST | Calibration +1.2% (35 obs) | Source the-odds-api,0.5,0.5,1.2,1.1,1.2,1.2,0,NO BET,7.43,0.0,0.0,0.0,1500.0,1500.0,65.0,1.081,1.272,0.2893,NO DRAW SIGNAL,1-1,14.64,0-1,12.12,1-0,11.51,SCORE POISSON + FORME - confiance 78%,A recalculer via player_scorers,0.4122,0.5878,0.4776,0.5224,"[('1-1', 0.1464), ('0-1', 0.1212), ('1-0', 0.1151), ('1-2', 0.0866), ('2-1', 0.0847), ('0-2', 0.0762), ('0-0', 0.0738), ('2-0', 0.0694), ('2-2', 0.0379), ('1-3', 0.0279), ('3-1', 0.0272), ('3-0', 0.0181)]",0.0,0.0,0.0,0.0,171.06
03/10/2026 01:08,WATCHLIST,2026-10-09T19:15:00Z,soccer_portugal_primeira_liga,the-odds-api,football,Braga,Sporting Lisbon,Draw,Draw,0.31712359415206626,3.45,0.2899,0.0941,A EVITER,NUL POSSIBLE,True,70.99,3B - NUL POSSIBLE,MARCHE JUSTE,BOOST|GLOBAL_BOOST,+1.2% (179 obs),MEGA 70%/3% | SAFE 63%/1% | VALUE 58%/3%,WATCHLIST,cote trop haute,Value positive 9.4% | Proba IA 31.7% | MARCHE JUSTE | Learning BOOST|GLOBAL_BOOST | Calibration +1.2% (179 obs) | Source the-odds-api,0.5,0.5,1.2,1.1,1.2,1.2,0,NO BET,7.43,0.1346,0.0384,0.0,1500.0,1500.0,65.0,1.081,1.272,0.2893,DRAW POSSIBLE - tight 39%,1-1,14.64,0-1,12.12,1-0,11.51,SCORE POISSON + FORME - confiance 78%,A recalculer via player_scorers,0.4122,0.5878,0.4776,0.5224,"[('1-1', 0.1464), ('0-1', 0.1212), ('1-0', 0.1151), ('1-2', 0.0866), ('2-1', 0.0847), ('0-2', 0.0762), ('0-0', 0.0738), ('2-0', 0.0694), ('2-2', 0.0379), ('1-3', 0.0279), ('3-1', 0.0272), ('3-0', 0.0181)]",0.0,0.0,0.0,0.0,167.72
03/10/2026 01:08,NO BET,2026-10-09T19:15:00Z,soccer_portugal_primeira_liga,the-odds-api,football,Braga,Sporting Lisbon,Away Win,Sporting Lisbon,0.41543866430900006,2.2,0.4545,-0.086,A EVITER,NO BET,False,63.4,5 - WATCHLIST,MARCHE JUSTE,BOOST|GLOBAL_BOOST,-6.0% (21 obs),MEGA 70%/3% | SAFE 63%/1% | VALUE 58%/3%,REFUSE,value negative,Value negative ou nulle | Proba IA 41.5% | MARCHE JUSTE | Learning BOOST|GLOBAL_BOOST | Calibration -6.0% (21 obs) | Source the-odds-api,0.5,0.5,1.2,1.1,1.2,1.2,0,NO BET,7.43,0.0,0.0,0.0,1500.0,1500.0,65.0,1.081,1.272,0.2893,NO DRAW SIGNAL,1-1,14.64,0-1,12.12,1-0,11.51,SCORE POISSON + FORME - confiance 78%,A recalculer via player_scorers,0.4122,0.5878,0.4776,0.5224,"[('1-1', 0.1464), ('0-1', 0.1212), ('1-0', 0.1151), ('1-2', 0.0866), ('2-1', 0.0847), ('0-2', 0.0762), ('0-0', 0.0738), ('2-0', 0.0694), ('2-2', 0.0379), ('1-3', 0.0279), ('3-1', 0.0272), ('3-0', 0.0181)]",0.0,0.0,0.0,0.0,122.91
03/10/2026 01:08,WATCHLIST,2026-10-09T21:00:00Z,soccer_argentina_primera_division,the-odds-api,football,Gimnasia La Plata,Atlético Tucuman,Away Win,Atlético Tucuman,0.34120024255079007,3.5,0.2857,0.1942,A EVITER,WATCHLIST,False,87.51,5 - WATCHLIST,MARCHE JUSTE,BOOST|GLOBAL_BOOST,+4.0% (64 obs),MEGA 70%/3% | SAFE 63%/1% | VALUE 58%/3%,WATCHLIST,cote trop haute,Value positive 19.4% | Proba IA 34.1% | MARCHE JUSTE | Learning BOOST|GLOBAL_BOOST | Calibration +4.0% (64 obs) | Source the-odds-api,0.5,0.5,1.2,1.1,1.2,1.2,0,NO BET,7.43,0.0,0.0,0.0,1500.0,1500.0,65.0,1.53,0.889,0.2544,NO DRAW SIGNAL,1-0,14.77,1-1,13.41,2-0,11.01,SCORE POISSON + FORME - confiance 78%,A recalculer via player_scorers,0.4348,0.5652,0.4606,0.5394,"[('1-0', 0.1477), ('1-1', 0.1341), ('2-0', 0.1101), ('2-1', 0.1062), ('0-1', 0.0911), ('0-0', 0.0682), ('1-2', 0.0654), ('0-2', 0.0442), ('3-1', 0.0393), ('2-2', 0.0357), ('3-0', 0.0272), ('1-3', 0.018)]",0.0,0.0,0.0,0.0,236.91
03/10/2026 01:08,WATCHLIST,2026-10-09T21:00:00Z,soccer_argentina_primera_division,the-odds-api,football,Gimnasia La Plata,Atlético Tucuman,Home Win,Gimnasia La Plata,0.45615005688608296,2.2,0.4545,0.0035,A EVITER,WATCHLIST,False,75.41,5 - WATCHLIST,OK,BOOST|GLOBAL_BOOST,-3.2% (50 obs),MEGA 70%/3% | SAFE 63%/1% | VALUE 58%/3%,WATCHLIST,proba trop basse,Value positive 0.4% | Proba IA 45.6% | Learning BOOST|GLOBAL_BOOST | Calibration -3.2% (50 obs) | Source the-odds-api,0.5,0.5,1.2,1.1,1.2,1.2,0,NO BET,7.43,0.0,0.0,0.0,1500.0,1500.0,65.0,1.53,0.889,0.2544,NO DRAW SIGNAL,1-0,14.77,1-1,13.41,2-0,11.01,SCORE POISSON + FORME - confiance 78%,A recalculer via player_scorers,0.4348,0.5652,0.4606,0.5394,"[('1-0', 0.1477), ('1-1', 0.1341), ('2-0', 0.1101), ('2-1', 0.1062), ('0-1', 0.0911), ('0-0', 0.0682), ('1-2', 0.0654), ('0-2', 0.0442), ('3-1', 0.0393), ('2-2', 0.0357), ('3-0', 0.0272), ('1-3', 0.018)]",0.0,0.0,0.0,0.0,145.06
03/10/2026 01:08,WATCHLIST,2026-10-09T21:00:00Z,soccer_argentina_primera_division,the-odds-api,football,Gimnasia La Plata,Atlético Tucuman,Draw,Draw,0.32667420205260755,3.1,0.3226,0.0127,A EVITER,NUL POSSIBLE,True,62.03,3B - NUL POSSIBLE,MARCHE JUSTE,BOOST|GLOBAL_BOOST,+1.2% (179 obs),MEGA 70%/3% | SAFE 63%/1% | VALUE 58%/3%,WATCHLIST,cote trop haute,Value positive 1.3% | Proba IA 32.7% | MARCHE JUSTE | Learning BOOST|GLOBAL_BOOST | Calibration +1.2% (179 obs) | Source the-odds-api,0.5,0.5,1.2,1.1,1.2,1.2,0,NO BET,7.43,0.1346,0.006,0.0,1500.0,1500.0,65.0,1.53,0.889,0.2544,DRAW POSSIBLE - tight 22%,1-0,14.77,1-1,13.41,2-0,11.01,SCORE POISSON + FORME - confiance 78%,A recalculer via player_scorers,0.4348,0.5652,0.4606,0.5394,"[('1-0', 0.1477), ('1-1', 0.1341), ('2-0', 0.1101), ('2-1', 0.1062), ('0-1', 0.0911), ('0-0', 0.0682), ('1-2', 0.0654), ('0-2', 0.0442), ('3-1', 0.0393), ('2-2', 0.0357), ('3-0', 0.0272), ('1-3', 0.018)]",0.0,0.0,0.0,0.0,120.13
03/10/2026 01:08,WATCHLIST,2026-10-09T22:30:00Z,soccer_argentina_primera_division,the-odds-api,football,Instituto de Córdoba,Boca Juniors,Home Win,Instituto de Córdoba,0.4099164322766441,2.8,0.3571,0.1478,A EVITER,WATCHLIST,False,85.06,5 - WATCHLIST,MARCHE JUSTE,BOOST|GLOBAL_BOOST,+4.0% (33 obs),MEGA 70%/3% | SAFE 63%/1% | VALUE 58%/3%,WATCHLIST,proba trop basse,Value positive 14.8% | Proba IA 41.0% | MARCHE JUSTE | Learning BOOST|GLOBAL_BOOST | Calibration +4.0% (33 obs) | Source the-odds-api,0.5,0.5,1.2,1.1,1.2,1.2,0,NO BET,7.43,0.0,0.0,0.0,1500.0,1500.0,65.0,1.259,1.099,0.291,NO DRAW SIGNAL,1-1,14.73,1-0,12.79,0-1,10.73,SCORE POISSON + FORME - confiance 78%,A recalculer via player_scorers,0.4129,0.5871,0.4799,0.5201,"[('1-1', 0.1473), ('1-0', 0.1279), ('0-1', 0.1073), ('2-1', 0.0939), ('2-0', 0.0847), ('1-2', 0.0774), ('0-0', 0.0739), ('0-2', 0.0606), ('2-2', 0.0382), ('3-1', 0.0319), ('1-3', 0.0232), ('3-0', 0.0211)]",0.0,0.0,0.0,0.0,218.12
03/10/2026 01:08,WATCHLIST,2026-10-09T22:30:00Z,soccer_argentina_primera_division,the-odds-api,football,Instituto de Córdoba,Boca Juniors,Draw,Draw,0.34696924384125793,3.0,0.3333,0.0409,A EVITER,NUL POSSIBLE,True,66.13,3B - NUL POSSIBLE,NUL SERRE,BOOST|GLOBAL_BOOST,-1.2% (23 obs),MEGA 70%/3% | SAFE 63%/1% | VALUE 58%/3%,WATCHLIST,proba trop basse,Value positive 4.1% | Proba IA 34.7% | NUL SERRE | Learning BOOST|GLOBAL_BOOST | Calibration -1.2% (23 obs) | Source the-odds-api,0.5,0.5,1.2,1.1,1.2,1.2,0,NO BET,7.43,0.1346,0.0205,0.0,1500.0,1500.0,65.0,1.259,1.099,0.291,DRAW POSSIBLE - tight 78%,1-1,14.73,1-0,12.79,0-1,10.73,SCORE POISSON + FORME - confiance 78%,A recalculer via player_scorers,0.4129,0.5871,0.4799,0.5201,"[('1-1', 0.1473), ('1-0', 0.1279), ('0-1', 0.1073), ('2-1', 0.0939), ('2-0', 0.0847), ('1-2', 0.0774), ('0-0', 0.0739), ('0-2', 0.0606), ('2-2', 0.0382), ('3-1', 0.0319), ('1-3', 0.0232), ('3-0', 0.0211)]",0.0,0.0,0.0,0.0,139.75
03/10/2026 01:08,NO BET,2026-10-09T22:30:00Z,soccer_argentina_primera_division,the-odds-api,football,Instituto de Córdoba,Boca Juniors,Away Win,Boca Juniors,0.3294543785859734,2.7,0.3704,-0.1105,A EVITER,NO BET,False,53.19,6 - NO BET,OK,BOOST|GLOBAL_BOOST,-4.1% (61 obs),MEGA 70%/3% | SAFE 63%/1% | VALUE 58%/3%,REFUSE,value negative,Value negative ou nulle | Proba IA 32.9% | Learning BOOST|GLOBAL_BOOST | Calibration -4.1% (61 obs) | Source the-odds-api,0.5,0.5,1.2,1.1,1.2,1.2,0,NO BET,7.43,0.0,0.0,0.0,1500.0,1500.0,65.0,1.259,1.099,0.291,NO DRAW SIGNAL,1-1,14.73,1-0,12.79,0-1,10.73,SCORE POISSON + FORME - confiance 78%,A recalculer via player_scorers,0.4129,0.5871,0.4799,0.5201,"[('1-1', 0.1473), ('1-0', 0.1279), ('0-1', 0.1073), ('2-1', 0.0939), ('2-0', 0.0847), ('1-2', 0.0774), ('0-0', 0.0739), ('0-2', 0.0606), ('2-2', 0.0382), ('3-1', 0.0319), ('1-3', 0.0232), ('3-0', 0.0211)]",0.0,0.0,0.0,0.0,101.78
03/10/2026 01:08,WATCHLIST,2026-10-10T00:45:00Z,soccer_argentina_primera_division,the-odds-api,football,Union Santa Fe,Defensa y Justicia,Home Win,Union Santa Fe,0.5183375378748352,2.25,0.4444,0.1663,Faible,WATCHLIST,False,96.74,5 - WATCHLIST,OK,BOOST|GLOBAL_BOOST,+3.9% (57 obs),MEGA 70%/3% | SAFE 63%/1% | VALUE 58%/3%,WATCHLIST,proba trop basse,Value positive 16.6% | Proba IA 51.8% | Learning BOOST|GLOBAL_BOOST | Calibration +3.9% (57 obs) | Source the-odds-api,0.5,0.5,1.2,1.1,1.2,1.2,0,NO BET,7.43,0.0,0.0,0.0,1500.0,1500.0,65.0,1.487,0.93,0.2586,NO DRAW SIGNAL,1-0,14.42,1-1,13.56,2-0,10.53,SCORE POISSON + FORME - confiance 75%,A recalculer via player_scorers,0.4343,0.5657,0.4677,0.5323,"[('1-0', 0.1442), ('1-1', 0.1356), ('2-0', 0.1053), ('2-1', 0.1052), ('0-1', 0.0941), ('1-2', 0.0682), ('0-0', 0.0681), ('0-2', 0.0468), ('3-1', 0.0382), ('2-2', 0.0364), ('3-0', 0.026), ('1-3', 0.019)]",0.0,0.0,0.0,0.0,250.95
03/10/2026 01:08,WATCHLIST,2026-10-10T00:45:00Z,soccer_argentina_primera_division,the-odds-api,football,Union Santa Fe,Defensa y Justicia,Away Win,Defensa y Justicia,0.36309544528132204,3.25,0.3077,0.1801,A EVITER,WATCHLIST,False,86.81,5 - WATCHLIST,MARCHE JUSTE,BOOST|GLOBAL_BOOST,+4.0% (64 obs),MEGA 70%/3% | SAFE 63%/1% | VALUE 58%/3%,WATCHLIST,cote trop haute,Value positive 18.0% | Proba IA 36.3% | MARCHE JUSTE | Learning BOOST|GLOBAL_BOOST | Calibration +4.0% (64 obs) | Source the-odds-api,0.5,0.5,1.2,1.1,1.2,1.2,0,NO BET,7.43,0.0,0.0,0.0,1500.0,1500.0,65.0,1.487,0.93,0.2586,NO DRAW SIGNAL,1-0,14.42,1-1,13.56,2-0,10.53,SCORE POISSON + FORME - confiance 75%,A recalculer via player_scorers,0.4343,0.5657,0.4677,0.5323,"[('1-0', 0.1442), ('1-1', 0.1356), ('2-0', 0.1053), ('2-1', 0.1052), ('0-1', 0.0941), ('1-2', 0.0682), ('0-0', 0.0681), ('0-2', 0.0468), ('3-1', 0.0382), ('2-2', 0.0364), ('3-0', 0.026), ('1-3', 0.019)]",0.0,0.0,0.0,0.0,231.32
03/10/2026 01:08,WATCHLIST,2026-10-10T00:45:00Z,soccer_argentina_primera_division,the-odds-api,football,Union Santa Fe,Defensa y Justicia,Draw,Draw,0.32059654247953584,3.2,0.3125,0.0259,A EVITER,NUL POSSIBLE,True,63.29,3B - NUL POSSIBLE,MARCHE JUSTE,BOOST|GLOBAL_BOOST,+1.2% (179 obs),MEGA 70%/3% | SAFE 63%/1% | VALUE 58%/3%,WATCHLIST,cote trop haute,Value positive 2.6% | Proba IA 32.1% | MARCHE JUSTE | Learning BOOST|GLOBAL_BOOST | Calibration +1.2% (179 obs) | Source the-odds-api,0.5,0.5,1.2,1.1,1.2,1.2,0,NO BET,7.43,0.1346,0.0118,0.0,1500.0,1500.0,65.0,1.487,0.93,0.2586,NO DRAW SIGNAL,1-0,14.42,1-1,13.56,2-0,10.53,SCORE POISSON + FORME - confiance 75%,A recalculer via player_scorers,0.4343,0.5657,0.4677,0.5323,"[('1-0', 0.1442), ('1-1', 0.1356), ('2-0', 0.1053), ('2-1', 0.1052), ('0-1', 0.0941), ('1-2', 0.0682), ('0-0', 0.0681), ('0-2', 0.0468), ('3-1', 0.0382), ('2-2', 0.0364), ('3-0', 0.026), ('1-3', 0.019)]",0.0,0.0,0.0,0.0,127.25
03/10/2026 01:08,WATCHLIST,2026-10-10T01:00:00Z,soccer_mexico_ligamx,the-odds-api,football,Puebla,León,Home Win,Puebla,0.38332667164445516,2.95,0.339,0.1308,A EVITER,WATCHLIST,False,81.99,5 - WATCHLIST,MARCHE JUSTE,BOOST|GLOBAL_BOOST,+4.0% (33 obs),MEGA 70%/3% | SAFE 63%/1% | VALUE 58%/3%,WATCHLIST,proba trop basse,Value positive 13.1% | Proba IA 38.3% | MARCHE JUSTE | Learning BOOST|GLOBAL_BOOST | Calibration +4.0% (33 obs) | Source the-odds-api,0.5,0.5,1.2,1.1,1.2,1.2,0,NO BET,7.43,0.0,0.0,0.0,1500.0,1500.0,65.0,1.16,1.213,0.2964,NO DRAW SIGNAL,1-1,15.0,1-0,11.82,0-1,11.36,SCORE POISSON + FORME - confiance 78%,A recalculer via player_scorers,0.4147,0.5853,0.4859,0.5141,"[('1-1', 0.15), ('1-0', 0.1182), ('0-1', 0.1136), ('2-1', 0.0882), ('1-2', 0.0828), ('2-0', 0.0749), ('0-0', 0.0743), ('0-2', 0.0695), ('2-2', 0.0389), ('3-1', 0.0292), ('1-3', 0.0262), ('3-0', 0.0192)]",0.0,0.0,0.0,0.0,204.43
03/10/2026 01:08,WATCHLIST,2026-10-10T01:00:00Z,soccer_mexico_ligamx,the-odds-api,football,Puebla,León,Draw,Draw,0.31289093837796267,3.5,0.2857,0.0951,A EVITER,NUL POSSIBLE,True,70.93,3B - NUL POSSIBLE,NUL SERRE,BOOST|GLOBAL_BOOST,-1.2% (23 obs),MEGA 70%/3% | SAFE 63%/1% | VALUE 58%/3%,WATCHLIST,cote trop haute,Value positive 9.5% | Proba IA 31.3% | NUL SERRE | Learning BOOST|GLOBAL_BOOST | Calibration -1.2% (23 obs) | Source the-odds-api,0.5,0.5,1.2,1.1,1.2,1.2,0,NO BET,7.43,0.1346,0.038,0.0,1500.0,1500.0,65.0,1.16,1.213,0.2964,DRAW POSSIBLE - tight 61%,1-1,15.0,1-0,11.82,0-1,11.36,SCORE POISSON + FORME - confiance 78%,A recalculer via player_scorers,0.4147,0.5853,0.4859,0.5141,"[('1-1', 0.15), ('1-0', 0.1182), ('0-1', 0.1136), ('2-1', 0.0882), ('1-2', 0.0828), ('2-0', 0.0749), ('0-0', 0.0743), ('0-2', 0.0695), ('2-2', 0.0389), ('3-1', 0.0292), ('1-3', 0.0262), ('3-0', 0.0192)]",0.0,0.0,0.0,0.0,167.78
03/10/2026 01:08,NO BET,2026-10-10T01:00:00Z,soccer_mexico_ligamx,the-odds-api,football,Puebla,León,Away Win,León,0.4082543009130442,2.3,0.4348,-0.061,A EVITER,NO BET,False,65.98,5 - WATCHLIST,OK,BOOST|GLOBAL_BOOST,-2.8% (18 obs),MEGA 70%/3% | SAFE 63%/1% | VALUE 58%/3%,REFUSE,value negative,Value negative ou nulle | Proba IA 40.8% | Learning BOOST|GLOBAL_BOOST | Calibration -2.8% (18 obs) | Source the-odds-api,0.5,0.5,1.2,1.1,1.2,1.2,0,NO BET,7.43,0.0,0.0,0.0,1500.0,1500.0,65.0,1.16,1.213,0.2964,NO DRAW SIGNAL,1-1,15.0,1-0,11.82,0-1,11.36,SCORE POISSON + FORME - confiance 78%,A recalculer via player_scorers,0.4147,0.5853,0.4859,0.5141,"[('1-1', 0.15), ('1-0', 0.1182), ('0-1', 0.1136), ('2-1', 0.0882), ('1-2', 0.0828), ('2-0', 0.0749), ('0-0', 0.0743), ('0-2', 0.0695), ('2-2', 0.0389), ('3-1', 0.0292), ('1-3', 0.0262), ('3-0', 0.0192)]",0.0,0.0,0.0,0.0,126.23
03/10/2026 01:08,WATCHLIST,2026-10-10T03:00:00Z,soccer_mexico_ligamx,the-odds-api,football,Tigres,Toluca,Home Win,Tigres,0.4031875948921718,2.75,0.3636,0.1088,A EVITER,WATCHLIST,False,80.29,5 - WATCHLIST,MARCHE JUSTE,BOOST|GLOBAL_BOOST,+4.0% (33 obs),MEGA 70%/3% | SAFE 63%/1% | VALUE 58%/3%,WATCHLIST,proba trop basse,Value positive 10.9% | Proba IA 40.3% | MARCHE JUSTE | Learning BOOST|GLOBAL_BOOST | Calibration +4.0% (33 obs) | Source the-odds-api,0.5,0.5,1.2,1.1,1.2,1.2,0,NO BET,7.43,0.0,0.0,0.0,1500.0,1500.0,65.0,1.219,1.167,0.2955,NO DRAW SIGNAL,1-1,15.0,1-0,12.15,0-1,10.93,SCORE POISSON + FORME - confiance 78%,A recalculer via player_scorers,0.4181,0.5819,0.4887,0.5113,"[('1-1', 0.15), ('1-0', 0.1215), ('0-1', 0.1093), ('2-1', 0.0912), ('1-2', 0.0804), ('2-0', 0.0795), ('0-0', 0.0737), ('0-2', 0.0649), ('2-2', 0.0392), ('3-1', 0.0308), ('1-3', 0.025), ('3-0', 0.0201)]",0.0,0.0,0.0,0.0,193.82
03/10/2026 01:08,WATCHLIST,2026-10-10T03:00:00Z,soccer_mexico_ligamx,the-odds-api,football,Tigres,Toluca,Draw,Draw,0.3157127088940317,3.5,0.2857,0.105,A EVITER,NUL POSSIBLE,True,72.18,3B - NUL POSSIBLE,NUL SERRE,BOOST|GLOBAL_BOOST,-1.2% (23 obs),MEGA 70%/3% | SAFE 63%/1% | VALUE 58%/3%,WATCHLIST,cote trop haute,Value positive 10.5% | Proba IA 31.6% | NUL SERRE | Learning BOOST|GLOBAL_BOOST | Calibration -1.2% (23 obs) | Source the-odds-api,0.5,0.5,1.2,1.1,1.2,1.2,0,NO BET,7.43,0.1346,0.042,0.0,1500.0,1500.0,65.0,1.219,1.167,0.2955,DRAW POSSIBLE - tight 69%,1-1,15.0,1-0,12.15,0-1,10.93,SCORE POISSON + FORME - confiance 78%,A recalculer via player_scorers,0.4181,0.5819,0.4887,0.5113,"[('1-1', 0.15), ('1-0', 0.1215), ('0-1', 0.1093), ('2-1', 0.0912), ('1-2', 0.0804), ('2-0', 0.0795), ('0-0', 0.0737), ('0-2', 0.0649), ('2-2', 0.0392), ('3-1', 0.0308), ('1-3', 0.025), ('3-0', 0.0201)]",0.0,0.0,0.0,0.0,174.07
03/10/2026 01:08,NO BET,2026-10-10T03:00:00Z,soccer_mexico_ligamx,the-odds-api,football,Tigres,Toluca,Away Win,Toluca,0.3844204604407464,2.38,0.4202,-0.0851,A EVITER,NO BET,False,57.21,5 - WATCHLIST,OK,BOOST|GLOBAL_BOOST,-2.8% (18 obs),MEGA 70%/3% | SAFE 63%/1% | VALUE 58%/3%,REFUSE,value negative,Value negative ou nulle | Proba IA 38.4% | Learning BOOST|GLOBAL_BOOST | Calibration -2.8% (18 obs) | Source the-odds-api,0.5,0.5,1.2,1.1,1.2,1.2,0,NO BET,7.43,0.0,0.0,0.0,1500.0,1500.0,65.0,1.219,1.167,0.2955,NO DRAW SIGNAL,1-1,15.0,1-0,12.15,0-1,10.93,SCORE POISSON + FORME - confiance 78%,A recalculer via player_scorers,0.4181,0.5819,0.4887,0.5113,"[('1-1', 0.15), ('1-0', 0.1215), ('0-1', 0.1093), ('2-1', 0.0912), ('1-2', 0.0804), ('2-0', 0.0795), ('0-0', 0.0737), ('0-2', 0.0649), ('2-2', 0.0392), ('3-1', 0.0308), ('1-3', 0.025), ('3-0', 0.0201)]",0.0,0.0,0.0,0.0,111.58
03/10/2026 01:08,WATCHLIST,2026-10-10T11:00:00Z,soccer_germany_bundesliga2,the-odds-api,football,1. FC Magdeburg,Hannover 96,Draw,Draw,0.31148005311992816,4.0,0.25,0.2459,A EVITER,NUL POSSIBLE,True,82.23,3B - NUL POSSIBLE,OK,BOOST|GLOBAL_BOOST,+3.7% (114 obs),MEGA 70%/3% | SAFE 63%/1% | VALUE 58%/3%,WATCHLIST,cote trop haute,Value positive 24.6% | Proba IA 31.1% | Learning BOOST|GLOBAL_BOOST | Calibration +3.7% (114 obs) | Source the-odds-api,0.5,0.5,1.2,1.1,1.2,1.2,0,NO BET,7.43,0.1346,0.082,0.0,1500.0,1500.0,65.0,1.289,1.138,0.2867,DRAW POSSIBLE - tight 65%,1-1,14.72,1-0,12.43,0-1,10.51,SCORE POISSON + FORME - confiance 78%,A recalculer via player_scorers,0.4307,0.5693,0.4947,0.5053,"[('1-1', 0.1472), ('1-0', 0.1243), ('0-1', 0.1051), ('2-1', 0.0952), ('2-0', 0.0839), ('1-2', 0.0792), ('0-0', 0.0707), ('0-2', 0.061), ('2-2', 0.0396), ('3-1', 0.0327), ('1-3', 0.0242), ('3-0', 0.0212)]",0.0,0.0,0.0,0.0,249.25
03/10/2026 01:08,NO BET,2026-10-10T11:00:00Z,soccer_germany_bundesliga2,the-odds-api,football,1. FC Magdeburg,Hannover 96,Away Win,Hannover 96,0.39468383672068325,2.38,0.4202,-0.0607,A EVITER,NO BET,False,60.45,5 - WATCHLIST,OK,BOOST|GLOBAL_BOOST,-2.8% (18 obs),MEGA 70%/3% | SAFE 63%/1% | VALUE 58%/3%,REFUSE,value negative,Value negative ou nulle | Proba IA 39.5% | Learning BOOST|GLOBAL_BOOST | Calibration -2.8% (18 obs) | Source the-odds-api,0.5,0.5,1.2,1.1,1.2,1.2,0,NO BET,7.43,0.0,0.0,0.0,1500.0,1500.0,65.0,1.289,1.138,0.2867,NO DRAW SIGNAL,1-1,14.72,1-0,12.43,0-1,10.51,SCORE POISSON + FORME - confiance 78%,A recalculer via player_scorers,0.4307,0.5693,0.4947,0.5053,"[('1-1', 0.1472), ('1-0', 0.1243), ('0-1', 0.1051), ('2-1', 0.0952), ('2-0', 0.0839), ('1-2', 0.0792), ('0-0', 0.0707), ('0-2', 0.061), ('2-2', 0.0396), ('3-1', 0.0327), ('1-3', 0.0242), ('3-0', 0.0212)]",0.0,0.0,0.0,0.0,117.09
03/10/2026 01:08,NO BET,2026-10-10T11:00:00Z,soccer_germany_bundesliga2,the-odds-api,football,1. FC Magdeburg,Hannover 96,Home Win,1. FC Magdeburg,0.3430621769728547,2.5,0.4,-0.1423,A EVITER,NO BET,False,53.76,6 - NO BET,MARCHE JUSTE,BOOST|GLOBAL_BOOST,-6.0% (36 obs),MEGA 70%/3% | SAFE 63%/1% | VALUE 58%/3%,REFUSE,value negative,Value negative ou nulle | Proba IA 34.3% | MARCHE JUSTE | Learning BOOST|GLOBAL_BOOST | Calibration -6.0% (36 obs) | Source the-odds-api,0.5,0.5,1.2,1.1,1.2,1.2,0,NO BET,7.43,0.0,0.0,0.0,1500.0,1500.0,65.0,1.289,1.138,0.2867,NO DRAW SIGNAL,1-1,14.72,1-0,12.43,0-1,10.51,SCORE POISSON + FORME - confiance 78%,A recalculer via player_scorers,0.4307,0.5693,0.4947,0.5053,"[('1-1', 0.1472), ('1-0', 0.1243), ('0-1', 0.1051), ('2-1', 0.0952), ('2-0', 0.0839), ('1-2', 0.0792), ('0-0', 0.0707), ('0-2', 0.061), ('2-2', 0.0396), ('3-1', 0.0327), ('1-3', 0.0242), ('3-0', 0.0212)]",0.0,0.0,0.0,0.0,103.58
03/10/2026 01:08,WATCHLIST,2026-10-10T11:00:00Z,soccer_germany_bundesliga2,the-odds-api,football,SV Darmstadt 98,FC Energie Cottbus,Draw,Draw,0.3008441488670526,4.0,0.25,0.2034,A EVITER,NUL POSSIBLE,True,79.87,3B - NUL POSSIBLE,MARCHE JUSTE,BOOST|GLOBAL_BOOST,+3.7% (114 obs),MEGA 70%/3% | SAFE 63%/1% | VALUE 58%/3%,WATCHLIST,cote trop haute,Value positive 20.3% | Proba IA 30.1% | MARCHE JUSTE | Learning BOOST|GLOBAL_BOOST | Calibration +3.7% (114 obs) | Source the-odds-api,0.5,0.5,1.2,1.1,1.2,1.2,0,NO BET,7.43,0.1346,0.0678,0.0,1500.0,1500.0,65.0,1.505,0.964,0.2562,NO DRAW SIGNAL,1-0,14.04,1-1,13.57,2-1,10.62,SCORE POISSON + FORME - confiance 72%,A recalculer via player_scorers,0.4478,0.5522,0.4804,0.5196,"[('1-0', 0.1404), ('1-1', 0.1357), ('2-1', 0.1062), ('2-0', 0.1035), ('0-1', 0.0933), ('1-2', 0.07), ('0-0', 0.0659), ('0-2', 0.0476), ('3-1', 0.0389), ('2-2', 0.0376), ('3-0', 0.0258), ('1-3', 0.0197)]",0.0,0.0,0.0,0.0,226.72
03/10/2026 01:08,NO BET,2026-10-10T11:00:00Z,soccer_germany_bundesliga2,the-odds-api,football,SV Darmstadt 98,FC Energie Cottbus,Home Win,SV Darmstadt 98,0.4597315348487859,2.1,0.4762,-0.0346,A EVITER,NO BET,False,71.18,5 - WATCHLIST,MARCHE JUSTE,BOOST|GLOBAL_BOOST,-3.2% (50 obs),MEGA 70%/3% | SAFE 63%/1% | VALUE 58%/3%,REFUSE,value negative,Value negative ou nulle | Proba IA 46.0% | MARCHE JUSTE | Learning BOOST|GLOBAL_BOOST | Calibration -3.2% (50 obs) | Source the-odds-api,0.5,0.5,1.2,1.1,1.2,1.2,0,NO BET,7.43,0.0,0.0,0.0,1500.0,1500.0,65.0,1.505,0.964,0.2562,NO DRAW SIGNAL,1-0,14.04,1-1,13.57,2-1,10.62,SCORE POISSON + FORME - confiance 72%,A recalculer via player_scorers,0.4478,0.5522,0.4804,0.5196,"[('1-0', 0.1404), ('1-1', 0.1357), ('2-1', 0.1062), ('2-0', 0.1035), ('0-1', 0.0933), ('1-2', 0.07), ('0-0', 0.0659), ('0-2', 0.0476), ('3-1', 0.0389), ('2-2', 0.0376), ('3-0', 0.0258), ('1-3', 0.0197)]",0.0,0.0,0.0,0.0,137.53
03/10/2026 01:08,NO BET,2026-10-10T11:00:00Z,soccer_germany_bundesliga2,the-odds-api,football,SV Darmstadt 98,FC Energie Cottbus,Away Win,FC Energie Cottbus,0.30026077494526404,2.88,0.3472,-0.1352,A EVITER,NO BET,False,51.96,6 - NO BET,OK,BOOST|GLOBAL_BOOST,-4.1% (61 obs),MEGA 70%/3% | SAFE 63%/1% | VALUE 58%/3%,REFUSE,value negative,Value negative ou nulle | Proba IA 30.0% | Learning BOOST|GLOBAL_BOOST | Calibration -4.1% (61 obs) | Source the-odds-api,0.5,0.5,1.2,1.1,1.2,1.2,0,NO BET,7.43,0.0,0.0,0.0,1500.0,1500.0,65.0,1.505,0.964,0.2562,NO DRAW SIGNAL,1-0,14.04,1-1,13.57,2-1,10.62,SCORE POISSON + FORME - confiance 72%,A recalculer via player_scorers,0.4478,0.5522,0.4804,0.5196,"[('1-0', 0.1404), ('1-1', 0.1357), ('2-1', 0.1062), ('2-0', 0.1035), ('0-1', 0.0933), ('1-2', 0.07), ('0-0', 0.0659), ('0-2', 0.0476), ('3-1', 0.0389), ('2-2', 0.0376), ('3-0', 0.0258), ('1-3', 0.0197)]",0.0,0.0,0.0,0.0,97.92
03/10/2026 01:08,WATCHLIST,2026-10-10T11:00:00Z,soccer_germany_bundesliga2,the-odds-api,football,VfL Osnabrück,Dynamo Dresden,Draw,Draw,0.33741863594071664,3.6,0.2778,0.2147,A EVITER,NUL POSSIBLE,True,82.71,3B - NUL POSSIBLE,NUL SERRE,BOOST|GLOBAL_BOOST,+1.2% (179 obs),MEGA 70%/3% | SAFE 63%/1% | VALUE 58%/3%,WATCHLIST,cote trop haute,Value positive 21.5% | Proba IA 33.7% | NUL SERRE | Learning BOOST|GLOBAL_BOOST | Calibration +1.2% (179 obs) | Source the-odds-api,0.5,0.5,1.2,1.1,1.2,1.2,0,NO BET,7.43,0.1346,0.0826,0.0,1500.0,1500.0,65.0,1.256,1.146,0.291,DRAW POSSIBLE - tight 68%,1-1,14.84,1-0,12.35,0-1,10.71,SCORE POISSON + FORME - confiance 78%,A recalculer via player_scorers,0.4234,0.5766,0.4907,0.5093,"[('1-1', 0.1484), ('1-0', 0.1235), ('0-1', 0.1071), ('2-1', 0.0934), ('2-0', 0.0821), ('1-2', 0.0796), ('0-0', 0.0723), ('0-2', 0.0626), ('2-2', 0.0393), ('3-1', 0.0318), ('1-3', 0.0244), ('3-0', 0.0207)]",0.0,0.0,0.0,0.0,238.35
03/10/2026 01:08,WATCHLIST,2026-10-10T11:00:00Z,soccer_germany_bundesliga2,the-odds-api,football,VfL Osnabrück,Dynamo Dresden,Home Win,VfL Osnabrück,0.41729644747251704,2.6,0.3846,0.085,A EVITER,WATCHLIST,False,78.15,5 - WATCHLIST,MARCHE JUSTE,BOOST|GLOBAL_BOOST,+4.0% (33 obs),MEGA 70%/3% | SAFE 63%/1% | VALUE 58%/3%,WATCHLIST,proba trop basse,Value positive 8.5% | Proba IA 41.7% | MARCHE JUSTE | Learning BOOST|GLOBAL_BOOST | Calibration +4.0% (33 obs) | Source the-odds-api,0.5,0.5,1.2,1.1,1.2,1.2,0,NO BET,7.43,0.0,0.0,0.0,1500.0,1500.0,65.0,1.256,1.146,0.291,NO DRAW SIGNAL,1-1,14.84,1-0,12.35,0-1,10.71,SCORE POISSON + FORME - confiance 78%,A recalculer via player_scorers,0.4234,0.5766,0.4907,0.5093,"[('1-1', 0.1484), ('1-0', 0.1235), ('0-1', 0.1071), ('2-1', 0.0934), ('2-0', 0.0821), ('1-2', 0.0796), ('0-0', 0.0723), ('0-2', 0.0626), ('2-2', 0.0393), ('3-1', 0.0318), ('1-3', 0.0244), ('3-0', 0.0207)]",0.0,0.0,0.0,0.0,181.41
03/10/2026 01:08,NO BET,2026-10-10T11:00:00Z,soccer_germany_bundesliga2,the-odds-api,football,VfL Osnabrück,Dynamo Dresden,Away Win,Dynamo Dresden,0.3752974593030247,2.38,0.4202,-0.1068,A EVITER,NO BET,False,55.11,5 - WATCHLIST,OK,BOOST|GLOBAL_BOOST,-2.8% (18 obs),MEGA 70%/3% | SAFE 63%/1% | VALUE 58%/3%,REFUSE,value negative,Value negative ou nulle | Proba IA 37.5% | Learning BOOST|GLOBAL_BOOST | Calibration -2.8% (18 obs) | Source the-odds-api,0.5,0.5,1.2,1.1,1.2,1.2,0,NO BET,7.43,0.0,0.0,0.0,1500.0,1500.0,65.0,1.256,1.146,0.291,NO DRAW SIGNAL,1-1,14.84,1-0,12.35,0-1,10.71,SCORE POISSON + FORME - confiance 78%,A recalculer via player_scorers,0.4234,0.5766,0.4907,0.5093,"[('1-1', 0.1484), ('1-0', 0.1235), ('0-1', 0.1071), ('2-1', 0.0934), ('2-0', 0.0821), ('1-2', 0.0796), ('0-0', 0.0723), ('0-2', 0.0626), ('2-2', 0.0393), ('3-1', 0.0318), ('1-3', 0.0244), ('3-0', 0.0207)]",0.0,0.0,0.0,0.0,107.83
03/10/2026 01:08,WATCHLIST,2026-10-10T11:30:00Z,soccer_efl_champ,the-odds-api,football,Charlton Athletic,Bristol City,Home Win,Charlton Athletic,0.40731172103104196,3.2,0.3125,0.3034,A EVITER,WATCHLIST,False,100.0,5 - WATCHLIST,VALUE CLAIRE,BOOST|GLOBAL_BOOST,+4.0% (33 obs),MEGA 70%/3% | SAFE 63%/1% | VALUE 58%/3%,WATCHLIST,cote trop haute,Value positive 30.3% | Proba IA 40.7% | VALUE CLAIRE | Learning BOOST|GLOBAL_BOOST | Calibration +4.0% (33 obs) | Source the-odds-api,0.5,0.46,1.2,1.25,1.2,1.25,1,NO BET,7.43,0.0,0.0,0.0,1500.0,1476.9,88.1,1.27,1.0,0.2896,NO DRAW SIGNAL,1-1,15.0,1-0,14.37,0-1,11.16,SCORE POISSON + FORME - confiance 84%,A recalculer via player_scorers,0.3918,0.6082,0.4559,0.5441,"[('1-1', 0.15), ('1-0', 0.1437), ('0-1', 0.1116), ('2-1', 0.0985), ('2-0', 0.0945), ('0-0', 0.0803), ('1-2', 0.0754), ('0-2', 0.0583), ('2-2', 0.0264), ('3-1', 0.0245), ('3-0', 0.0225), ('1-3', 0.016)]",0.0,0.0,0.0,0.0,306.97
03/10/2026 01:08,WATCHLIST,2026-10-10T11:30:00Z,soccer_efl_champ,the-odds-api,football,Charlton Athletic,Bristol City,Draw,Draw,0.322441546278504,3.4,0.2941,0.0963,A EVITER,NUL POSSIBLE,True,78.62,3B - NUL POSSIBLE,MARCHE JUSTE,BOOST|GLOBAL_BOOST,+1.2% (179 obs),MEGA 70%/3% | SAFE 63%/1% | VALUE 58%/3%,WATCHLIST,cote trop haute,Value positive 9.6% | Proba IA 32.2% | MARCHE JUSTE | Learning BOOST|GLOBAL_BOOST | Calibration +1.2% (179 obs) | Source the-odds-api,0.5,0.46,1.2,1.25,1.2,1.25,1,NO BET,7.43,0.1346,0.0401,0.0,1500.0,1476.9,88.1,1.27,1.0,0.2896,DRAW POSSIBLE - tight 37%,1-1,15.0,1-0,14.37,0-1,11.16,SCORE POISSON + FORME - confiance 84%,A recalculer via player_scorers,0.3918,0.6082,0.4559,0.5441,"[('1-1', 0.15), ('1-0', 0.1437), ('0-1', 0.1116), ('2-1', 0.0985), ('2-0', 0.0945), ('0-0', 0.0803), ('1-2', 0.0754), ('0-2', 0.0583), ('2-2', 0.0264), ('3-1', 0.0245), ('3-0', 0.0225), ('1-3', 0.016)]",0.0,0.0,0.0,0.0,180.34
03/10/2026 01:08,NO BET,2026-10-10T11:30:00Z,soccer_efl_champ,the-odds-api,football,Charlton Athletic,Bristol City,Away Win,Bristol City,0.4015260875739745,2.3,0.4348,-0.0765,A EVITER,NO BET,False,71.07,5 - WATCHLIST,OK,BOOST|GLOBAL_BOOST,-2.8% (18 obs),MEGA 70%/3% | SAFE 63%/1% | VALUE 58%/3%,REFUSE,value negative,Value negative ou nulle | Proba IA 40.2% | Learning BOOST|GLOBAL_BOOST | Calibration -2.8% (18 obs) | Source the-odds-api,0.5,0.46,1.2,1.25,1.2,1.25,1,NO BET,7.43,0.0,0.0,0.0,1500.0,1476.9,88.1,1.27,1.0,0.2896,NO DRAW SIGNAL,1-1,15.0,1-0,14.37,0-1,11.16,SCORE POISSON + FORME - confiance 84%,A recalculer via player_scorers,0.3918,0.6082,0.4559,0.5441,"[('1-1', 0.15), ('1-0', 0.1437), ('0-1', 0.1116), ('2-1', 0.0985), ('2-0', 0.0945), ('0-0', 0.0803), ('1-2', 0.0754), ('0-2', 0.0583), ('2-2', 0.0264), ('3-1', 0.0245), ('3-0', 0.0225), ('1-3', 0.016)]",0.0,0.0,0.0,0.0,133.29
03/10/2026 01:08,WATCHLIST,2026-10-10T11:30:00Z,soccer_efl_champ,the-odds-api,football,Swansea City,Norwich City,Draw,Draw,0.3209221313852361,3.6,0.2778,0.1553,A EVITER,NUL POSSIBLE,True,75.19,3B - NUL POSSIBLE,NUL SERRE,BOOST|GLOBAL_BOOST,+1.2% (179 obs),MEGA 70%/3% | SAFE 63%/1% | VALUE 58%/3%,WATCHLIST,cote trop haute,Value positive 15.5% | Proba IA 32.1% | NUL SERRE | Learning BOOST|GLOBAL_BOOST | Calibration +1.2% (179 obs) | Source the-odds-api,0.5,0.5,1.2,1.1,1.2,1.2,0,NO BET,7.43,0.1346,0.0597,0.0,1500.0,1500.0,65.0,1.341,1.065,0.2794,DRAW POSSIBLE - tight 59%,1-1,14.37,1-0,13.13,0-1,10.26,SCORE POISSON + FORME - confiance 78%,A recalculer via player_scorers,0.4277,0.5723,0.485,0.515,"[('1-1', 0.1437), ('1-0', 0.1313), ('0-1', 0.1026), ('2-1', 0.0984), ('2-0', 0.0902), ('1-2', 0.0758), ('0-0', 0.0704), ('0-2', 0.0563), ('2-2', 0.0385), ('3-1', 0.0342), ('3-0', 0.0224), ('1-3', 0.0223)]",0.0,0.0,0.0,0.0,200.53
03/10/2026 01:08,NO BET,2026-10-10T11:30:00Z,soccer_efl_champ,the-odds-api,football,Swansea City,Norwich City,Away Win,Norwich City,0.3329895415268405,2.8,0.3571,-0.0676,A EVITER,NO BET,False,57.06,5 - WATCHLIST,OK,BOOST|GLOBAL_BOOST,-4.1% (61 obs),MEGA 70%/3% | SAFE 63%/1% | VALUE 58%/3%,REFUSE,value negative,Value negative ou nulle | Proba IA 33.3% | Learning BOOST|GLOBAL_BOOST | Calibration -4.1% (61 obs) | Source the-odds-api,0.5,0.5,1.2,1.1,1.2,1.2,0,NO BET,7.43,0.0,0.0,0.0,1500.0,1500.0,65.0,1.341,1.065,0.2794,NO DRAW SIGNAL,1-1,14.37,1-0,13.13,0-1,10.26,SCORE POISSON + FORME - confiance 78%,A recalculer via player_scorers,0.4277,0.5723,0.485,0.515,"[('1-1', 0.1437), ('1-0', 0.1313), ('0-1', 0.1026), ('2-1', 0.0984), ('2-0', 0.0902), ('1-2', 0.0758), ('0-0', 0.0704), ('0-2', 0.0563), ('2-2', 0.0385), ('3-1', 0.0342), ('3-0', 0.0224), ('1-3', 0.0223)]",0.0,0.0,0.0,0.0,107.76
03/10/2026 01:08,NO BET,2026-10-10T11:30:00Z,soccer_efl_champ,the-odds-api,football,Swansea City,Norwich City,Home Win,Swansea City,0.3512018996153615,2.6,0.3846,-0.0869,A EVITER,NO BET,False,55.61,5 - WATCHLIST,MARCHE JUSTE,BOOST|GLOBAL_BOOST,-6.0% (36 obs),MEGA 70%/3% | SAFE 63%/1% | VALUE 58%/3%,REFUSE,value negative,Value negative ou nulle | Proba IA 35.1% | MARCHE JUSTE | Learning BOOST|GLOBAL_BOOST | Calibration -6.0% (36 obs) | Source the-odds-api,0.5,0.5,1.2,1.1,1.2,1.2,0,NO BET,7.43,0.0,0.0,0.0,1500.0,1500.0,65.0,1.341,1.065,0.2794,NO DRAW SIGNAL,1-1,14.37,1-0,13.13,0-1,10.26,SCORE POISSON + FORME - confiance 78%,A recalculer via player_scorers,0.4277,0.5723,0.485,0.515,"[('1-1', 0.1437), ('1-0', 0.1313), ('0-1', 0.1026), ('2-1', 0.0984), ('2-0', 0.0902), ('1-2', 0.0758), ('0-0', 0.0704), ('0-2', 0.0563), ('2-2', 0.0385), ('3-1', 0.0342), ('3-0', 0.0224), ('1-3', 0.0223)]",0.0,0.0,0.0,0.0,106.89
03/10/2026 01:08,WATCHLIST,2026-10-10T11:30:00Z,soccer_efl_champ,the-odds-api,football,West Bromwich Albion,Birmingham City,Home Win,West Bromwich Albion,0.49815102572141823,2.4,0.4167,0.1956,A EVITER,WATCHLIST,False,94.26,5 - WATCHLIST,MARCHE JUSTE,BOOST|GLOBAL_BOOST,+3.9% (57 obs),MEGA 70%/3% | SAFE 63%/1% | VALUE 58%/3%,WATCHLIST,proba trop basse,Value positive 19.6% | Proba IA 49.8% | MARCHE JUSTE | Learning BOOST|GLOBAL_BOOST | Calibration +3.9% (57 obs) | Source the-odds-api,0.5,0.5,1.2,1.1,1.2,1.2,0,NO BET,7.43,0.0,0.0,0.0,1500.0,1500.0,65.0,1.426,0.999,0.266,NO DRAW SIGNAL,1-1,13.86,1-0,13.78,2-1,10.29,SCORE POISSON + FORME - confiance 69%,A recalculer via player_scorers,0.4355,0.5645,0.4796,0.5204,"[('1-1', 0.1386), ('1-0', 0.1378), ('2-1', 0.1029), ('0-1', 0.0979), ('2-0', 0.0979), ('1-2', 0.0724), ('0-0', 0.0681), ('0-2', 0.0511), ('2-2', 0.0377), ('3-1', 0.0367), ('3-0', 0.0243), ('1-3', 0.0206)]",0.0,0.0,0.0,0.0,258.47
03/10/2026 01:08,WATCHLIST,2026-10-10T11:30:00Z,soccer_efl_champ,the-odds-api,football,West Bromwich Albion,Birmingham City,Draw,Draw,0.3055109231820898,3.6,0.2778,0.0998,A EVITER,NUL POSSIBLE,True,68.16,3B - NUL POSSIBLE,MARCHE JUSTE,BOOST|GLOBAL_BOOST,+1.2% (179 obs),MEGA 70%/3% | SAFE 63%/1% | VALUE 58%/3%,WATCHLIST,cote trop haute,Value positive 10.0% | Proba IA 30.6% | MARCHE JUSTE | Learning BOOST|GLOBAL_BOOST | Calibration +1.2% (179 obs) | Source the-odds-api,0.5,0.5,1.2,1.1,1.2,1.2,0,NO BET,7.43,0.1346,0.0384,0.0,1500.0,1500.0,65.0,1.426,0.999,0.266,NO DRAW SIGNAL,1-1,13.86,1-0,13.78,2-1,10.29,SCORE POISSON + FORME - confiance 69%,A recalculer via player_scorers,0.4355,0.5645,0.4796,0.5204,"[('1-1', 0.1386), ('1-0', 0.1378), ('2-1', 0.1029), ('0-1', 0.0979), ('2-0', 0.0979), ('1-2', 0.0724), ('0-0', 0.0681), ('0-2', 0.0511), ('2-2', 0.0377), ('3-1', 0.0367), ('3-0', 0.0243), ('1-3', 0.0206)]",0.0,0.0,0.0,0.0,165.19
03/10/2026 01:08,NO BET,2026-10-10T11:30:00Z,soccer_efl_champ,the-odds-api,football,West Bromwich Albion,Birmingham City,Away Win,Birmingham City,0.3075591758554414,3.0,0.3333,-0.0773,A EVITER,NO BET,False,54.88,6 - NO BET,MARCHE JUSTE,BOOST|GLOBAL_BOOST,-4.1% (61 obs),MEGA 70%/3% | SAFE 63%/1% | VALUE 58%/3%,REFUSE,value negative,Value negative ou nulle | Proba IA 30.8% | MARCHE JUSTE | Learning BOOST|GLOBAL_BOOST | Calibration -4.1% (61 obs) | Source the-odds-api,0.5,0.5,1.2,1.1,1.2,1.2,0,NO BET,7.43,0.0,0.0,0.0,1500.0,1500.0,65.0,1.426,0.999,0.266,NO DRAW SIGNAL,1-1,13.86,1-0,13.78,2-1,10.29,SCORE POISSON + FORME - confiance 69%,A recalculer via player_scorers,0.4355,0.5645,0.4796,0.5204,"[('1-1', 0.1386), ('1-0', 0.1378), ('2-1', 0.1029), ('0-1', 0.0979), ('2-0', 0.0979), ('1-2', 0.0724), ('0-0', 0.0681), ('0-2', 0.0511), ('2-2', 0.0377), ('3-1', 0.0367), ('3-0', 0.0243), ('1-3', 0.0206)]",0.0,0.0,0.0,0.0,102.75
03/10/2026 01:08,WATCHLIST,2026-10-10T11:30:00Z,soccer_epl,the-odds-api,football,Arsenal,Leeds United,Away Win,Leeds United,0.176073921958028,8.8,0.1136,0.5495,A EVITER,WATCHLIST,False,77.7,5 - WATCHLIST,COTE HAUTE,BOOST|GLOBAL_BOOST,+3.2% (24 obs),MEGA 70%/3% | SAFE 63%/1% | VALUE 58%/3%,WATCHLIST,cote trop haute,Value positive 54.9% | Proba IA 17.6% | COTE HAUTE | Learning BOOST|GLOBAL_BOOST | Calibration +3.2% (24 obs) | Source the-odds-api,0.75,0.5,1.5,1.1,0.62,1.2,1,NO BET,7.43,0.0,0.0,0.0,1688.9,1500.0,253.9,1.45,0.84,0.2637,NO DRAW SIGNAL,1-0,16.13,1-1,13.98,2-0,11.52,SCORE POISSON + FORME - confiance 84%,A recalculer via player_scorers,0.401,0.599,0.4342,0.5658,"[('1-0', 0.1613), ('1-1', 0.1398), ('2-0', 0.1152), ('2-1', 0.1064), ('0-1', 0.0988), ('0-0', 0.0772), ('1-2', 0.0654), ('0-2', 0.0457), ('3-0', 0.0273), ('3-1', 0.0271), ('2-2', 0.0251), ('1-3', 0.0139)]",0.0,0.0,0.0,0.0,363.58
03/10/2026 01:08,WATCHLIST,2026-10-10T11:30:00Z,soccer_epl,the-odds-api,football,Arsenal,Leeds United,Draw,Draw,0.2648123099695556,5.5,0.1818,0.4565,A EVITER,WATCHLIST,False,77.42,5 - WATCHLIST,COTE HAUTE,BOOST|GLOBAL_BOOST,+3.7% (114 obs),MEGA 70%/3% | SAFE 63%/1% | VALUE 58%/3%,WATCHLIST,cote trop haute,Value positive 45.6% | Proba IA 26.5% | COTE HAUTE | Learning BOOST|GLOBAL_BOOST | Calibration +3.7% (114 obs) | Source the-odds-api,0.75,0.5,1.5,1.1,0.62,1.2,1,NO BET,7.43,0.0,0.0,0.0,1688.9,1500.0,253.9,1.45,0.84,0.2637,NO DRAW SIGNAL,1-0,16.13,1-1,13.98,2-0,11.52,SCORE POISSON + FORME - confiance 84%,A recalculer via player_scorers,0.401,0.599,0.4342,0.5658,"[('1-0', 0.1613), ('1-1', 0.1398), ('2-0', 0.1152), ('2-1', 0.1064), ('0-1', 0.0988), ('0-0', 0.0772), ('1-2', 0.0654), ('0-2', 0.0457), ('3-0', 0.0273), ('3-1', 0.0271), ('2-2', 0.0251), ('1-3', 0.0139)]",0.0,0.0,0.0,0.0,329.4
03/10/2026 01:08,WATCHLIST,2026-10-10T11:30:00Z,soccer_epl,the-odds-api,football,Arsenal,Leeds United,Home Win,Arsenal,0.7713201176039476,1.42,0.7042,0.0953,Forte,MEGA VALUE,True,100.0,1 - MEGA VALUE,OK,BOOST|GLOBAL_BOOST,+4.0% (19 obs),MEGA 70%/3% | SAFE 63%/1% | VALUE 58%/3%,WATCHLIST,watchlist prudente,Value positive 9.5% | Proba IA 77.1% | Learning BOOST|GLOBAL_BOOST | Calibration +4.0% (19 obs) | Source the-odds-api,0.75,0.5,1.5,1.1,0.62,1.2,1,NO BET,7.43,0.4038,0.22,0.0,1688.9,1500.0,253.9,1.45,0.84,0.2637,NO DRAW SIGNAL,1-0,16.13,1-1,13.98,2-0,11.52,SCORE POISSON + FORME - confiance 84%,A recalculer via player_scorers,0.401,0.599,0.4342,0.5658,"[('1-0', 0.1613), ('1-1', 0.1398), ('2-0', 0.1152), ('2-1', 0.1064), ('0-1', 0.0988), ('0-0', 0.0772), ('1-2', 0.0654), ('0-2', 0.0457), ('3-0', 0.0273), ('3-1', 0.0271), ('2-2', 0.0251), ('1-3', 0.0139)]",0.0,0.0,0.0,0.0,242.96
03/10/2026 01:08,WATCHLIST,2026-10-10T12:00:00Z,soccer_france_ligue_two,the-odds-api,football,Clermont,Red Star,Home Win,Clermont,0.31462741254169746,3.4,0.2941,0.0697,A EVITER,WATCHLIST,False,72.08,5 - WATCHLIST,MARCHE JUSTE,BOOST|GLOBAL_BOOST,+1.2% (35 obs),MEGA 70%/3% | SAFE 63%/1% | VALUE 58%/3%,WATCHLIST,cote trop haute,Value positive 7.0% | Proba IA 31.5% | MARCHE JUSTE | Learning BOOST|GLOBAL_BOOST | Calibration +1.2% (35 obs) | Source the-odds-api,0.5,0.5,1.2,1.1,1.2,1.2,0,NO BET,7.43,0.0,0.0,0.0,1500.0,1500.0,65.0,1.031,1.307,0.2841,NO DRAW SIGNAL,1-1,14.39,0-1,12.63,1-0,11.32,SCORE POISSON + FORME - confiance 78%,A recalculer via player_scorers,0.4099,0.5901,0.4704,0.5296,"[('1-1', 0.1439), ('0-1', 0.1263), ('1-0', 0.1132), ('1-2', 0.0887), ('2-1', 0.0823), ('0-2', 0.0807), ('0-0', 0.0736), ('2-0', 0.0662), ('2-2', 0.0371), ('1-3', 0.0289), ('3-1', 0.0259), ('3-0', 0.0175)]",0.0,0.0,0.0,0.0,158.69
03/10/2026 01:08,WATCHLIST,2026-10-10T12:00:00Z,soccer_france_ligue_two,the-odds-api,football,Clermont,Red Star,Draw,Draw,0.32059654247953584,3.3,0.303,0.058,A EVITER,NUL POSSIBLE,True,66.98,3B - NUL POSSIBLE,MARCHE JUSTE,BOOST|GLOBAL_BOOST,+1.2% (179 obs),MEGA 70%/3% | SAFE 63%/1% | VALUE 58%/3%,WATCHLIST,cote trop haute,Value positive 5.8% | Proba IA 32.1% | MARCHE JUSTE | Learning BOOST|GLOBAL_BOOST | Calibration +1.2% (179 obs) | Source the-odds-api,0.5,0.5,1.2,1.1,1.2,1.2,0,NO BET,7.43,0.1346,0.0252,0.0,1500.0,1500.0,65.0,1.031,1.307,0.2841,NO DRAW SIGNAL,1-1,14.39,0-1,12.63,1-0,11.32,SCORE POISSON + FORME - confiance 78%,A recalculer via player_scorers,0.4099,0.5901,0.4704,0.5296,"[('1-1', 0.1439), ('0-1', 0.1263), ('1-0', 0.1132), ('1-2', 0.0887), ('2-1', 0.0823), ('0-2', 0.0807), ('0-0', 0.0736), ('2-0', 0.0662), ('2-2', 0.0371), ('1-3', 0.0289), ('3-1', 0.0259), ('3-0', 0.0175)]",0.0,0.0,0.0,0.0,146.5
03/10/2026 01:08,NO BET,2026-10-10T12:00:00Z,soccer_france_ligue_two,the-odds-api,football,Clermont,Red Star,Away Win,Red Star,0.4324302539280066,2.1,0.4762,-0.0919,A EVITER,NO BET,False,63.44,5 - WATCHLIST,MARCHE JUSTE,BOOST|GLOBAL_BOOST,-6.0% (21 obs),MEGA 70%/3% | SAFE 63%/1% | VALUE 58%/3%,REFUSE,value negative,Value negative ou nulle | Proba IA 43.2% | MARCHE JUSTE | Learning BOOST|GLOBAL_BOOST | Calibration -6.0% (21 obs) | Source the-odds-api,0.5,0.5,1.2,1.1,1.2,1.2,0,NO BET,7.43,0.0,0.0,0.0,1500.0,1500.0,65.0,1.031,1.307,0.2841,NO DRAW SIGNAL,1-1,14.39,0-1,12.63,1-0,11.32,SCORE POISSON + FORME - confiance 78%,A recalculer via player_scorers,0.4099,0.5901,0.4704,0.5296,"[('1-1', 0.1439), ('0-1', 0.1263), ('1-0', 0.1132), ('1-2', 0.0887), ('2-1', 0.0823), ('0-2', 0.0807), ('0-0', 0.0736), ('2-0', 0.0662), ('2-2', 0.0371), ('1-3', 0.0289), ('3-1', 0.0259), ('3-0', 0.0175)]",0.0,0.0,0.0,0.0,124.16
03/10/2026 01:08,WATCHLIST,2026-10-10T12:00:00Z,soccer_france_ligue_two,the-odds-api,football,Nantes,Stade de Reims,Draw,Draw,0.32917038366297635,3.5,0.2857,0.1521,A EVITER,NUL POSSIBLE,True,85.32,3B - NUL POSSIBLE,OK,BOOST|GLOBAL_BOOST,+1.2% (179 obs),MEGA 70%/3% | SAFE 63%/1% | VALUE 58%/3%,WATCHLIST,cote trop haute,Value positive 15.2% | Proba IA 32.9% | Learning BOOST|GLOBAL_BOOST | Calibration +1.2% (179 obs) | Source the-odds-api,0.29,0.5,0.62,1.1,0.88,1.2,1,NO BET,7.43,0.1346,0.0608,0.0,1397.6,1500.0,-37.4,1.02,0.96,0.3408,DRAW POSSIBLE - tight 55%,1-1,15.34,1-0,14.42,0-0,14.08,SCORE POISSON + FORME - confiance 84%,A recalculer via player_scorers,0.2742,0.7258,0.3764,0.6236,"[('1-1', 0.1534), ('1-0', 0.1442), ('0-0', 0.1408), ('0-1', 0.13), ('2-0', 0.0811), ('2-1', 0.0722), ('0-2', 0.0656), ('1-2', 0.0622), ('2-2', 0.0206), ('3-1', 0.018), ('3-0', 0.0168), ('1-3', 0.0135)]",0.0,0.0,0.0,0.0,214.72
03/10/2026 01:08,WATCHLIST,2026-10-10T12:00:00Z,soccer_france_ligue_two,the-odds-api,football,Nantes,Stade de Reims,Home Win,Nantes,0.47915833955556897,2.2,0.4545,0.0541,A EVITER,WATCHLIST,False,89.35,5 - WATCHLIST,OK,BOOST|GLOBAL_BOOST,+3.9% (57 obs),MEGA 70%/3% | SAFE 63%/1% | VALUE 58%/3%,WATCHLIST,proba trop basse,Value positive 5.4% | Proba IA 47.9% | Learning BOOST|GLOBAL_BOOST | Calibration +3.9% (57 obs) | Source the-odds-api,0.29,0.5,0.62,1.1,0.88,1.2,1,NO BET,7.43,0.0,0.0,0.0,1397.6,1500.0,-37.4,1.02,0.96,0.3408,NO DRAW SIGNAL,1-1,15.34,1-0,14.42,0-0,14.08,SCORE POISSON + FORME - confiance 84%,A recalculer via player_scorers,0.2742,0.7258,0.3764,0.6236,"[('1-1', 0.1534), ('1-0', 0.1442), ('0-0', 0.1408), ('0-1', 0.13), ('2-0', 0.0811), ('2-1', 0.0722), ('0-2', 0.0656), ('1-2', 0.0622), ('2-2', 0.0206), ('3-1', 0.018), ('3-0', 0.0168), ('1-3', 0.0135)]",0.0,0.0,0.0,0.0,189.06
03/10/2026 01:08,NO BET,2026-10-10T12:00:00Z,soccer_france_ligue_two,the-odds-api,football,Nantes,Stade de Reims,Away Win,Stade de Reims,0.30254152522969446,3.1,0.3226,-0.0621,A EVITER,NO BET,False,63.56,5 - WATCHLIST,MARCHE JUSTE,BOOST|GLOBAL_BOOST,-4.1% (61 obs),MEGA 70%/3% | SAFE 63%/1% | VALUE 58%/3%,REFUSE,cote trop haute,Value negative ou nulle | Proba IA 30.3% | MARCHE JUSTE | Learning BOOST|GLOBAL_BOOST | Calibration -4.1% (61 obs) | Source the-odds-api,0.29,0.5,0.62,1.1,0.88,1.2,1,NO BET,7.43,0.0,0.0,0.0,1397.6,1500.0,-37.4,1.02,0.96,0.3408,NO DRAW SIGNAL,1-1,15.34,1-0,14.42,0-0,14.08,SCORE POISSON + FORME - confiance 84%,A recalculer via player_scorers,0.2742,0.7258,0.3764,0.6236,"[('1-1', 0.1534), ('1-0', 0.1442), ('0-0', 0.1408), ('0-1', 0.13), ('2-0', 0.0811), ('2-1', 0.0722), ('0-2', 0.0656), ('1-2', 0.0622), ('2-2', 0.0206), ('3-1', 0.018), ('3-0', 0.0168), ('1-3', 0.0135)]",0.0,0.0,0.0,0.0,115.25
03/10/2026 01:08,WATCHLIST,2026-10-10T12:00:00Z,soccer_spain_la_liga,the-odds-api,football,Rayo Vallecano,Athletic Bilbao,Home Win,Rayo Vallecano,0.3852802050786568,3.1,0.3226,0.1944,A EVITER,WATCHLIST,False,89.38,5 - WATCHLIST,MARCHE JUSTE,BOOST|GLOBAL_BOOST,+4.0% (33 obs),MEGA 70%/3% | SAFE 63%/1% | VALUE 58%/3%,WATCHLIST,cote trop haute,Value positive 19.4% | Proba IA 38.5% | MARCHE JUSTE | Learning BOOST|GLOBAL_BOOST | Calibration +4.0% (33 obs) | Source the-odds-api,0.5,0.5,1.2,1.1,1.2,1.2,0,NO BET,7.43,0.0,0.0,0.0,1500.0,1500.0,65.0,1.166,1.199,0.2982,NO DRAW SIGNAL,1-1,15.06,1-0,11.91,0-1,11.3,SCORE POISSON + FORME - confiance 78%,A recalculer via player_scorers,0.4122,0.5878,0.4846,0.5154,"[('1-1', 0.1506), ('1-0', 0.1191), ('0-1', 0.113), ('2-1', 0.0884), ('1-2', 0.082), ('2-0', 0.0758), ('0-0', 0.0749), ('0-2', 0.0686), ('2-2', 0.0388), ('3-1', 0.0293), ('1-3', 0.0259), ('3-0', 0.0193)]",0.0,0.0,0.0,0.0,242.83
03/10/2026 01:08,WATCHLIST,2026-10-10T12:00:00Z,soccer_spain_la_liga,the-odds-api,football,Rayo Vallecano,Athletic Bilbao,Draw,Draw,0.31701506451683287,3.5,0.2857,0.1096,A EVITER,NUL POSSIBLE,True,72.76,3B - NUL POSSIBLE,NUL SERRE,BOOST|GLOBAL_BOOST,-1.2% (23 obs),MEGA 70%/3% | SAFE 63%/1% | VALUE 58%/3%,WATCHLIST,cote trop haute,Value positive 11.0% | Proba IA 31.7% | NUL SERRE | Learning BOOST|GLOBAL_BOOST | Calibration -1.2% (23 obs) | Source the-odds-api,0.5,0.5,1.2,1.1,1.2,1.2,0,NO BET,7.43,0.1346,0.0438,0.0,1500.0,1500.0,65.0,1.166,1.199,0.2982,DRAW POSSIBLE - tight 66%,1-1,15.06,1-0,11.91,0-1,11.3,SCORE POISSON + FORME - confiance 78%,A recalculer via player_scorers,0.4122,0.5878,0.4846,0.5154,"[('1-1', 0.1506), ('1-0', 0.1191), ('0-1', 0.113), ('2-1', 0.0884), ('1-2', 0.082), ('2-0', 0.0758), ('0-0', 0.0749), ('0-2', 0.0686), ('2-2', 0.0388), ('3-1', 0.0293), ('1-3', 0.0259), ('3-0', 0.0193)]",0.0,0.0,0.0,0.0,176.98
03/10/2026 01:08,NO BET,2026-10-10T12:00:00Z,soccer_spain_la_liga,the-odds-api,football,Rayo Vallecano,Athletic Bilbao,Away Win,Athletic Bilbao,0.40186820011663904,2.46,0.4065,-0.0114,A EVITER,NO BET,False,66.42,5 - WATCHLIST,OK,BOOST|GLOBAL_BOOST,-2.8% (18 obs),MEGA 70%/3% | SAFE 63%/1% | VALUE 58%/3%,REFUSE,value negative,Value negative ou nulle | Proba IA 40.2% | Learning BOOST|GLOBAL_BOOST | Calibration -2.8% (18 obs) | Source the-odds-api,0.5,0.5,1.2,1.1,1.2,1.2,0,NO BET,7.43,0.0,0.0,0.0,1500.0,1500.0,65.0,1.166,1.199,0.2982,NO DRAW SIGNAL,1-1,15.06,1-0,11.91,0-1,11.3,SCORE POISSON + FORME - confiance 78%,A recalculer via player_scorers,0.4122,0.5878,0.4846,0.5154,"[('1-1', 0.1506), ('1-0', 0.1191), ('0-1', 0.113), ('2-1', 0.0884), ('1-2', 0.082), ('2-0', 0.0758), ('0-0', 0.0749), ('0-2', 0.0686), ('2-2', 0.0388), ('3-1', 0.0293), ('1-3', 0.0259), ('3-0', 0.0193)]",0.0,0.0,0.0,0.0,126.43
03/10/2026 01:08,WATCHLIST,2026-10-10T13:00:00Z,soccer_italy_serie_a,the-odds-api,football,Genoa,Fiorentina,Draw,Draw,0.3179918312339336,3.4,0.2941,0.0812,A EVITER,NUL POSSIBLE,True,76.69,3B - NUL POSSIBLE,NUL SERRE,BOOST|GLOBAL_BOOST,-6.0% (59 obs),MEGA 70%/3% | SAFE 63%/1% | VALUE 58%/3%,WATCHLIST,cote trop haute,Value positive 8.1% | Proba IA 31.8% | NUL SERRE | Learning BOOST|GLOBAL_BOOST | Calibration -6.0% (59 obs) | Source the-odds-api,0.33,0.54,0.62,0.75,1.12,0.75,1,NO BET,7.43,0.1346,0.0338,0.0,1462.0,1516.0,11.0,0.96,0.99,0.3457,DRAW POSSIBLE - tight 68%,1-1,15.33,0-0,14.45,1-0,13.96,SCORE POISSON + FORME - confiance 84%,A recalculer via player_scorers,0.2662,0.7338,0.3703,0.6297,"[('1-1', 0.1533), ('0-0', 0.1445), ('1-0', 0.1396), ('0-1', 0.1357), ('2-0', 0.0756), ('0-2', 0.0701), ('2-1', 0.0689), ('1-2', 0.0632), ('2-2', 0.0203), ('3-1', 0.0173), ('3-0', 0.016), ('1-3', 0.0137)]",0.0,0.0,0.0,0.0,170.66
03/10/2026 01:08,WATCHLIST,2026-10-10T13:00:00Z,soccer_italy_serie_a,the-odds-api,football,Genoa,Fiorentina,Home Win,Genoa,0.32851920585157585,3.25,0.3077,0.0677,A EVITER,WATCHLIST,False,79.58,5 - WATCHLIST,MARCHE JUSTE,BOOST|GLOBAL_BOOST,+1.2% (35 obs),MEGA 70%/3% | SAFE 63%/1% | VALUE 58%/3%,WATCHLIST,cote trop haute,Value positive 6.8% | Proba IA 32.9% | MARCHE JUSTE | Learning BOOST|GLOBAL_BOOST | Calibration +1.2% (35 obs) | Source the-odds-api,0.33,0.54,0.62,0.75,1.12,0.75,1,NO BET,7.43,0.0,0.0,0.0,1462.0,1516.0,11.0,0.96,0.99,0.3457,NO DRAW SIGNAL,1-1,15.33,0-0,14.45,1-0,13.96,SCORE POISSON + FORME - confiance 84%,A recalculer via player_scorers,0.2662,0.7338,0.3703,0.6297,"[('1-1', 0.1533), ('0-0', 0.1445), ('1-0', 0.1396), ('0-1', 0.1357), ('2-0', 0.0756), ('0-2', 0.0701), ('2-1', 0.0689), ('1-2', 0.0632), ('2-2', 0.0203), ('3-1', 0.0173), ('3-0', 0.016), ('1-3', 0.0137)]",0.0,0.0,0.0,0.0,169.88
03/10/2026 01:08,NO BET,2026-10-10T13:00:00Z,soccer_italy_serie_a,the-odds-api,football,Genoa,Fiorentina,Away Win,Fiorentina,0.374271121675031,2.42,0.4132,-0.0943,A EVITER,NO BET,False,62.88,5 - WATCHLIST,OK,BOOST|GLOBAL_BOOST,-2.8% (18 obs),MEGA 70%/3% | SAFE 63%/1% | VALUE 58%/3%,REFUSE,value negative,Value negative ou nulle | Proba IA 37.4% | Learning BOOST|GLOBAL_BOOST | Calibration -2.8% (18 obs) | Source the-odds-api,0.33,0.54,0.62,0.75,1.12,0.75,1,NO BET,7.43,0.0,0.0,0.0,1462.0,1516.0,11.0,0.96,0.99,0.3457,NO DRAW SIGNAL,1-1,15.33,0-0,14.45,1-0,13.96,SCORE POISSON + FORME - confiance 84%,A recalculer via player_scorers,0.2662,0.7338,0.3703,0.6297,"[('1-1', 0.1533), ('0-0', 0.1445), ('1-0', 0.1396), ('0-1', 0.1357), ('2-0', 0.0756), ('0-2', 0.0701), ('2-1', 0.0689), ('1-2', 0.0632), ('2-2', 0.0203), ('3-1', 0.0173), ('3-0', 0.016), ('1-3', 0.0137)]",0.0,0.0,0.0,0.0,119.26
03/10/2026 01:08,WATCHLIST,2026-10-10T13:00:00Z,soccer_italy_serie_b,the-odds-api,football,Benevento,Cesena FC,Away Win,Cesena FC,0.31098030128208703,3.8,0.2632,0.1817,A EVITER,WATCHLIST,False,81.81,5 - WATCHLIST,MARCHE JUSTE,BOOST|GLOBAL_BOOST,+4.0% (49 obs),MEGA 70%/3% | SAFE 63%/1% | VALUE 58%/3%,WATCHLIST,cote trop haute,Value positive 18.2% | Proba IA 31.1% | MARCHE JUSTE | Learning BOOST|GLOBAL_BOOST | Calibration +4.0% (49 obs) | Source the-odds-api,0.5,0.5,1.2,1.1,1.2,1.2,0,NO BET,7.43,0.0,0.0,0.0,1500.0,1500.0,65.0,1.678,0.798,0.211,NO DRAW SIGNAL,1-0,16.75,2-0,13.45,1-1,12.04,SCORE POISSON + FORME - confiance 78%,A recalculer via player_scorers,0.4585,0.5415,0.4395,0.5605,"[('1-0', 0.1675), ('2-0', 0.1345), ('1-1', 0.1204), ('2-1', 0.1164), ('0-1', 0.0857), ('0-0', 0.0619), ('1-2', 0.0599), ('3-1', 0.0443), ('0-2', 0.0372), ('2-2', 0.0306), ('3-0', 0.0306), ('1-3', 0.0144)]",0.0,0.0,0.0,0.0,220.99
03/10/2026 01:08,WATCHLIST,2026-10-10T13:00:00Z,soccer_italy_serie_b,the-odds-api,football,Benevento,Cesena FC,Draw,Draw,0.31115446421422793,3.5,0.2857,0.089,A EVITER,NUL POSSIBLE,True,70.16,3B - NUL POSSIBLE,DRAW RISQUE,BOOST|GLOBAL_BOOST,+3.7% (114 obs),MEGA 70%/3% | SAFE 63%/1% | VALUE 58%/3%,WATCHLIST,cote trop haute,Value positive 8.9% | Proba IA 31.1% | DRAW RISQUE | Learning BOOST|GLOBAL_BOOST | Calibration +3.7% (114 obs) | Source the-odds-api,0.5,0.5,1.2,1.1,1.2,1.2,0,NO BET,7.43,0.1346,0.0356,0.0,1500.0,1500.0,65.0,1.678,0.798,0.211,NO DRAW SIGNAL,1-0,16.75,2-0,13.45,1-1,12.04,SCORE POISSON + FORME - confiance 78%,A recalculer via player_scorers,0.4585,0.5415,0.4395,0.5605,"[('1-0', 0.1675), ('2-0', 0.1345), ('1-1', 0.1204), ('2-1', 0.1164), ('0-1', 0.0857), ('0-0', 0.0619), ('1-2', 0.0599), ('3-1', 0.0443), ('0-2', 0.0372), ('2-2', 0.0306), ('3-0', 0.0306), ('1-3', 0.0144)]",0.0,0.0,0.0,0.0,163.91
03/10/2026 01:08,NO BET,2026-10-10T13:00:00Z,soccer_italy_serie_b,the-odds-api,football,Benevento,Cesena FC,Home Win,Benevento,0.4968486700986171,1.91,0.5236,-0.051,A EVITER,NO BET,False,70.85,5 - WATCHLIST,OK,BOOST|GLOBAL_BOOST,-6.0% (26 obs),MEGA 70%/3% | SAFE 63%/1% | VALUE 58%/3%,REFUSE,value negative,Value negative ou nulle | Proba IA 49.7% | Learning BOOST|GLOBAL_BOOST | Calibration -6.0% (26 obs) | Source the-odds-api,0.5,0.5,1.2,1.1,1.2,1.2,0,NO BET,7.43,0.0,0.0,0.0,1500.0,1500.0,65.0,1.678,0.798,0.211,NO DRAW SIGNAL,1-0,16.75,2-0,13.45,1-1,12.04,SCORE POISSON + FORME - confiance 78%,A recalculer via player_scorers,0.4585,0.5415,0.4395,0.5605,"[('1-0', 0.1675), ('2-0', 0.1345), ('1-1', 0.1204), ('2-1', 0.1164), ('0-1', 0.0857), ('0-0', 0.0619), ('1-2', 0.0599), ('3-1', 0.0443), ('0-2', 0.0372), ('2-2', 0.0306), ('3-0', 0.0306), ('1-3', 0.0144)]",0.0,0.0,0.0,0.0,139.64
03/10/2026 01:08,WATCHLIST,2026-10-10T13:00:00Z,soccer_italy_serie_b,the-odds-api,football,Empoli,Palermo,Draw,Draw,0.31061181603806076,3.7,0.2703,0.1493,A EVITER,NUL POSSIBLE,True,80.56,3B - NUL POSSIBLE,OK,BOOST|GLOBAL_BOOST,+1.2% (179 obs),MEGA 70%/3% | SAFE 63%/1% | VALUE 58%/3%,WATCHLIST,cote trop haute,Value positive 14.9% | Proba IA 31.1% | Learning BOOST|GLOBAL_BOOST | Calibration +1.2% (179 obs) | Source the-odds-api,0.33,0.5,1.12,1.1,1.5,1.2,0.95,NO BET,7.43,0.1346,0.0553,0.0,1405.1,1500.0,-29.9,1.045,1.115,0.3126,DRAW POSSIBLE - tight 45%,1-1,15.53,1-0,13.05,0-1,12.86,SCORE POISSON + FORME - confiance 84%,A recalculer via player_scorers,0.3586,0.6414,0.4391,0.5609,"[('1-1', 0.1553), ('1-0', 0.1305), ('0-1', 0.1286), ('0-0', 0.089), ('2-1', 0.085), ('1-2', 0.0807), ('2-0', 0.0764), ('0-2', 0.0734), ('2-2', 0.0256), ('3-1', 0.021), ('3-0', 0.0187), ('1-3', 0.0176)]",0.0,0.0,0.0,0.0,205.16
03/10/2026 01:08,WATCHLIST,2026-10-10T13:00:00Z,soccer_italy_serie_b,the-odds-api,football,Empoli,Palermo,Home Win,Empoli,0.2965029634577156,3.7,0.2703,0.0971,A EVITER,WATCHLIST,False,77.97,5 - WATCHLIST,MARCHE JUSTE,BOOST|GLOBAL_BOOST,+1.2% (35 obs),MEGA 70%/3% | SAFE 63%/1% | VALUE 58%/3%,WATCHLIST,cote trop haute,Value positive 9.7% | Proba IA 29.7% | MARCHE JUSTE | Learning BOOST|GLOBAL_BOOST | Calibration +1.2% (35 obs) | Source the-odds-api,0.33,0.5,1.12,1.1,1.5,1.2,0.95,NO BET,7.43,0.0,0.0,0.0,1405.1,1500.0,-29.9,1.045,1.115,0.3126,NO DRAW SIGNAL,1-1,15.53,1-0,13.05,0-1,12.86,SCORE POISSON + FORME - confiance 84%,A recalculer via player_scorers,0.3586,0.6414,0.4391,0.5609,"[('1-1', 0.1553), ('1-0', 0.1305), ('0-1', 0.1286), ('0-0', 0.089), ('2-1', 0.085), ('1-2', 0.0807), ('2-0', 0.0764), ('0-2', 0.0734), ('2-2', 0.0256), ('3-1', 0.021), ('3-0', 0.0187), ('1-3', 0.0176)]",0.0,0.0,0.0,0.0,177.89
03/10/2026 01:08,NO BET,2026-10-10T13:00:00Z,soccer_italy_serie_b,the-odds-api,football,Empoli,Palermo,Away Win,Palermo,0.461851932597159,1.95,0.5128,-0.0994,A EVITER,NO BET,False,70.32,5 - WATCHLIST,OK,BOOST|GLOBAL_BOOST,-6.0% (28 obs),MEGA 70%/3% | SAFE 63%/1% | VALUE 58%/3%,REFUSE,value negative,Value negative ou nulle | Proba IA 46.2% | Learning BOOST|GLOBAL_BOOST | Calibration -6.0% (28 obs) | Source the-odds-api,0.33,0.5,1.12,1.1,1.5,1.2,0.95,NO BET,7.43,0.0,0.0,0.0,1405.1,1500.0,-29.9,1.045,1.115,0.3126,NO DRAW SIGNAL,1-1,15.53,1-0,13.05,0-1,12.86,SCORE POISSON + FORME - confiance 84%,A recalculer via player_scorers,0.3586,0.6414,0.4391,0.5609,"[('1-1', 0.1553), ('1-0', 0.1305), ('0-1', 0.1286), ('0-0', 0.089), ('2-1', 0.085), ('1-2', 0.0807), ('2-0', 0.0764), ('0-2', 0.0734), ('2-2', 0.0256), ('3-1', 0.021), ('3-0', 0.0187), ('1-3', 0.0176)]",0.0,0.0,0.0,0.0,136.4
03/10/2026 01:08,WATCHLIST,2026-10-10T13:00:00Z,soccer_italy_serie_b,the-odds-api,football,Südtirol,Ascoli,Home Win,Südtirol,0.48415070277630645,2.4,0.4167,0.162,A EVITER,WATCHLIST,False,89.81,5 - WATCHLIST,OK,BOOST|GLOBAL_BOOST,+3.9% (57 obs),MEGA 70%/3% | SAFE 63%/1% | VALUE 58%/3%,WATCHLIST,proba trop basse,Value positive 16.2% | Proba IA 48.4% | Learning BOOST|GLOBAL_BOOST | Calibration +3.9% (57 obs) | Source the-odds-api,0.5,0.5,1.2,1.1,1.2,1.2,0,NO BET,7.43,0.0,0.0,0.0,1500.0,1500.0,65.0,1.405,0.991,0.269,NO DRAW SIGNAL,1-1,13.91,1-0,13.88,2-1,10.19,SCORE POISSON + FORME - confiance 68%,A recalculer via player_scorers,0.4277,0.5723,0.4743,0.5257,"[('1-1', 0.1391), ('1-0', 0.1388), ('2-1', 0.1019), ('0-1', 0.0991), ('2-0', 0.0976), ('1-2', 0.072), ('0-0', 0.0695), ('0-2', 0.0514), ('2-2', 0.0372), ('3-1', 0.036), ('3-0', 0.0241), ('1-3', 0.0205)]",0.0,0.0,0.0,0.0,236.45
03/10/2026 01:08,WATCHLIST,2026-10-10T13:00:00Z,soccer_italy_serie_b,the-odds-api,football,Südtirol,Ascoli,Draw,Draw,0.32949597256867663,3.1,0.3226,0.0214,A EVITER,NUL POSSIBLE,True,63.15,3B - NUL POSSIBLE,MARCHE JUSTE,BOOST|GLOBAL_BOOST,+1.2% (179 obs),MEGA 70%/3% | SAFE 63%/1% | VALUE 58%/3%,WATCHLIST,cote trop haute,Value positive 2.1% | Proba IA 32.9% | MARCHE JUSTE | Learning BOOST|GLOBAL_BOOST | Calibration +1.2% (179 obs) | Source the-odds-api,0.5,0.5,1.2,1.1,1.2,1.2,0,NO BET,7.43,0.1346,0.0102,0.0,1500.0,1500.0,65.0,1.405,0.991,0.269,DRAW POSSIBLE - tight 41%,1-1,13.91,1-0,13.88,2-1,10.19,SCORE POISSON + FORME - confiance 68%,A recalculer via player_scorers,0.4277,0.5723,0.4743,0.5257,"[('1-1', 0.1391), ('1-0', 0.1388), ('2-1', 0.1019), ('0-1', 0.0991), ('2-0', 0.0976), ('1-2', 0.072), ('0-0', 0.0695), ('0-2', 0.0514), ('2-2', 0.0372), ('3-1', 0.036), ('3-0', 0.0241), ('1-3', 0.0205)]",0.0,0.0,0.0,0.0,125.74
03/10/2026 01:08,NO BET,2026-10-10T13:00:00Z,soccer_italy_serie_b,the-odds-api,football,Südtirol,Ascoli,Away Win,Ascoli,0.29695368703284003,3.0,0.3333,-0.1091,A EVITER,NO BET,False,51.82,6 - NO BET,MARCHE JUSTE,BOOST|GLOBAL_BOOST,-4.1% (61 obs),MEGA 70%/3% | SAFE 63%/1% | VALUE 58%/3%,REFUSE,value negative,Value negative ou nulle | Proba IA 29.7% | MARCHE JUSTE | Learning BOOST|GLOBAL_BOOST | Calibration -4.1% (61 obs) | Source the-odds-api,0.5,0.5,1.2,1.1,1.2,1.2,0,NO BET,7.43,0.0,0.0,0.0,1500.0,1500.0,65.0,1.405,0.991,0.269,NO DRAW SIGNAL,1-1,13.91,1-0,13.88,2-1,10.19,SCORE POISSON + FORME - confiance 68%,A recalculer via player_scorers,0.4277,0.5723,0.4743,0.5257,"[('1-1', 0.1391), ('1-0', 0.1388), ('2-1', 0.1019), ('0-1', 0.0991), ('2-0', 0.0976), ('1-2', 0.072), ('0-0', 0.0695), ('0-2', 0.0514), ('2-2', 0.0372), ('3-1', 0.036), ('3-0', 0.0241), ('1-3', 0.0205)]",0.0,0.0,0.0,0.0,97.48
03/10/2026 01:08,WATCHLIST,2026-10-10T13:00:00Z,soccer_italy_serie_b,the-odds-api,football,Virtus Entella,Juve Stabia,Away Win,Juve Stabia,0.31291893902385287,3.8,0.2632,0.1891,A EVITER,WATCHLIST,False,82.74,5 - WATCHLIST,MARCHE JUSTE,BOOST|GLOBAL_BOOST,+4.0% (49 obs),MEGA 70%/3% | SAFE 63%/1% | VALUE 58%/3%,WATCHLIST,cote trop haute,Value positive 18.9% | Proba IA 31.3% | MARCHE JUSTE | Learning BOOST|GLOBAL_BOOST | Calibration +4.0% (49 obs) | Source the-odds-api,0.5,0.5,1.2,1.1,1.2,1.2,0,NO BET,7.43,0.0,0.0,0.0,1500.0,1500.0,65.0,1.637,0.817,0.2422,NO DRAW SIGNAL,1-0,15.31,1-1,13.05,2-0,12.03,SCORE POISSON + FORME - confiance 78%,A recalculer via player_scorers,0.4437,0.5563,0.4489,0.5511,"[('1-0', 0.1531), ('1-1', 0.1305), ('2-0', 0.1203), ('2-1', 0.1086), ('0-1', 0.0844), ('0-0', 0.0672), ('1-2', 0.0602), ('3-1', 0.0419), ('0-2', 0.0392), ('2-2', 0.0345), ('3-0', 0.03), ('1-3', 0.0164)]",0.0,0.0,0.0,0.0,225.67
03/10/2026 01:08,WATCHLIST,2026-10-10T13:00:00Z,soccer_italy_serie_b,the-odds-api,football,Virtus Entella,Juve Stabia,Home Win,Virtus Entella,0.5017325036841213,2.0,0.5,0.0035,Faible,WATCHLIST,False,77.32,5 - WATCHLIST,OK,BOOST|GLOBAL_BOOST,-3.2% (50 obs),MEGA 70%/3% | SAFE 63%/1% | VALUE 58%/3%,WATCHLIST,proba trop basse,Value positive 0.4% | Proba IA 50.2% | Learning BOOST|GLOBAL_BOOST | Calibration -3.2% (50 obs) | Source the-odds-api,0.5,0.5,1.2,1.1,1.2,1.2,0,NO BET,7.43,0.0,0.0,0.0,1500.0,1500.0,65.0,1.637,0.817,0.2422,NO DRAW SIGNAL,1-0,15.31,1-1,13.05,2-0,12.03,SCORE POISSON + FORME - confiance 78%,A recalculer via player_scorers,0.4437,0.5563,0.4489,0.5511,"[('1-0', 0.1531), ('1-1', 0.1305), ('2-0', 0.1203), ('2-1', 0.1086), ('0-1', 0.0844), ('0-0', 0.0672), ('1-2', 0.0602), ('3-1', 0.0419), ('0-2', 0.0392), ('2-2', 0.0345), ('3-0', 0.03), ('1-3', 0.0164)]",0.0,0.0,0.0,0.0,151.04
03/10/2026 01:08,WATCHLIST,2026-10-10T13:00:00Z,soccer_italy_serie_b,the-odds-api,football,Virtus Entella,Juve Stabia,Draw,Draw,0.308115634427692,3.3,0.303,0.0168,A EVITER,NUL POSSIBLE,True,61.72,3B - NUL POSSIBLE,MARCHE JUSTE,BOOST|GLOBAL_BOOST,+1.2% (179 obs),MEGA 70%/3% | SAFE 63%/1% | VALUE 58%/3%,WATCHLIST,cote trop haute,Value positive 1.7% | Proba IA 30.8% | MARCHE JUSTE | Learning BOOST|GLOBAL_BOOST | Calibration +1.2% (179 obs) | Source the-odds-api,0.5,0.5,1.2,1.1,1.2,1.2,0,NO BET,7.43,0.1346,0.0073,0.0,1500.0,1500.0,65.0,1.637,0.817,0.2422,NO DRAW SIGNAL,1-0,15.31,1-1,13.05,2-0,12.03,SCORE POISSON + FORME - confiance 78%,A recalculer via player_scorers,0.4437,0.5563,0.4489,0.5511,"[('1-0', 0.1531), ('1-1', 0.1305), ('2-0', 0.1203), ('2-1', 0.1086), ('0-1', 0.0844), ('0-0', 0.0672), ('1-2', 0.0602), ('3-1', 0.0419), ('0-2', 0.0392), ('2-2', 0.0345), ('3-0', 0.03), ('1-3', 0.0164)]",0.0,0.0,0.0,0.0,120.13
03/10/2026 01:08,WATCHLIST,2026-10-10T13:30:00Z,soccer_germany_bundesliga,the-odds-api,football,Augsburg,Bayern Munich,Home Win,Augsburg,0.18580273551962265,11.0,0.0909,1.0438,A EVITER,WATCHLIST,False,78.1,5 - WATCHLIST,VALUE CLAIRE,BOOST|GLOBAL_BOOST,+4.0% (36 obs),MEGA 70%/3% | SAFE 63%/1% | VALUE 58%/3%,WATCHLIST,cote trop haute,Value positive 104.4% | Proba IA 18.6% | VALUE CLAIRE | Learning BOOST|GLOBAL_BOOST | Calibration +4.0% (36 obs) | Source the-odds-api,0.5,0.92,1.75,3.62,2.0,1.38,1,NO BET,7.43,0.0,0.0,0.0,1492.5,1743.4,-185.9,1.43,2.22,0.1996,NO DRAW SIGNAL,1-2,12.66,1-1,11.38,0-2,8.56,SCORE POISSON + FORME - confiance 84%,A recalculer via player_scorers,0.7432,0.2568,0.7112,0.2888,"[('1-2', 0.1266), ('1-1', 0.1138), ('0-2', 0.0856), ('2-1', 0.0849), ('1-3', 0.0835), ('2-2', 0.0817), ('2-3', 0.0444), ('2-0', 0.0398), ('3-1', 0.0369), ('0-1', 0.032), ('3-2', 0.0295), ('1-0', 0.0244)]",0.0,0.0,0.0,0.0,577.44
03/10/2026 01:08,WATCHLIST,2026-10-10T13:30:00Z,soccer_germany_bundesliga,the-odds-api,football,Augsburg,Bayern Munich,Draw,Draw,0.19546187305539744,8.8,0.1136,0.7201,A EVITER,WATCHLIST,False,74.51,5 - WATCHLIST,DRAW RISQUE,BOOST|GLOBAL_BOOST,+4.0% (36 obs),MEGA 70%/3% | SAFE 63%/1% | VALUE 58%/3%,WATCHLIST,cote trop haute,Value positive 72.0% | Proba IA 19.5% | DRAW RISQUE | Learning BOOST|GLOBAL_BOOST | Calibration +4.0% (36 obs) | Source the-odds-api,0.5,0.92,1.75,3.62,2.0,1.38,1,NO BET,7.43,0.0,0.0,0.0,1492.5,1743.4,-185.9,1.43,2.22,0.1996,NO DRAW SIGNAL,1-2,12.66,1-1,11.38,0-2,8.56,SCORE POISSON + FORME - confiance 84%,A recalculer via player_scorers,0.7432,0.2568,0.7112,0.2888,"[('1-2', 0.1266), ('1-1', 0.1138), ('0-2', 0.0856), ('2-1', 0.0849), ('1-3', 0.0835), ('2-2', 0.0817), ('2-3', 0.0444), ('2-0', 0.0398), ('3-1', 0.0369), ('0-1', 0.032), ('3-2', 0.0295), ('1-0', 0.0244)]",0.0,0.0,0.0,0.0,433.58
03/10/2026 01:08,MEGA VALUE,2026-10-10T13:30:00Z,soccer_germany_bundesliga,the-odds-api,football,Augsburg,Bayern Munich,Away Win,Bayern Munich,0.8767204093350515,1.25,0.8,0.0959,Elite,MEGA VALUE,True,100.0,1 - MEGA VALUE,OK,BOOST|GLOBAL_BOOST,+4.0% (33 obs),MEGA 70%/3% | SAFE 63%/1% | VALUE 58%/3%,JOUABLE,ok,Value positive 9.6% | Proba IA 87.7% | Mode MEGA VALUE | Learning BOOST|GLOBAL_BOOST | Calibration +4.0% (33 obs) | Source the-odds-api,0.5,0.92,1.75,3.62,2.0,1.38,1,VALUE BET,7.43,0.4038,0.22,3.0,1492.5,1743.4,-185.9,1.43,2.22,0.1996,NO DRAW SIGNAL,1-2,12.66,1-1,11.38,0-2,8.56,SCORE POISSON + FORME - confiance 84%,A recalculer via player_scorers,0.7432,0.2568,0.7112,0.2888,"[('1-2', 0.1266), ('1-1', 0.1138), ('0-2', 0.0856), ('2-1', 0.0849), ('1-3', 0.0835), ('2-2', 0.0817), ('2-3', 0.0444), ('2-0', 0.0398), ('3-1', 0.0369), ('0-1', 0.032), ('3-2', 0.0295), ('1-0', 0.0244)]",0.0,0.0,0.0,0.0,250.61
03/10/2026 01:08,WATCHLIST,2026-10-10T13:30:00Z,soccer_germany_bundesliga,the-odds-api,football,FSV Mainz 05,Bayer Leverkusen,Home Win,FSV Mainz 05,0.3966758167781663,2.98,0.3356,0.1821,A EVITER,WATCHLIST,False,88.45,5 - WATCHLIST,MARCHE JUSTE,BOOST|GLOBAL_BOOST,+4.0% (33 obs),MEGA 70%/3% | SAFE 63%/1% | VALUE 58%/3%,WATCHLIST,proba trop basse,Value positive 18.2% | Proba IA 39.7% | MARCHE JUSTE | Learning BOOST|GLOBAL_BOOST | Calibration +4.0% (33 obs) | Source the-odds-api,0.5,0.5,1.2,1.1,1.2,1.2,0,NO BET,7.43,0.0,0.0,0.0,1500.0,1500.0,65.0,1.15,1.243,0.2927,NO DRAW SIGNAL,1-1,14.89,1-0,11.64,0-1,11.46,SCORE POISSON + FORME - confiance 78%,A recalculer via player_scorers,0.4207,0.5793,0.4893,0.5107,"[('1-1', 0.1489), ('1-0', 0.1164), ('0-1', 0.1146), ('2-1', 0.0878), ('1-2', 0.0845), ('2-0', 0.0733), ('0-0', 0.0729), ('0-2', 0.0713), ('2-2', 0.0392), ('3-1', 0.0289), ('1-3', 0.0271), ('3-0', 0.0189)]",0.0,0.0,0.0,0.0,236.97
03/10/2026 01:08,WATCHLIST,2026-10-10T13:30:00Z,soccer_germany_bundesliga,the-odds-api,football,FSV Mainz 05,Bayer Leverkusen,Draw,Draw,0.2934641336711797,4.0,0.25,0.1739,A EVITER,NUL POSSIBLE,True,76.17,3B - NUL POSSIBLE,OK,BOOST|GLOBAL_BOOST,+1.2% (179 obs),MEGA 70%/3% | SAFE 63%/1% | VALUE 58%/3%,WATCHLIST,cote trop haute,Value positive 17.4% | Proba IA 29.3% | Learning BOOST|GLOBAL_BOOST | Calibration +1.2% (179 obs) | Source the-odds-api,0.5,0.5,1.2,1.1,1.2,1.2,0,NO BET,7.43,0.1346,0.058,0.0,1500.0,1500.0,65.0,1.15,1.243,0.2927,DRAW POSSIBLE - tight 50%,1-1,14.89,1-0,11.64,0-1,11.46,SCORE POISSON + FORME - confiance 78%,A recalculer via player_scorers,0.4207,0.5793,0.4893,0.5107,"[('1-1', 0.1489), ('1-0', 0.1164), ('0-1', 0.1146), ('2-1', 0.0878), ('1-2', 0.0845), ('2-0', 0.0733), ('0-0', 0.0729), ('0-2', 0.0713), ('2-2', 0.0392), ('3-1', 0.0289), ('1-3', 0.0271), ('3-0', 0.0189)]",0.0,0.0,0.0,0.0,208.03
03/10/2026 01:08,NO BET,2026-10-10T13:30:00Z,soccer_germany_bundesliga,the-odds-api,football,FSV Mainz 05,Bayer Leverkusen,Away Win,Bayer Leverkusen,0.4065437381997214,2.25,0.4444,-0.0853,A EVITER,NO BET,False,63.12,5 - WATCHLIST,MARCHE JUSTE,BOOST|GLOBAL_BOOST,-6.0% (21 obs),MEGA 70%/3% | SAFE 63%/1% | VALUE 58%/3%,REFUSE,value negative,Value negative ou nulle | Proba IA 40.7% | MARCHE JUSTE | Learning BOOST|GLOBAL_BOOST | Calibration -6.0% (21 obs) | Source the-odds-api,0.5,0.5,1.2,1.1,1.2,1.2,0,NO BET,7.43,0.0,0.0,0.0,1500.0,1500.0,65.0,1.15,1.243,0.2927,NO DRAW SIGNAL,1-1,14.89,1-0,11.64,0-1,11.46,SCORE POISSON + FORME - confiance 78%,A recalculer via player_scorers,0.4207,0.5793,0.4893,0.5107,"[('1-1', 0.1489), ('1-0', 0.1164), ('0-1', 0.1146), ('2-1', 0.0878), ('1-2', 0.0845), ('2-0', 0.0733), ('0-0', 0.0729), ('0-2', 0.0713), ('2-2', 0.0392), ('3-1', 0.0289), ('1-3', 0.0271), ('3-0', 0.0189)]",0.0,0.0,0.0,0.0,121.88
03/10/2026 01:08,WATCHLIST,2026-10-10T13:30:00Z,soccer_germany_bundesliga,the-odds-api,football,SC Paderborn,VfB Stuttgart,Draw,Draw,0.27121555844832773,4.6,0.2174,0.2476,A EVITER,WATCHLIST,False,70.54,5 - WATCHLIST,DRAW RISQUE,BOOST|GLOBAL_BOOST,+3.7% (114 obs),MEGA 70%/3% | SAFE 63%/1% | VALUE 58%/3%,WATCHLIST,cote trop haute,Value positive 24.8% | Proba IA 27.1% | DRAW RISQUE | Learning BOOST|GLOBAL_BOOST | Calibration +3.7% (114 obs) | Source the-odds-api,0.5,0.5,1.2,1.1,1.2,1.2,0,NO BET,7.43,0.0,0.0,0.0,1500.0,1500.0,65.0,0.737,1.601,0.2184,NO DRAW SIGNAL,0-1,17.3,0-2,13.1,1-1,12.0,SCORE POISSON + FORME - confiance 78%,A recalculer via player_scorers,0.4226,0.5774,0.4087,0.5913,"[('0-1', 0.173), ('0-2', 0.131), ('1-1', 0.12), ('1-2', 0.1059), ('1-0', 0.0946), ('0-0', 0.0682), ('2-1', 0.0619), ('2-0', 0.0432), ('1-3', 0.038), ('2-2', 0.028), ('0-3', 0.0265), ('3-1', 0.0162)]",0.0,0.0,0.0,0.0,229.85
03/10/2026 01:08,WATCHLIST,2026-10-10T13:30:00Z,soccer_germany_bundesliga,the-odds-api,football,SC Paderborn,VfB Stuttgart,Away Win,VfB Stuttgart,0.6545753316315289,1.65,0.6061,0.08,Moyenne,SAFE PICK,True,92.55,2 - SAFE PICK,MARCHE JUSTE,BOOST|GLOBAL_BOOST,-1.6% (36 obs),MEGA 70%/3% | SAFE 63%/1% | VALUE 58%/3%,WATCHLIST,watchlist prudente,Value positive 8.0% | Proba IA 65.5% | MARCHE JUSTE | Learning BOOST|GLOBAL_BOOST | Calibration -1.6% (36 obs) | Source the-odds-api,0.5,0.5,1.2,1.1,1.2,1.2,0,NO BET,7.43,0.2692,0.1232,0.0,1500.0,1500.0,65.0,0.737,1.601,0.2184,NO DRAW SIGNAL,0-1,17.3,0-2,13.1,1-1,12.0,SCORE POISSON + FORME - confiance 78%,A recalculer via player_scorers,0.4226,0.5774,0.4087,0.5913,"[('0-1', 0.173), ('0-2', 0.131), ('1-1', 0.12), ('1-2', 0.1059), ('1-0', 0.0946), ('0-0', 0.0682), ('2-1', 0.0619), ('2-0', 0.0432), ('1-3', 0.038), ('2-2', 0.028), ('0-3', 0.0265), ('3-1', 0.0162)]",0.0,0.0,0.0,0.0,217.22
03/10/2026 01:08,NO BET,2026-10-10T13:30:00Z,soccer_germany_bundesliga,the-odds-api,football,SC Paderborn,VfB Stuttgart,Home Win,SC Paderborn,0.1682209346118079,4.75,0.2105,-0.201,A EVITER,NO BET,False,33.42,6 - NO BET,COTE HAUTE,BOOST|GLOBAL_BOOST,-4.3% (77 obs),MEGA 70%/3% | SAFE 63%/1% | VALUE 58%/3%,REFUSE,cote trop haute,Value negative ou nulle | Proba IA 16.8% | COTE HAUTE | Learning BOOST|GLOBAL_BOOST | Calibration -4.3% (77 obs) | Source the-odds-api,0.5,0.5,1.2,1.1,1.2,1.2,0,NO BET,7.43,0.0,0.0,0.0,1500.0,1500.0,65.0,0.737,1.601,0.2184,NO DRAW SIGNAL,0-1,17.3,0-2,13.1,1-1,12.0,SCORE POISSON + FORME - confiance 78%,A recalculer via player_scorers,0.4226,0.5774,0.4087,0.5913,"[('0-1', 0.173), ('0-2', 0.131), ('1-1', 0.12), ('1-2', 0.1059), ('1-0', 0.0946), ('0-0', 0.0682), ('2-1', 0.0619), ('2-0', 0.0432), ('1-3', 0.038), ('2-2', 0.028), ('0-3', 0.0265), ('3-1', 0.0162)]",0.0,0.0,0.0,0.0,61.24
03/10/2026 01:08,WATCHLIST,2026-10-10T13:30:00Z,soccer_germany_bundesliga,the-odds-api,football,TSG Hoffenheim,Hamburger SV,Home Win,TSG Hoffenheim,0.7573929999999999,1.46,0.6849,0.1058,Forte,MEGA VALUE,True,99.83,1 - MEGA VALUE,OK,GLOBAL_BOOST,+4.0% (27 obs),MEGA 70%/3% | SAFE 63%/1% | VALUE 58%/3%,WATCHLIST,watchlist prudente,Value positive 10.6% | Proba IA 75.7% | Learning GLOBAL_BOOST | Calibration +4.0% (27 obs) | Source the-odds-api,0.5,0.5,1.2,1.1,1.2,1.2,0,NO BET,7.43,0.4038,0.22,0.0,1500.0,1500.0,65.0,2.248,0.462,0.1199,NO DRAW SIGNAL,2-0,22.17,1-0,17.96,3-0,10.69,SCORE POISSON + FORME - confiance 78%,A recalculer via player_scorers,0.547,0.453,0.3138,0.6862,"[('2-0', 0.2217), ('1-0', 0.1796), ('3-0', 0.1069), ('2-1', 0.0957), ('1-1', 0.0738), ('3-1', 0.0529), ('0-0', 0.0476), ('4-0', 0.0435), ('0-1', 0.0408), ('1-2', 0.0228), ('4-1', 0.0211), ('2-2', 0.0144)]",0.0,0.0,0.0,0.0,246.26
03/10/2026 01:08,WATCHLIST,2026-10-10T13:30:00Z,soccer_germany_bundesliga,the-odds-api,football,TSG Hoffenheim,Hamburger SV,Away Win,Hamburger SV,0.18166176015488253,6.6,0.1515,0.199,A EVITER,WATCHLIST,False,68.36,5 - WATCHLIST,COTE HAUTE,BOOST|GLOBAL_BOOST,+3.2% (24 obs),MEGA 70%/3% | SAFE 63%/1% | VALUE 58%/3%,WATCHLIST,cote trop haute,Value positive 19.9% | Proba IA 18.2% | COTE HAUTE | Learning BOOST|GLOBAL_BOOST | Calibration +3.2% (24 obs) | Source the-odds-api,0.5,0.5,1.2,1.1,1.2,1.2,0,NO BET,7.43,0.0,0.0,0.0,1500.0,1500.0,65.0,2.248,0.462,0.1199,NO DRAW SIGNAL,2-0,22.17,1-0,17.96,3-0,10.69,SCORE POISSON + FORME - confiance 78%,A recalculer via player_scorers,0.547,0.453,0.3138,0.6862,"[('2-0', 0.2217), ('1-0', 0.1796), ('3-0', 0.1069), ('2-1', 0.0957), ('1-1', 0.0738), ('3-1', 0.0529), ('0-0', 0.0476), ('4-0', 0.0435), ('0-1', 0.0408), ('1-2', 0.0228), ('4-1', 0.0211), ('2-2', 0.0144)]",0.0,0.0,0.0,0.0,199.45
03/10/2026 01:08,NO BET,2026-10-10T13:30:00Z,soccer_germany_bundesliga,the-odds-api,football,TSG Hoffenheim,Hamburger SV,Draw,Draw,0.1322976253495444,5.25,0.1905,-0.3054,A EVITER,NO BET,False,27.91,6 - NO BET,DRAW RISQUE,BOOST|GLOBAL_BOOST,-4.5% (32 obs),MEGA 70%/3% | SAFE 63%/1% | VALUE 58%/3%,REFUSE,cote trop haute,Value negative ou nulle | Proba IA 13.2% | DRAW RISQUE | Learning BOOST|GLOBAL_BOOST | Calibration -4.5% (32 obs) | Source the-odds-api,0.5,0.5,1.2,1.1,1.2,1.2,0,NO BET,7.43,0.0,0.0,0.0,1500.0,1500.0,65.0,2.248,0.462,0.1199,NO DRAW SIGNAL,2-0,22.17,1-0,17.96,3-0,10.69,SCORE POISSON + FORME - confiance 78%,A recalculer via player_scorers,0.547,0.453,0.3138,0.6862,"[('2-0', 0.2217), ('1-0', 0.1796), ('3-0', 0.1069), ('2-1', 0.0957), ('1-1', 0.0738), ('3-1', 0.0529), ('0-0', 0.0476), ('4-0', 0.0435), ('0-1', 0.0408), ('1-2', 0.0228), ('4-1', 0.0211), ('2-2', 0.0144)]",0.0,0.0,0.0,0.0,50.57
03/10/2026 01:08,WATCHLIST,2026-10-10T13:30:00Z,soccer_germany_bundesliga,the-odds-api,football,Union Berlin,Elversberg,Home Win,Union Berlin,0.4940268995825481,2.28,0.4386,0.1264,A EVITER,WATCHLIST,False,98.28,5 - WATCHLIST,MARCHE JUSTE,BOOST|GLOBAL_BOOST,+3.9% (57 obs),MEGA 70%/3% | SAFE 63%/1% | VALUE 58%/3%,WATCHLIST,proba trop basse,Value positive 12.6% | Proba IA 49.4% | MARCHE JUSTE | Learning BOOST|GLOBAL_BOOST | Calibration +3.9% (57 obs) | Source the-odds-api,0.33,0.5,1.62,1.1,2.0,1.2,1,NO BET,7.43,0.0,0.0,0.0,1457.6,1500.0,22.6,1.34,1.22,0.2796,NO DRAW SIGNAL,1-1,14.7,1-0,11.72,0-1,10.12,SCORE POISSON + FORME - confiance 84%,A recalculer via player_scorers,0.4642,0.5358,0.5229,0.4771,"[('1-1', 0.147), ('1-0', 0.1172), ('0-1', 0.1012), ('2-1', 0.0971), ('1-2', 0.0828), ('2-0', 0.0816), ('0-0', 0.0653), ('0-2', 0.062), ('2-2', 0.0425), ('3-1', 0.0341), ('1-3', 0.0262), ('3-0', 0.0212)]",0.0,0.0,0.0,0.0,234.38
03/10/2026 01:08,WATCHLIST,2026-10-10T13:30:00Z,soccer_germany_bundesliga,the-odds-api,football,Union Berlin,Elversberg,Draw,Draw,0.2933556040359463,3.95,0.2532,0.1588,A EVITER,NUL POSSIBLE,True,81.58,3B - NUL POSSIBLE,MARCHE JUSTE,BOOST|GLOBAL_BOOST,+1.2% (179 obs),MEGA 70%/3% | SAFE 63%/1% | VALUE 58%/3%,WATCHLIST,cote trop haute,Value positive 15.9% | Proba IA 29.3% | MARCHE JUSTE | Learning BOOST|GLOBAL_BOOST | Calibration +1.2% (179 obs) | Source the-odds-api,0.33,0.5,1.62,1.1,2.0,1.2,1,NO BET,7.43,0.1346,0.0538,0.0,1457.6,1500.0,22.6,1.34,1.22,0.2796,NO DRAW SIGNAL,1-1,14.7,1-0,11.72,0-1,10.12,SCORE POISSON + FORME - confiance 84%,A recalculer via player_scorers,0.4642,0.5358,0.5229,0.4771,"[('1-1', 0.147), ('1-0', 0.1172), ('0-1', 0.1012), ('2-1', 0.0971), ('1-2', 0.0828), ('2-0', 0.0816), ('0-0', 0.0653), ('0-2', 0.062), ('2-2', 0.0425), ('3-1', 0.0341), ('1-3', 0.0262), ('3-0', 0.0212)]",0.0,0.0,0.0,0.0,209.54
03/10/2026 01:08,NO BET,2026-10-10T13:30:00Z,soccer_germany_bundesliga,the-odds-api,football,Union Berlin,Elversberg,Away Win,Elversberg,0.324550765474448,3.05,0.3279,-0.0101,A EVITER,NO BET,False,70.47,5 - WATCHLIST,MARCHE JUSTE,BOOST|GLOBAL_BOOST,-4.1% (61 obs),MEGA 70%/3% | SAFE 63%/1% | VALUE 58%/3%,REFUSE,cote trop haute,Value negative ou nulle | Proba IA 32.5% | MARCHE JUSTE | Learning BOOST|GLOBAL_BOOST | Calibration -4.1% (61 obs) | Source the-odds-api,0.33,0.5,1.62,1.1,2.0,1.2,1,NO BET,7.43,0.0,0.0,0.0,1457.6,1500.0,22.6,1.34,1.22,0.2796,NO DRAW SIGNAL,1-1,14.7,1-0,11.72,0-1,10.12,SCORE POISSON + FORME - confiance 84%,A recalculer via player_scorers,0.4642,0.5358,0.5229,0.4771,"[('1-1', 0.147), ('1-0', 0.1172), ('0-1', 0.1012), ('2-1', 0.0971), ('1-2', 0.0828), ('2-0', 0.0816), ('0-0', 0.0653), ('0-2', 0.062), ('2-2', 0.0425), ('3-1', 0.0341), ('1-3', 0.0262), ('3-0', 0.0212)]",0.0,0.0,0.0,0.0,127.01
03/10/2026 01:08,WATCHLIST,2026-10-10T14:00:00Z,soccer_belgium_first_div,the-odds-api,football,Cercle Brugge KSV,Anderlecht,Home Win,Cercle Brugge KSV,0.4169708585668167,3.45,0.2899,0.4385,A EVITER,WATCHLIST,False,100.0,5 - WATCHLIST,VALUE CLAIRE,BOOST|GLOBAL_BOOST,+4.0% (33 obs),MEGA 70%/3% | SAFE 63%/1% | VALUE 58%/3%,WATCHLIST,cote trop haute,Value positive 43.9% | Proba IA 41.7% | VALUE CLAIRE | Learning BOOST|GLOBAL_BOOST | Calibration +4.0% (33 obs) | Source the-odds-api,0.5,0.33,1.2,1.38,1.2,2.25,1,NO BET,7.43,0.0,0.0,0.0,1500.0,1512.5,52.5,1.56,1.0,0.2504,NO DRAW SIGNAL,1-0,13.59,1-1,13.51,2-1,10.85,SCORE POISSON + FORME - confiance 81%,A recalculer via player_scorers,0.471,0.529,0.4984,0.5016,"[('1-0', 0.1359), ('1-1', 0.1351), ('2-1', 0.1085), ('2-0', 0.1029), ('0-1', 0.0905), ('1-2', 0.0715), ('0-0', 0.0623), ('0-2', 0.0474), ('3-1', 0.0406), ('2-2', 0.0392), ('3-0', 0.0262), ('1-3', 0.0204)]",0.0,0.0,0.0,0.0,365.76
03/10/2026 01:08,WATCHLIST,2026-10-10T14:00:00Z,soccer_belgium_first_div,the-odds-api,football,Cercle Brugge KSV,Anderlecht,Draw,Draw,0.28803765190950853,3.8,0.2632,0.0945,A EVITER,NUL POSSIBLE,True,73.97,3B - NUL POSSIBLE,MARCHE JUSTE,BOOST|GLOBAL_BOOST,+1.2% (179 obs),MEGA 70%/3% | SAFE 63%/1% | VALUE 58%/3%,WATCHLIST,cote trop haute,Value positive 9.4% | Proba IA 28.8% | MARCHE JUSTE | Learning BOOST|GLOBAL_BOOST | Calibration +1.2% (179 obs) | Source the-odds-api,0.5,0.33,1.2,1.38,1.2,2.25,1,NO BET,7.43,0.1346,0.0338,0.0,1500.0,1512.5,52.5,1.56,1.0,0.2504,NO DRAW SIGNAL,1-0,13.59,1-1,13.51,2-1,10.85,SCORE POISSON + FORME - confiance 81%,A recalculer via player_scorers,0.471,0.529,0.4984,0.5016,"[('1-0', 0.1359), ('1-1', 0.1351), ('2-1', 0.1085), ('2-0', 0.1029), ('0-1', 0.0905), ('1-2', 0.0715), ('0-0', 0.0623), ('0-2', 0.0474), ('3-1', 0.0406), ('2-2', 0.0392), ('3-0', 0.0262), ('1-3', 0.0204)]",0.0,0.0,0.0,0.0,170.29
03/10/2026 01:08,NO BET,2026-10-10T14:00:00Z,soccer_belgium_first_div,the-odds-api,football,Cercle Brugge KSV,Anderlecht,Away Win,Anderlecht,0.39103463626559454,2.07,0.4831,-0.1906,A EVITER,NO BET,False,67.92,5 - WATCHLIST,OK,BOOST|GLOBAL_BOOST,-6.0% (21 obs),MEGA 70%/3% | SAFE 63%/1% | VALUE 58%/3%,REFUSE,value negative,Value negative ou nulle | Proba IA 39.1% | Learning BOOST|GLOBAL_BOOST | Calibration -6.0% (21 obs) | Source the-odds-api,0.5,0.33,1.2,1.38,1.2,2.25,1,NO BET,7.43,0.0,0.0,0.0,1500.0,1512.5,52.5,1.56,1.0,0.2504,NO DRAW SIGNAL,1-0,13.59,1-1,13.51,2-1,10.85,SCORE POISSON + FORME - confiance 81%,A recalculer via player_scorers,0.471,0.529,0.4984,0.5016,"[('1-0', 0.1359), ('1-1', 0.1351), ('2-1', 0.1085), ('2-0', 0.1029), ('0-1', 0.0905), ('1-2', 0.0715), ('0-0', 0.0623), ('0-2', 0.0474), ('3-1', 0.0406), ('2-2', 0.0392), ('3-0', 0.0262), ('1-3', 0.0204)]",0.0,0.0,0.0,0.0,127.89
03/10/2026 01:08,WATCHLIST,2026-10-10T14:00:00Z,soccer_efl_champ,the-odds-api,football,Blackburn Rovers,Cardiff City,Draw,Draw,0.33492245433034784,3.75,0.2667,0.256,A EVITER,NUL POSSIBLE,True,83.22,3B - NUL POSSIBLE,NUL SERRE,BOOST|GLOBAL_BOOST,+1.2% (179 obs),MEGA 70%/3% | SAFE 63%/1% | VALUE 58%/3%,WATCHLIST,cote trop haute,Value positive 25.6% | Proba IA 33.5% | NUL SERRE | Learning BOOST|GLOBAL_BOOST | Calibration +1.2% (179 obs) | Source the-odds-api,0.5,0.5,1.2,1.1,1.2,1.2,0,NO BET,7.43,0.1346,0.0931,0.0,1500.0,1500.0,65.0,1.274,1.133,0.2887,DRAW POSSIBLE - tight 68%,1-1,14.76,1-0,12.47,0-1,10.61,SCORE POISSON + FORME - confiance 78%,A recalculer via player_scorers,0.4253,0.5747,0.4909,0.5091,"[('1-1', 0.1476), ('1-0', 0.1247), ('0-1', 0.1061), ('2-1', 0.0945), ('2-0', 0.0835), ('1-2', 0.079), ('0-0', 0.0718), ('0-2', 0.0614), ('2-2', 0.0393), ('3-1', 0.0323), ('1-3', 0.0241), ('3-0', 0.021)]",0.0,0.0,0.0,0.0,256.67
03/10/2026 01:08,NO BET,2026-10-10T14:00:00Z,soccer_efl_champ,the-odds-api,football,Blackburn Rovers,Cardiff City,Away Win,Cardiff City,0.37005173364883476,2.5,0.4,-0.0749,A EVITER,NO BET,False,57.78,5 - WATCHLIST,OK,BOOST|GLOBAL_BOOST,-2.8% (18 obs),MEGA 70%/3% | SAFE 63%/1% | VALUE 58%/3%,REFUSE,value negative,Value negative ou nulle | Proba IA 37.0% | Learning BOOST|GLOBAL_BOOST | Calibration -2.8% (18 obs) | Source the-odds-api,0.5,0.5,1.2,1.1,1.2,1.2,0,NO BET,7.43,0.0,0.0,0.0,1500.0,1500.0,65.0,1.274,1.133,0.2887,NO DRAW SIGNAL,1-1,14.76,1-0,12.47,0-1,10.61,SCORE POISSON + FORME - confiance 78%,A recalculer via player_scorers,0.4253,0.5747,0.4909,0.5091,"[('1-1', 0.1476), ('1-0', 0.1247), ('0-1', 0.1061), ('2-1', 0.0945), ('2-0', 0.0835), ('1-2', 0.079), ('0-0', 0.0718), ('0-2', 0.0614), ('2-2', 0.0393), ('3-1', 0.0323), ('1-3', 0.0241), ('3-0', 0.021)]",0.0,0.0,0.0,0.0,111.42
03/10/2026 01:08,NO BET,2026-10-10T14:00:00Z,soccer_efl_champ,the-odds-api,football,Blackburn Rovers,Cardiff City,Home Win,Blackburn Rovers,0.3161468274349654,2.65,0.3774,-0.1622,A EVITER,NO BET,False,52.63,6 - NO BET,MARCHE JUSTE,BOOST|GLOBAL_BOOST,-6.0% (36 obs),MEGA 70%/3% | SAFE 63%/1% | VALUE 58%/3%,REFUSE,value negative,Value negative ou nulle | Proba IA 31.6% | MARCHE JUSTE | Learning BOOST|GLOBAL_BOOST | Calibration -6.0% (36 obs) | Source the-odds-api,0.5,0.5,1.2,1.1,1.2,1.2,0,NO BET,7.43,0.0,0.0,0.0,1500.0,1500.0,65.0,1.274,1.133,0.2887,NO DRAW SIGNAL,1-1,14.76,1-0,12.47,0-1,10.61,SCORE POISSON + FORME - confiance 78%,A recalculer via player_scorers,0.4253,0.5747,0.4909,0.5091,"[('1-1', 0.1476), ('1-0', 0.1247), ('0-1', 0.1061), ('2-1', 0.0945), ('2-0', 0.0835), ('1-2', 0.079), ('0-0', 0.0718), ('0-2', 0.0614), ('2-2', 0.0393), ('3-1', 0.0323), ('1-3', 0.0241), ('3-0', 0.021)]",0.0,0.0,0.0,0.0,100.02
03/10/2026 01:08,WATCHLIST,2026-10-10T14:00:00Z,soccer_efl_champ,the-odds-api,football,Bolton Wanderers,Stoke City,Draw,Draw,0.32775949840494184,3.6,0.2778,0.1799,A EVITER,NUL POSSIBLE,True,78.31,3B - NUL POSSIBLE,NUL SERRE,BOOST|GLOBAL_BOOST,+1.2% (179 obs),MEGA 70%/3% | SAFE 63%/1% | VALUE 58%/3%,WATCHLIST,cote trop haute,Value positive 18.0% | Proba IA 32.8% | NUL SERRE | Learning BOOST|GLOBAL_BOOST | Calibration +1.2% (179 obs) | Source the-odds-api,0.5,0.5,1.2,1.1,1.2,1.2,0,NO BET,7.43,0.1346,0.0692,0.0,1500.0,1500.0,65.0,1.317,1.086,0.2829,DRAW POSSIBLE - tight 66%,1-1,14.5,1-0,12.92,0-1,10.39,SCORE POISSON + FORME - confiance 78%,A recalculer via player_scorers,0.426,0.574,0.4866,0.5134,"[('1-1', 0.145), ('1-0', 0.1292), ('0-1', 0.1039), ('2-1', 0.0971), ('2-0', 0.0879), ('1-2', 0.0768), ('0-0', 0.071), ('0-2', 0.058), ('2-2', 0.0387), ('3-1', 0.0336), ('1-3', 0.0228), ('3-0', 0.0219)]",0.0,0.0,0.0,0.0,216.21
03/10/2026 01:08,NO BET,2026-10-10T14:00:00Z,soccer_efl_champ,the-odds-api,football,Bolton Wanderers,Stoke City,Away Win,Stoke City,0.3393756423232457,2.7,0.3704,-0.0837,A EVITER,NO BET,False,55.48,5 - WATCHLIST,OK,BOOST|GLOBAL_BOOST,-4.1% (61 obs),MEGA 70%/3% | SAFE 63%/1% | VALUE 58%/3%,REFUSE,value negative,Value negative ou nulle | Proba IA 33.9% | Learning BOOST|GLOBAL_BOOST | Calibration -4.1% (61 obs) | Source the-odds-api,0.5,0.5,1.2,1.1,1.2,1.2,0,NO BET,7.43,0.0,0.0,0.0,1500.0,1500.0,65.0,1.317,1.086,0.2829,NO DRAW SIGNAL,1-1,14.5,1-0,12.92,0-1,10.39,SCORE POISSON + FORME - confiance 78%,A recalculer via player_scorers,0.426,0.574,0.4866,0.5134,"[('1-1', 0.145), ('1-0', 0.1292), ('0-1', 0.1039), ('2-1', 0.0971), ('2-0', 0.0879), ('1-2', 0.0768), ('0-0', 0.071), ('0-2', 0.058), ('2-2', 0.0387), ('3-1', 0.0336), ('1-3', 0.0228), ('3-0', 0.0219)]",0.0,0.0,0.0,0.0,105.87
03/10/2026 01:08,NO BET,2026-10-10T14:00:00Z,soccer_efl_champ,the-odds-api,football,Bolton Wanderers,Stoke City,Home Win,Bolton Wanderers,0.3383954026578175,2.62,0.3817,-0.1134,A EVITER,NO BET,False,53.56,6 - NO BET,MARCHE JUSTE,BOOST|GLOBAL_BOOST,-6.0% (36 obs),MEGA 70%/3% | SAFE 63%/1% | VALUE 58%/3%,REFUSE,value negative,Value negative ou nulle | Proba IA 33.8% | MARCHE JUSTE | Learning BOOST|GLOBAL_BOOST | Calibration -6.0% (36 obs) | Source the-odds-api,0.5,0.5,1.2,1.1,1.2,1.2,0,NO BET,7.43,0.0,0.0,0.0,1500.0,1500.0,65.0,1.317,1.086,0.2829,NO DRAW SIGNAL,1-1,14.5,1-0,12.92,0-1,10.39,SCORE POISSON + FORME - confiance 78%,A recalculer via player_scorers,0.426,0.574,0.4866,0.5134,"[('1-1', 0.145), ('1-0', 0.1292), ('0-1', 0.1039), ('2-1', 0.0971), ('2-0', 0.0879), ('1-2', 0.0768), ('0-0', 0.071), ('0-2', 0.058), ('2-2', 0.0387), ('3-1', 0.0336), ('1-3', 0.0228), ('3-0', 0.0219)]",0.0,0.0,0.0,0.0,102.96
03/10/2026 01:08,WATCHLIST,2026-10-10T14:00:00Z,soccer_efl_champ,the-odds-api,football,Derby County,Wrexham AFC,Draw,Draw,0.3370930470350163,3.5,0.2857,0.1798,A EVITER,NUL POSSIBLE,True,81.69,3B - NUL POSSIBLE,NUL SERRE,BOOST|GLOBAL_BOOST,+1.2% (179 obs),MEGA 70%/3% | SAFE 63%/1% | VALUE 58%/3%,WATCHLIST,cote trop haute,Value positive 18.0% | Proba IA 33.7% | NUL SERRE | Learning BOOST|GLOBAL_BOOST | Calibration +1.2% (179 obs) | Source the-odds-api,0.5,0.5,1.2,1.1,1.2,1.2,0,NO BET,7.43,0.1346,0.0719,0.0,1500.0,1500.0,65.0,1.277,1.115,0.2884,DRAW POSSIBLE - tight 71%,1-1,14.71,1-0,12.64,0-1,10.61,SCORE POISSON + FORME - confiance 78%,A recalculer via player_scorers,0.4218,0.5782,0.487,0.513,"[('1-1', 0.1471), ('1-0', 0.1264), ('0-1', 0.1061), ('2-1', 0.0948), ('2-0', 0.0846), ('1-2', 0.0782), ('0-0', 0.0722), ('0-2', 0.0606), ('2-2', 0.0389), ('3-1', 0.0324), ('1-3', 0.0236), ('3-0', 0.0212)]",0.0,0.0,0.0,0.0,221.82
03/10/2026 01:08,NO BET,2026-10-10T14:00:00Z,soccer_efl_champ,the-odds-api,football,Derby County,Wrexham AFC,Away Win,Wrexham AFC,0.349296906060518,2.6,0.3846,-0.0918,A EVITER,NO BET,False,54.96,6 - NO BET,OK,BOOST|GLOBAL_BOOST,-4.1% (61 obs),MEGA 70%/3% | SAFE 63%/1% | VALUE 58%/3%,REFUSE,value negative,Value negative ou nulle | Proba IA 34.9% | Learning BOOST|GLOBAL_BOOST | Calibration -4.1% (61 obs) | Source the-odds-api,0.5,0.5,1.2,1.1,1.2,1.2,0,NO BET,7.43,0.0,0.0,0.0,1500.0,1500.0,65.0,1.277,1.115,0.2884,NO DRAW SIGNAL,1-1,14.71,1-0,12.64,0-1,10.61,SCORE POISSON + FORME - confiance 78%,A recalculer via player_scorers,0.4218,0.5782,0.487,0.513,"[('1-1', 0.1471), ('1-0', 0.1264), ('0-1', 0.1061), ('2-1', 0.0948), ('2-0', 0.0846), ('1-2', 0.0782), ('0-0', 0.0722), ('0-2', 0.0606), ('2-2', 0.0389), ('3-1', 0.0324), ('1-3', 0.0236), ('3-0', 0.0212)]",0.0,0.0,0.0,0.0,105.79
03/10/2026 01:08,NO BET,2026-10-10T14:00:00Z,soccer_efl_champ,the-odds-api,football,Derby County,Wrexham AFC,Home Win,Derby County,0.319619775762435,2.7,0.3704,-0.137,A EVITER,NO BET,False,52.77,6 - NO BET,MARCHE JUSTE,BOOST|GLOBAL_BOOST,-6.0% (36 obs),MEGA 70%/3% | SAFE 63%/1% | VALUE 58%/3%,REFUSE,value negative,Value negative ou nulle | Proba IA 32.0% | MARCHE JUSTE | Learning BOOST|GLOBAL_BOOST | Calibration -6.0% (36 obs) | Source the-odds-api,0.5,0.5,1.2,1.1,1.2,1.2,0,NO BET,7.43,0.0,0.0,0.0,1500.0,1500.0,65.0,1.277,1.115,0.2884,NO DRAW SIGNAL,1-1,14.71,1-0,12.64,0-1,10.61,SCORE POISSON + FORME - confiance 78%,A recalculer via player_scorers,0.4218,0.5782,0.487,0.513,"[('1-1', 0.1471), ('1-0', 0.1264), ('0-1', 0.1061), ('2-1', 0.0948), ('2-0', 0.0846), ('1-2', 0.0782), ('0-0', 0.0722), ('0-2', 0.0606), ('2-2', 0.0389), ('3-1', 0.0324), ('1-3', 0.0236), ('3-0', 0.0212)]",0.0,0.0,0.0,0.0,100.47
03/10/2026 01:08,WATCHLIST,2026-10-10T14:00:00Z,soccer_efl_champ,the-odds-api,football,Middlesbrough,Wolverhampton Wanderers,Home Win,Middlesbrough,0.49066248089031195,2.32,0.431,0.1383,A EVITER,WATCHLIST,False,94.52,5 - WATCHLIST,MARCHE JUSTE,BOOST|GLOBAL_BOOST,+3.9% (57 obs),MEGA 70%/3% | SAFE 63%/1% | VALUE 58%/3%,WATCHLIST,proba trop basse,Value positive 13.8% | Proba IA 49.1% | MARCHE JUSTE | Learning BOOST|GLOBAL_BOOST | Calibration +3.9% (57 obs) | Source the-odds-api,0.42,0.5,1.62,1.1,1.25,1.2,1,NO BET,7.43,0.0,0.0,0.0,1531.1,1500.0,96.1,1.29,1.03,0.2867,NO DRAW SIGNAL,1-1,14.44,1-0,13.48,0-1,10.58,SCORE POISSON + FORME - confiance 84%,A recalculer via player_scorers,0.4048,0.5952,0.4674,0.5326,"[('1-1', 0.1444), ('1-0', 0.1348), ('0-1', 0.1058), ('2-1', 0.0959), ('2-0', 0.09), ('0-0', 0.0747), ('1-2', 0.0741), ('0-2', 0.0567), ('2-2', 0.0368), ('3-1', 0.0328), ('3-0', 0.0221), ('1-3', 0.0215)]",0.0,0.0,0.0,0.0,233.72
03/10/2026 01:08,WATCHLIST,2026-10-10T14:00:00Z,soccer_efl_champ,the-odds-api,football,Middlesbrough,Wolverhampton Wanderers,Draw,Draw,0.3016038563136865,3.8,0.2632,0.1461,A EVITER,NUL POSSIBLE,True,80.47,3B - NUL POSSIBLE,MARCHE JUSTE,BOOST|GLOBAL_BOOST,+1.2% (179 obs),MEGA 70%/3% | SAFE 63%/1% | VALUE 58%/3%,WATCHLIST,cote trop haute,Value positive 14.6% | Proba IA 30.2% | MARCHE JUSTE | Learning BOOST|GLOBAL_BOOST | Calibration +1.2% (179 obs) | Source the-odds-api,0.42,0.5,1.62,1.1,1.25,1.2,1,NO BET,7.43,0.1346,0.0522,0.0,1531.1,1500.0,96.1,1.29,1.03,0.2867,DRAW POSSIBLE - tight 39%,1-1,14.44,1-0,13.48,0-1,10.58,SCORE POISSON + FORME - confiance 84%,A recalculer via player_scorers,0.4048,0.5952,0.4674,0.5326,"[('1-1', 0.1444), ('1-0', 0.1348), ('0-1', 0.1058), ('2-1', 0.0959), ('2-0', 0.09), ('0-0', 0.0747), ('1-2', 0.0741), ('0-2', 0.0567), ('2-2', 0.0368), ('3-1', 0.0328), ('3-0', 0.0221), ('1-3', 0.0215)]",0.0,0.0,0.0,0.0,203.03
03/10/2026 01:08,NO BET,2026-10-10T14:00:00Z,soccer_efl_champ,the-odds-api,football,Middlesbrough,Wolverhampton Wanderers,Away Win,Wolverhampton Wanderers,0.3194190773344796,3.0,0.3333,-0.0417,A EVITER,NO BET,False,66.62,5 - WATCHLIST,MARCHE JUSTE,BOOST|GLOBAL_BOOST,-4.1% (61 obs),MEGA 70%/3% | SAFE 63%/1% | VALUE 58%/3%,REFUSE,value negative,Value negative ou nulle | Proba IA 31.9% | MARCHE JUSTE | Learning BOOST|GLOBAL_BOOST | Calibration -4.1% (61 obs) | Source the-odds-api,0.42,0.5,1.62,1.1,1.25,1.2,1,NO BET,7.43,0.0,0.0,0.0,1531.1,1500.0,96.1,1.29,1.03,0.2867,NO DRAW SIGNAL,1-1,14.44,1-0,13.48,0-1,10.58,SCORE POISSON + FORME - confiance 84%,A recalculer via player_scorers,0.4048,0.5952,0.4674,0.5326,"[('1-1', 0.1444), ('1-0', 0.1348), ('0-1', 0.1058), ('2-1', 0.0959), ('2-0', 0.09), ('0-0', 0.0747), ('1-2', 0.0741), ('0-2', 0.0567), ('2-2', 0.0368), ('3-1', 0.0328), ('3-0', 0.0221), ('1-3', 0.0215)]",0.0,0.0,0.0,0.0,120.96
03/10/2026 01:08,WATCHLIST,2026-10-10T14:00:00Z,soccer_efl_champ,the-odds-api,football,Preston North End,Millwall,Draw,Draw,0.31701506451683287,3.6,0.2778,0.1413,A EVITER,NUL POSSIBLE,True,80.56,3B - NUL POSSIBLE,NUL SERRE,BOOST|GLOBAL_BOOST,-1.2% (23 obs),MEGA 70%/3% | SAFE 63%/1% | VALUE 58%/3%,WATCHLIST,cote trop haute,Value positive 14.1% | Proba IA 31.7% | NUL SERRE | Learning BOOST|GLOBAL_BOOST | Calibration -1.2% (23 obs) | Source the-odds-api,0.5,0.62,1.2,1.5,1.2,0.75,1,NO BET,7.43,0.1346,0.0543,0.0,1500.0,1572.1,-7.1,1.1,1.24,0.2936,DRAW POSSIBLE - tight 77%,1-1,14.79,0-1,11.93,1-0,11.7,SCORE POISSON + FORME - confiance 84%,A recalculer via player_scorers,0.4078,0.5922,0.4767,0.5233,"[('1-1', 0.1479), ('0-1', 0.1193), ('1-0', 0.117), ('2-1', 0.0856), ('1-2', 0.0847), ('0-0', 0.075), ('0-2', 0.0738), ('2-0', 0.0714), ('2-2', 0.0379), ('3-1', 0.0276), ('1-3', 0.027), ('3-0', 0.0184)]",0.0,0.0,0.0,0.0,202.16
03/10/2026 01:08,WATCHLIST,2026-10-10T14:00:00Z,soccer_efl_champ,the-odds-api,football,Preston North End,Millwall,Home Win,Preston North End,0.39645875750769954,2.75,0.3636,0.0903,A EVITER,WATCHLIST,False,85.03,5 - WATCHLIST,OK,BOOST|GLOBAL_BOOST,+4.0% (33 obs),MEGA 70%/3% | SAFE 63%/1% | VALUE 58%/3%,WATCHLIST,proba trop basse,Value positive 9.0% | Proba IA 39.6% | Learning BOOST|GLOBAL_BOOST | Calibration +4.0% (33 obs) | Source the-odds-api,0.5,0.62,1.2,1.5,1.2,0.75,1,NO BET,7.43,0.0,0.0,0.0,1500.0,1572.1,-7.1,1.1,1.24,0.2936,NO DRAW SIGNAL,1-1,14.79,0-1,11.93,1-0,11.7,SCORE POISSON + FORME - confiance 84%,A recalculer via player_scorers,0.4078,0.5922,0.4767,0.5233,"[('1-1', 0.1479), ('0-1', 0.1193), ('1-0', 0.117), ('2-1', 0.0856), ('1-2', 0.0847), ('0-0', 0.075), ('0-2', 0.0738), ('2-0', 0.0714), ('2-2', 0.0379), ('3-1', 0.0276), ('1-3', 0.027), ('3-0', 0.0184)]",0.0,0.0,0.0,0.0,192.41
03/10/2026 01:08,WATCHLIST,2026-10-10T14:00:00Z,soccer_efl_champ,the-odds-api,football,Preston North End,Millwall,Away Win,Millwall,0.39000829863760095,2.6,0.3846,0.014,A EVITER,WATCHLIST,False,75.99,5 - WATCHLIST,MARCHE JUSTE,BOOST|GLOBAL_BOOST,-2.8% (18 obs),MEGA 70%/3% | SAFE 63%/1% | VALUE 58%/3%,WATCHLIST,proba trop basse,Value positive 1.4% | Proba IA 39.0% | MARCHE JUSTE | Learning BOOST|GLOBAL_BOOST | Calibration -2.8% (18 obs) | Source the-odds-api,0.5,0.62,1.2,1.5,1.2,0.75,1,NO BET,7.43,0.0,0.0,0.0,1500.0,1572.1,-7.1,1.1,1.24,0.2936,NO DRAW SIGNAL,1-1,14.79,0-1,11.93,1-0,11.7,SCORE POISSON + FORME - confiance 84%,A recalculer via player_scorers,0.4078,0.5922,0.4767,0.5233,"[('1-1', 0.1479), ('0-1', 0.1193), ('1-0', 0.117), ('2-1', 0.0856), ('1-2', 0.0847), ('0-0', 0.075), ('0-2', 0.0738), ('2-0', 0.0714), ('2-2', 0.0379), ('3-1', 0.0276), ('1-3', 0.027), ('3-0', 0.0184)]",0.0,0.0,0.0,0.0,145.8
03/10/2026 01:08,WATCHLIST,2026-10-10T14:00:00Z,soccer_efl_champ,the-odds-api,football,Sheffield United,Lincoln City,Away Win,Lincoln City,0.3682271334212905,3.75,0.2667,0.3809,A EVITER,WATCHLIST,False,95.77,5 - WATCHLIST,OK,BOOST|GLOBAL_BOOST,+4.0% (64 obs),MEGA 70%/3% | SAFE 63%/1% | VALUE 58%/3%,WATCHLIST,cote trop haute,Value positive 38.1% | Proba IA 36.8% | Learning BOOST|GLOBAL_BOOST | Calibration +4.0% (64 obs) | Source the-odds-api,0.42,0.5,1.62,1.1,1.75,1.2,1,NO BET,7.43,0.0,0.0,0.0,1490.3,1500.0,55.3,1.34,1.25,0.2794,NO DRAW SIGNAL,1-1,14.75,1-0,11.47,0-1,10.08,SCORE POISSON + FORME - confiance 84%,A recalculer via player_scorers,0.4711,0.5289,0.5296,0.4704,"[('1-1', 0.1475), ('1-0', 0.1147), ('0-1', 0.1008), ('2-1', 0.0967), ('1-2', 0.084), ('2-0', 0.0801), ('0-0', 0.0644), ('0-2', 0.063), ('2-2', 0.0432), ('3-1', 0.034), ('1-3', 0.027), ('3-0', 0.0209)]",0.0,0.0,0.0,0.0,331.28
03/10/2026 01:08,WATCHLIST,2026-10-10T14:00:00Z,soccer_efl_champ,the-odds-api,football,Sheffield United,Lincoln City,Home Win,Sheffield United,0.5231128418251059,2.0,0.5,0.0462,Faible,WATCHLIST,False,90.29,5 - WATCHLIST,OK,BOOST|GLOBAL_BOOST,+3.9% (57 obs),MEGA 70%/3% | SAFE 63%/1% | VALUE 58%/3%,WATCHLIST,proba trop basse,Value positive 4.6% | Proba IA 52.3% | Learning BOOST|GLOBAL_BOOST | Calibration +3.9% (57 obs) | Source the-odds-api,0.42,0.5,1.62,1.1,1.75,1.2,1,NO BET,7.43,0.0,0.0,0.0,1490.3,1500.0,55.3,1.34,1.25,0.2794,NO DRAW SIGNAL,1-1,14.75,1-0,11.47,0-1,10.08,SCORE POISSON + FORME - confiance 84%,A recalculer via player_scorers,0.4711,0.5289,0.5296,0.4704,"[('1-1', 0.1475), ('1-0', 0.1147), ('0-1', 0.1008), ('2-1', 0.0967), ('1-2', 0.084), ('2-0', 0.0801), ('0-0', 0.0644), ('0-2', 0.063), ('2-2', 0.0432), ('3-1', 0.034), ('1-3', 0.027), ('3-0', 0.0209)]",0.0,0.0,0.0,0.0,190.12
03/10/2026 01:08,WATCHLIST,2026-10-10T14:00:00Z,soccer_efl_champ,the-odds-api,football,Sheffield United,Lincoln City,Draw,Draw,0.3108288753085276,3.5,0.2857,0.0879,A EVITER,NUL POSSIBLE,True,77.16,3B - NUL POSSIBLE,MARCHE JUSTE,BOOST|GLOBAL_BOOST,+1.2% (179 obs),MEGA 70%/3% | SAFE 63%/1% | VALUE 58%/3%,WATCHLIST,cote trop haute,Value positive 8.8% | Proba IA 31.1% | MARCHE JUSTE | Learning BOOST|GLOBAL_BOOST | Calibration +1.2% (179 obs) | Source the-odds-api,0.42,0.5,1.62,1.1,1.75,1.2,1,NO BET,7.43,0.1346,0.0352,0.0,1490.3,1500.0,55.3,1.34,1.25,0.2794,NO DRAW SIGNAL,1-1,14.75,1-0,11.47,0-1,10.08,SCORE POISSON + FORME - confiance 84%,A recalculer via player_scorers,0.4711,0.5289,0.5296,0.4704,"[('1-1', 0.1475), ('1-0', 0.1147), ('0-1', 0.1008), ('2-1', 0.0967), ('1-2', 0.084), ('2-0', 0.0801), ('0-0', 0.0644), ('0-2', 0.063), ('2-2', 0.0432), ('3-1', 0.034), ('1-3', 0.027), ('3-0', 0.0209)]",0.0,0.0,0.0,0.0,173.75
03/10/2026 01:08,WATCHLIST,2026-10-10T14:00:00Z,soccer_efl_champ,the-odds-api,football,Watford,Burnley,Draw,Draw,0.34881424764022617,3.65,0.274,0.2732,A EVITER,NUL POSSIBLE,True,90.95,3B - NUL POSSIBLE,NUL SERRE,BOOST|GLOBAL_BOOST,-1.2% (23 obs),MEGA 70%/3% | SAFE 63%/1% | VALUE 58%/3%,WATCHLIST,cote trop haute,Value positive 27.3% | Proba IA 34.9% | NUL SERRE | Learning BOOST|GLOBAL_BOOST | Calibration -1.2% (23 obs) | Source the-odds-api,0.08,0.08,0.38,0.75,2.38,2.12,1,NO BET,7.43,0.1346,0.1031,0.0,1426.0,1451.1,39.9,1.09,1.02,0.3282,DRAW POSSIBLE - tight 64%,1-1,15.35,1-0,13.79,0-0,12.44,SCORE POISSON + FORME - confiance 84%,A recalculer via player_scorers,0.307,0.693,0.4049,0.5951,"[('1-1', 0.1535), ('1-0', 0.1379), ('0-0', 0.1244), ('0-1', 0.1227), ('2-0', 0.0826), ('2-1', 0.0772), ('1-2', 0.066), ('0-2', 0.0655), ('2-2', 0.0231), ('3-1', 0.0203), ('3-0', 0.0186), ('1-3', 0.0151)]",0.0,0.0,0.0,0.0,276.49
03/10/2026 01:08,WATCHLIST,2026-10-10T14:00:00Z,soccer_efl_champ,the-odds-api,football,Watford,Burnley,Home Win,Watford,0.39938905765900196,3.0,0.3333,0.1982,A EVITER,WATCHLIST,False,97.56,5 - WATCHLIST,MARCHE JUSTE,BOOST|GLOBAL_BOOST,+4.0% (33 obs),MEGA 70%/3% | SAFE 63%/1% | VALUE 58%/3%,WATCHLIST,proba trop basse,Value positive 19.8% | Proba IA 39.9% | MARCHE JUSTE | Learning BOOST|GLOBAL_BOOST | Calibration +4.0% (33 obs) | Source the-odds-api,0.08,0.08,0.38,0.75,2.38,2.12,1,NO BET,7.43,0.0,0.0,0.0,1426.0,1451.1,39.9,1.09,1.02,0.3282,NO DRAW SIGNAL,1-1,15.35,1-0,13.79,0-0,12.44,SCORE POISSON + FORME - confiance 84%,A recalculer via player_scorers,0.307,0.693,0.4049,0.5951,"[('1-1', 0.1535), ('1-0', 0.1379), ('0-0', 0.1244), ('0-1', 0.1227), ('2-0', 0.0826), ('2-1', 0.0772), ('1-2', 0.066), ('0-2', 0.0655), ('2-2', 0.0231), ('3-1', 0.0203), ('3-0', 0.0186), ('1-3', 0.0151)]",0.0,0.0,0.0,0.0,257.56
03/10/2026 01:08,NO BET,2026-10-10T14:00:00Z,soccer_efl_champ,the-odds-api,football,Watford,Burnley,Away Win,Burnley,0.33857737972369506,2.4,0.4167,-0.1874,A EVITER,NO BET,False,60.72,5 - WATCHLIST,OK,BOOST|GLOBAL_BOOST,-4.1% (61 obs),MEGA 70%/3% | SAFE 63%/1% | VALUE 58%/3%,REFUSE,value negative,Value negative ou nulle | Proba IA 33.9% | Learning BOOST|GLOBAL_BOOST | Calibration -4.1% (61 obs) | Source the-odds-api,0.08,0.08,0.38,0.75,2.38,2.12,1,NO BET,7.43,0.0,0.0,0.0,1426.0,1451.1,39.9,1.09,1.02,0.3282,NO DRAW SIGNAL,1-1,15.35,1-0,13.79,0-0,12.44,SCORE POISSON + FORME - confiance 84%,A recalculer via player_scorers,0.307,0.693,0.4049,0.5951,"[('1-1', 0.1535), ('1-0', 0.1379), ('0-0', 0.1244), ('0-1', 0.1227), ('2-0', 0.0826), ('2-1', 0.0772), ('1-2', 0.066), ('0-2', 0.0655), ('2-2', 0.0231), ('3-1', 0.0203), ('3-0', 0.0186), ('1-3', 0.0151)]",0.0,0.0,0.0,0.0,113.57
03/10/2026 01:08,WATCHLIST,2026-10-10T14:00:00Z,soccer_epl,the-odds-api,football,Aston Villa,Brentford,Home Win,Aston Villa,0.5005386776965536,2.74,0.365,0.3715,Faible,WATCHLIST,False,100.0,5 - WATCHLIST,VALUE CLAIRE,BOOST|GLOBAL_BOOST,+3.9% (57 obs),MEGA 70%/3% | SAFE 63%/1% | VALUE 58%/3%,WATCHLIST,proba trop basse,Value positive 37.1% | Proba IA 50.1% | VALUE CLAIRE | Learning BOOST|GLOBAL_BOOST | Calibration +3.9% (57 obs) | Source the-odds-api,0.58,0.33,2.0,1.12,1.5,1.25,1,NO BET,7.43,0.0,0.0,0.0,1588.6,1540.0,113.5,1.62,1.09,0.244,NO DRAW SIGNAL,1-1,13.43,1-0,12.67,2-1,11.1,SCORE POISSON + FORME - confiance 84%,A recalculer via player_scorers,0.5083,0.4917,0.5316,0.4684,"[('1-1', 0.1343), ('1-0', 0.1267), ('2-1', 0.111), ('2-0', 0.0987), ('0-1', 0.0875), ('1-2', 0.0757), ('0-0', 0.0569), ('0-2', 0.0487), ('3-1', 0.0424), ('2-2', 0.0424), ('3-0', 0.026), ('1-3', 0.0224)]",0.0,0.0,0.0,0.0,342.77
03/10/2026 01:08,WATCHLIST,2026-10-10T14:00:00Z,soccer_epl,the-odds-api,football,Aston Villa,Brentford,Draw,Draw,0.2991076747033178,3.65,0.274,0.0917,A EVITER,NUL POSSIBLE,True,74.11,3B - NUL POSSIBLE,MARCHE JUSTE,BOOST|GLOBAL_BOOST,+1.2% (179 obs),MEGA 70%/3% | SAFE 63%/1% | VALUE 58%/3%,WATCHLIST,cote trop haute,Value positive 9.2% | Proba IA 29.9% | MARCHE JUSTE | Learning BOOST|GLOBAL_BOOST | Calibration +1.2% (179 obs) | Source the-odds-api,0.58,0.33,2.0,1.12,1.5,1.25,1,NO BET,7.43,0.1346,0.0346,0.0,1588.6,1540.0,113.5,1.62,1.09,0.244,NO DRAW SIGNAL,1-1,13.43,1-0,12.67,2-1,11.1,SCORE POISSON + FORME - confiance 84%,A recalculer via player_scorers,0.5083,0.4917,0.5316,0.4684,"[('1-1', 0.1343), ('1-0', 0.1267), ('2-1', 0.111), ('2-0', 0.0987), ('0-1', 0.0875), ('1-2', 0.0757), ('0-0', 0.0569), ('0-2', 0.0487), ('3-1', 0.0424), ('2-2', 0.0424), ('3-0', 0.026), ('1-3', 0.0224)]",0.0,0.0,0.0,0.0,170.07
03/10/2026 01:08,NO BET,2026-10-10T14:00:00Z,soccer_epl,the-odds-api,football,Aston Villa,Brentford,Away Win,Brentford,0.31177856388163766,2.7,0.3704,-0.1582,A EVITER,NO BET,False,59.59,5 - WATCHLIST,OK,BOOST|GLOBAL_BOOST,-4.1% (61 obs),MEGA 70%/3% | SAFE 63%/1% | VALUE 58%/3%,REFUSE,value negative,Value negative ou nulle | Proba IA 31.2% | Learning BOOST|GLOBAL_BOOST | Calibration -4.1% (61 obs) | Source the-odds-api,0.58,0.33,2.0,1.12,1.5,1.25,1,NO BET,7.43,0.0,0.0,0.0,1588.6,1540.0,113.5,1.62,1.09,0.244,NO DRAW SIGNAL,1-1,13.43,1-0,12.67,2-1,11.1,SCORE POISSON + FORME - confiance 84%,A recalculer via player_scorers,0.5083,0.4917,0.5316,0.4684,"[('1-1', 0.1343), ('1-0', 0.1267), ('2-1', 0.111), ('2-0', 0.0987), ('0-1', 0.0875), ('1-2', 0.0757), ('0-0', 0.0569), ('0-2', 0.0487), ('3-1', 0.0424), ('2-2', 0.0424), ('3-0', 0.026), ('1-3', 0.0224)]",0.0,0.0,0.0,0.0,110.02
03/10/2026 01:08,WATCHLIST,2026-10-10T14:00:00Z,soccer_epl,the-odds-api,football,Chelsea,Bournemouth,Away Win,Bournemouth,0.32751574084420754,4.7,0.2128,0.5393,A EVITER,WATCHLIST,False,84.06,5 - WATCHLIST,VALUE CLAIRE,BOOST|GLOBAL_BOOST,-4.1% (61 obs),MEGA 70%/3% | SAFE 63%/1% | VALUE 58%/3%,WATCHLIST,cote trop haute,Value positive 53.9% | Proba IA 32.8% | VALUE CLAIRE | Learning BOOST|GLOBAL_BOOST | Calibration -4.1% (61 obs) | Source the-odds-api,0.17,0.67,0.62,1.75,2.12,1.0,1,NO BET,7.43,0.0,0.0,0.0,1532.2,1582.3,14.9,0.71,1.43,0.2777,NO DRAW SIGNAL,0-1,16.81,1-1,13.41,0-0,11.54,SCORE POISSON + FORME - confiance 84%,A recalculer via player_scorers,0.3216,0.6784,0.364,0.636,"[('0-1', 0.1681), ('1-1', 0.1341), ('0-0', 0.1154), ('0-2', 0.1144), ('1-0', 0.1042), ('1-2', 0.0813), ('2-1', 0.0586), ('2-0', 0.05), ('2-2', 0.0211), ('0-3', 0.0207), ('1-3', 0.0197), ('3-1', 0.0163)]",0.0,0.0,0.0,0.0,379.24
03/10/2026 01:08,WATCHLIST,2026-10-10T14:00:00Z,soccer_epl,the-odds-api,football,Chelsea,Bournemouth,Draw,Draw,0.30290621193648765,4.4,0.2273,0.3328,A EVITER,NUL POSSIBLE,True,79.02,3B - NUL POSSIBLE,OK,BOOST|GLOBAL_BOOST,+3.7% (114 obs),MEGA 70%/3% | SAFE 63%/1% | VALUE 58%/3%,WATCHLIST,cote trop haute,Value positive 33.3% | Proba IA 30.3% | Learning BOOST|GLOBAL_BOOST | Calibration +3.7% (114 obs) | Source the-odds-api,0.17,0.67,0.62,1.75,2.12,1.0,1,NO BET,7.43,0.1346,0.0979,0.0,1532.2,1582.3,14.9,0.71,1.43,0.2777,NO DRAW SIGNAL,0-1,16.81,1-1,13.41,0-0,11.54,SCORE POISSON + FORME - confiance 84%,A recalculer via player_scorers,0.3216,0.6784,0.364,0.636,"[('0-1', 0.1681), ('1-1', 0.1341), ('0-0', 0.1154), ('0-2', 0.1144), ('1-0', 0.1042), ('1-2', 0.0813), ('2-1', 0.0586), ('2-0', 0.05), ('2-2', 0.0211), ('0-3', 0.0207), ('1-3', 0.0197), ('3-1', 0.0163)]",0.0,0.0,0.0,0.0,281.25
03/10/2026 01:08,NO BET,2026-10-10T14:00:00Z,soccer_epl,the-odds-api,football,Chelsea,Bournemouth,Home Win,Chelsea,0.508569870703827,1.77,0.565,-0.0998,Faible,NO BET,False,72.88,5 - WATCHLIST,OK,BOOST|GLOBAL_BOOST,+3.9% (57 obs),MEGA 70%/3% | SAFE 63%/1% | VALUE 58%/3%,REFUSE,value negative,Value negative ou nulle | Proba IA 50.9% | Learning BOOST|GLOBAL_BOOST | Calibration +3.9% (57 obs) | Source the-odds-api,0.17,0.67,0.62,1.75,2.12,1.0,1,NO BET,7.43,0.0,0.0,0.0,1532.2,1582.3,14.9,0.71,1.43,0.2777,NO DRAW SIGNAL,0-1,16.81,1-1,13.41,0-0,11.54,SCORE POISSON + FORME - confiance 84%,A recalculer via player_scorers,0.3216,0.6784,0.364,0.636,"[('0-1', 0.1681), ('1-1', 0.1341), ('0-0', 0.1154), ('0-2', 0.1144), ('1-0', 0.1042), ('1-2', 0.0813), ('2-1', 0.0586), ('2-0', 0.05), ('2-2', 0.0211), ('0-3', 0.0207), ('1-3', 0.0197), ('3-1', 0.0163)]",0.0,0.0,0.0,0.0,143.46
03/10/2026 01:08,WATCHLIST,2026-10-10T14:00:00Z,soccer_epl,the-odds-api,football,Ipswich Town,Fulham,Draw,Draw,0.32569743533550677,3.65,0.274,0.1888,A EVITER,NUL POSSIBLE,True,86.39,3B - NUL POSSIBLE,NUL SERRE,BOOST|GLOBAL_BOOST,-1.2% (23 obs),MEGA 70%/3% | SAFE 63%/1% | VALUE 58%/3%,WATCHLIST,cote trop haute,Value positive 18.9% | Proba IA 32.6% | NUL SERRE | Learning BOOST|GLOBAL_BOOST | Calibration -1.2% (23 obs) | Source the-odds-api,0.5,0.46,1.2,0.88,1.2,1.0,1,NO BET,7.43,0.1346,0.0712,0.0,1500.0,1519.8,45.2,1.21,0.85,0.3093,DRAW POSSIBLE - tight 58%,1-0,15.91,1-1,14.33,0-0,12.31,SCORE POISSON + FORME - confiance 84%,A recalculer via player_scorers,0.2995,0.7005,0.3795,0.6205,"[('1-0', 0.1591), ('1-1', 0.1433), ('0-0', 0.1231), ('0-1', 0.1131), ('2-0', 0.0998), ('2-1', 0.0827), ('1-2', 0.0583), ('0-2', 0.0522), ('2-2', 0.0218), ('3-1', 0.0216), ('3-0', 0.0212), ('1-3', 0.0133)]",0.0,0.0,0.0,0.0,231.84
03/10/2026 01:08,NO BET,2026-10-10T14:00:00Z,soccer_epl,the-odds-api,football,Ipswich Town,Fulham,Home Win,Ipswich Town,0.331883624543812,2.78,0.3597,-0.0774,A EVITER,NO BET,False,63.04,5 - WATCHLIST,MARCHE JUSTE,BOOST|GLOBAL_BOOST,-6.0% (36 obs),MEGA 70%/3% | SAFE 63%/1% | VALUE 58%/3%,REFUSE,value negative,Value negative ou nulle | Proba IA 33.2% | MARCHE JUSTE | Learning BOOST|GLOBAL_BOOST | Calibration -6.0% (36 obs) | Source the-odds-api,0.5,0.46,1.2,0.88,1.2,1.0,1,NO BET,7.43,0.0,0.0,0.0,1500.0,1519.8,45.2,1.21,0.85,0.3093,NO DRAW SIGNAL,1-0,15.91,1-1,14.33,0-0,12.31,SCORE POISSON + FORME - confiance 84%,A recalculer via player_scorers,0.2995,0.7005,0.3795,0.6205,"[('1-0', 0.1591), ('1-1', 0.1433), ('0-0', 0.1231), ('0-1', 0.1131), ('2-0', 0.0998), ('2-1', 0.0827), ('1-2', 0.0583), ('0-2', 0.0522), ('2-2', 0.0218), ('3-1', 0.0216), ('3-0', 0.0212), ('1-3', 0.0133)]",0.0,0.0,0.0,0.0,116.53
03/10/2026 01:08,NO BET,2026-10-10T14:00:00Z,soccer_epl,the-odds-api,football,Ipswich Town,Fulham,Away Win,Fulham,0.3197611898771441,2.68,0.3731,-0.143,A EVITER,NO BET,False,59.93,5 - WATCHLIST,OK,BOOST|GLOBAL_BOOST,-4.1% (61 obs),MEGA 70%/3% | SAFE 63%/1% | VALUE 58%/3%,REFUSE,value negative,Value negative ou nulle | Proba IA 32.0% | Learning BOOST|GLOBAL_BOOST | Calibration -4.1% (61 obs) | Source the-odds-api,0.5,0.46,1.2,0.88,1.2,1.0,1,NO BET,7.43,0.0,0.0,0.0,1500.0,1519.8,45.2,1.21,0.85,0.3093,NO DRAW SIGNAL,1-0,15.91,1-1,14.33,0-0,12.31,SCORE POISSON + FORME - confiance 84%,A recalculer via player_scorers,0.2995,0.7005,0.3795,0.6205,"[('1-0', 0.1591), ('1-1', 0.1433), ('0-0', 0.1231), ('0-1', 0.1131), ('2-0', 0.0998), ('2-1', 0.0827), ('1-2', 0.0583), ('0-2', 0.0522), ('2-2', 0.0218), ('3-1', 0.0216), ('3-0', 0.0212), ('1-3', 0.0133)]",0.0,0.0,0.0,0.0,111.08
03/10/2026 01:08,WATCHLIST,2026-10-10T14:00:00Z,soccer_epl,the-odds-api,football,Sunderland,Brighton and Hove Albion,Home Win,Sunderland,0.387125208877625,3.05,0.3279,0.1807,A EVITER,WATCHLIST,False,95.04,5 - WATCHLIST,MARCHE JUSTE,BOOST|GLOBAL_BOOST,+4.0% (33 obs),MEGA 70%/3% | SAFE 63%/1% | VALUE 58%/3%,WATCHLIST,cote trop haute,Value positive 18.1% | Proba IA 38.7% | MARCHE JUSTE | Learning BOOST|GLOBAL_BOOST | Calibration +4.0% (33 obs) | Source the-odds-api,0.58,0.5,1.5,1.1,1.62,1.2,1,NO BET,7.43,0.0,0.0,0.0,1539.6,1500.0,104.6,1.19,1.16,0.2995,NO DRAW SIGNAL,1-1,15.07,1-0,12.2,0-1,11.13,SCORE POISSON + FORME - confiance 84%,A recalculer via player_scorers,0.4083,0.5917,0.4814,0.5186,"[('1-1', 0.1507), ('1-0', 0.122), ('0-1', 0.1113), ('2-1', 0.0897), ('1-2', 0.08), ('2-0', 0.0786), ('0-0', 0.0757), ('0-2', 0.0659), ('2-2', 0.0385), ('3-1', 0.03), ('1-3', 0.0248), ('3-0', 0.0198)]",0.0,0.0,0.0,0.0,245.47
03/10/2026 01:08,WATCHLIST,2026-10-10T14:00:00Z,soccer_epl,the-odds-api,football,Sunderland,Brighton and Hove Albion,Draw,Draw,0.31712359415206626,3.6,0.2778,0.1416,A EVITER,NUL POSSIBLE,True,80.61,3B - NUL POSSIBLE,NUL SERRE,BOOST|GLOBAL_BOOST,-1.2% (23 obs),MEGA 70%/3% | SAFE 63%/1% | VALUE 58%/3%,WATCHLIST,cote trop haute,Value positive 14.2% | Proba IA 31.7% | NUL SERRE | Learning BOOST|GLOBAL_BOOST | Calibration -1.2% (23 obs) | Source the-odds-api,0.58,0.5,1.5,1.1,1.62,1.2,1,NO BET,7.43,0.1346,0.0545,0.0,1539.6,1500.0,104.6,1.19,1.16,0.2995,DRAW POSSIBLE - tight 63%,1-1,15.07,1-0,12.2,0-1,11.13,SCORE POISSON + FORME - confiance 84%,A recalculer via player_scorers,0.4083,0.5917,0.4814,0.5186,"[('1-1', 0.1507), ('1-0', 0.122), ('0-1', 0.1113), ('2-1', 0.0897), ('1-2', 0.08), ('2-0', 0.0786), ('0-0', 0.0757), ('0-2', 0.0659), ('2-2', 0.0385), ('3-1', 0.03), ('1-3', 0.0248), ('3-0', 0.0198)]",0.0,0.0,0.0,0.0,202.41
03/10/2026 01:08,NO BET,2026-10-10T14:00:00Z,soccer_epl,the-odds-api,football,Sunderland,Brighton and Hove Albion,Away Win,Brighton and Hove Albion,0.3998155248606517,2.48,0.4032,-0.0085,A EVITER,NO BET,False,73.82,5 - WATCHLIST,OK,BOOST|GLOBAL_BOOST,-2.8% (18 obs),MEGA 70%/3% | SAFE 63%/1% | VALUE 58%/3%,REFUSE,value negative,Value negative ou nulle | Proba IA 40.0% | Learning BOOST|GLOBAL_BOOST | Calibration -2.8% (18 obs) | Source the-odds-api,0.58,0.5,1.5,1.1,1.62,1.2,1,NO BET,7.43,0.0,0.0,0.0,1539.6,1500.0,104.6,1.19,1.16,0.2995,NO DRAW SIGNAL,1-1,15.07,1-0,12.2,0-1,11.13,SCORE POISSON + FORME - confiance 84%,A recalculer via player_scorers,0.4083,0.5917,0.4814,0.5186,"[('1-1', 0.1507), ('1-0', 0.122), ('0-1', 0.1113), ('2-1', 0.0897), ('1-2', 0.08), ('2-0', 0.0786), ('0-0', 0.0757), ('0-2', 0.0659), ('2-2', 0.0385), ('3-1', 0.03), ('1-3', 0.0248), ('3-0', 0.0198)]",0.0,0.0,0.0,0.0,137.24
03/10/2026 01:08,WATCHLIST,2026-10-10T14:15:00Z,soccer_spain_la_liga,the-odds-api,football,Alavés,Atlético Madrid,Home Win,Alavés,0.30344886011265476,4.3,0.2326,0.3048,A EVITER,WATCHLIST,False,83.04,5 - WATCHLIST,VALUE CLAIRE,BOOST|GLOBAL_BOOST,+1.2% (35 obs),MEGA 70%/3% | SAFE 63%/1% | VALUE 58%/3%,WATCHLIST,cote trop haute,Value positive 30.5% | Proba IA 30.3% | VALUE CLAIRE | Learning BOOST|GLOBAL_BOOST | Calibration +1.2% (35 obs) | Source the-odds-api,0.46,0.5,1.5,1.1,1.62,1.2,1,NO BET,7.43,0.0,0.0,0.0,1500.0,1500.0,65.0,1.26,1.02,0.2911,NO DRAW SIGNAL,1-1,15.11,1-0,14.15,0-1,11.23,SCORE POISSON + FORME - confiance 84%,A recalculer via player_scorers,0.3939,0.6061,0.4596,0.5404,"[('1-1', 0.1511), ('1-0', 0.1415), ('0-1', 0.1123), ('2-1', 0.098), ('2-0', 0.0927), ('0-0', 0.0802), ('1-2', 0.0765), ('0-2', 0.0596), ('2-2', 0.0266), ('3-1', 0.0243), ('3-0', 0.0222), ('1-3', 0.0163)]",0.0,0.0,0.0,0.0,275.22
03/10/2026 01:08,WATCHLIST,2026-10-10T14:15:00Z,soccer_spain_la_liga,the-odds-api,football,Alavés,Atlético Madrid,Draw,Draw,0.30518533427638955,3.8,0.2632,0.1597,A EVITER,NUL POSSIBLE,True,82.18,3B - NUL POSSIBLE,MARCHE JUSTE,BOOST|GLOBAL_BOOST,+1.2% (179 obs),MEGA 70%/3% | SAFE 63%/1% | VALUE 58%/3%,WATCHLIST,cote trop haute,Value positive 16.0% | Proba IA 30.5% | MARCHE JUSTE | Learning BOOST|GLOBAL_BOOST | Calibration +1.2% (179 obs) | Source the-odds-api,0.46,0.5,1.5,1.1,1.62,1.2,1,NO BET,7.43,0.1346,0.057,0.0,1500.0,1500.0,65.0,1.26,1.02,0.2911,DRAW POSSIBLE - tight 28%,1-1,15.11,1-0,14.15,0-1,11.23,SCORE POISSON + FORME - confiance 84%,A recalculer via player_scorers,0.3939,0.6061,0.4596,0.5404,"[('1-1', 0.1511), ('1-0', 0.1415), ('0-1', 0.1123), ('2-1', 0.098), ('2-0', 0.0927), ('0-0', 0.0802), ('1-2', 0.0765), ('0-2', 0.0596), ('2-2', 0.0266), ('3-1', 0.0243), ('3-0', 0.0222), ('1-3', 0.0163)]",0.0,0.0,0.0,0.0,211.66
03/10/2026 01:08,NO BET,2026-10-10T14:15:00Z,soccer_spain_la_liga,the-odds-api,football,Alavés,Atlético Madrid,Away Win,Atlético Madrid,0.4602554073980577,1.92,0.5208,-0.1163,A EVITER,NO BET,False,70.83,5 - WATCHLIST,OK,BOOST|GLOBAL_BOOST,-6.0% (28 obs),MEGA 70%/3% | SAFE 63%/1% | VALUE 58%/3%,REFUSE,value negative,Value negative ou nulle | Proba IA 46.0% | Learning BOOST|GLOBAL_BOOST | Calibration -6.0% (28 obs) | Source the-odds-api,0.46,0.5,1.5,1.1,1.62,1.2,1,NO BET,7.43,0.0,0.0,0.0,1500.0,1500.0,65.0,1.26,1.02,0.2911,NO DRAW SIGNAL,1-1,15.11,1-0,14.15,0-1,11.23,SCORE POISSON + FORME - confiance 84%,A recalculer via player_scorers,0.3939,0.6061,0.4596,0.5404,"[('1-1', 0.1511), ('1-0', 0.1415), ('0-1', 0.1123), ('2-1', 0.098), ('2-0', 0.0927), ('0-0', 0.0802), ('1-2', 0.0765), ('0-2', 0.0596), ('2-2', 0.0266), ('3-1', 0.0243), ('3-0', 0.0222), ('1-3', 0.0163)]",0.0,0.0,0.0,0.0,137.05
03/10/2026 01:08,WATCHLIST,2026-10-10T14:30:00Z,soccer_netherlands_eredivisie,the-odds-api,football,Go Ahead Eagles,Sparta Rotterdam,Home Win,Go Ahead Eagles,0.6243709914978909,1.82,0.5495,0.1364,Moyenne,VALUE BET,True,100.0,3 - VALUE BET,OK,BOOST|GLOBAL_BOOST,-0.7% (30 obs),MEGA 70%/3% | SAFE 63%/1% | VALUE 58%/3%,WATCHLIST,watchlist prudente,Value positive 13.6% | Proba IA 62.4% | Learning BOOST|GLOBAL_BOOST | Calibration -0.7% (30 obs) | Source the-odds-api,0.38,0.21,1.88,0.88,1.25,2.38,1,NO BET,7.43,0.1346,0.1663,0.0,1488.4,1470.8,82.6,2.02,0.79,0.1656,NO DRAW SIGNAL,2-0,16.06,1-0,14.95,2-1,12.06,SCORE POISSON + FORME - confiance 84%,A recalculer via player_scorers,0.5507,0.4493,0.4588,0.5412,"[('2-0', 0.1606), ('1-0', 0.1495), ('2-1', 0.1206), ('1-1', 0.1077), ('0-1', 0.0665), ('3-1', 0.0602), ('1-2', 0.0534), ('0-0', 0.0485), ('3-0', 0.0409), ('2-2', 0.0313), ('0-2', 0.0296), ('3-2', 0.0164)]",0.0,0.0,0.0,0.0,250.34
03/10/2026 01:08,WATCHLIST,2026-10-10T14:30:00Z,soccer_netherlands_eredivisie,the-odds-api,football,Go Ahead Eagles,Sparta Rotterdam,Away Win,Sparta Rotterdam,0.2757427093876371,4.0,0.25,0.103,A EVITER,WATCHLIST,False,78.42,5 - WATCHLIST,OK,BOOST|GLOBAL_BOOST,+4.0% (49 obs),MEGA 70%/3% | SAFE 63%/1% | VALUE 58%/3%,WATCHLIST,cote trop haute,Value positive 10.3% | Proba IA 27.6% | Learning BOOST|GLOBAL_BOOST | Calibration +4.0% (49 obs) | Source the-odds-api,0.38,0.21,1.88,0.88,1.25,2.38,1,NO BET,7.43,0.0,0.0,0.0,1488.4,1470.8,82.6,2.02,0.79,0.1656,NO DRAW SIGNAL,2-0,16.06,1-0,14.95,2-1,12.06,SCORE POISSON + FORME - confiance 84%,A recalculer via player_scorers,0.5507,0.4493,0.4588,0.5412,"[('2-0', 0.1606), ('1-0', 0.1495), ('2-1', 0.1206), ('1-1', 0.1077), ('0-1', 0.0665), ('3-1', 0.0602), ('1-2', 0.0534), ('0-0', 0.0485), ('3-0', 0.0409), ('2-2', 0.0313), ('0-2', 0.0296), ('3-2', 0.0164)]",0.0,0.0,0.0,0.0,179.64
03/10/2026 01:08,WATCHLIST,2026-10-10T14:30:00Z,soccer_netherlands_eredivisie,the-odds-api,football,Go Ahead Eagles,Sparta Rotterdam,Draw,Draw,0.27490556604626415,4.0,0.25,0.0996,A EVITER,WATCHLIST,False,74.0,5 - WATCHLIST,DRAW RISQUE,BOOST|GLOBAL_BOOST,+3.7% (114 obs),MEGA 70%/3% | SAFE 63%/1% | VALUE 58%/3%,WATCHLIST,cote trop haute,Value positive 10.0% | Proba IA 27.5% | DRAW RISQUE | Learning BOOST|GLOBAL_BOOST | Calibration +3.7% (114 obs) | Source the-odds-api,0.38,0.21,1.88,0.88,1.25,2.38,1,NO BET,7.43,0.0,0.0,0.0,1488.4,1470.8,82.6,2.02,0.79,0.1656,NO DRAW SIGNAL,2-0,16.06,1-0,14.95,2-1,12.06,SCORE POISSON + FORME - confiance 84%,A recalculer via player_scorers,0.5507,0.4493,0.4588,0.5412,"[('2-0', 0.1606), ('1-0', 0.1495), ('2-1', 0.1206), ('1-1', 0.1077), ('0-1', 0.0665), ('3-1', 0.0602), ('1-2', 0.0534), ('0-0', 0.0485), ('3-0', 0.0409), ('2-2', 0.0313), ('0-2', 0.0296), ('3-2', 0.0164)]",0.0,0.0,0.0,0.0,171.6
03/10/2026 01:08,WATCHLIST,2026-10-10T14:30:00Z,soccer_portugal_primeira_liga,the-odds-api,football,Casa Pia,Santa Clara,Draw,Draw,0.3213562499261698,3.3,0.303,0.0605,A EVITER,NUL POSSIBLE,True,74.45,3B - NUL POSSIBLE,OK,BOOST|GLOBAL_BOOST,-1.2% (23 obs),MEGA 70%/3% | SAFE 63%/1% | VALUE 58%/3%,WATCHLIST,cote trop haute,Value positive 6.0% | Proba IA 32.1% | Learning BOOST|GLOBAL_BOOST | Calibration -1.2% (23 obs) | Source the-odds-api,0.25,0.46,0.62,1.12,1.12,1.25,1,NO BET,7.43,0.1346,0.0263,0.0,1433.2,1484.6,13.7,0.87,0.98,0.3505,DRAW POSSIBLE - tight 48%,0-0,15.33,1-1,14.82,0-1,14.52,SCORE POISSON + FORME - confiance 84%,A recalculer via player_scorers,0.2429,0.7571,0.3455,0.6545,"[('0-0', 0.1533), ('1-1', 0.1482), ('0-1', 0.1452), ('1-0', 0.1388), ('0-2', 0.0739), ('2-0', 0.0699), ('2-1', 0.0641), ('1-2', 0.0619), ('2-2', 0.0191), ('3-1', 0.0162), ('3-0', 0.0151), ('1-3', 0.0135)]",0.0,0.0,0.0,0.0,158.69
03/10/2026 01:08,NO BET,2026-10-10T14:30:00Z,soccer_portugal_primeira_liga,the-odds-api,football,Casa Pia,Santa Clara,Away Win,Santa Clara,0.44018480489507,1.91,0.5236,-0.1592,A EVITER,NO BET,False,69.99,5 - WATCHLIST,OK,BOOST|GLOBAL_BOOST,-6.0% (21 obs),MEGA 70%/3% | SAFE 63%/1% | VALUE 58%/3%,REFUSE,value negative,Value negative ou nulle | Proba IA 44.0% | Learning BOOST|GLOBAL_BOOST | Calibration -6.0% (21 obs) | Source the-odds-api,0.25,0.46,0.62,1.12,1.12,1.25,1,NO BET,7.43,0.0,0.0,0.0,1433.2,1484.6,13.7,0.87,0.98,0.3505,NO DRAW SIGNAL,0-0,15.33,1-1,14.82,0-1,14.52,SCORE POISSON + FORME - confiance 84%,A recalculer via player_scorers,0.2429,0.7571,0.3455,0.6545,"[('0-0', 0.1533), ('1-1', 0.1482), ('0-1', 0.1452), ('1-0', 0.1388), ('0-2', 0.0739), ('2-0', 0.0699), ('2-1', 0.0641), ('1-2', 0.0619), ('2-2', 0.0191), ('3-1', 0.0162), ('3-0', 0.0151), ('1-3', 0.0135)]",0.0,0.0,0.0,0.0,134.4
03/10/2026 01:08,NO BET,2026-10-10T14:30:00Z,soccer_portugal_primeira_liga,the-odds-api,football,Casa Pia,Santa Clara,Home Win,Casa Pia,0.21250102578704508,4.6,0.2174,-0.0225,A EVITER,NO BET,False,51.34,6 - NO BET,VALUE CLAIRE,BOOST|GLOBAL_BOOST,-5.0% (19 obs),MEGA 70%/3% | SAFE 63%/1% | VALUE 58%/3%,REFUSE,cote trop haute,Value negative ou nulle | Proba IA 21.3% | VALUE CLAIRE | Learning BOOST|GLOBAL_BOOST | Calibration -5.0% (19 obs) | Source the-odds-api,0.25,0.46,0.62,1.12,1.12,1.25,1,NO BET,7.43,0.0,0.0,0.0,1433.2,1484.6,13.7,0.87,0.98,0.3505,NO DRAW SIGNAL,0-0,15.33,1-1,14.82,0-1,14.52,SCORE POISSON + FORME - confiance 84%,A recalculer via player_scorers,0.2429,0.7571,0.3455,0.6545,"[('0-0', 0.1533), ('1-1', 0.1482), ('0-1', 0.1452), ('1-0', 0.1388), ('0-2', 0.0739), ('2-0', 0.0699), ('2-1', 0.0641), ('1-2', 0.0619), ('2-2', 0.0191), ('3-1', 0.0162), ('3-0', 0.0151), ('1-3', 0.0135)]",0.0,0.0,0.0,0.0,90.86
03/10/2026 01:08,WATCHLIST,2026-10-10T15:15:00Z,soccer_france_ligue_one,the-odds-api,football,Lille,Le Havre,Draw,Draw,0.2865182370162406,4.8,0.2083,0.3753,A EVITER,WATCHLIST,False,78.33,5 - WATCHLIST,COTE HAUTE,BOOST|GLOBAL_BOOST,+3.7% (114 obs),MEGA 70%/3% | SAFE 63%/1% | VALUE 58%/3%,WATCHLIST,cote trop haute,Value positive 37.5% | Proba IA 28.7% | COTE HAUTE | Learning BOOST|GLOBAL_BOOST | Calibration +3.7% (114 obs) | Source the-odds-api,0.71,0.33,1.5,1.5,0.5,1.5,1,NO BET,7.43,0.0,0.0,0.0,1595.4,1451.9,208.5,1.34,0.9,0.2771,NO DRAW SIGNAL,1-0,15.54,1-1,14.35,0-1,10.67,SCORE POISSON + FORME - confiance 84%,A recalculer via player_scorers,0.387,0.613,0.4375,0.5625,"[('1-0', 0.1554), ('1-1', 0.1435), ('0-1', 0.1067), ('2-0', 0.1049), ('2-1', 0.1021), ('0-0', 0.0798), ('1-2', 0.0697), ('0-2', 0.0514), ('3-1', 0.0255), ('2-2', 0.0253), ('3-0', 0.0246), ('1-3', 0.0147)]",0.0,0.0,0.0,0.0,297.36
03/10/2026 01:08,WATCHLIST,2026-10-10T15:15:00Z,soccer_france_ligue_one,the-odds-api,football,Lille,Le Havre,Home Win,Lille,0.635658073562167,1.48,0.6757,-0.0592,Moyenne,WATCHLIST,False,82.89,5 - WATCHLIST,OK,BOOST|GLOBAL_BOOST,-2.9% (29 obs),MEGA 70%/3% | SAFE 63%/1% | VALUE 58%/3%,WATCHLIST,value negative,Value negative ou nulle | Proba IA 63.6% | Learning BOOST|GLOBAL_BOOST | Calibration -2.9% (29 obs) | Source the-odds-api,0.71,0.33,1.5,1.5,0.5,1.5,1,NO BET,7.43,0.0,0.0,0.0,1595.4,1451.9,208.5,1.34,0.9,0.2771,NO DRAW SIGNAL,1-0,15.54,1-1,14.35,0-1,10.67,SCORE POISSON + FORME - confiance 84%,A recalculer via player_scorers,0.387,0.613,0.4375,0.5625,"[('1-0', 0.1554), ('1-1', 0.1435), ('0-1', 0.1067), ('2-0', 0.1049), ('2-1', 0.1021), ('0-0', 0.0798), ('1-2', 0.0697), ('0-2', 0.0514), ('3-1', 0.0255), ('2-2', 0.0253), ('3-0', 0.0246), ('1-3', 0.0147)]",0.0,0.0,0.0,0.0,167.17
03/10/2026 01:08,WATCHLIST,2026-10-10T15:15:00Z,soccer_france_ligue_one,the-odds-api,football,Lille,Le Havre,Away Win,Le Havre,0.1463101307462111,7.5,0.1333,0.0973,A EVITER,WATCHLIST,False,62.34,5 - WATCHLIST,COTE HAUTE,BOOST|GLOBAL_BOOST,-3.0% (36 obs),MEGA 70%/3% | SAFE 63%/1% | VALUE 58%/3%,WATCHLIST,cote trop haute,Value positive 9.7% | Proba IA 14.6% | COTE HAUTE | Learning BOOST|GLOBAL_BOOST | Calibration -3.0% (36 obs) | Source the-odds-api,0.71,0.33,1.5,1.5,0.5,1.5,1,NO BET,7.43,0.0,0.0,0.0,1595.4,1451.9,208.5,1.34,0.9,0.2771,NO DRAW SIGNAL,1-0,15.54,1-1,14.35,0-1,10.67,SCORE POISSON + FORME - confiance 84%,A recalculer via player_scorers,0.387,0.613,0.4375,0.5625,"[('1-0', 0.1554), ('1-1', 0.1435), ('0-1', 0.1067), ('2-0', 0.1049), ('2-1', 0.1021), ('0-0', 0.0798), ('1-2', 0.0697), ('0-2', 0.0514), ('3-1', 0.0255), ('2-2', 0.0253), ('3-0', 0.0246), ('1-3', 0.0147)]",0.0,0.0,0.0,0.0,144.36
03/10/2026 01:08,WATCHLIST,2026-10-10T15:15:00Z,soccer_italy_serie_b,the-odds-api,football,Vicenza,Pisa,Home Win,Vicenza,0.45484770126328183,2.63,0.3802,0.1962,A EVITER,WATCHLIST,False,99.02,5 - WATCHLIST,VALUE CLAIRE,BOOST|GLOBAL_BOOST,-3.2% (50 obs),MEGA 70%/3% | SAFE 63%/1% | VALUE 58%/3%,WATCHLIST,proba trop basse,Value positive 19.6% | Proba IA 45.5% | VALUE CLAIRE | Learning BOOST|GLOBAL_BOOST | Calibration -3.2% (50 obs) | Source the-odds-api,0.5,0.0,1.2,0.38,1.2,2.12,0.95,NO BET,7.43,0.0,0.0,0.0,1500.0,1355.6,209.4,1.631,0.56,0.2102,NO DRAW SIGNAL,1-0,21.52,2-0,16.87,1-1,11.4,SCORE POISSON + FORME - confiance 84%,A recalculer via player_scorers,0.383,0.617,0.3378,0.6622,"[('1-0', 0.2152), ('2-0', 0.1687), ('1-1', 0.114), ('2-1', 0.1073), ('0-1', 0.0829), ('0-0', 0.0798), ('1-2', 0.044), ('3-0', 0.0362), ('0-2', 0.0286), ('3-1', 0.0264), ('2-2', 0.0168), ('4-0', 0.0087)]",0.0,0.0,0.0,0.0,262.78
03/10/2026 01:08,NO BET,2026-10-10T15:15:00Z,soccer_italy_serie_b,the-odds-api,football,Vicenza,Pisa,Away Win,Pisa,0.3861310231540692,2.5,0.4,-0.0347,A EVITER,NO BET,False,69.58,5 - WATCHLIST,OK,BOOST|GLOBAL_BOOST,+4.0% (64 obs),MEGA 70%/3% | SAFE 63%/1% | VALUE 58%/3%,REFUSE,value negative,Value negative ou nulle | Proba IA 38.6% | Learning BOOST|GLOBAL_BOOST | Calibration +4.0% (64 obs) | Source the-odds-api,0.5,0.0,1.2,0.38,1.2,2.12,0.95,NO BET,7.43,0.0,0.0,0.0,1500.0,1355.6,209.4,1.631,0.56,0.2102,NO DRAW SIGNAL,1-0,21.52,2-0,16.87,1-1,11.4,SCORE POISSON + FORME - confiance 84%,A recalculer via player_scorers,0.383,0.617,0.3378,0.6622,"[('1-0', 0.2152), ('2-0', 0.1687), ('1-1', 0.114), ('2-1', 0.1073), ('0-1', 0.0829), ('0-0', 0.0798), ('1-2', 0.044), ('3-0', 0.0362), ('0-2', 0.0286), ('3-1', 0.0264), ('2-2', 0.0168), ('4-0', 0.0087)]",0.0,0.0,0.0,0.0,130.01
03/10/2026 01:08,WATCHLIST,2026-10-10T15:15:00Z,soccer_italy_serie_b,the-odds-api,football,Vicenza,Pisa,Draw,Draw,0.2853244110286729,3.5,0.2857,-0.0014,A EVITER,NUL POSSIBLE,True,65.18,3B - NUL POSSIBLE,DRAW RISQUE,BOOST|GLOBAL_BOOST,+1.2% (179 obs),MEGA 70%/3% | SAFE 63%/1% | VALUE 58%/3%,WATCHLIST,cote trop haute,Value negative ou nulle | Proba IA 28.5% | DRAW RISQUE | Learning BOOST|GLOBAL_BOOST | Calibration +1.2% (179 obs) | Source the-odds-api,0.5,0.0,1.2,0.38,1.2,2.12,0.95,NO BET,7.43,0.1346,0.0,0.0,1500.0,1355.6,209.4,1.631,0.56,0.2102,NO DRAW SIGNAL,1-0,21.52,2-0,16.87,1-1,11.4,SCORE POISSON + FORME - confiance 84%,A recalculer via player_scorers,0.383,0.617,0.3378,0.6622,"[('1-0', 0.2152), ('2-0', 0.1687), ('1-1', 0.114), ('2-1', 0.1073), ('0-1', 0.0829), ('0-0', 0.0798), ('1-2', 0.044), ('3-0', 0.0362), ('0-2', 0.0286), ('3-1', 0.0264), ('2-2', 0.0168), ('4-0', 0.0087)]",0.0,0.0,0.0,0.0,116.44
03/10/2026 01:08,WATCHLIST,2026-10-10T16:00:00Z,soccer_italy_serie_a,the-odds-api,football,Inter Milan,Parma,Away Win,Parma,0.093510761661647,20.0,0.05,0.8702,A EVITER,WATCHLIST,False,74.23,5 - WATCHLIST,COTE HAUTE,BOOST|GLOBAL_BOOST,-0.2% (13 obs),MEGA 70%/3% | SAFE 63%/1% | VALUE 58%/3%,WATCHLIST,cote trop haute,Value positive 87.0% | Proba IA 9.4% | COTE HAUTE | Learning BOOST|GLOBAL_BOOST | Calibration -0.2% (13 obs) | Source the-odds-api,0.5,0.46,1.2,0.88,1.2,1.0,1,NO BET,7.43,0.0,0.0,0.0,1500.0,1476.9,88.1,1.23,0.82,0.3052,NO DRAW SIGNAL,1-0,16.7,1-1,14.3,0-0,12.7,SCORE POISSON + FORME - confiance 84%,A recalculer via player_scorers,0.2978,0.7022,0.3733,0.6267,"[('1-0', 0.167), ('1-1', 0.143), ('0-0', 0.127), ('0-1', 0.1135), ('2-0', 0.1047), ('2-1', 0.0832), ('1-2', 0.0566), ('0-2', 0.0502), ('3-0', 0.0207), ('3-1', 0.0206), ('2-2', 0.0204), ('1-3', 0.012)]",0.0,0.0,0.0,0.0,490.6
03/10/2026 01:08,WATCHLIST,2026-10-10T16:00:00Z,soccer_italy_serie_a,the-odds-api,football,Inter Milan,Parma,Draw,Draw,0.12763085103450714,10.0,0.1,0.2763,A EVITER,WATCHLIST,False,71.66,5 - WATCHLIST,VALUE CLAIRE,BOOST|GLOBAL_BOOST,-4.5% (32 obs),MEGA 70%/3% | SAFE 63%/1% | VALUE 58%/3%,WATCHLIST,cote trop haute,Value positive 27.6% | Proba IA 12.8% | VALUE CLAIRE | Learning BOOST|GLOBAL_BOOST | Calibration -4.5% (32 obs) | Source the-odds-api,0.5,0.46,1.2,0.88,1.2,1.0,1,NO BET,7.43,0.0,0.0,0.0,1500.0,1476.9,88.1,1.23,0.82,0.3052,DRAW POSSIBLE - tight 9%,1-0,16.7,1-1,14.3,0-0,12.7,SCORE POISSON + FORME - confiance 84%,A recalculer via player_scorers,0.2978,0.7022,0.3733,0.6267,"[('1-0', 0.167), ('1-1', 0.143), ('0-0', 0.127), ('0-1', 0.1135), ('2-0', 0.1047), ('2-1', 0.0832), ('1-2', 0.0566), ('0-2', 0.0502), ('3-0', 0.0207), ('3-1', 0.0206), ('2-2', 0.0204), ('1-3', 0.012)]",0.0,0.0,0.0,0.0,233.8
03/10/2026 01:08,WATCHLIST,2026-10-10T16:00:00Z,soccer_italy_serie_a,the-odds-api,football,Inter Milan,Parma,Home Win,Inter Milan,0.7529786092494988,1.17,0.8547,-0.119,Forte,WATCHLIST,False,75.13,5 - WATCHLIST,OK,BOOST|GLOBAL_BOOST,-6.0% (14 obs),MEGA 70%/3% | SAFE 63%/1% | VALUE 58%/3%,WATCHLIST,value negative,Value negative ou nulle | Proba IA 75.3% | Learning BOOST|GLOBAL_BOOST | Calibration -6.0% (14 obs) | Source the-odds-api,0.5,0.46,1.2,0.88,1.2,1.0,1,NO BET,7.43,0.0,0.0,0.0,1500.0,1476.9,88.1,1.23,0.82,0.3052,NO DRAW SIGNAL,1-0,16.7,1-1,14.3,0-0,12.7,SCORE POISSON + FORME - confiance 84%,A recalculer via player_scorers,0.2978,0.7022,0.3733,0.6267,"[('1-0', 0.167), ('1-1', 0.143), ('0-0', 0.127), ('0-1', 0.1135), ('2-0', 0.1047), ('2-1', 0.0832), ('1-2', 0.0566), ('0-2', 0.0502), ('3-0', 0.0207), ('3-1', 0.0206), ('2-2', 0.0204), ('1-3', 0.012)]",0.0,0.0,0.0,0.0,163.9
03/10/2026 01:08,WATCHLIST,2026-10-10T16:15:00Z,soccer_belgium_first_div,the-odds-api,football,RAAL La Louvière,Club Brugge,Home Win,RAAL La Louvière,0.20577218840257275,8.0,0.125,0.6462,A EVITER,WATCHLIST,False,78.94,5 - WATCHLIST,COTE HAUTE,BOOST|GLOBAL_BOOST,+4.0% (36 obs),MEGA 70%/3% | SAFE 63%/1% | VALUE 58%/3%,WATCHLIST,cote trop haute,Value positive 64.6% | Proba IA 20.6% | COTE HAUTE | Learning BOOST|GLOBAL_BOOST | Calibration +4.0% (36 obs) | Source the-odds-api,0.33,0.79,1.5,3.25,2.12,0.75,1,NO BET,7.43,0.0,0.0,0.0,1500.0,1693.0,-128.0,1.12,1.77,0.2311,NO DRAW SIGNAL,1-1,13.43,0-1,11.85,1-2,11.46,SCORE POISSON + FORME - confiance 84%,A recalculer via player_scorers,0.551,0.449,0.5582,0.4418,"[('1-1', 0.1343), ('0-1', 0.1185), ('1-2', 0.1146), ('0-2', 0.0973), ('1-0', 0.087), ('2-1', 0.0832), ('2-0', 0.0524), ('0-0', 0.0508), ('2-2', 0.0455), ('1-3', 0.0446), ('3-1', 0.0248), ('0-3', 0.0222)]",0.0,0.0,0.0,0.0,409.09
03/10/2026 01:08,WATCHLIST,2026-10-10T16:15:00Z,soccer_belgium_first_div,the-odds-api,football,RAAL La Louvière,Club Brugge,Away Win,Club Brugge,0.7884553733275943,1.4,0.7143,0.1038,Elite,MEGA VALUE,True,100.0,1 - MEGA VALUE,OK,BOOST|GLOBAL_BOOST,+4.0% (15 obs),MEGA 70%/3% | SAFE 63%/1% | VALUE 58%/3%,WATCHLIST,watchlist prudente,Value positive 10.4% | Proba IA 78.8% | Learning BOOST|GLOBAL_BOOST | Calibration +4.0% (15 obs) | Source the-odds-api,0.33,0.79,1.5,3.25,2.12,0.75,1,NO BET,7.43,0.4038,0.22,0.0,1500.0,1693.0,-128.0,1.12,1.77,0.2311,NO DRAW SIGNAL,1-1,13.43,0-1,11.85,1-2,11.46,SCORE POISSON + FORME - confiance 84%,A recalculer via player_scorers,0.551,0.449,0.5582,0.4418,"[('1-1', 0.1343), ('0-1', 0.1185), ('1-2', 0.1146), ('0-2', 0.0973), ('1-0', 0.087), ('2-1', 0.0832), ('2-0', 0.0524), ('0-0', 0.0508), ('2-2', 0.0455), ('1-3', 0.0446), ('3-1', 0.0248), ('0-3', 0.0222)]",0.0,0.0,0.0,0.0,247.84
03/10/2026 01:08,NO BET,2026-10-10T16:15:00Z,soccer_belgium_first_div,the-odds-api,football,RAAL La Louvière,Club Brugge,Draw,Draw,0.16746122716517392,5.25,0.1905,-0.1208,A EVITER,NO BET,False,36.53,6 - NO BET,COTE HAUTE,BOOST|GLOBAL_BOOST,-4.5% (32 obs),MEGA 70%/3% | SAFE 63%/1% | VALUE 58%/3%,REFUSE,cote trop haute,Value negative ou nulle | Proba IA 16.7% | COTE HAUTE | Learning BOOST|GLOBAL_BOOST | Calibration -4.5% (32 obs) | Source the-odds-api,0.33,0.79,1.5,3.25,2.12,0.75,1,NO BET,7.43,0.0,0.0,0.0,1500.0,1693.0,-128.0,1.12,1.77,0.2311,NO DRAW SIGNAL,1-1,13.43,0-1,11.85,1-2,11.46,SCORE POISSON + FORME - confiance 84%,A recalculer via player_scorers,0.551,0.449,0.5582,0.4418,"[('1-1', 0.1343), ('0-1', 0.1185), ('1-2', 0.1146), ('0-2', 0.0973), ('1-0', 0.087), ('2-1', 0.0832), ('2-0', 0.0524), ('0-0', 0.0508), ('2-2', 0.0455), ('1-3', 0.0446), ('3-1', 0.0248), ('0-3', 0.0222)]",0.0,0.0,0.0,0.0,65.79
03/10/2026 01:08,WATCHLIST,2026-10-10T16:30:00Z,soccer_epl,the-odds-api,football,Manchester United,Tottenham Hotspur,Home Win,Manchester United,0.6008799999999999,1.75,0.5714,0.0515,Moyenne,VALUE BET,True,87.01,3 - VALUE BET,OK,GLOBAL_BOOST,-0.7% (30 obs),MEGA 70%/3% | SAFE 63%/1% | VALUE 58%/3%,WATCHLIST,watchlist prudente,Value positive 5.1% | Proba IA 60.1% | Learning GLOBAL_BOOST | Calibration -0.7% (30 obs) | Source the-odds-api,0.5,0.5,1.2,1.1,1.2,1.2,0,NO BET,7.43,0.1346,0.0687,0.0,1500.0,1500.0,65.0,1.872,0.674,0.1752,NO DRAW SIGNAL,2-0,17.21,1-0,17.06,2-1,11.28,SCORE POISSON + FORME - confiance 69%,A recalculer via player_scorers,0.4868,0.5132,0.4005,0.5995,"[('2-0', 0.1721), ('1-0', 0.1706), ('2-1', 0.1128), ('1-1', 0.1073), ('0-1', 0.0701), ('0-0', 0.0577), ('3-1', 0.0528), ('1-2', 0.0474), ('3-0', 0.0409), ('0-2', 0.0281), ('2-2', 0.0266), ('4-0', 0.0151)]",0.0,0.0,0.0,0.0,193.0
03/10/2026 01:08,WATCHLIST,2026-10-10T16:30:00Z,soccer_epl,the-odds-api,football,Manchester United,Tottenham Hotspur,Draw,Draw,0.26785113975609154,4.4,0.2273,0.1785,A EVITER,WATCHLIST,False,65.63,5 - WATCHLIST,DRAW RISQUE,BOOST|GLOBAL_BOOST,+3.7% (114 obs),MEGA 70%/3% | SAFE 63%/1% | VALUE 58%/3%,WATCHLIST,cote trop haute,Value positive 17.8% | Proba IA 26.8% | DRAW RISQUE | Learning BOOST|GLOBAL_BOOST | Calibration +3.7% (114 obs) | Source the-odds-api,0.5,0.5,1.2,1.1,1.2,1.2,0,NO BET,7.43,0.0,0.0,0.0,1500.0,1500.0,65.0,1.872,0.674,0.1752,NO DRAW SIGNAL,2-0,17.21,1-0,17.06,2-1,11.28,SCORE POISSON + FORME - confiance 69%,A recalculer via player_scorers,0.4868,0.5132,0.4005,0.5995,"[('2-0', 0.1721), ('1-0', 0.1706), ('2-1', 0.1128), ('1-1', 0.1073), ('0-1', 0.0701), ('0-0', 0.0577), ('3-1', 0.0528), ('1-2', 0.0474), ('3-0', 0.0409), ('0-2', 0.0281), ('2-2', 0.0266), ('4-0', 0.0151)]",0.0,0.0,0.0,0.0,192.66
03/10/2026 01:08,NO BET,2026-10-10T16:30:00Z,soccer_epl,the-odds-api,football,Manchester United,Tottenham Hotspur,Away Win,Tottenham Hotspur,0.18451269801042053,4.7,0.2128,-0.1328,A EVITER,NO BET,False,34.1,6 - NO BET,COTE HAUTE,BOOST|GLOBAL_BOOST,-3.0% (36 obs),MEGA 70%/3% | SAFE 63%/1% | VALUE 58%/3%,REFUSE,cote trop haute,Value negative ou nulle | Proba IA 18.5% | COTE HAUTE | Learning BOOST|GLOBAL_BOOST | Calibration -3.0% (36 obs) | Source the-odds-api,0.5,0.5,1.2,1.1,1.2,1.2,0,NO BET,7.43,0.0,0.0,0.0,1500.0,1500.0,65.0,1.872,0.674,0.1752,NO DRAW SIGNAL,2-0,17.21,1-0,17.06,2-1,11.28,SCORE POISSON + FORME - confiance 69%,A recalculer via player_scorers,0.4868,0.5132,0.4005,0.5995,"[('2-0', 0.1721), ('1-0', 0.1706), ('2-1', 0.1128), ('1-1', 0.1073), ('0-1', 0.0701), ('0-0', 0.0577), ('3-1', 0.0528), ('1-2', 0.0474), ('3-0', 0.0409), ('0-2', 0.0281), ('2-2', 0.0266), ('4-0', 0.0151)]",0.0,0.0,0.0,0.0,63.38
03/10/2026 01:08,WATCHLIST,2026-10-10T16:30:00Z,soccer_germany_bundesliga,the-odds-api,football,RB Leipzig,Eintracht Frankfurt,Draw,Draw,0.26036259492498526,5.1,0.1961,0.3278,A EVITER,WATCHLIST,False,77.24,5 - WATCHLIST,COTE HAUTE,BOOST|GLOBAL_BOOST,+3.7% (114 obs),MEGA 70%/3% | SAFE 63%/1% | VALUE 58%/3%,WATCHLIST,cote trop haute,Value positive 32.8% | Proba IA 26.0% | COTE HAUTE | Learning BOOST|GLOBAL_BOOST | Calibration +3.7% (114 obs) | Source the-odds-api,0.75,0.5,2.25,1.1,1.5,1.2,1,NO BET,7.43,0.0,0.0,0.0,1580.4,1500.0,145.4,1.79,1.02,0.2288,NO DRAW SIGNAL,1-1,13.02,1-0,12.9,2-1,11.59,SCORE POISSON + FORME - confiance 81%,A recalculer via player_scorers,0.5322,0.4678,0.5319,0.4681,"[('1-1', 0.1302), ('1-0', 0.129), ('2-1', 0.1159), ('2-0', 0.1084), ('0-1', 0.0792), ('1-2', 0.07), ('0-0', 0.0542), ('3-1', 0.0473), ('0-2', 0.0425), ('2-2', 0.0421), ('3-0', 0.0293), ('1-3', 0.0203)]",0.0,0.0,0.0,0.0,273.52
03/10/2026 01:08,WATCHLIST,2026-10-10T16:30:00Z,soccer_germany_bundesliga,the-odds-api,football,RB Leipzig,Eintracht Frankfurt,Home Win,RB Leipzig,0.6426039702171061,1.57,0.6369,0.0089,Moyenne,WATCHLIST,False,91.01,5 - WATCHLIST,MARCHE JUSTE,BOOST|GLOBAL_BOOST,-2.9% (29 obs),MEGA 70%/3% | SAFE 63%/1% | VALUE 58%/3%,WATCHLIST,watchlist prudente,Value positive 0.9% | Proba IA 64.3% | MARCHE JUSTE | Learning BOOST|GLOBAL_BOOST | Calibration -2.9% (29 obs) | Source the-odds-api,0.75,0.5,2.25,1.1,1.5,1.2,1,NO BET,7.43,0.0,0.0,0.0,1580.4,1500.0,145.4,1.79,1.02,0.2288,NO DRAW SIGNAL,1-1,13.02,1-0,12.9,2-1,11.59,SCORE POISSON + FORME - confiance 81%,A recalculer via player_scorers,0.5322,0.4678,0.5319,0.4681,"[('1-1', 0.1302), ('1-0', 0.129), ('2-1', 0.1159), ('2-0', 0.1084), ('0-1', 0.0792), ('1-2', 0.07), ('0-0', 0.0542), ('3-1', 0.0473), ('0-2', 0.0425), ('2-2', 0.0421), ('3-0', 0.0293), ('1-3', 0.0203)]",0.0,0.0,0.0,0.0,183.5
03/10/2026 01:08,NO BET,2026-10-10T16:30:00Z,soccer_germany_bundesliga,the-odds-api,football,RB Leipzig,Eintracht Frankfurt,Away Win,Eintracht Frankfurt,0.1666088082776418,5.2,0.1923,-0.1336,A EVITER,NO BET,False,40.5,6 - NO BET,COTE HAUTE,BOOST|GLOBAL_BOOST,-3.0% (36 obs),MEGA 70%/3% | SAFE 63%/1% | VALUE 58%/3%,REFUSE,cote trop haute,Value negative ou nulle | Proba IA 16.7% | COTE HAUTE | Learning BOOST|GLOBAL_BOOST | Calibration -3.0% (36 obs) | Source the-odds-api,0.75,0.5,2.25,1.1,1.5,1.2,1,NO BET,7.43,0.0,0.0,0.0,1580.4,1500.0,145.4,1.79,1.02,0.2288,NO DRAW SIGNAL,1-1,13.02,1-0,12.9,2-1,11.59,SCORE POISSON + FORME - confiance 81%,A recalculer via player_scorers,0.5322,0.4678,0.5319,0.4681,"[('1-1', 0.1302), ('1-0', 0.129), ('2-1', 0.1159), ('2-0', 0.1084), ('0-1', 0.0792), ('1-2', 0.07), ('0-0', 0.0542), ('3-1', 0.0473), ('0-2', 0.0425), ('2-2', 0.0421), ('3-0', 0.0293), ('1-3', 0.0203)]",0.0,0.0,0.0,0.0,71.6
03/10/2026 01:08,WATCHLIST,2026-10-10T16:30:00Z,soccer_spain_la_liga,the-odds-api,football,Barcelona,Getafe,Draw,Draw,0.1566082636418315,20.0,0.05,2.1322,A EVITER,WATCHLIST,False,72.88,5 - WATCHLIST,VALUE CLAIRE,BOOST|GLOBAL_BOOST,+4.0% (36 obs),MEGA 70%/3% | SAFE 63%/1% | VALUE 58%/3%,WATCHLIST,cote trop haute,Value positive 213.2% | Proba IA 15.7% | VALUE CLAIRE | Learning BOOST|GLOBAL_BOOST | Calibration +4.0% (36 obs) | Source the-odds-api,0.75,0.42,1.88,0.62,0.88,0.88,1,NO BET,7.43,0.0,0.0,0.0,1721.2,1486.1,300.1,1.61,0.63,0.2151,NO DRAW SIGNAL,1-0,20.38,2-0,15.79,1-1,11.92,SCORE POISSON + FORME - confiance 84%,A recalculer via player_scorers,0.3964,0.6036,0.3667,0.6333,"[('1-0', 0.2038), ('2-0', 0.1579), ('1-1', 0.1192), ('2-1', 0.1113), ('0-1', 0.0878), ('0-0', 0.0767), ('1-2', 0.0498), ('3-0', 0.0339), ('0-2', 0.0323), ('3-1', 0.0269), ('2-2', 0.0181), ('1-3', 0.0092)]",0.0,0.0,0.0,0.0,1035.66
03/10/2026 01:08,WATCHLIST,2026-10-10T16:30:00Z,soccer_spain_la_liga,the-odds-api,football,Barcelona,Getafe,Away Win,Getafe,0.05325551914145018,34.0,0.0294,0.8107,A EVITER,WATCHLIST,False,72.54,5 - WATCHLIST,COTE HAUTE,BOOST|GLOBAL_BOOST,BASELINE,MEGA 70%/3% | SAFE 63%/1% | VALUE 58%/3%,WATCHLIST,cote trop haute,Value positive 81.1% | Proba IA 5.3% | COTE HAUTE | Learning BOOST|GLOBAL_BOOST | Source the-odds-api,0.75,0.42,1.88,0.62,0.88,0.88,1,NO BET,7.43,0.0,0.0,0.0,1721.2,1486.1,300.1,1.61,0.63,0.2151,NO DRAW SIGNAL,1-0,20.38,2-0,15.79,1-1,11.92,SCORE POISSON + FORME - confiance 84%,A recalculer via player_scorers,0.3964,0.6036,0.3667,0.6333,"[('1-0', 0.2038), ('2-0', 0.1579), ('1-1', 0.1192), ('2-1', 0.1113), ('0-1', 0.0878), ('0-0', 0.0767), ('1-2', 0.0498), ('3-0', 0.0339), ('0-2', 0.0323), ('3-1', 0.0269), ('2-2', 0.0181), ('1-3', 0.0092)]",0.0,0.0,0.0,0.0,459.68
03/10/2026 01:08,WATCHLIST,2026-10-10T16:30:00Z,soccer_spain_la_liga,the-odds-api,football,Barcelona,Getafe,Home Win,Barcelona,0.8562988219917189,1.08,0.9259,-0.0752,Elite,FAVORI SOLIDE,True,82.32,2B - FAVORI SOLIDE,OK,BOOST|GLOBAL_BOOST,-6.0% (16 obs),MEGA 70%/3% | SAFE 63%/1% | VALUE 58%/3%,WATCHLIST,value negative,Value negative ou nulle | Proba IA 85.6% | Learning BOOST|GLOBAL_BOOST | Calibration -6.0% (16 obs) | Source the-odds-api,0.75,0.42,1.88,0.62,0.88,0.88,1,NO BET,7.43,0.2692,0.0,0.0,1721.2,1486.1,300.1,1.61,0.63,0.2151,NO DRAW SIGNAL,1-0,20.38,2-0,15.79,1-1,11.92,SCORE POISSON + FORME - confiance 84%,A recalculer via player_scorers,0.3964,0.6036,0.3667,0.6333,"[('1-0', 0.2038), ('2-0', 0.1579), ('1-1', 0.1192), ('2-1', 0.1113), ('0-1', 0.0878), ('0-0', 0.0767), ('1-2', 0.0498), ('3-0', 0.0339), ('0-2', 0.0323), ('3-1', 0.0269), ('2-2', 0.0181), ('1-3', 0.0092)]",0.0,0.0,0.0,0.0,181.77
03/10/2026 01:08,WATCHLIST,2026-10-10T16:45:00Z,soccer_netherlands_eredivisie,the-odds-api,football,Feyenoord,AZ Alkmaar,Draw,Draw,0.3090924011447928,4.0,0.25,0.2364,A EVITER,NUL POSSIBLE,True,89.28,3B - NUL POSSIBLE,MARCHE JUSTE,BOOST|GLOBAL_BOOST,+3.7% (114 obs),MEGA 70%/3% | SAFE 63%/1% | VALUE 58%/3%,WATCHLIST,cote trop haute,Value positive 23.6% | Proba IA 30.9% | MARCHE JUSTE | Learning BOOST|GLOBAL_BOOST | Calibration +3.7% (114 obs) | Source the-odds-api,0.67,0.54,1.5,1.88,0.75,1.12,1,NO BET,7.43,0.1346,0.0788,0.0,1618.2,1549.6,133.6,1.43,0.99,0.2652,NO DRAW SIGNAL,1-0,13.88,1-1,13.81,2-1,10.31,SCORE POISSON + FORME - confiance 80%,A recalculer via player_scorers,0.4344,0.5656,0.4775,0.5225,"[('1-0', 0.1388), ('1-1', 0.1381), ('2-1', 0.1031), ('2-0', 0.0987), ('0-1', 0.0977), ('1-2', 0.0719), ('0-0', 0.0682), ('0-2', 0.0507), ('2-2', 0.0374), ('3-1', 0.0368), ('3-0', 0.0244), ('1-3', 0.0204)]",0.0,0.0,0.0,0.0,255.41
03/10/2026 01:08,WATCHLIST,2026-10-10T16:45:00Z,soccer_netherlands_eredivisie,the-odds-api,football,Feyenoord,AZ Alkmaar,Away Win,AZ Alkmaar,0.3077872508838844,3.8,0.2632,0.1696,A EVITER,WATCHLIST,False,87.43,5 - WATCHLIST,OK,BOOST|GLOBAL_BOOST,+4.0% (49 obs),MEGA 70%/3% | SAFE 63%/1% | VALUE 58%/3%,WATCHLIST,cote trop haute,Value positive 17.0% | Proba IA 30.8% | Learning BOOST|GLOBAL_BOOST | Calibration +4.0% (49 obs) | Source the-odds-api,0.67,0.54,1.5,1.88,0.75,1.12,1,NO BET,7.43,0.0,0.0,0.0,1618.2,1549.6,133.6,1.43,0.99,0.2652,NO DRAW SIGNAL,1-0,13.88,1-1,13.81,2-1,10.31,SCORE POISSON + FORME - confiance 80%,A recalculer via player_scorers,0.4344,0.5656,0.4775,0.5225,"[('1-0', 0.1388), ('1-1', 0.1381), ('2-1', 0.1031), ('2-0', 0.0987), ('0-1', 0.0977), ('1-2', 0.0719), ('0-0', 0.0682), ('0-2', 0.0507), ('2-2', 0.0374), ('3-1', 0.0368), ('3-0', 0.0244), ('1-3', 0.0204)]",0.0,0.0,0.0,0.0,223.87
03/10/2026 01:08,NO BET,2026-10-10T16:45:00Z,soccer_netherlands_eredivisie,the-odds-api,football,Feyenoord,AZ Alkmaar,Home Win,Feyenoord,0.5019495629545881,1.89,0.5291,-0.0513,Faible,NO BET,False,78.18,5 - WATCHLIST,MARCHE JUSTE,BOOST|GLOBAL_BOOST,-6.0% (26 obs),MEGA 70%/3% | SAFE 63%/1% | VALUE 58%/3%,REFUSE,value negative,Value negative ou nulle | Proba IA 50.2% | MARCHE JUSTE | Learning BOOST|GLOBAL_BOOST | Calibration -6.0% (26 obs) | Source the-odds-api,0.67,0.54,1.5,1.88,0.75,1.12,1,NO BET,7.43,0.0,0.0,0.0,1618.2,1549.6,133.6,1.43,0.99,0.2652,NO DRAW SIGNAL,1-0,13.88,1-1,13.81,2-1,10.31,SCORE POISSON + FORME - confiance 80%,A recalculer via player_scorers,0.4344,0.5656,0.4775,0.5225,"[('1-0', 0.1388), ('1-1', 0.1381), ('2-1', 0.1031), ('2-0', 0.0987), ('0-1', 0.0977), ('1-2', 0.0719), ('0-0', 0.0682), ('0-2', 0.0507), ('2-2', 0.0374), ('3-1', 0.0368), ('3-0', 0.0244), ('1-3', 0.0204)]",0.0,0.0,0.0,0.0,150.84
03/10/2026 01:08,MEGA VALUE,2026-10-10T17:00:00Z,soccer_portugal_primeira_liga,the-odds-api,football,CS Maritimo,FC Porto,Away Win,FC Porto,0.805322644875,1.4,0.7143,0.1275,Elite,MEGA VALUE,True,100.0,1 - MEGA VALUE,OK,BOOST|GLOBAL_BOOST,+4.0% (33 obs),MEGA 70%/3% | SAFE 63%/1% | VALUE 58%/3%,JOUABLE,ok,Value positive 12.8% | Proba IA 80.5% | Mode MEGA VALUE | Learning BOOST|GLOBAL_BOOST | Calibration +4.0% (33 obs) | Source the-odds-api,0.5,0.5,1.2,1.1,1.2,1.2,0,VALUE BET,7.43,0.2463,0.22,1.83,1500.0,1500.0,65.0,0.409,1.977,0.1431,NO DRAW SIGNAL,0-2,19.9,0-1,18.44,0-3,13.48,SCORE POISSON + FORME - confiance 78%,A recalculer via player_scorers,0.4653,0.5347,0.2736,0.7264,"[('0-2', 0.199), ('0-1', 0.1844), ('0-3', 0.1348), ('1-2', 0.0784), ('1-1', 0.0729), ('0-0', 0.0573), ('1-0', 0.0487), ('0-4', 0.0475), ('1-3', 0.0383), ('2-1', 0.0253), ('2-0', 0.0168), ('2-2', 0.0131)]",0.0,0.0,0.0,0.0,259.18
03/10/2026 01:08,WATCHLIST,2026-10-10T17:00:00Z,soccer_portugal_primeira_liga,the-odds-api,football,CS Maritimo,FC Porto,Home Win,CS Maritimo,0.1541120820314627,8.5,0.1176,0.31,A EVITER,WATCHLIST,False,69.62,5 - WATCHLIST,COTE HAUTE,BOOST|GLOBAL_BOOST,+4.0% (36 obs),MEGA 70%/3% | SAFE 63%/1% | VALUE 58%/3%,WATCHLIST,cote trop haute,Value positive 31.0% | Proba IA 15.4% | COTE HAUTE | Learning BOOST|GLOBAL_BOOST | Calibration +4.0% (36 obs) | Source the-odds-api,0.5,0.5,1.2,1.1,1.2,1.2,0,NO BET,7.43,0.0,0.0,0.0,1500.0,1500.0,65.0,0.409,1.977,0.1431,NO DRAW SIGNAL,0-2,19.9,0-1,18.44,0-3,13.48,SCORE POISSON + FORME - confiance 78%,A recalculer via player_scorers,0.4653,0.5347,0.2736,0.7264,"[('0-2', 0.199), ('0-1', 0.1844), ('0-3', 0.1348), ('1-2', 0.0784), ('1-1', 0.0729), ('0-0', 0.0573), ('1-0', 0.0487), ('0-4', 0.0475), ('1-3', 0.0383), ('2-1', 0.0253), ('2-0', 0.0168), ('2-2', 0.0131)]",0.0,0.0,0.0,0.0,247.11
03/10/2026 01:08,NO BET,2026-10-10T17:00:00Z,soccer_portugal_primeira_liga,the-odds-api,football,CS Maritimo,FC Porto,Draw,Draw,0.14987942625735917,4.8,0.2083,-0.2806,A EVITER,NO BET,False,28.64,6 - NO BET,DRAW RISQUE,BOOST|GLOBAL_BOOST,-4.5% (32 obs),MEGA 70%/3% | SAFE 63%/1% | VALUE 58%/3%,REFUSE,cote trop haute,Value negative ou nulle | Proba IA 15.0% | DRAW RISQUE | Learning BOOST|GLOBAL_BOOST | Calibration -4.5% (32 obs) | Source the-odds-api,0.5,0.5,1.2,1.1,1.2,1.2,0,NO BET,7.43,0.0,0.0,0.0,1500.0,1500.0,65.0,0.409,1.977,0.1431,NO DRAW SIGNAL,0-2,19.9,0-1,18.44,0-3,13.48,SCORE POISSON + FORME - confiance 78%,A recalculer via player_scorers,0.4653,0.5347,0.2736,0.7264,"[('0-2', 0.199), ('0-1', 0.1844), ('0-3', 0.1348), ('1-2', 0.0784), ('1-1', 0.0729), ('0-0', 0.0573), ('1-0', 0.0487), ('0-4', 0.0475), ('1-3', 0.0383), ('2-1', 0.0253), ('2-0', 0.0168), ('2-2', 0.0131)]",0.0,0.0,0.0,0.0,52.88
03/10/2026 01:08,WATCHLIST,2026-10-10T17:00:00Z,soccer_usa_mls,the-odds-api,football,Toronto FC,CF Montreal,Away Win,CF Montreal,0.3323053164415114,3.5,0.2857,0.1631,A EVITER,WATCHLIST,False,83.56,5 - WATCHLIST,OK,BOOST|GLOBAL_BOOST,+4.0% (64 obs),MEGA 70%/3% | SAFE 63%/1% | VALUE 58%/3%,WATCHLIST,cote trop haute,Value positive 16.3% | Proba IA 33.2% | Learning BOOST|GLOBAL_BOOST | Calibration +4.0% (64 obs) | Source the-odds-api,0.5,0.5,1.2,1.1,1.2,1.2,0,NO BET,7.43,0.0,0.0,0.0,1500.0,1500.0,65.0,1.654,0.837,0.2405,NO DRAW SIGNAL,1-0,15.04,1-1,13.06,2-0,11.91,SCORE POISSON + FORME - confiance 78%,A recalculer via player_scorers,0.4532,0.5468,0.4578,0.5422,"[('1-0', 0.1504), ('1-1', 0.1306), ('2-0', 0.1191), ('2-1', 0.1095), ('0-1', 0.0839), ('0-0', 0.0656), ('1-2', 0.0612), ('3-1', 0.0425), ('0-2', 0.0396), ('2-2', 0.0353), ('3-0', 0.03), ('1-3', 0.0168)]",0.0,0.0,0.0,0.0,217.05
03/10/2026 01:08,WATCHLIST,2026-10-10T17:00:00Z,soccer_usa_mls,the-odds-api,football,Toronto FC,CF Montreal,Draw,Draw,0.30236356376032053,3.9,0.2564,0.1792,A EVITER,NUL POSSIBLE,True,77.16,3B - NUL POSSIBLE,MARCHE JUSTE,BOOST|GLOBAL_BOOST,+3.7% (114 obs),MEGA 70%/3% | SAFE 63%/1% | VALUE 58%/3%,WATCHLIST,cote trop haute,Value positive 17.9% | Proba IA 30.2% | MARCHE JUSTE | Learning BOOST|GLOBAL_BOOST | Calibration +3.7% (114 obs) | Source the-odds-api,0.5,0.5,1.2,1.1,1.2,1.2,0,NO BET,7.43,0.1346,0.0618,0.0,1500.0,1500.0,65.0,1.654,0.837,0.2405,NO DRAW SIGNAL,1-0,15.04,1-1,13.06,2-0,11.91,SCORE POISSON + FORME - confiance 78%,A recalculer via player_scorers,0.4532,0.5468,0.4578,0.5422,"[('1-0', 0.1504), ('1-1', 0.1306), ('2-0', 0.1191), ('2-1', 0.1095), ('0-1', 0.0839), ('0-0', 0.0656), ('1-2', 0.0612), ('3-1', 0.0425), ('0-2', 0.0396), ('2-2', 0.0353), ('3-0', 0.03), ('1-3', 0.0168)]",0.0,0.0,0.0,0.0,212.43
03/10/2026 01:08,NO BET,2026-10-10T17:00:00Z,soccer_usa_mls,the-odds-api,football,Toronto FC,CF Montreal,Home Win,Toronto FC,0.48534452876387413,1.93,0.5181,-0.0633,A EVITER,NO BET,False,68.96,5 - WATCHLIST,OK,BOOST|GLOBAL_BOOST,-6.0% (26 obs),MEGA 70%/3% | SAFE 63%/1% | VALUE 58%/3%,REFUSE,value negative,Value negative ou nulle | Proba IA 48.5% | Learning BOOST|GLOBAL_BOOST | Calibration -6.0% (26 obs) | Source the-odds-api,0.5,0.5,1.2,1.1,1.2,1.2,0,NO BET,7.43,0.0,0.0,0.0,1500.0,1500.0,65.0,1.654,0.837,0.2405,NO DRAW SIGNAL,1-0,15.04,1-1,13.06,2-0,11.91,SCORE POISSON + FORME - confiance 78%,A recalculer via player_scorers,0.4532,0.5468,0.4578,0.5422,"[('1-0', 0.1504), ('1-1', 0.1306), ('2-0', 0.1191), ('2-1', 0.1095), ('0-1', 0.0839), ('0-0', 0.0656), ('1-2', 0.0612), ('3-1', 0.0425), ('0-2', 0.0396), ('2-2', 0.0353), ('3-0', 0.03), ('1-3', 0.0168)]",0.0,0.0,0.0,0.0,136.03
03/10/2026 01:08,WATCHLIST,2026-10-10T17:30:00Z,soccer_italy_serie_b,the-odds-api,football,Arezzo,Cremonese,Draw,Draw,0.32341831299560486,3.2,0.3125,0.0349,A EVITER,NUL POSSIBLE,True,70.95,3B - NUL POSSIBLE,MARCHE JUSTE,BOOST|GLOBAL_BOOST,+1.2% (179 obs),MEGA 70%/3% | SAFE 63%/1% | VALUE 58%/3%,WATCHLIST,cote trop haute,Value positive 3.5% | Proba IA 32.3% | MARCHE JUSTE | Learning BOOST|GLOBAL_BOOST | Calibration +1.2% (179 obs) | Source the-odds-api,0.5,0.29,1.2,0.88,1.2,1.62,0.95,NO BET,7.43,0.1346,0.0159,0.0,1500.0,1420.9,144.1,1.37,0.838,0.2731,DRAW POSSIBLE - tight 33%,1-0,16.26,1-1,14.05,2-0,11.11,SCORE POISSON + FORME - confiance 84%,A recalculer via player_scorers,0.3792,0.6208,0.4223,0.5777,"[('1-0', 0.1626), ('1-1', 0.1405), ('2-0', 0.1111), ('0-1', 0.1037), ('2-1', 0.1026), ('0-0', 0.0811), ('1-2', 0.0656), ('0-2', 0.0476), ('3-0', 0.0258), ('3-1', 0.0258), ('2-2', 0.0245), ('1-3', 0.0139)]",0.0,0.0,0.0,0.0,142.67
03/10/2026 01:08,NO BET,2026-10-10T17:30:00Z,soccer_italy_serie_b,the-odds-api,football,Arezzo,Cremonese,Home Win,Arezzo,0.33579069141221524,2.9,0.3448,-0.0262,A EVITER,NO BET,False,68.44,5 - WATCHLIST,VALUE CLAIRE,BOOST|GLOBAL_BOOST,-6.0% (36 obs),MEGA 70%/3% | SAFE 63%/1% | VALUE 58%/3%,REFUSE,value negative,Value negative ou nulle | Proba IA 33.6% | VALUE CLAIRE | Learning BOOST|GLOBAL_BOOST | Calibration -6.0% (36 obs) | Source the-odds-api,0.5,0.29,1.2,0.88,1.2,1.62,0.95,NO BET,7.43,0.0,0.0,0.0,1500.0,1420.9,144.1,1.37,0.838,0.2731,NO DRAW SIGNAL,1-0,16.26,1-1,14.05,2-0,11.11,SCORE POISSON + FORME - confiance 84%,A recalculer via player_scorers,0.3792,0.6208,0.4223,0.5777,"[('1-0', 0.1626), ('1-1', 0.1405), ('2-0', 0.1111), ('0-1', 0.1037), ('2-1', 0.1026), ('0-0', 0.0811), ('1-2', 0.0656), ('0-2', 0.0476), ('3-0', 0.0258), ('3-1', 0.0258), ('2-2', 0.0245), ('1-3', 0.0139)]",0.0,0.0,0.0,0.0,124.8
03/10/2026 01:08,NO BET,2026-10-10T17:30:00Z,soccer_italy_serie_b,the-odds-api,football,Arezzo,Cremonese,Away Win,Cremonese,0.3465600057192015,2.4,0.4167,-0.1683,A EVITER,NO BET,False,60.41,5 - WATCHLIST,OK,BOOST|GLOBAL_BOOST,-4.1% (61 obs),MEGA 70%/3% | SAFE 63%/1% | VALUE 58%/3%,REFUSE,value negative,Value negative ou nulle | Proba IA 34.7% | Learning BOOST|GLOBAL_BOOST | Calibration -4.1% (61 obs) | Source the-odds-api,0.5,0.29,1.2,0.88,1.2,1.62,0.95,NO BET,7.43,0.0,0.0,0.0,1500.0,1420.9,144.1,1.37,0.838,0.2731,NO DRAW SIGNAL,1-0,16.26,1-1,14.05,2-0,11.11,SCORE POISSON + FORME - confiance 84%,A recalculer via player_scorers,0.3792,0.6208,0.4223,0.5777,"[('1-0', 0.1626), ('1-1', 0.1405), ('2-0', 0.1111), ('0-1', 0.1037), ('2-1', 0.1026), ('0-0', 0.0811), ('1-2', 0.0656), ('0-2', 0.0476), ('3-0', 0.0258), ('3-1', 0.0258), ('2-2', 0.0245), ('1-3', 0.0139)]",0.0,0.0,0.0,0.0,113.67
03/10/2026 01:08,WATCHLIST,2026-10-10T18:00:00Z,soccer_france_ligue_two,the-odds-api,football,Saint Etienne,Rodez AF,Draw,Draw,0.2681767286617918,5.0,0.2,0.3409,A EVITER,WATCHLIST,False,75.61,5 - WATCHLIST,COTE HAUTE,BOOST|GLOBAL_BOOST,+3.7% (114 obs),MEGA 70%/3% | SAFE 63%/1% | VALUE 58%/3%,WATCHLIST,cote trop haute,Value positive 34.1% | Proba IA 26.8% | COTE HAUTE | Learning BOOST|GLOBAL_BOOST | Calibration +3.7% (114 obs) | Source the-odds-api,0.29,0.5,1.5,1.1,2.5,1.2,0.85,NO BET,7.43,0.0,0.0,0.0,1500.0,1500.0,65.0,1.42,0.93,0.2656,NO DRAW SIGNAL,1-0,14.55,1-1,13.66,2-0,10.25,SCORE POISSON + FORME - confiance 84%,A recalculer via player_scorers,0.4168,0.5832,0.4581,0.5419,"[('1-0', 0.1455), ('1-1', 0.1366), ('2-0', 0.1025), ('2-1', 0.1025), ('0-1', 0.0981), ('0-0', 0.071), ('1-2', 0.0687), ('0-2', 0.0486), ('3-1', 0.0363), ('2-2', 0.0356), ('3-0', 0.025), ('1-3', 0.0191)]",0.0,0.0,0.0,0.0,277.26
03/10/2026 01:08,WATCHLIST,2026-10-10T18:00:00Z,soccer_france_ligue_two,the-odds-api,football,Saint Etienne,Rodez AF,Away Win,Rodez AF,0.16090693256656574,7.0,0.1429,0.1263,A EVITER,WATCHLIST,False,64.34,5 - WATCHLIST,VALUE CLAIRE,BOOST|GLOBAL_BOOST,-3.0% (36 obs),MEGA 70%/3% | SAFE 63%/1% | VALUE 58%/3%,WATCHLIST,cote trop haute,Value positive 12.6% | Proba IA 16.1% | VALUE CLAIRE | Learning BOOST|GLOBAL_BOOST | Calibration -3.0% (36 obs) | Source the-odds-api,0.29,0.5,1.5,1.1,2.5,1.2,0.85,NO BET,7.43,0.0,0.0,0.0,1500.0,1500.0,65.0,1.42,0.93,0.2656,NO DRAW SIGNAL,1-0,14.55,1-1,13.66,2-0,10.25,SCORE POISSON + FORME - confiance 84%,A recalculer via player_scorers,0.4168,0.5832,0.4581,0.5419,"[('1-0', 0.1455), ('1-1', 0.1366), ('2-0', 0.1025), ('2-1', 0.1025), ('0-1', 0.0981), ('0-0', 0.071), ('1-2', 0.0687), ('0-2', 0.0486), ('3-1', 0.0363), ('2-2', 0.0356), ('3-0', 0.025), ('1-3', 0.0191)]",0.0,0.0,0.0,0.0,160.82
03/10/2026 01:08,WATCHLIST,2026-10-10T18:00:00Z,soccer_france_ligue_two,the-odds-api,football,Saint Etienne,Rodez AF,Home Win,Saint Etienne,0.6402163182419708,1.36,0.7353,-0.1293,Moyenne,WATCHLIST,False,76.44,5 - WATCHLIST,OK,BOOST|GLOBAL_BOOST,-2.9% (29 obs),MEGA 70%/3% | SAFE 63%/1% | VALUE 58%/3%,WATCHLIST,value negative,Value negative ou nulle | Proba IA 64.0% | Learning BOOST|GLOBAL_BOOST | Calibration -2.9% (29 obs) | Source the-odds-api,0.29,0.5,1.5,1.1,2.5,1.2,0.85,NO BET,7.43,0.0,0.0,0.0,1500.0,1500.0,65.0,1.42,0.93,0.2656,NO DRAW SIGNAL,1-0,14.55,1-1,13.66,2-0,10.25,SCORE POISSON + FORME - confiance 84%,A recalculer via player_scorers,0.4168,0.5832,0.4581,0.5419,"[('1-0', 0.1455), ('1-1', 0.1366), ('2-0', 0.1025), ('2-1', 0.1025), ('0-1', 0.0981), ('0-0', 0.071), ('1-2', 0.0687), ('0-2', 0.0486), ('3-1', 0.0363), ('2-2', 0.0356), ('3-0', 0.025), ('1-3', 0.0191)]",0.0,0.0,0.0,0.0,157.95
03/10/2026 01:08,WATCHLIST,2026-10-10T18:00:00Z,soccer_netherlands_eredivisie,the-odds-api,football,Fortuna Sittard,FC Twente Enschede,Away Win,FC Twente Enschede,0.7693812157500001,1.44,0.6944,0.1079,Forte,MEGA VALUE,True,100.0,1 - MEGA VALUE,OK,BOOST|GLOBAL_BOOST,+4.0% (15 obs),MEGA 70%/3% | SAFE 63%/1% | VALUE 58%/3%,WATCHLIST,watchlist prudente,Value positive 10.8% | Proba IA 76.9% | Learning BOOST|GLOBAL_BOOST | Calibration +4.0% (15 obs) | Source the-odds-api,0.5,0.5,1.2,1.1,1.2,1.2,0,NO BET,7.43,0.4038,0.22,0.0,1500.0,1500.0,65.0,0.517,1.86,0.1683,NO DRAW SIGNAL,0-2,18.96,0-1,18.92,1-1,9.86,SCORE POISSON + FORME - confiance 68%,A recalculer via player_scorers,0.4445,0.5555,0.3276,0.6724,"[('0-2', 0.1896), ('0-1', 0.1892), ('1-1', 0.0986), ('1-2', 0.0967), ('1-0', 0.0706), ('0-0', 0.0655), ('1-3', 0.0447), ('2-1', 0.0425), ('0-3', 0.0421), ('2-0', 0.0296), ('2-2', 0.0211), ('0-4', 0.0133)]",0.0,0.0,0.0,0.0,248.26
03/10/2026 01:08,WATCHLIST,2026-10-10T18:00:00Z,soccer_netherlands_eredivisie,the-odds-api,football,Fortuna Sittard,FC Twente Enschede,Home Win,Fortuna Sittard,0.1896012727527925,6.5,0.1538,0.2324,A EVITER,WATCHLIST,False,71.11,5 - WATCHLIST,COTE HAUTE,BOOST|GLOBAL_BOOST,+4.0% (36 obs),MEGA 70%/3% | SAFE 63%/1% | VALUE 58%/3%,WATCHLIST,cote trop haute,Value positive 23.2% | Proba IA 19.0% | COTE HAUTE | Learning BOOST|GLOBAL_BOOST | Calibration +4.0% (36 obs) | Source the-odds-api,0.5,0.5,1.2,1.1,1.2,1.2,0,NO BET,7.43,0.0,0.0,0.0,1500.0,1500.0,65.0,0.517,1.86,0.1683,NO DRAW SIGNAL,0-2,18.96,0-1,18.92,1-1,9.86,SCORE POISSON + FORME - confiance 68%,A recalculer via player_scorers,0.4445,0.5555,0.3276,0.6724,"[('0-2', 0.1896), ('0-1', 0.1892), ('1-1', 0.0986), ('1-2', 0.0967), ('1-0', 0.0706), ('0-0', 0.0655), ('1-3', 0.0447), ('2-1', 0.0425), ('0-3', 0.0421), ('2-0', 0.0296), ('2-2', 0.0211), ('0-4', 0.0133)]",0.0,0.0,0.0,0.0,218.45
03/10/2026 01:08,NO BET,2026-10-10T18:00:00Z,soccer_netherlands_eredivisie,the-odds-api,football,Fortuna Sittard,FC Twente Enschede,Draw,Draw,0.15107325224492682,5.0,0.2,-0.2446,A EVITER,NO BET,False,28.7,6 - NO BET,DRAW RISQUE,BOOST|GLOBAL_BOOST,-4.5% (32 obs),MEGA 70%/3% | SAFE 63%/1% | VALUE 58%/3%,REFUSE,cote trop haute,Value negative ou nulle | Proba IA 15.1% | DRAW RISQUE | Learning BOOST|GLOBAL_BOOST | Calibration -4.5% (32 obs) | Source the-odds-api,0.5,0.5,1.2,1.1,1.2,1.2,0,NO BET,7.43,0.0,0.0,0.0,1500.0,1500.0,65.0,0.517,1.86,0.1683,NO DRAW SIGNAL,0-2,18.96,0-1,18.92,1-1,9.86,SCORE POISSON + FORME - confiance 68%,A recalculer via player_scorers,0.4445,0.5555,0.3276,0.6724,"[('0-2', 0.1896), ('0-1', 0.1892), ('1-1', 0.0986), ('1-2', 0.0967), ('1-0', 0.0706), ('0-0', 0.0655), ('1-3', 0.0447), ('2-1', 0.0425), ('0-3', 0.0421), ('2-0', 0.0296), ('2-2', 0.0211), ('0-4', 0.0133)]",0.0,0.0,0.0,0.0,53.05
03/10/2026 01:08,WATCHLIST,2026-10-10T18:30:00Z,soccer_germany_bundesliga2,the-odds-api,football,1. FC Nürnberg,VfL Wolfsburg,Draw,Draw,0.3108288753085276,4.0,0.25,0.2433,A EVITER,NUL POSSIBLE,True,82.2,3B - NUL POSSIBLE,MARCHE JUSTE,BOOST|GLOBAL_BOOST,+3.7% (114 obs),MEGA 70%/3% | SAFE 63%/1% | VALUE 58%/3%,WATCHLIST,cote trop haute,Value positive 24.3% | Proba IA 31.1% | MARCHE JUSTE | Learning BOOST|GLOBAL_BOOST | Calibration +3.7% (114 obs) | Source the-odds-api,0.5,0.5,1.2,1.1,1.2,1.2,0,NO BET,7.43,0.1346,0.0811,0.0,1500.0,1500.0,65.0,1.318,1.114,0.2828,NO DRAW SIGNAL,1-1,14.57,1-0,12.65,0-1,10.36,SCORE POISSON + FORME - confiance 78%,A recalculer via player_scorers,0.433,0.567,0.4938,0.5062,"[('1-1', 0.1457), ('1-0', 0.1265), ('0-1', 0.1036), ('2-1', 0.0969), ('2-0', 0.0864), ('1-2', 0.0782), ('0-0', 0.07), ('0-2', 0.059), ('2-2', 0.0394), ('3-1', 0.0336), ('1-3', 0.0235), ('3-0', 0.0217)]",0.0,0.0,0.0,0.0,248.04
03/10/2026 01:08,NO BET,2026-10-10T18:30:00Z,soccer_germany_bundesliga2,the-odds-api,football,1. FC Nürnberg,VfL Wolfsburg,Away Win,VfL Wolfsburg,0.3835081603269742,2.45,0.4082,-0.0604,A EVITER,NO BET,False,60.01,5 - WATCHLIST,OK,BOOST|GLOBAL_BOOST,-2.8% (18 obs),MEGA 70%/3% | SAFE 63%/1% | VALUE 58%/3%,REFUSE,value negative,Value negative ou nulle | Proba IA 38.4% | Learning BOOST|GLOBAL_BOOST | Calibration -2.8% (18 obs) | Source the-odds-api,0.5,0.5,1.2,1.1,1.2,1.2,0,NO BET,7.43,0.0,0.0,0.0,1500.0,1500.0,65.0,1.318,1.114,0.2828,NO DRAW SIGNAL,1-1,14.57,1-0,12.65,0-1,10.36,SCORE POISSON + FORME - confiance 78%,A recalculer via player_scorers,0.433,0.567,0.4938,0.5062,"[('1-1', 0.1457), ('1-0', 0.1265), ('0-1', 0.1036), ('2-1', 0.0969), ('2-0', 0.0864), ('1-2', 0.0782), ('0-0', 0.07), ('0-2', 0.059), ('2-2', 0.0394), ('3-1', 0.0336), ('1-3', 0.0235), ('3-0', 0.0217)]",0.0,0.0,0.0,0.0,115.66
03/10/2026 01:08,NO BET,2026-10-10T18:30:00Z,soccer_germany_bundesliga2,the-odds-api,football,1. FC Nürnberg,VfL Wolfsburg,Home Win,1. FC Nürnberg,0.3543492590371308,2.45,0.4082,-0.1318,A EVITER,NO BET,False,54.23,6 - NO BET,MARCHE JUSTE,BOOST|GLOBAL_BOOST,-6.0% (36 obs),MEGA 70%/3% | SAFE 63%/1% | VALUE 58%/3%,REFUSE,value negative,Value negative ou nulle | Proba IA 35.4% | MARCHE JUSTE | Learning BOOST|GLOBAL_BOOST | Calibration -6.0% (36 obs) | Source the-odds-api,0.5,0.5,1.2,1.1,1.2,1.2,0,NO BET,7.43,0.0,0.0,0.0,1500.0,1500.0,65.0,1.318,1.114,0.2828,NO DRAW SIGNAL,1-1,14.57,1-0,12.65,0-1,10.36,SCORE POISSON + FORME - confiance 78%,A recalculer via player_scorers,0.433,0.567,0.4938,0.5062,"[('1-1', 0.1457), ('1-0', 0.1265), ('0-1', 0.1036), ('2-1', 0.0969), ('2-0', 0.0864), ('1-2', 0.0782), ('0-0', 0.07), ('0-2', 0.059), ('2-2', 0.0394), ('3-1', 0.0336), ('1-3', 0.0235), ('3-0', 0.0217)]",0.0,0.0,0.0,0.0,105.06
03/10/2026 01:08,WATCHLIST,2026-10-10T18:30:00Z,soccer_usa_mls,the-odds-api,football,Chicago Fire,New York City FC,Away Win,New York City FC,0.2987782872603843,4.0,0.25,0.1951,A EVITER,WATCHLIST,False,82.84,5 - WATCHLIST,OK,BOOST|GLOBAL_BOOST,+4.0% (49 obs),MEGA 70%/3% | SAFE 63%/1% | VALUE 58%/3%,WATCHLIST,cote trop haute,Value positive 19.5% | Proba IA 29.9% | Learning BOOST|GLOBAL_BOOST | Calibration +4.0% (49 obs) | Source the-odds-api,0.5,0.5,1.2,1.1,1.2,1.2,0,NO BET,7.43,0.0,0.0,0.0,1500.0,1500.0,65.0,1.775,0.75,0.1996,NO DRAW SIGNAL,1-0,17.07,2-0,14.4,2-1,11.79,SCORE POISSON + FORME - confiance 78%,A recalculer via player_scorers,0.4708,0.5292,0.4308,0.5692,"[('1-0', 0.1707), ('2-0', 0.144), ('2-1', 0.1179), ('1-1', 0.1166), ('0-1', 0.0794), ('0-0', 0.0602), ('1-2', 0.0555), ('3-1', 0.0469), ('3-0', 0.0337), ('0-2', 0.0334), ('2-2', 0.0297), ('3-2', 0.0144)]",0.0,0.0,0.0,0.0,227.42
03/10/2026 01:08,WATCHLIST,2026-10-10T18:30:00Z,soccer_usa_mls,the-odds-api,football,Chicago Fire,New York City FC,Home Win,Chicago Fire,0.5987579975828027,1.8,0.5556,0.0778,Moyenne,VALUE BET,True,89.94,3 - VALUE BET,OK,BOOST|GLOBAL_BOOST,-0.7% (30 obs),MEGA 70%/3% | SAFE 63%/1% | VALUE 58%/3%,WATCHLIST,watchlist prudente,Value positive 7.8% | Proba IA 59.9% | Learning BOOST|GLOBAL_BOOST | Calibration -0.7% (30 obs) | Source the-odds-api,0.5,0.5,1.2,1.1,1.2,1.2,0,NO BET,7.43,0.1346,0.0972,0.0,1500.0,1500.0,65.0,1.775,0.75,0.1996,NO DRAW SIGNAL,1-0,17.07,2-0,14.4,2-1,11.79,SCORE POISSON + FORME - confiance 78%,A recalculer via player_scorers,0.4708,0.5292,0.4308,0.5692,"[('1-0', 0.1707), ('2-0', 0.144), ('2-1', 0.1179), ('1-1', 0.1166), ('0-1', 0.0794), ('0-0', 0.0602), ('1-2', 0.0555), ('3-1', 0.0469), ('3-0', 0.0337), ('0-2', 0.0334), ('2-2', 0.0297), ('3-2', 0.0144)]",0.0,0.0,0.0,0.0,208.46
03/10/2026 01:08,WATCHLIST,2026-10-10T18:30:00Z,soccer_usa_mls,the-odds-api,football,Chicago Fire,New York City FC,Draw,Draw,0.2784870440089671,4.2,0.2381,0.1696,A EVITER,NUL POSSIBLE,True,65.06,3B - NUL POSSIBLE,DRAW RISQUE,BOOST|GLOBAL_BOOST,+3.7% (114 obs),MEGA 70%/3% | SAFE 63%/1% | VALUE 58%/3%,WATCHLIST,cote trop haute,Value positive 17.0% | Proba IA 27.8% | DRAW RISQUE | Learning BOOST|GLOBAL_BOOST | Calibration +3.7% (114 obs) | Source the-odds-api,0.5,0.5,1.2,1.1,1.2,1.2,0,NO BET,7.43,0.1346,0.053,0.0,1500.0,1500.0,65.0,1.775,0.75,0.1996,NO DRAW SIGNAL,1-0,17.07,2-0,14.4,2-1,11.79,SCORE POISSON + FORME - confiance 78%,A recalculer via player_scorers,0.4708,0.5292,0.4308,0.5692,"[('1-0', 0.1707), ('2-0', 0.144), ('2-1', 0.1179), ('1-1', 0.1166), ('0-1', 0.0794), ('0-0', 0.0602), ('1-2', 0.0555), ('3-1', 0.0469), ('3-0', 0.0337), ('0-2', 0.0334), ('2-2', 0.0297), ('3-2', 0.0144)]",0.0,0.0,0.0,0.0,188.73
03/10/2026 01:08,WATCHLIST,2026-10-10T18:45:00Z,soccer_argentina_primera_division,the-odds-api,football,Barracas Central,Atlético Huracán,Home Win,Barracas Central,0.3344883357894141,3.25,0.3077,0.0871,A EVITER,WATCHLIST,False,74.91,5 - WATCHLIST,MARCHE JUSTE,BOOST|GLOBAL_BOOST,+1.2% (35 obs),MEGA 70%/3% | SAFE 63%/1% | VALUE 58%/3%,WATCHLIST,cote trop haute,Value positive 8.7% | Proba IA 33.4% | MARCHE JUSTE | Learning BOOST|GLOBAL_BOOST | Calibration +1.2% (35 obs) | Source the-odds-api,0.5,0.5,1.2,1.1,1.2,1.2,0,NO BET,7.43,0.0,0.0,0.0,1500.0,1500.0,65.0,1.152,1.165,0.3029,NO DRAW SIGNAL,1-1,15.12,1-0,12.15,0-1,11.41,SCORE POISSON + FORME - confiance 78%,A recalculer via player_scorers,0.3993,0.6007,0.4746,0.5254,"[('1-1', 0.1512), ('1-0', 0.1215), ('0-1', 0.1141), ('2-1', 0.0877), ('1-2', 0.0802), ('0-0', 0.0776), ('2-0', 0.0767), ('0-2', 0.0678), ('2-2', 0.0379), ('3-1', 0.029), ('1-3', 0.025), ('3-0', 0.0194)]",0.0,0.0,0.0,0.0,171.73
03/10/2026 01:08,NO BET,2026-10-10T18:45:00Z,soccer_argentina_primera_division,the-odds-api,football,Barracas Central,Atlético Huracán,Away Win,Atlético Huracán,0.37005173364883476,2.6,0.3846,-0.0379,A EVITER,NO BET,False,62.04,5 - WATCHLIST,MARCHE JUSTE,BOOST|GLOBAL_BOOST,-2.8% (18 obs),MEGA 70%/3% | SAFE 63%/1% | VALUE 58%/3%,REFUSE,value negative,Value negative ou nulle | Proba IA 37.0% | MARCHE JUSTE | Learning BOOST|GLOBAL_BOOST | Calibration -2.8% (18 obs) | Source the-odds-api,0.5,0.5,1.2,1.1,1.2,1.2,0,NO BET,7.43,0.0,0.0,0.0,1500.0,1500.0,65.0,1.152,1.165,0.3029,NO DRAW SIGNAL,1-1,15.12,1-0,12.15,0-1,11.41,SCORE POISSON + FORME - confiance 78%,A recalculer via player_scorers,0.3993,0.6007,0.4746,0.5254,"[('1-1', 0.1512), ('1-0', 0.1215), ('0-1', 0.1141), ('2-1', 0.0877), ('1-2', 0.0802), ('0-0', 0.0776), ('2-0', 0.0767), ('0-2', 0.0678), ('2-2', 0.0379), ('3-1', 0.029), ('1-3', 0.025), ('3-0', 0.0194)]",0.0,0.0,0.0,0.0,117.72
03/10/2026 01:08,WATCHLIST,2026-10-10T18:45:00Z,soccer_argentina_primera_division,the-odds-api,football,Barracas Central,Atlético Huracán,Draw,Draw,0.316038297799732,2.8,0.3571,-0.1151,A EVITER,WATCHLIST,False,48.62,6 - NO BET,NUL SERRE,BOOST|GLOBAL_BOOST,-6.0% (59 obs),MEGA 70%/3% | SAFE 63%/1% | VALUE 58%/3%,WATCHLIST,value negative,Value negative ou nulle | Proba IA 31.6% | NUL SERRE | Learning BOOST|GLOBAL_BOOST | Calibration -6.0% (59 obs) | Source the-odds-api,0.5,0.5,1.2,1.1,1.2,1.2,0,NO BET,7.43,0.0,0.0,0.0,1500.0,1500.0,65.0,1.152,1.165,0.3029,DRAW POSSIBLE - tight 75%,1-1,15.12,1-0,12.15,0-1,11.41,SCORE POISSON + FORME - confiance 78%,A recalculer via player_scorers,0.3993,0.6007,0.4746,0.5254,"[('1-1', 0.1512), ('1-0', 0.1215), ('0-1', 0.1141), ('2-1', 0.0877), ('1-2', 0.0802), ('0-0', 0.0776), ('2-0', 0.0767), ('0-2', 0.0678), ('2-2', 0.0379), ('3-1', 0.029), ('1-3', 0.025), ('3-0', 0.0194)]",0.0,0.0,0.0,0.0,94.08
03/10/2026 01:08,WATCHLIST,2026-10-10T18:45:00Z,soccer_belgium_first_div,the-odds-api,football,Genk,KV Kortrijk,Draw,Draw,0.30334033047742137,4.6,0.2174,0.3954,A EVITER,WATCHLIST,False,79.04,5 - WATCHLIST,COTE HAUTE,BOOST|GLOBAL_BOOST,+3.7% (114 obs),MEGA 70%/3% | SAFE 63%/1% | VALUE 58%/3%,WATCHLIST,cote trop haute,Value positive 39.5% | Proba IA 30.3% | COTE HAUTE | Learning BOOST|GLOBAL_BOOST | Calibration +3.7% (114 obs) | Source the-odds-api,0.54,0.5,1.12,1.1,0.62,1.2,1,NO BET,7.43,0.0,0.0,0.0,1564.0,1500.0,129.0,1.16,0.84,0.3182,DRAW POSSIBLE - tight 12%,1-0,16.27,1-1,14.54,0-0,13.33,SCORE POISSON + FORME - confiance 84%,A recalculer via player_scorers,0.2837,0.7163,0.3688,0.6312,"[('1-0', 0.1627), ('1-1', 0.1454), ('0-0', 0.1333), ('0-1', 0.1183), ('2-0', 0.0981), ('2-1', 0.0795), ('1-2', 0.0572), ('0-2', 0.0534), ('2-2', 0.0202), ('3-1', 0.0196), ('3-0', 0.0194), ('1-3', 0.0122)]",0.0,0.0,0.0,0.0,308.22
03/10/2026 01:08,WATCHLIST,2026-10-10T18:45:00Z,soccer_belgium_first_div,the-odds-api,football,Genk,KV Kortrijk,Home Win,Genk,0.6362007217383342,1.48,0.6757,-0.0584,Moyenne,WATCHLIST,False,83.0,5 - WATCHLIST,OK,BOOST|GLOBAL_BOOST,-0.7% (30 obs),MEGA 70%/3% | SAFE 63%/1% | VALUE 58%/3%,WATCHLIST,value negative,Value negative ou nulle | Proba IA 63.6% | Learning BOOST|GLOBAL_BOOST | Calibration -0.7% (30 obs) | Source the-odds-api,0.54,0.5,1.12,1.1,0.62,1.2,1,NO BET,7.43,0.0,0.0,0.0,1564.0,1500.0,129.0,1.16,0.84,0.3182,NO DRAW SIGNAL,1-0,16.27,1-1,14.54,0-0,13.33,SCORE POISSON + FORME - confiance 84%,A recalculer via player_scorers,0.2837,0.7163,0.3688,0.6312,"[('1-0', 0.1627), ('1-1', 0.1454), ('0-0', 0.1333), ('0-1', 0.1183), ('2-0', 0.0981), ('2-1', 0.0795), ('1-2', 0.0572), ('0-2', 0.0534), ('2-2', 0.0202), ('3-1', 0.0196), ('3-0', 0.0194), ('1-3', 0.0122)]",0.0,0.0,0.0,0.0,167.37
03/10/2026 01:08,WATCHLIST,2026-10-10T18:45:00Z,soccer_belgium_first_div,the-odds-api,football,Genk,KV Kortrijk,Away Win,KV Kortrijk,0.15383660668483146,6.8,0.1471,0.0461,A EVITER,WATCHLIST,False,56.76,5 - WATCHLIST,COTE HAUTE,BOOST|GLOBAL_BOOST,-3.0% (36 obs),MEGA 70%/3% | SAFE 63%/1% | VALUE 58%/3%,WATCHLIST,cote trop haute,Value positive 4.6% | Proba IA 15.4% | COTE HAUTE | Learning BOOST|GLOBAL_BOOST | Calibration -3.0% (36 obs) | Source the-odds-api,0.54,0.5,1.12,1.1,0.62,1.2,1,NO BET,7.43,0.0,0.0,0.0,1564.0,1500.0,129.0,1.16,0.84,0.3182,NO DRAW SIGNAL,1-0,16.27,1-1,14.54,0-0,13.33,SCORE POISSON + FORME - confiance 84%,A recalculer via player_scorers,0.2837,0.7163,0.3688,0.6312,"[('1-0', 0.1627), ('1-1', 0.1454), ('0-0', 0.1333), ('0-1', 0.1183), ('2-0', 0.0981), ('2-1', 0.0795), ('1-2', 0.0572), ('0-2', 0.0534), ('2-2', 0.0202), ('3-1', 0.0196), ('3-0', 0.0194), ('1-3', 0.0122)]",0.0,0.0,0.0,0.0,114.59
03/10/2026 01:08,WATCHLIST,2026-10-10T18:45:00Z,soccer_belgium_first_div,the-odds-api,football,SV Zulte-Waregem,Gent,Draw,Draw,0.3226586055489709,3.5,0.2857,0.1293,A EVITER,NUL POSSIBLE,True,82.42,3B - NUL POSSIBLE,MARCHE JUSTE,BOOST|GLOBAL_BOOST,+1.2% (179 obs),MEGA 70%/3% | SAFE 63%/1% | VALUE 58%/3%,WATCHLIST,cote trop haute,Value positive 12.9% | Proba IA 32.3% | MARCHE JUSTE | Learning BOOST|GLOBAL_BOOST | Calibration +1.2% (179 obs) | Source the-odds-api,0.5,0.21,1.2,0.25,1.2,1.25,1,NO BET,7.43,0.1346,0.0517,0.0,1500.0,1488.9,76.1,1.34,0.67,0.2902,DRAW POSSIBLE - tight 48%,1-0,18.69,1-1,13.34,0-0,12.99,SCORE POISSON + FORME - confiance 84%,A recalculer via player_scorers,0.2887,0.7113,0.3387,0.6613,"[('1-0', 0.1869), ('1-1', 0.1334), ('0-0', 0.1299), ('2-0', 0.1243), ('0-1', 0.1004), ('2-1', 0.0843), ('1-2', 0.0474), ('0-2', 0.0392), ('3-0', 0.024), ('3-1', 0.0215), ('2-2', 0.0188), ('1-3', 0.0106)]",0.0,0.0,0.0,0.0,200.17
03/10/2026 01:08,WATCHLIST,2026-10-10T18:45:00Z,soccer_belgium_first_div,the-odds-api,football,SV Zulte-Waregem,Gent,Home Win,SV Zulte-Waregem,0.36346574839673845,2.87,0.3484,0.0431,A EVITER,WATCHLIST,False,78.23,5 - WATCHLIST,VALUE CLAIRE,BOOST|GLOBAL_BOOST,-6.0% (36 obs),MEGA 70%/3% | SAFE 63%/1% | VALUE 58%/3%,WATCHLIST,proba trop basse,Value positive 4.3% | Proba IA 36.3% | VALUE CLAIRE | Learning BOOST|GLOBAL_BOOST | Calibration -6.0% (36 obs) | Source the-odds-api,0.5,0.21,1.2,0.25,1.2,1.25,1,NO BET,7.43,0.0,0.0,0.0,1500.0,1488.9,76.1,1.34,0.67,0.2902,NO DRAW SIGNAL,1-0,18.69,1-1,13.34,0-0,12.99,SCORE POISSON + FORME - confiance 84%,A recalculer via player_scorers,0.2887,0.7113,0.3387,0.6613,"[('1-0', 0.1869), ('1-1', 0.1334), ('0-0', 0.1299), ('2-0', 0.1243), ('0-1', 0.1004), ('2-1', 0.0843), ('1-2', 0.0474), ('0-2', 0.0392), ('3-0', 0.024), ('3-1', 0.0215), ('2-2', 0.0188), ('1-3', 0.0106)]",0.0,0.0,0.0,0.0,159.78
03/10/2026 01:08,NO BET,2026-10-10T18:45:00Z,soccer_belgium_first_div,the-odds-api,football,SV Zulte-Waregem,Gent,Away Win,Gent,0.3182787021922644,2.65,0.3774,-0.1566,A EVITER,NO BET,False,59.87,5 - WATCHLIST,OK,BOOST|GLOBAL_BOOST,-4.1% (61 obs),MEGA 70%/3% | SAFE 63%/1% | VALUE 58%/3%,REFUSE,value negative,Value negative ou nulle | Proba IA 31.8% | Learning BOOST|GLOBAL_BOOST | Calibration -4.1% (61 obs) | Source the-odds-api,0.5,0.21,1.2,0.25,1.2,1.25,1,NO BET,7.43,0.0,0.0,0.0,1500.0,1488.9,76.1,1.34,0.67,0.2902,NO DRAW SIGNAL,1-0,18.69,1-1,13.34,0-0,12.99,SCORE POISSON + FORME - confiance 84%,A recalculer via player_scorers,0.2887,0.7113,0.3387,0.6613,"[('1-0', 0.1869), ('1-1', 0.1334), ('0-0', 0.1299), ('2-0', 0.1243), ('0-1', 0.1004), ('2-1', 0.0843), ('1-2', 0.0474), ('0-2', 0.0392), ('3-0', 0.024), ('3-1', 0.0215), ('2-2', 0.0188), ('1-3', 0.0106)]",0.0,0.0,0.0,0.0,110.89
03/10/2026 01:08,WATCHLIST,2026-10-10T18:45:00Z,soccer_france_ligue_one,the-odds-api,football,AS Monaco,Toulouse,Away Win,Toulouse,0.2928483365208652,4.8,0.2083,0.4057,A EVITER,WATCHLIST,False,82.6,5 - WATCHLIST,COTE HAUTE,BOOST|GLOBAL_BOOST,+4.0% (49 obs),MEGA 70%/3% | SAFE 63%/1% | VALUE 58%/3%,WATCHLIST,cote trop haute,Value positive 40.6% | Proba IA 29.3% | COTE HAUTE | Learning BOOST|GLOBAL_BOOST | Calibration +4.0% (49 obs) | Source the-odds-api,0.5,0.46,1.2,1.25,1.2,1.75,1,NO BET,7.43,0.0,0.0,0.0,1500.0,1499.2,65.8,1.4,1.09,0.2714,NO DRAW SIGNAL,1-1,14.21,1-0,12.87,2-1,10.13,SCORE POISSON + FORME - confiance 84%,A recalculer via player_scorers,0.45,0.55,0.5009,0.4991,"[('1-1', 0.1421), ('1-0', 0.1287), ('2-1', 0.1013), ('0-1', 0.099), ('2-0', 0.0911), ('1-2', 0.077), ('0-0', 0.0664), ('0-2', 0.0553), ('2-2', 0.0399), ('3-1', 0.0359), ('3-0', 0.023), ('1-3', 0.0228)]",0.0,0.0,0.0,0.0,317.19
03/10/2026 01:08,WATCHLIST,2026-10-10T18:45:00Z,soccer_france_ligue_one,the-odds-api,football,AS Monaco,Toulouse,Draw,Draw,0.30431709719452216,4.2,0.2381,0.2781,A EVITER,NUL POSSIBLE,True,79.08,3B - NUL POSSIBLE,MARCHE JUSTE,BOOST|GLOBAL_BOOST,+3.7% (114 obs),MEGA 70%/3% | SAFE 63%/1% | VALUE 58%/3%,WATCHLIST,cote trop haute,Value positive 27.8% | Proba IA 30.4% | MARCHE JUSTE | Learning BOOST|GLOBAL_BOOST | Calibration +3.7% (114 obs) | Source the-odds-api,0.5,0.46,1.2,1.25,1.2,1.75,1,NO BET,7.43,0.1346,0.0869,0.0,1500.0,1499.2,65.8,1.4,1.09,0.2714,NO DRAW SIGNAL,1-1,14.21,1-0,12.87,2-1,10.13,SCORE POISSON + FORME - confiance 84%,A recalculer via player_scorers,0.45,0.55,0.5009,0.4991,"[('1-1', 0.1421), ('1-0', 0.1287), ('2-1', 0.1013), ('0-1', 0.099), ('2-0', 0.0911), ('1-2', 0.077), ('0-0', 0.0664), ('0-2', 0.0553), ('2-2', 0.0399), ('3-1', 0.0359), ('3-0', 0.023), ('1-3', 0.0228)]",0.0,0.0,0.0,0.0,257.94
03/10/2026 01:08,NO BET,2026-10-10T18:45:00Z,soccer_france_ligue_one,the-odds-api,football,AS Monaco,Toulouse,Home Win,AS Monaco,0.520833719485204,1.71,0.5848,-0.1094,Faible,NO BET,False,73.38,5 - WATCHLIST,OK,BOOST|GLOBAL_BOOST,-6.0% (26 obs),MEGA 70%/3% | SAFE 63%/1% | VALUE 58%/3%,REFUSE,value negative,Value negative ou nulle | Proba IA 52.1% | Learning BOOST|GLOBAL_BOOST | Calibration -6.0% (26 obs) | Source the-odds-api,0.5,0.46,1.2,1.25,1.2,1.75,1,NO BET,7.43,0.0,0.0,0.0,1500.0,1499.2,65.8,1.4,1.09,0.2714,NO DRAW SIGNAL,1-1,14.21,1-0,12.87,2-1,10.13,SCORE POISSON + FORME - confiance 84%,A recalculer via player_scorers,0.45,0.55,0.5009,0.4991,"[('1-1', 0.1421), ('1-0', 0.1287), ('2-1', 0.1013), ('0-1', 0.099), ('2-0', 0.0911), ('1-2', 0.077), ('0-0', 0.0664), ('0-2', 0.0553), ('2-2', 0.0399), ('3-1', 0.0359), ('3-0', 0.023), ('1-3', 0.0228)]",0.0,0.0,0.0,0.0,145.06
03/10/2026 01:08,WATCHLIST,2026-10-10T18:45:00Z,soccer_france_ligue_one,the-odds-api,football,Brest,Angers,Away Win,Angers,0.3240946154175619,3.95,0.2532,0.2802,A EVITER,WATCHLIST,False,93.91,5 - WATCHLIST,MARCHE JUSTE,BOOST|GLOBAL_BOOST,+4.0% (49 obs),MEGA 70%/3% | SAFE 63%/1% | VALUE 58%/3%,WATCHLIST,cote trop haute,Value positive 28.0% | Proba IA 32.4% | MARCHE JUSTE | Learning BOOST|GLOBAL_BOOST | Calibration +4.0% (49 obs) | Source the-odds-api,0.12,0.17,1.12,0.75,2.38,2.0,1,NO BET,7.43,0.0,0.0,0.0,1474.9,1435.3,104.7,1.48,1.07,0.26,NO DRAW SIGNAL,1-1,13.85,1-0,13.02,2-1,10.53,SCORE POISSON + FORME - confiance 84%,A recalculer via player_scorers,0.4672,0.5328,0.5072,0.4928,"[('1-1', 0.1385), ('1-0', 0.1302), ('2-1', 0.1053), ('2-0', 0.0953), ('0-1', 0.0948), ('1-2', 0.0758), ('0-0', 0.0631), ('0-2', 0.0521), ('2-2', 0.0403), ('3-1', 0.0383), ('3-0', 0.0243), ('1-3', 0.0222)]",0.0,0.0,0.0,0.0,282.15
03/10/2026 01:08,WATCHLIST,2026-10-10T18:45:00Z,soccer_france_ligue_one,the-odds-api,football,Brest,Angers,Draw,Draw,0.28868882972090903,3.85,0.2597,0.1115,A EVITER,NUL POSSIBLE,True,75.94,3B - NUL POSSIBLE,MARCHE JUSTE,BOOST|GLOBAL_BOOST,+1.2% (179 obs),MEGA 70%/3% | SAFE 63%/1% | VALUE 58%/3%,WATCHLIST,cote trop haute,Value positive 11.2% | Proba IA 28.9% | MARCHE JUSTE | Learning BOOST|GLOBAL_BOOST | Calibration +1.2% (179 obs) | Source the-odds-api,0.12,0.17,1.12,0.75,2.38,2.0,1,NO BET,7.43,0.1346,0.0391,0.0,1474.9,1435.3,104.7,1.48,1.07,0.26,NO DRAW SIGNAL,1-1,13.85,1-0,13.02,2-1,10.53,SCORE POISSON + FORME - confiance 84%,A recalculer via player_scorers,0.4672,0.5328,0.5072,0.4928,"[('1-1', 0.1385), ('1-0', 0.1302), ('2-1', 0.1053), ('2-0', 0.0953), ('0-1', 0.0948), ('1-2', 0.0758), ('0-0', 0.0631), ('0-2', 0.0521), ('2-2', 0.0403), ('3-1', 0.0383), ('3-0', 0.0243), ('1-3', 0.0222)]",0.0,0.0,0.0,0.0,180.52
03/10/2026 01:08,NO BET,2026-10-10T18:45:00Z,soccer_france_ligue_one,the-odds-api,football,Brest,Angers,Home Win,Brest,0.48013510627266975,1.91,0.5236,-0.0829,A EVITER,NO BET,False,73.63,5 - WATCHLIST,MARCHE JUSTE,BOOST|GLOBAL_BOOST,-6.0% (26 obs),MEGA 70%/3% | SAFE 63%/1% | VALUE 58%/3%,REFUSE,value negative,Value negative ou nulle | Proba IA 48.0% | MARCHE JUSTE | Learning BOOST|GLOBAL_BOOST | Calibration -6.0% (26 obs) | Source the-odds-api,0.12,0.17,1.12,0.75,2.38,2.0,1,NO BET,7.43,0.0,0.0,0.0,1474.9,1435.3,104.7,1.48,1.07,0.26,NO DRAW SIGNAL,1-1,13.85,1-0,13.02,2-1,10.53,SCORE POISSON + FORME - confiance 84%,A recalculer via player_scorers,0.4672,0.5328,0.5072,0.4928,"[('1-1', 0.1385), ('1-0', 0.1302), ('2-1', 0.1053), ('2-0', 0.0953), ('0-1', 0.0948), ('1-2', 0.0758), ('0-0', 0.0631), ('0-2', 0.0521), ('2-2', 0.0403), ('3-1', 0.0383), ('3-0', 0.0243), ('1-3', 0.0222)]",0.0,0.0,0.0,0.0,142.58
03/10/2026 01:08,WATCHLIST,2026-10-10T18:45:00Z,soccer_france_ligue_one,the-odds-api,football,Lorient,Paris FC,Home Win,Lorient,0.4055752468673071,3.05,0.3279,0.237,A EVITER,WATCHLIST,False,100.0,5 - WATCHLIST,OK,BOOST|GLOBAL_BOOST,+4.0% (33 obs),MEGA 70%/3% | SAFE 63%/1% | VALUE 58%/3%,WATCHLIST,cote trop haute,Value positive 23.7% | Proba IA 40.6% | Learning BOOST|GLOBAL_BOOST | Calibration +4.0% (33 obs) | Source the-odds-api,0.33,0.67,1.38,2.25,1.38,1.12,1,NO BET,7.43,0.0,0.0,0.0,1510.9,1520.0,55.9,1.18,1.41,0.2709,NO DRAW SIGNAL,1-1,14.37,0-1,11.2,1-0,10.62,SCORE POISSON + FORME - confiance 84%,A recalculer via player_scorers,0.4738,0.5262,0.5251,0.4749,"[('1-1', 0.1437), ('0-1', 0.112), ('1-0', 0.1062), ('1-2', 0.0929), ('2-1', 0.0891), ('0-2', 0.0762), ('2-0', 0.0681), ('0-0', 0.0631), ('2-2', 0.0425), ('1-3', 0.0318), ('3-1', 0.0295), ('3-0', 0.0184)]",0.0,0.0,0.0,0.0,278.3
03/10/2026 01:08,WATCHLIST,2026-10-10T18:45:00Z,soccer_france_ligue_one,the-odds-api,football,Lorient,Paris FC,Draw,Draw,0.31169711239039505,3.5,0.2857,0.0909,A EVITER,NUL POSSIBLE,True,77.55,3B - NUL POSSIBLE,MARCHE JUSTE,BOOST|GLOBAL_BOOST,+1.2% (179 obs),MEGA 70%/3% | SAFE 63%/1% | VALUE 58%/3%,WATCHLIST,cote trop haute,Value positive 9.1% | Proba IA 31.2% | MARCHE JUSTE | Learning BOOST|GLOBAL_BOOST | Calibration +1.2% (179 obs) | Source the-odds-api,0.33,0.67,1.38,2.25,1.38,1.12,1,NO BET,7.43,0.1346,0.0364,0.0,1510.9,1520.0,55.9,1.18,1.41,0.2709,NO DRAW SIGNAL,1-1,14.37,0-1,11.2,1-0,10.62,SCORE POISSON + FORME - confiance 84%,A recalculer via player_scorers,0.4738,0.5262,0.5251,0.4749,"[('1-1', 0.1437), ('0-1', 0.112), ('1-0', 0.1062), ('1-2', 0.0929), ('2-1', 0.0891), ('0-2', 0.0762), ('2-0', 0.0681), ('0-0', 0.0631), ('2-2', 0.0425), ('1-3', 0.0318), ('3-1', 0.0295), ('3-0', 0.0184)]",0.0,0.0,0.0,0.0,175.7
03/10/2026 01:08,NO BET,2026-10-10T18:45:00Z,soccer_france_ligue_one,the-odds-api,football,Lorient,Paris FC,Away Win,Paris FC,0.4146404017094493,2.38,0.4202,-0.0132,A EVITER,NO BET,False,73.9,5 - WATCHLIST,MARCHE JUSTE,BOOST|GLOBAL_BOOST,-2.8% (18 obs),MEGA 70%/3% | SAFE 63%/1% | VALUE 58%/3%,REFUSE,value negative,Value negative ou nulle | Proba IA 41.5% | MARCHE JUSTE | Learning BOOST|GLOBAL_BOOST | Calibration -2.8% (18 obs) | Source the-odds-api,0.33,0.67,1.38,2.25,1.38,1.12,1,NO BET,7.43,0.0,0.0,0.0,1510.9,1520.0,55.9,1.18,1.41,0.2709,NO DRAW SIGNAL,1-1,14.37,0-1,11.2,1-0,10.62,SCORE POISSON + FORME - confiance 84%,A recalculer via player_scorers,0.4738,0.5262,0.5251,0.4749,"[('1-1', 0.1437), ('0-1', 0.112), ('1-0', 0.1062), ('1-2', 0.0929), ('2-1', 0.0891), ('0-2', 0.0762), ('2-0', 0.0681), ('0-0', 0.0631), ('2-2', 0.0425), ('1-3', 0.0318), ('3-1', 0.0295), ('3-0', 0.0184)]",0.0,0.0,0.0,0.0,138.4
03/10/2026 01:08,WATCHLIST,2026-10-10T18:45:00Z,soccer_france_ligue_one,the-odds-api,football,Paris Saint Germain,Le Mans FC,Away Win,Le Mans FC,0.10137935014293194,29.0,0.0345,1.94,A EVITER,WATCHLIST,False,74.56,5 - WATCHLIST,VALUE CLAIRE,BOOST|GLOBAL_BOOST,-0.2% (13 obs),MEGA 70%/3% | SAFE 63%/1% | VALUE 58%/3%,WATCHLIST,cote trop haute,Value positive 194.0% | Proba IA 10.1% | VALUE CLAIRE | Learning BOOST|GLOBAL_BOOST | Calibration -0.2% (13 obs) | Source the-odds-api,0.67,0.5,2.0,1.1,0.88,1.2,1,NO BET,7.43,0.0,0.0,0.0,1500.0,1500.0,65.0,1.26,1.02,0.2911,NO DRAW SIGNAL,1-1,15.11,1-0,14.15,0-1,11.23,SCORE POISSON + FORME - confiance 84%,A recalculer via player_scorers,0.3939,0.6061,0.4596,0.5404,"[('1-1', 0.1511), ('1-0', 0.1415), ('0-1', 0.1123), ('2-1', 0.098), ('2-0', 0.0927), ('0-0', 0.0802), ('1-2', 0.0765), ('0-2', 0.0596), ('2-2', 0.0266), ('3-1', 0.0243), ('3-0', 0.0222), ('1-3', 0.0163)]",0.0,0.0,0.0,0.0,951.65
03/10/2026 01:08,WATCHLIST,2026-10-10T18:45:00Z,soccer_france_ligue_one,the-odds-api,football,Paris Saint Germain,Le Mans FC,Draw,Draw,0.18764773931859086,15.5,0.0645,1.9085,A EVITER,WATCHLIST,False,74.18,5 - WATCHLIST,VALUE CLAIRE,BOOST|GLOBAL_BOOST,+4.0% (36 obs),MEGA 70%/3% | SAFE 63%/1% | VALUE 58%/3%,WATCHLIST,cote trop haute,Value positive 190.9% | Proba IA 18.8% | VALUE CLAIRE | Learning BOOST|GLOBAL_BOOST | Calibration +4.0% (36 obs) | Source the-odds-api,0.67,0.5,2.0,1.1,0.88,1.2,1,NO BET,7.43,0.0,0.0,0.0,1500.0,1500.0,65.0,1.26,1.02,0.2911,DRAW POSSIBLE - tight 25%,1-1,15.11,1-0,14.15,0-1,11.23,SCORE POISSON + FORME - confiance 84%,A recalculer via player_scorers,0.3939,0.6061,0.4596,0.5404,"[('1-1', 0.1511), ('1-0', 0.1415), ('0-1', 0.1123), ('2-1', 0.098), ('2-0', 0.0927), ('0-0', 0.0802), ('1-2', 0.0765), ('0-2', 0.0596), ('2-2', 0.0266), ('3-1', 0.0243), ('3-0', 0.0222), ('1-3', 0.0163)]",0.0,0.0,0.0,0.0,943.59
03/10/2026 01:08,WATCHLIST,2026-10-10T18:45:00Z,soccer_france_ligue_one,the-odds-api,football,Paris Saint Germain,Le Mans FC,Home Win,Paris Saint Germain,0.7772892475417859,1.09,0.9174,-0.1528,Forte,WATCHLIST,False,76.15,5 - WATCHLIST,OK,BOOST|GLOBAL_BOOST,-6.0% (14 obs),MEGA 70%/3% | SAFE 63%/1% | VALUE 58%/3%,WATCHLIST,value negative,Value negative ou nulle | Proba IA 77.7% | Learning BOOST|GLOBAL_BOOST | Calibration -6.0% (14 obs) | Source the-odds-api,0.67,0.5,2.0,1.1,0.88,1.2,1,NO BET,7.43,0.0,0.0,0.0,1500.0,1500.0,65.0,1.26,1.02,0.2911,NO DRAW SIGNAL,1-1,15.11,1-0,14.15,0-1,11.23,SCORE POISSON + FORME - confiance 84%,A recalculer via player_scorers,0.3939,0.6061,0.4596,0.5404,"[('1-1', 0.1511), ('1-0', 0.1415), ('0-1', 0.1123), ('2-1', 0.098), ('2-0', 0.0927), ('0-0', 0.0802), ('1-2', 0.0765), ('0-2', 0.0596), ('2-2', 0.0266), ('3-1', 0.0243), ('3-0', 0.0222), ('1-3', 0.0163)]",0.0,0.0,0.0,0.0,167.11
03/10/2026 01:08,WATCHLIST,2026-10-10T18:45:00Z,soccer_italy_serie_a,the-odds-api,football,Napoli,Frosinone,Draw,Draw,0.2805491070784022,5.0,0.2,0.4027,A EVITER,WATCHLIST,False,78.08,5 - WATCHLIST,COTE HAUTE,BOOST|GLOBAL_BOOST,+3.7% (114 obs),MEGA 70%/3% | SAFE 63%/1% | VALUE 58%/3%,WATCHLIST,cote trop haute,Value positive 40.3% | Proba IA 28.1% | COTE HAUTE | Learning BOOST|GLOBAL_BOOST | Calibration +3.7% (114 obs) | Source the-odds-api,0.58,0.5,1.5,1.1,0.75,1.2,1,NO BET,7.43,0.0,0.0,0.0,1639.9,1500.0,204.9,1.39,0.93,0.2698,NO DRAW SIGNAL,1-0,14.57,1-1,13.75,2-0,10.12,SCORE POISSON + FORME - confiance 84%,A recalculer via player_scorers,0.4086,0.5914,0.4539,0.5461,"[('1-0', 0.1457), ('1-1', 0.1375), ('2-0', 0.1012), ('2-1', 0.1011), ('0-1', 0.0999), ('0-0', 0.0726), ('1-2', 0.0688), ('0-2', 0.0495), ('3-1', 0.0355), ('2-2', 0.0353), ('3-0', 0.0245), ('1-3', 0.0191)]",0.0,0.0,0.0,0.0,308.38
03/10/2026 01:08,WATCHLIST,2026-10-10T18:45:00Z,soccer_italy_serie_a,the-odds-api,football,Napoli,Frosinone,Home Win,Napoli,0.647921922343544,1.5,0.6667,-0.0281,Moyenne,WATCHLIST,False,86.98,5 - WATCHLIST,OK,BOOST|GLOBAL_BOOST,-2.9% (29 obs),MEGA 70%/3% | SAFE 63%/1% | VALUE 58%/3%,WATCHLIST,value negative,Value negative ou nulle | Proba IA 64.8% | Learning BOOST|GLOBAL_BOOST | Calibration -2.9% (29 obs) | Source the-odds-api,0.58,0.5,1.5,1.1,0.75,1.2,1,NO BET,7.43,0.0,0.0,0.0,1639.9,1500.0,204.9,1.39,0.93,0.2698,NO DRAW SIGNAL,1-0,14.57,1-1,13.75,2-0,10.12,SCORE POISSON + FORME - confiance 84%,A recalculer via player_scorers,0.4086,0.5914,0.4539,0.5461,"[('1-0', 0.1457), ('1-1', 0.1375), ('2-0', 0.1012), ('2-1', 0.1011), ('0-1', 0.0999), ('0-0', 0.0726), ('1-2', 0.0688), ('0-2', 0.0495), ('3-1', 0.0355), ('2-2', 0.0353), ('3-0', 0.0245), ('1-3', 0.0191)]",0.0,0.0,0.0,0.0,174.08
03/10/2026 01:08,WATCHLIST,2026-10-10T18:45:00Z,soccer_italy_serie_a,the-odds-api,football,Napoli,Frosinone,Away Win,Frosinone,0.13980999243558442,7.5,0.1333,0.0486,A EVITER,WATCHLIST,False,56.46,5 - WATCHLIST,COTE HAUTE,BOOST|GLOBAL_BOOST,-3.0% (36 obs),MEGA 70%/3% | SAFE 63%/1% | VALUE 58%/3%,WATCHLIST,cote trop haute,Value positive 4.9% | Proba IA 14.0% | COTE HAUTE | Learning BOOST|GLOBAL_BOOST | Calibration -3.0% (36 obs) | Source the-odds-api,0.58,0.5,1.5,1.1,0.75,1.2,1,NO BET,7.43,0.0,0.0,0.0,1639.9,1500.0,204.9,1.39,0.93,0.2698,NO DRAW SIGNAL,1-0,14.57,1-1,13.75,2-0,10.12,SCORE POISSON + FORME - confiance 84%,A recalculer via player_scorers,0.4086,0.5914,0.4539,0.5461,"[('1-0', 0.1457), ('1-1', 0.1375), ('2-0', 0.1012), ('2-1', 0.1011), ('0-1', 0.0999), ('0-0', 0.0726), ('1-2', 0.0688), ('0-2', 0.0495), ('3-1', 0.0355), ('2-2', 0.0353), ('3-0', 0.0245), ('1-3', 0.0191)]",0.0,0.0,0.0,0.0,114.23
03/10/2026 01:08,WATCHLIST,2026-10-10T19:00:00Z,soccer_netherlands_eredivisie,the-odds-api,football,Ajax,NEC Nijmegen,Away Win,NEC Nijmegen,0.19682874954634477,9.5,0.1053,0.8699,A EVITER,WATCHLIST,False,78.57,5 - WATCHLIST,VALUE CLAIRE,BOOST|GLOBAL_BOOST,+3.2% (24 obs),MEGA 70%/3% | SAFE 63%/1% | VALUE 58%/3%,WATCHLIST,cote trop haute,Value positive 87.0% | Proba IA 19.7% | VALUE CLAIRE | Learning BOOST|GLOBAL_BOOST | Calibration +3.2% (24 obs) | Source the-odds-api,0.5,0.5,1.75,1.1,0.88,1.2,1,NO BET,7.43,0.0,0.0,0.0,1603.6,1500.0,168.6,1.49,1.0,0.2571,NO DRAW SIGNAL,1-0,13.72,1-1,13.63,2-1,10.59,SCORE POISSON + FORME - confiance 81%,A recalculer via player_scorers,0.4532,0.5468,0.4888,0.5112,"[('1-0', 0.1372), ('1-1', 0.1363), ('2-1', 0.1059), ('2-0', 0.1004), ('0-1', 0.0944), ('1-2', 0.0722), ('0-0', 0.0649), ('0-2', 0.0493), ('3-1', 0.0385), ('2-2', 0.0384), ('3-0', 0.0252), ('1-3', 0.0205)]",0.0,0.0,0.0,0.0,504.11
03/10/2026 01:08,WATCHLIST,2026-10-10T19:00:00Z,soccer_netherlands_eredivisie,the-odds-api,football,Ajax,NEC Nijmegen,Home Win,Ajax,0.7746845362961837,1.33,0.7519,0.0303,Forte,MEGA VALUE,True,91.02,1 - MEGA VALUE,OK,BOOST|GLOBAL_BOOST,+4.0% (19 obs),MEGA 70%/3% | SAFE 63%/1% | VALUE 58%/3%,WATCHLIST,watchlist prudente,Value positive 3.0% | Proba IA 77.5% | Learning BOOST|GLOBAL_BOOST | Calibration +4.0% (19 obs) | Source the-odds-api,0.5,0.5,1.75,1.1,0.88,1.2,1,NO BET,7.43,0.4038,0.0919,0.0,1603.6,1500.0,168.6,1.49,1.0,0.2571,NO DRAW SIGNAL,1-0,13.72,1-1,13.63,2-1,10.59,SCORE POISSON + FORME - confiance 81%,A recalculer via player_scorers,0.4532,0.5468,0.4888,0.5112,"[('1-0', 0.1372), ('1-1', 0.1363), ('2-1', 0.1059), ('2-0', 0.1004), ('0-1', 0.0944), ('1-2', 0.0722), ('0-0', 0.0649), ('0-2', 0.0493), ('3-1', 0.0385), ('2-2', 0.0384), ('3-0', 0.0252), ('1-3', 0.0205)]",0.0,0.0,0.0,0.0,201.98
03/10/2026 01:08,NO BET,2026-10-10T19:00:00Z,soccer_netherlands_eredivisie,the-odds-api,football,Ajax,NEC Nijmegen,Draw,Draw,0.15291825604389506,6.4,0.1562,-0.0213,A EVITER,NO BET,False,44.97,6 - NO BET,COTE HAUTE,BOOST|GLOBAL_BOOST,-4.5% (32 obs),MEGA 70%/3% | SAFE 63%/1% | VALUE 58%/3%,REFUSE,cote trop haute,Value negative ou nulle | Proba IA 15.3% | COTE HAUTE | Learning BOOST|GLOBAL_BOOST | Calibration -4.5% (32 obs) | Source the-odds-api,0.5,0.5,1.75,1.1,0.88,1.2,1,NO BET,7.43,0.0,0.0,0.0,1603.6,1500.0,168.6,1.49,1.0,0.2571,NO DRAW SIGNAL,1-0,13.72,1-1,13.63,2-1,10.59,SCORE POISSON + FORME - confiance 81%,A recalculer via player_scorers,0.4532,0.5468,0.4888,0.5112,"[('1-0', 0.1372), ('1-1', 0.1363), ('2-1', 0.1059), ('2-0', 0.1004), ('0-1', 0.0944), ('1-2', 0.0722), ('0-0', 0.0649), ('0-2', 0.0493), ('3-1', 0.0385), ('2-2', 0.0384), ('3-0', 0.0252), ('1-3', 0.0205)]",0.0,0.0,0.0,0.0,77.26
03/10/2026 01:08,WATCHLIST,2026-10-10T19:00:00Z,soccer_spain_la_liga,the-odds-api,football,Real Madrid,Villarreal,Away Win,Villarreal,0.20389907542807906,8.5,0.1176,0.7331,A EVITER,WATCHLIST,False,78.86,5 - WATCHLIST,COTE HAUTE,BOOST|GLOBAL_BOOST,+3.2% (24 obs),MEGA 70%/3% | SAFE 63%/1% | VALUE 58%/3%,WATCHLIST,cote trop haute,Value positive 73.3% | Proba IA 20.4% | COTE HAUTE | Learning BOOST|GLOBAL_BOOST | Calibration +3.2% (24 obs) | Source the-odds-api,0.71,0.58,1.62,2.25,0.88,1.38,1,NO BET,7.43,0.0,0.0,0.0,1681.8,1603.5,143.3,1.65,1.18,0.2408,NO DRAW SIGNAL,1-1,13.38,1-0,11.87,2-1,11.18,SCORE POISSON + FORME - confiance 84%,A recalculer via player_scorers,0.5369,0.4631,0.5589,0.4411,"[('1-1', 0.1338), ('1-0', 0.1187), ('2-1', 0.1118), ('2-0', 0.0938), ('0-1', 0.0858), ('1-2', 0.0798), ('0-0', 0.0532), ('0-2', 0.0505), ('2-2', 0.0451), ('3-1', 0.0433), ('3-0', 0.0253), ('1-3', 0.0245)]",0.0,0.0,0.0,0.0,446.24
03/10/2026 01:08,WATCHLIST,2026-10-10T19:00:00Z,soccer_spain_la_liga,the-odds-api,football,Real Madrid,Villarreal,Home Win,Real Madrid,0.773490710308616,1.35,0.7407,0.0442,Forte,MEGA VALUE,True,100.0,1 - MEGA VALUE,OK,BOOST|GLOBAL_BOOST,+4.0% (19 obs),MEGA 70%/3% | SAFE 63%/1% | VALUE 58%/3%,WATCHLIST,watchlist prudente,Value positive 4.4% | Proba IA 77.3% | Learning BOOST|GLOBAL_BOOST | Calibration +4.0% (19 obs) | Source the-odds-api,0.71,0.58,1.62,2.25,0.88,1.38,1,NO BET,7.43,0.4038,0.1263,0.0,1681.8,1603.5,143.3,1.65,1.18,0.2408,NO DRAW SIGNAL,1-1,13.38,1-0,11.87,2-1,11.18,SCORE POISSON + FORME - confiance 84%,A recalculer via player_scorers,0.5369,0.4631,0.5589,0.4411,"[('1-1', 0.1338), ('1-0', 0.1187), ('2-1', 0.1118), ('2-0', 0.0938), ('0-1', 0.0858), ('1-2', 0.0798), ('0-0', 0.0532), ('0-2', 0.0505), ('2-2', 0.0451), ('3-1', 0.0433), ('3-0', 0.0253), ('1-3', 0.0245)]",0.0,0.0,0.0,0.0,221.16
03/10/2026 01:08,NO BET,2026-10-10T19:00:00Z,soccer_spain_la_liga,the-odds-api,football,Real Madrid,Villarreal,Draw,Draw,0.1473832446469904,6.4,0.1562,-0.0567,A EVITER,NO BET,False,40.66,6 - NO BET,COTE HAUTE,BOOST|GLOBAL_BOOST,-4.5% (32 obs),MEGA 70%/3% | SAFE 63%/1% | VALUE 58%/3%,REFUSE,cote trop haute,Value negative ou nulle | Proba IA 14.7% | COTE HAUTE | Learning BOOST|GLOBAL_BOOST | Calibration -4.5% (32 obs) | Source the-odds-api,0.71,0.58,1.62,2.25,0.88,1.38,1,NO BET,7.43,0.0,0.0,0.0,1681.8,1603.5,143.3,1.65,1.18,0.2408,NO DRAW SIGNAL,1-1,13.38,1-0,11.87,2-1,11.18,SCORE POISSON + FORME - confiance 84%,A recalculer via player_scorers,0.5369,0.4631,0.5589,0.4411,"[('1-1', 0.1338), ('1-0', 0.1187), ('2-1', 0.1118), ('2-0', 0.0938), ('0-1', 0.0858), ('1-2', 0.0798), ('0-0', 0.0532), ('0-2', 0.0505), ('2-2', 0.0451), ('3-1', 0.0433), ('3-0', 0.0253), ('1-3', 0.0245)]",0.0,0.0,0.0,0.0,70.49
03/10/2026 01:08,WATCHLIST,2026-10-10T19:30:00Z,soccer_portugal_primeira_liga,the-odds-api,football,Académico de Viseu,Estoril,Home Win,Académico de Viseu,0.5265857901525755,2.3,0.4348,0.2111,Faible,WATCHLIST,False,100.0,5 - WATCHLIST,OK,BOOST|GLOBAL_BOOST,+3.9% (57 obs),MEGA 70%/3% | SAFE 63%/1% | VALUE 58%/3%,WATCHLIST,proba trop basse,Value positive 21.1% | Proba IA 52.7% | Learning BOOST|GLOBAL_BOOST | Calibration +3.9% (57 obs) | Source the-odds-api,0.5,0.08,1.2,0.88,1.2,1.88,1,NO BET,7.43,0.0,0.0,0.0,1500.0,1473.9,91.1,1.42,0.81,0.2676,NO DRAW SIGNAL,1-0,16.52,1-1,13.91,2-0,11.6,SCORE POISSON + FORME - confiance 84%,A recalculer via player_scorers,0.385,0.615,0.4201,0.5799,"[('1-0', 0.1652), ('1-1', 0.1391), ('2-0', 0.116), ('2-1', 0.1043), ('0-1', 0.0999), ('0-0', 0.0802), ('1-2', 0.0635), ('0-2', 0.0451), ('3-0', 0.0271), ('3-1', 0.0265), ('2-2', 0.0243), ('1-3', 0.0135)]",0.0,0.0,0.0,0.0,275.65
03/10/2026 01:08,WATCHLIST,2026-10-10T19:30:00Z,soccer_portugal_primeira_liga,the-odds-api,football,Académico de Viseu,Estoril,Away Win,Estoril,0.36891135850661955,3.0,0.3333,0.1067,A EVITER,WATCHLIST,False,85.77,5 - WATCHLIST,OK,BOOST|GLOBAL_BOOST,+4.0% (64 obs),MEGA 70%/3% | SAFE 63%/1% | VALUE 58%/3%,WATCHLIST,proba trop basse,Value positive 10.7% | Proba IA 36.9% | Learning BOOST|GLOBAL_BOOST | Calibration +4.0% (64 obs) | Source the-odds-api,0.5,0.08,1.2,0.88,1.2,1.88,1,NO BET,7.43,0.0,0.0,0.0,1500.0,1473.9,91.1,1.42,0.81,0.2676,NO DRAW SIGNAL,1-0,16.52,1-1,13.91,2-0,11.6,SCORE POISSON + FORME - confiance 84%,A recalculer via player_scorers,0.385,0.615,0.4201,0.5799,"[('1-0', 0.1652), ('1-1', 0.1391), ('2-0', 0.116), ('2-1', 0.1043), ('0-1', 0.0999), ('0-0', 0.0802), ('1-2', 0.0635), ('0-2', 0.0451), ('3-0', 0.0271), ('3-1', 0.0265), ('2-2', 0.0243), ('1-3', 0.0135)]",0.0,0.0,0.0,0.0,198.66
03/10/2026 01:08,WATCHLIST,2026-10-10T19:30:00Z,soccer_portugal_primeira_liga,the-odds-api,football,Académico de Viseu,Estoril,Draw,Draw,0.3067047491696575,3.5,0.2857,0.0735,A EVITER,NUL POSSIBLE,True,75.33,3B - NUL POSSIBLE,MARCHE JUSTE,BOOST|GLOBAL_BOOST,+1.2% (179 obs),MEGA 70%/3% | SAFE 63%/1% | VALUE 58%/3%,WATCHLIST,cote trop haute,Value positive 7.3% | Proba IA 30.7% | MARCHE JUSTE | Learning BOOST|GLOBAL_BOOST | Calibration +1.2% (179 obs) | Source the-odds-api,0.5,0.08,1.2,0.88,1.2,1.88,1,NO BET,7.43,0.1346,0.0294,0.0,1500.0,1473.9,91.1,1.42,0.81,0.2676,NO DRAW SIGNAL,1-0,16.52,1-1,13.91,2-0,11.6,SCORE POISSON + FORME - confiance 84%,A recalculer via player_scorers,0.385,0.615,0.4201,0.5799,"[('1-0', 0.1652), ('1-1', 0.1391), ('2-0', 0.116), ('2-1', 0.1043), ('0-1', 0.0999), ('0-0', 0.0802), ('1-2', 0.0635), ('0-2', 0.0451), ('3-0', 0.0271), ('3-1', 0.0265), ('2-2', 0.0243), ('1-3', 0.0135)]",0.0,0.0,0.0,0.0,164.55
03/10/2026 01:08,WATCHLIST,2026-10-10T20:00:00Z,soccer_argentina_primera_division,the-odds-api,football,Central Córdoba,Estudiantes,Home Win,Central Córdoba,0.290208244614177,3.8,0.2632,0.1028,A EVITER,WATCHLIST,False,71.86,5 - WATCHLIST,MARCHE JUSTE,BOOST|GLOBAL_BOOST,+1.2% (35 obs),MEGA 70%/3% | SAFE 63%/1% | VALUE 58%/3%,WATCHLIST,cote trop haute,Value positive 10.3% | Proba IA 29.0% | MARCHE JUSTE | Learning BOOST|GLOBAL_BOOST | Calibration +1.2% (35 obs) | Source the-odds-api,0.5,0.5,1.2,1.1,1.2,1.2,0,NO BET,7.43,0.0,0.0,0.0,1500.0,1500.0,65.0,0.983,1.321,0.2816,NO DRAW SIGNAL,1-1,14.19,0-1,13.14,1-0,11.25,SCORE POISSON + FORME - confiance 76%,A recalculer via player_scorers,0.4021,0.5979,0.4594,0.5406,"[('1-1', 0.1419), ('0-1', 0.1314), ('1-0', 0.1125), ('1-2', 0.0895), ('0-2', 0.0844), ('2-1', 0.0799), ('0-0', 0.0747), ('2-0', 0.0637), ('2-2', 0.036), ('1-3', 0.0292), ('3-1', 0.0248), ('0-3', 0.0176)]",0.0,0.0,0.0,0.0,170.87
03/10/2026 01:08,NO BET,2026-10-10T20:00:00Z,soccer_argentina_primera_division,the-odds-api,football,Central Córdoba,Estudiantes,Away Win,Estudiantes,0.4337987040986649,2.15,0.4651,-0.0673,A EVITER,NO BET,False,66.33,5 - WATCHLIST,MARCHE JUSTE,BOOST|GLOBAL_BOOST,-6.0% (21 obs),MEGA 70%/3% | SAFE 63%/1% | VALUE 58%/3%,REFUSE,value negative,Value negative ou nulle | Proba IA 43.4% | MARCHE JUSTE | Learning BOOST|GLOBAL_BOOST | Calibration -6.0% (21 obs) | Source the-odds-api,0.5,0.5,1.2,1.1,1.2,1.2,0,NO BET,7.43,0.0,0.0,0.0,1500.0,1500.0,65.0,0.983,1.321,0.2816,NO DRAW SIGNAL,1-1,14.19,0-1,13.14,1-0,11.25,SCORE POISSON + FORME - confiance 76%,A recalculer via player_scorers,0.4021,0.5979,0.4594,0.5406,"[('1-1', 0.1419), ('0-1', 0.1314), ('1-0', 0.1125), ('1-2', 0.0895), ('0-2', 0.0844), ('2-1', 0.0799), ('0-0', 0.0747), ('2-0', 0.0637), ('2-2', 0.036), ('1-3', 0.0292), ('3-1', 0.0248), ('0-3', 0.0176)]",0.0,0.0,0.0,0.0,128.53
03/10/2026 01:08,WATCHLIST,2026-10-10T20:00:00Z,soccer_argentina_primera_division,the-odds-api,football,Central Córdoba,Estudiantes,Draw,Draw,0.3164724163406657,3.0,0.3333,-0.0506,A EVITER,NUL POSSIBLE,True,54.32,3B - NUL POSSIBLE,MARCHE JUSTE,BOOST|GLOBAL_BOOST,-1.2% (23 obs),MEGA 70%/3% | SAFE 63%/1% | VALUE 58%/3%,WATCHLIST,value negative,Value negative ou nulle | Proba IA 31.6% | MARCHE JUSTE | Learning BOOST|GLOBAL_BOOST | Calibration -1.2% (23 obs) | Source the-odds-api,0.5,0.5,1.2,1.1,1.2,1.2,0,NO BET,7.43,0.1346,0.0,0.0,1500.0,1500.0,65.0,0.983,1.321,0.2816,DRAW POSSIBLE - tight 29%,1-1,14.19,0-1,13.14,1-0,11.25,SCORE POISSON + FORME - confiance 76%,A recalculer via player_scorers,0.4021,0.5979,0.4594,0.5406,"[('1-1', 0.1419), ('0-1', 0.1314), ('1-0', 0.1125), ('1-2', 0.0895), ('0-2', 0.0844), ('2-1', 0.0799), ('0-0', 0.0747), ('2-0', 0.0637), ('2-2', 0.036), ('1-3', 0.0292), ('3-1', 0.0248), ('0-3', 0.0176)]",0.0,0.0,0.0,0.0,102.55
03/10/2026 01:08,WATCHLIST,2026-10-10T20:00:00Z,soccer_brazil_campeonato,the-odds-api,football,Vasco da Gama,Remo,Home Win,Vasco da Gama,0.7863205,1.35,0.7407,0.0615,Elite,MEGA VALUE,True,95.95,1 - MEGA VALUE,OK,GLOBAL_BOOST,+4.0% (27 obs),MEGA 70%/3% | SAFE 63%/1% | VALUE 58%/3%,WATCHLIST,watchlist prudente,Value positive 6.2% | Proba IA 78.6% | Learning GLOBAL_BOOST | Calibration +4.0% (27 obs) | Source the-odds-api,0.5,0.5,1.2,1.1,1.2,1.2,0,NO BET,7.43,0.4038,0.1758,0.0,1500.0,1500.0,65.0,2.387,0.378,0.1016,NO DRAW SIGNAL,2-0,24.15,3-0,19.74,1-0,12.05,SCORE POISSON + FORME - confiance 78%,A recalculer via player_scorers,0.5622,0.4378,0.2704,0.7296,"[('2-0', 0.2415), ('3-0', 0.1974), ('1-0', 0.1205), ('4-0', 0.085), ('2-1', 0.0717), ('3-1', 0.0503), ('1-1', 0.0434), ('0-0', 0.031), ('0-1', 0.0284), ('5-0', 0.0239), ('4-1', 0.02), ('1-2', 0.0148)]",0.0,0.0,0.0,0.0,223.51
03/10/2026 01:08,NO BET,2026-10-10T20:00:00Z,soccer_brazil_campeonato,the-odds-api,football,Vasco da Gama,Remo,Away Win,Remo,0.11130061388020424,8.0,0.125,-0.1096,A EVITER,NO BET,False,31.02,6 - NO BET,COTE HAUTE,BOOST|GLOBAL_BOOST,-0.2% (13 obs),MEGA 70%/3% | SAFE 63%/1% | VALUE 58%/3%,REFUSE,cote trop haute,Value negative ou nulle | Proba IA 11.1% | COTE HAUTE | Learning BOOST|GLOBAL_BOOST | Calibration -0.2% (13 obs) | Source the-odds-api,0.5,0.5,1.2,1.1,1.2,1.2,0,NO BET,7.43,0.0,0.0,0.0,1500.0,1500.0,65.0,2.387,0.378,0.1016,NO DRAW SIGNAL,2-0,24.15,3-0,19.74,1-0,12.05,SCORE POISSON + FORME - confiance 78%,A recalculer via player_scorers,0.5622,0.4378,0.2704,0.7296,"[('2-0', 0.2415), ('3-0', 0.1974), ('1-0', 0.1205), ('4-0', 0.085), ('2-1', 0.0717), ('3-1', 0.0503), ('1-1', 0.0434), ('0-0', 0.031), ('0-1', 0.0284), ('5-0', 0.0239), ('4-1', 0.02), ('1-2', 0.0148)]",0.0,0.0,0.0,0.0,53.7
03/10/2026 01:08,NO BET,2026-10-10T20:00:00Z,soccer_brazil_campeonato,the-odds-api,football,Vasco da Gama,Remo,Draw,Draw,0.13121232899721016,4.9,0.2041,-0.3571,A EVITER,NO BET,False,27.86,6 - NO BET,DRAW RISQUE,BOOST|GLOBAL_BOOST,-4.5% (32 obs),MEGA 70%/3% | SAFE 63%/1% | VALUE 58%/3%,REFUSE,cote trop haute,Value negative ou nulle | Proba IA 13.1% | DRAW RISQUE | Learning BOOST|GLOBAL_BOOST | Calibration -4.5% (32 obs) | Source the-odds-api,0.5,0.5,1.2,1.1,1.2,1.2,0,NO BET,7.43,0.0,0.0,0.0,1500.0,1500.0,65.0,2.387,0.378,0.1016,NO DRAW SIGNAL,2-0,24.15,3-0,19.74,1-0,12.05,SCORE POISSON + FORME - confiance 78%,A recalculer via player_scorers,0.5622,0.4378,0.2704,0.7296,"[('2-0', 0.2415), ('3-0', 0.1974), ('1-0', 0.1205), ('4-0', 0.085), ('2-1', 0.0717), ('3-1', 0.0503), ('1-1', 0.0434), ('0-0', 0.031), ('0-1', 0.0284), ('5-0', 0.0239), ('4-1', 0.02), ('1-2', 0.0148)]",0.0,0.0,0.0,0.0,50.42
03/10/2026 01:08,WATCHLIST,2026-10-10T22:15:00Z,soccer_argentina_primera_division,the-odds-api,football,CA Tigre BA,Banfield,Home Win,CA Tigre BA,0.6036418311683068,1.8,0.5556,0.0866,Moyenne,VALUE BET,True,91.16,3 - VALUE BET,OK,BOOST|GLOBAL_BOOST,-0.7% (30 obs),MEGA 70%/3% | SAFE 63%/1% | VALUE 58%/3%,WATCHLIST,watchlist prudente,Value positive 8.7% | Proba IA 60.4% | Learning BOOST|GLOBAL_BOOST | Calibration -0.7% (30 obs) | Source the-odds-api,0.5,0.5,1.2,1.1,1.2,1.2,0,NO BET,7.43,0.1346,0.1082,0.0,1500.0,1500.0,65.0,1.813,0.674,0.1929,NO DRAW SIGNAL,1-0,18.03,2-0,15.51,2-1,11.58,SCORE POISSON + FORME - confiance 78%,A recalculer via player_scorers,0.4609,0.5391,0.4032,0.5968,"[('1-0', 0.1803), ('2-0', 0.1551), ('2-1', 0.1158), ('1-1', 0.1127), ('0-1', 0.0755), ('0-0', 0.0622), ('1-2', 0.0496), ('3-1', 0.0468), ('3-0', 0.0365), ('0-2', 0.0298), ('2-2', 0.0272), ('3-2', 0.0135)]",0.0,0.0,0.0,0.0,214.39
03/10/2026 01:08,WATCHLIST,2026-10-10T22:15:00Z,soccer_argentina_primera_division,the-odds-api,football,CA Tigre BA,Banfield,Draw,Draw,0.2933556040359463,3.3,0.303,-0.0319,A EVITER,NUL POSSIBLE,True,55.5,3B - NUL POSSIBLE,DRAW RISQUE,BOOST|GLOBAL_BOOST,+1.2% (179 obs),MEGA 70%/3% | SAFE 63%/1% | VALUE 58%/3%,WATCHLIST,cote trop haute,Value negative ou nulle | Proba IA 29.3% | DRAW RISQUE | Learning BOOST|GLOBAL_BOOST | Calibration +1.2% (179 obs) | Source the-odds-api,0.5,0.5,1.2,1.1,1.2,1.2,0,NO BET,7.43,0.1346,0.0,0.0,1500.0,1500.0,65.0,1.813,0.674,0.1929,NO DRAW SIGNAL,1-0,18.03,2-0,15.51,2-1,11.58,SCORE POISSON + FORME - confiance 78%,A recalculer via player_scorers,0.4609,0.5391,0.4032,0.5968,"[('1-0', 0.1803), ('2-0', 0.1551), ('2-1', 0.1158), ('1-1', 0.1127), ('0-1', 0.0755), ('0-0', 0.0622), ('1-2', 0.0496), ('3-1', 0.0468), ('3-0', 0.0365), ('0-2', 0.0298), ('2-2', 0.0272), ('3-2', 0.0135)]",0.0,0.0,0.0,0.0,102.67
03/10/2026 01:08,NO BET,2026-10-10T22:15:00Z,soccer_argentina_primera_division,the-odds-api,football,CA Tigre BA,Banfield,Away Win,Banfield,0.17037204624695199,5.0,0.2,-0.1481,A EVITER,NO BET,False,33.51,6 - NO BET,COTE HAUTE,BOOST|GLOBAL_BOOST,-3.0% (36 obs),MEGA 70%/3% | SAFE 63%/1% | VALUE 58%/3%,REFUSE,cote trop haute,Value negative ou nulle | Proba IA 17.0% | COTE HAUTE | Learning BOOST|GLOBAL_BOOST | Calibration -3.0% (36 obs) | Source the-odds-api,0.5,0.5,1.2,1.1,1.2,1.2,0,NO BET,7.43,0.0,0.0,0.0,1500.0,1500.0,65.0,1.813,0.674,0.1929,NO DRAW SIGNAL,1-0,18.03,2-0,15.51,2-1,11.58,SCORE POISSON + FORME - confiance 78%,A recalculer via player_scorers,0.4609,0.5391,0.4032,0.5968,"[('1-0', 0.1803), ('2-0', 0.1551), ('2-1', 0.1158), ('1-1', 0.1127), ('0-1', 0.0755), ('0-0', 0.0622), ('1-2', 0.0496), ('3-1', 0.0468), ('3-0', 0.0365), ('0-2', 0.0298), ('2-2', 0.0272), ('3-2', 0.0135)]",0.0,0.0,0.0,0.0,61.52
03/10/2026 01:08,WATCHLIST,2026-10-10T23:00:00Z,soccer_mexico_ligamx,the-odds-api,football,FC Juárez,Tijuana,Home Win,FC Juárez,0.3870166792423916,2.88,0.3472,0.1146,A EVITER,WATCHLIST,False,80.28,5 - WATCHLIST,MARCHE JUSTE,BOOST|GLOBAL_BOOST,+4.0% (33 obs),MEGA 70%/3% | SAFE 63%/1% | VALUE 58%/3%,WATCHLIST,proba trop basse,Value positive 11.5% | Proba IA 38.7% | MARCHE JUSTE | Learning BOOST|GLOBAL_BOOST | Calibration +4.0% (33 obs) | Source the-odds-api,0.5,0.5,1.2,1.1,1.2,1.2,0,NO BET,7.43,0.0,0.0,0.0,1500.0,1500.0,65.0,1.174,1.203,0.2975,NO DRAW SIGNAL,1-1,15.06,1-0,11.87,0-1,11.24,SCORE POISSON + FORME - confiance 78%,A recalculer via player_scorers,0.4153,0.5847,0.4872,0.5128,"[('1-1', 0.1506), ('1-0', 0.1187), ('0-1', 0.1124), ('2-1', 0.0888), ('1-2', 0.0821), ('2-0', 0.0759), ('0-0', 0.0744), ('0-2', 0.0684), ('2-2', 0.0391), ('3-1', 0.0296), ('1-3', 0.026), ('3-0', 0.0194)]",0.0,0.0,0.0,0.0,195.19
03/10/2026 01:08,WATCHLIST,2026-10-10T23:00:00Z,soccer_mexico_ligamx,the-odds-api,football,FC Juárez,Tijuana,Draw,Draw,0.3156041792587983,3.5,0.2857,0.1046,A EVITER,NUL POSSIBLE,True,72.14,3B - NUL POSSIBLE,NUL SERRE,BOOST|GLOBAL_BOOST,-1.2% (23 obs),MEGA 70%/3% | SAFE 63%/1% | VALUE 58%/3%,WATCHLIST,cote trop haute,Value positive 10.5% | Proba IA 31.6% | NUL SERRE | Learning BOOST|GLOBAL_BOOST | Calibration -1.2% (23 obs) | Source the-odds-api,0.5,0.5,1.2,1.1,1.2,1.2,0,NO BET,7.43,0.1346,0.0418,0.0,1500.0,1500.0,65.0,1.174,1.203,0.2975,DRAW POSSIBLE - tight 64%,1-1,15.06,1-0,11.87,0-1,11.24,SCORE POISSON + FORME - confiance 78%,A recalculer via player_scorers,0.4153,0.5847,0.4872,0.5128,"[('1-1', 0.1506), ('1-0', 0.1187), ('0-1', 0.1124), ('2-1', 0.0888), ('1-2', 0.0821), ('2-0', 0.0759), ('0-0', 0.0744), ('0-2', 0.0684), ('2-2', 0.0391), ('3-1', 0.0296), ('1-3', 0.026), ('3-0', 0.0194)]",0.0,0.0,0.0,0.0,173.84
03/10/2026 01:08,NO BET,2026-10-10T23:00:00Z,soccer_mexico_ligamx,the-odds-api,football,FC Juárez,Tijuana,Away Win,Tijuana,0.401640125088196,2.3,0.4348,-0.0762,A EVITER,NO BET,False,63.95,5 - WATCHLIST,OK,BOOST|GLOBAL_BOOST,-2.8% (18 obs),MEGA 70%/3% | SAFE 63%/1% | VALUE 58%/3%,REFUSE,value negative,Value negative ou nulle | Proba IA 40.2% | Learning BOOST|GLOBAL_BOOST | Calibration -2.8% (18 obs) | Source the-odds-api,0.5,0.5,1.2,1.1,1.2,1.2,0,NO BET,7.43,0.0,0.0,0.0,1500.0,1500.0,65.0,1.174,1.203,0.2975,NO DRAW SIGNAL,1-1,15.06,1-0,11.87,0-1,11.24,SCORE POISSON + FORME - confiance 78%,A recalculer via player_scorers,0.4153,0.5847,0.4872,0.5128,"[('1-1', 0.1506), ('1-0', 0.1187), ('0-1', 0.1124), ('2-1', 0.0888), ('1-2', 0.0821), ('2-0', 0.0759), ('0-0', 0.0744), ('0-2', 0.0684), ('2-2', 0.0391), ('3-1', 0.0296), ('1-3', 0.026), ('3-0', 0.0194)]",0.0,0.0,0.0,0.0,122.76
03/10/2026 01:08,WATCHLIST,2026-10-10T23:00:00Z,soccer_mexico_ligamx,the-odds-api,football,Querétaro,Atlante FC,Away Win,Atlante FC,0.332875504012619,3.5,0.2857,0.1651,A EVITER,WATCHLIST,False,83.81,5 - WATCHLIST,MARCHE JUSTE,BOOST|GLOBAL_BOOST,+4.0% (64 obs),MEGA 70%/3% | SAFE 63%/1% | VALUE 58%/3%,WATCHLIST,cote trop haute,Value positive 16.5% | Proba IA 33.3% | MARCHE JUSTE | Learning BOOST|GLOBAL_BOOST | Calibration +4.0% (64 obs) | Source the-odds-api,0.5,0.5,1.2,1.1,1.2,1.2,0,NO BET,7.43,0.0,0.0,0.0,1500.0,1500.0,65.0,1.612,0.851,0.2453,NO DRAW SIGNAL,1-0,14.99,1-1,13.18,2-0,11.64,SCORE POISSON + FORME - confiance 78%,A recalculer via player_scorers,0.4461,0.5539,0.458,0.542,"[('1-0', 0.1499), ('1-1', 0.1318), ('2-0', 0.1164), ('2-1', 0.1085), ('0-1', 0.0862), ('0-0', 0.0666), ('1-2', 0.0624), ('3-1', 0.0414), ('0-2', 0.0409), ('2-2', 0.0354), ('3-0', 0.0291), ('1-3', 0.0171)]",0.0,0.0,0.0,0.0,218.32
03/10/2026 01:08,NO BET,2026-10-10T23:00:00Z,soccer_mexico_ligamx,the-odds-api,football,Querétaro,Atlante FC,Home Win,Querétaro,0.4950036662996489,2.0,0.5,-0.01,A EVITER,NO BET,False,75.49,5 - WATCHLIST,OK,BOOST|GLOBAL_BOOST,-3.2% (50 obs),MEGA 70%/3% | SAFE 63%/1% | VALUE 58%/3%,REFUSE,value negative,Value negative ou nulle | Proba IA 49.5% | Learning BOOST|GLOBAL_BOOST | Calibration -3.2% (50 obs) | Source the-odds-api,0.5,0.5,1.2,1.1,1.2,1.2,0,NO BET,7.43,0.0,0.0,0.0,1500.0,1500.0,65.0,1.612,0.851,0.2453,NO DRAW SIGNAL,1-0,14.99,1-1,13.18,2-0,11.64,SCORE POISSON + FORME - confiance 78%,A recalculer via player_scorers,0.4461,0.5539,0.458,0.542,"[('1-0', 0.1499), ('1-1', 0.1318), ('2-0', 0.1164), ('2-1', 0.1085), ('0-1', 0.0862), ('0-0', 0.0666), ('1-2', 0.0624), ('3-1', 0.0414), ('0-2', 0.0409), ('2-2', 0.0354), ('3-0', 0.0291), ('1-3', 0.0171)]",0.0,0.0,0.0,0.0,146.38
03/10/2026 01:08,WATCHLIST,2026-10-10T23:00:00Z,soccer_mexico_ligamx,the-odds-api,football,Querétaro,Atlante FC,Draw,Draw,0.2959603152815485,3.5,0.2857,0.0359,A EVITER,NUL POSSIBLE,True,63.4,3B - NUL POSSIBLE,MARCHE JUSTE,BOOST|GLOBAL_BOOST,+1.2% (179 obs),MEGA 70%/3% | SAFE 63%/1% | VALUE 58%/3%,WATCHLIST,cote trop haute,Value positive 3.6% | Proba IA 29.6% | MARCHE JUSTE | Learning BOOST|GLOBAL_BOOST | Calibration +1.2% (179 obs) | Source the-odds-api,0.5,0.5,1.2,1.1,1.2,1.2,0,NO BET,7.43,0.1346,0.0143,0.0,1500.0,1500.0,65.0,1.612,0.851,0.2453,NO DRAW SIGNAL,1-0,14.99,1-1,13.18,2-0,11.64,SCORE POISSON + FORME - confiance 78%,A recalculer via player_scorers,0.4461,0.5539,0.458,0.542,"[('1-0', 0.1499), ('1-1', 0.1318), ('2-0', 0.1164), ('2-1', 0.1085), ('0-1', 0.0862), ('0-0', 0.0666), ('1-2', 0.0624), ('3-1', 0.0414), ('0-2', 0.0409), ('2-2', 0.0354), ('3-0', 0.0291), ('1-3', 0.0171)]",0.0,0.0,0.0,0.0,129.97
03/10/2026 01:08,WATCHLIST,2026-10-10T23:30:00Z,soccer_usa_mls,the-odds-api,football,Atlanta United FC,FC Cincinnati,Draw,Draw,0.3087668122390925,4.0,0.25,0.2351,A EVITER,NUL POSSIBLE,True,82.12,3B - NUL POSSIBLE,MARCHE JUSTE,BOOST|GLOBAL_BOOST,+3.7% (114 obs),MEGA 70%/3% | SAFE 63%/1% | VALUE 58%/3%,WATCHLIST,cote trop haute,Value positive 23.5% | Proba IA 30.9% | MARCHE JUSTE | Learning BOOST|GLOBAL_BOOST | Calibration +3.7% (114 obs) | Source the-odds-api,0.5,0.5,1.2,1.1,1.2,1.2,0,NO BET,7.43,0.1346,0.0784,0.0,1500.0,1500.0,65.0,1.421,1.027,0.2674,NO DRAW SIGNAL,1-1,13.96,1-0,13.49,2-1,10.26,SCORE POISSON + FORME - confiance 72%,A recalculer via player_scorers,0.4408,0.5592,0.4869,0.5131,"[('1-1', 0.1396), ('1-0', 0.1349), ('2-1', 0.1026), ('0-1', 0.0982), ('2-0', 0.0959), ('1-2', 0.0738), ('0-0', 0.0674), ('0-2', 0.0523), ('2-2', 0.0384), ('3-1', 0.0365), ('3-0', 0.0239), ('1-3', 0.0213)]",0.0,0.0,0.0,0.0,244.23
03/10/2026 01:08,WATCHLIST,2026-10-10T23:30:00Z,soccer_usa_mls,the-odds-api,football,Atlanta United FC,FC Cincinnati,Home Win,Atlanta United FC,0.5021666222250549,2.3,0.4348,0.155,Faible,WATCHLIST,False,94.76,5 - WATCHLIST,MARCHE JUSTE,BOOST|GLOBAL_BOOST,+3.9% (57 obs),MEGA 70%/3% | SAFE 63%/1% | VALUE 58%/3%,WATCHLIST,proba trop basse,Value positive 15.5% | Proba IA 50.2% | MARCHE JUSTE | Learning BOOST|GLOBAL_BOOST | Calibration +3.9% (57 obs) | Source the-odds-api,0.5,0.5,1.2,1.1,1.2,1.2,0,NO BET,7.43,0.0,0.0,0.0,1500.0,1500.0,65.0,1.421,1.027,0.2674,NO DRAW SIGNAL,1-1,13.96,1-0,13.49,2-1,10.26,SCORE POISSON + FORME - confiance 72%,A recalculer via player_scorers,0.4408,0.5592,0.4869,0.5131,"[('1-1', 0.1396), ('1-0', 0.1349), ('2-1', 0.1026), ('0-1', 0.0982), ('2-0', 0.0959), ('1-2', 0.0738), ('0-0', 0.0674), ('0-2', 0.0523), ('2-2', 0.0384), ('3-1', 0.0365), ('3-0', 0.0239), ('1-3', 0.0213)]",0.0,0.0,0.0,0.0,242.04
03/10/2026 01:08,NO BET,2026-10-10T23:30:00Z,soccer_usa_mls,the-odds-api,football,Atlanta United FC,FC Cincinnati,Away Win,FC Cincinnati,0.32797189090109363,2.75,0.3636,-0.0981,A EVITER,NO BET,False,53.35,6 - NO BET,OK,BOOST|GLOBAL_BOOST,-4.1% (61 obs),MEGA 70%/3% | SAFE 63%/1% | VALUE 58%/3%,REFUSE,value negative,Value negative ou nulle | Proba IA 32.8% | Learning BOOST|GLOBAL_BOOST | Calibration -4.1% (61 obs) | Source the-odds-api,0.5,0.5,1.2,1.1,1.2,1.2,0,NO BET,7.43,0.0,0.0,0.0,1500.0,1500.0,65.0,1.421,1.027,0.2674,NO DRAW SIGNAL,1-1,13.96,1-0,13.49,2-1,10.26,SCORE POISSON + FORME - confiance 72%,A recalculer via player_scorers,0.4408,0.5592,0.4869,0.5131,"[('1-1', 0.1396), ('1-0', 0.1349), ('2-1', 0.1026), ('0-1', 0.0982), ('2-0', 0.0959), ('1-2', 0.0738), ('0-0', 0.0674), ('0-2', 0.0523), ('2-2', 0.0384), ('3-1', 0.0365), ('3-0', 0.0239), ('1-3', 0.0213)]",0.0,0.0,0.0,0.0,101.92
03/10/2026 01:08,WATCHLIST,2026-10-10T23:30:00Z,soccer_usa_mls,the-odds-api,football,Charlotte FC,FC Dallas,Draw,Draw,0.31006916786189365,3.8,0.2632,0.1783,A EVITER,NUL POSSIBLE,True,77.37,3B - NUL POSSIBLE,MARCHE JUSTE,BOOST|GLOBAL_BOOST,+3.7% (114 obs),MEGA 70%/3% | SAFE 63%/1% | VALUE 58%/3%,WATCHLIST,cote trop haute,Value positive 17.8% | Proba IA 31.0% | MARCHE JUSTE | Learning BOOST|GLOBAL_BOOST | Calibration +3.7% (114 obs) | Source the-odds-api,0.5,0.5,1.2,1.1,1.2,1.2,0,NO BET,7.43,0.1346,0.0637,0.0,1500.0,1500.0,65.0,1.504,0.955,0.2565,NO DRAW SIGNAL,1-0,14.13,1-1,13.56,2-1,10.61,SCORE POISSON + FORME - confiance 73%,A recalculer via player_scorers,0.4452,0.5548,0.4776,0.5224,"[('1-0', 0.1413), ('1-1', 0.1356), ('2-1', 0.1061), ('2-0', 0.1041), ('0-1', 0.0933), ('1-2', 0.0695), ('0-0', 0.0663), ('0-2', 0.0473), ('3-1', 0.0388), ('2-2', 0.0373), ('3-0', 0.0259), ('1-3', 0.0195)]",0.0,0.0,0.0,0.0,212.87
03/10/2026 01:08,WATCHLIST,2026-10-10T23:30:00Z,soccer_usa_mls,the-odds-api,football,Charlotte FC,FC Dallas,Away Win,FC Dallas,0.38590294812562614,2.95,0.339,0.1384,A EVITER,WATCHLIST,False,82.98,5 - WATCHLIST,OK,BOOST|GLOBAL_BOOST,+4.0% (64 obs),MEGA 70%/3% | SAFE 63%/1% | VALUE 58%/3%,WATCHLIST,proba trop basse,Value positive 13.8% | Proba IA 38.6% | Learning BOOST|GLOBAL_BOOST | Calibration +4.0% (64 obs) | Source the-odds-api,0.5,0.5,1.2,1.1,1.2,1.2,0,NO BET,7.43,0.0,0.0,0.0,1500.0,1500.0,65.0,1.504,0.955,0.2565,NO DRAW SIGNAL,1-0,14.13,1-1,13.56,2-1,10.61,SCORE POISSON + FORME - confiance 73%,A recalculer via player_scorers,0.4452,0.5548,0.4776,0.5224,"[('1-0', 0.1413), ('1-1', 0.1356), ('2-1', 0.1061), ('2-0', 0.1041), ('0-1', 0.0933), ('1-2', 0.0695), ('0-0', 0.0663), ('0-2', 0.0473), ('3-1', 0.0388), ('2-2', 0.0373), ('3-0', 0.0259), ('1-3', 0.0195)]",0.0,0.0,0.0,0.0,209.34
03/10/2026 01:08,NO BET,2026-10-10T23:30:00Z,soccer_usa_mls,the-odds-api,football,Charlotte FC,FC Dallas,Home Win,Charlotte FC,0.4571268236031838,2.12,0.4717,-0.0309,A EVITER,NO BET,False,71.5,5 - WATCHLIST,MARCHE JUSTE,BOOST|GLOBAL_BOOST,-3.2% (50 obs),MEGA 70%/3% | SAFE 63%/1% | VALUE 58%/3%,REFUSE,value negative,Value negative ou nulle | Proba IA 45.7% | MARCHE JUSTE | Learning BOOST|GLOBAL_BOOST | Calibration -3.2% (50 obs) | Source the-odds-api,0.5,0.5,1.2,1.1,1.2,1.2,0,NO BET,7.43,0.0,0.0,0.0,1500.0,1500.0,65.0,1.504,0.955,0.2565,NO DRAW SIGNAL,1-0,14.13,1-1,13.56,2-1,10.61,SCORE POISSON + FORME - confiance 73%,A recalculer via player_scorers,0.4452,0.5548,0.4776,0.5224,"[('1-0', 0.1413), ('1-1', 0.1356), ('2-1', 0.1061), ('2-0', 0.1041), ('0-1', 0.0933), ('1-2', 0.0695), ('0-0', 0.0663), ('0-2', 0.0473), ('3-1', 0.0388), ('2-2', 0.0373), ('3-0', 0.0259), ('1-3', 0.0195)]",0.0,0.0,0.0,0.0,137.82
03/10/2026 01:08,MEGA VALUE,2026-10-10T23:30:00Z,soccer_usa_mls,the-odds-api,football,Inter Miami CF,D.C. United,Home Win,Inter Miami CF,0.7802304999999999,1.38,0.7246,0.0767,Elite,MEGA VALUE,True,97.44,1 - MEGA VALUE,OK,GLOBAL_BOOST,+4.0% (27 obs),MEGA 70%/3% | SAFE 63%/1% | VALUE 58%/3%,JOUABLE,ok,Value positive 7.7% | Proba IA 78.0% | Mode MEGA VALUE | Learning GLOBAL_BOOST | Calibration +4.0% (27 obs) | Source the-odds-api,0.5,0.5,1.2,1.1,1.2,1.2,0,VALUE BET,7.43,0.2463,0.2019,1.83,1500.0,1500.0,65.0,2.359,0.412,0.1065,NO DRAW SIGNAL,2-0,23.63,3-0,19.09,1-0,11.94,SCORE POISSON + FORME - confiance 78%,A recalculer via player_scorers,0.5629,0.4371,0.2895,0.7105,"[('2-0', 0.2363), ('3-0', 0.1909), ('1-0', 0.1194), ('4-0', 0.0813), ('2-1', 0.0761), ('3-1', 0.0529), ('1-1', 0.0462), ('0-0', 0.0311), ('0-1', 0.0305), ('5-0', 0.0226), ('4-1', 0.0207), ('1-2', 0.0166)]",0.0,0.0,0.0,0.0,231.82
03/10/2026 01:08,WATCHLIST,2026-10-10T23:30:00Z,soccer_usa_mls,the-odds-api,football,Inter Miami CF,D.C. United,Away Win,D.C. United,0.16809129596252156,7.0,0.1429,0.1766,A EVITER,WATCHLIST,False,65.22,5 - WATCHLIST,COTE HAUTE,BOOST|GLOBAL_BOOST,+3.2% (24 obs),MEGA 70%/3% | SAFE 63%/1% | VALUE 58%/3%,WATCHLIST,cote trop haute,Value positive 17.7% | Proba IA 16.8% | COTE HAUTE | Learning BOOST|GLOBAL_BOOST | Calibration +3.2% (24 obs) | Source the-odds-api,0.5,0.5,1.2,1.1,1.2,1.2,0,NO BET,7.43,0.0,0.0,0.0,1500.0,1500.0,65.0,2.359,0.412,0.1065,NO DRAW SIGNAL,2-0,23.63,3-0,19.09,1-0,11.94,SCORE POISSON + FORME - confiance 78%,A recalculer via player_scorers,0.5629,0.4371,0.2895,0.7105,"[('2-0', 0.2363), ('3-0', 0.1909), ('1-0', 0.1194), ('4-0', 0.0813), ('2-1', 0.0761), ('3-1', 0.0529), ('1-1', 0.0462), ('0-0', 0.0311), ('0-1', 0.0305), ('5-0', 0.0226), ('4-1', 0.0207), ('1-2', 0.0166)]",0.0,0.0,0.0,0.0,184.25
03/10/2026 01:08,NO BET,2026-10-10T23:30:00Z,soccer_usa_mls,the-odds-api,football,Inter Miami CF,D.C. United,Draw,Draw,0.12068495437956799,5.5,0.1818,-0.3362,A EVITER,NO BET,False,27.42,6 - NO BET,DRAW RISQUE,BOOST|GLOBAL_BOOST,-4.5% (32 obs),MEGA 70%/3% | SAFE 63%/1% | VALUE 58%/3%,REFUSE,cote trop haute,Value negative ou nulle | Proba IA 12.1% | DRAW RISQUE | Learning BOOST|GLOBAL_BOOST | Calibration -4.5% (32 obs) | Source the-odds-api,0.5,0.5,1.2,1.1,1.2,1.2,0,NO BET,7.43,0.0,0.0,0.0,1500.0,1500.0,65.0,2.359,0.412,0.1065,NO DRAW SIGNAL,2-0,23.63,3-0,19.09,1-0,11.94,SCORE POISSON + FORME - confiance 78%,A recalculer via player_scorers,0.5629,0.4371,0.2895,0.7105,"[('2-0', 0.2363), ('3-0', 0.1909), ('1-0', 0.1194), ('4-0', 0.0813), ('2-1', 0.0761), ('3-1', 0.0529), ('1-1', 0.0462), ('0-0', 0.0311), ('0-1', 0.0305), ('5-0', 0.0226), ('4-1', 0.0207), ('1-2', 0.0166)]",0.0,0.0,0.0,0.0,49.03
03/10/2026 01:08,WATCHLIST,2026-10-10T23:30:00Z,soccer_usa_mls,the-odds-api,football,New England Revolution,Seattle Sounders FC,Away Win,Seattle Sounders FC,0.31440142670873267,3.75,0.2667,0.179,A EVITER,WATCHLIST,False,81.64,5 - WATCHLIST,OK,BOOST|GLOBAL_BOOST,+4.0% (49 obs),MEGA 70%/3% | SAFE 63%/1% | VALUE 58%/3%,WATCHLIST,cote trop haute,Value positive 17.9% | Proba IA 31.4% | Learning BOOST|GLOBAL_BOOST | Calibration +4.0% (49 obs) | Source the-odds-api,0.5,0.5,1.2,1.1,1.2,1.2,0,NO BET,7.43,0.0,0.0,0.0,1500.0,1500.0,65.0,1.718,0.789,0.2066,NO DRAW SIGNAL,1-0,16.73,2-0,13.72,1-1,11.92,SCORE POISSON + FORME - confiance 78%,A recalculer via player_scorers,0.4664,0.5336,0.4402,0.5598,"[('1-0', 0.1673), ('2-0', 0.1372), ('1-1', 0.1192), ('2-1', 0.1175), ('0-1', 0.0833), ('0-0', 0.0607), ('1-2', 0.0589), ('3-1', 0.0455), ('0-2', 0.036), ('3-0', 0.0316), ('2-2', 0.0306), ('3-2', 0.0145)]",0.0,0.0,0.0,0.0,219.81
03/10/2026 01:08,WATCHLIST,2026-10-10T23:30:00Z,soccer_usa_mls,the-odds-api,football,New England Revolution,Seattle Sounders FC,Draw,Draw,0.2871694148276411,4.0,0.25,0.1487,A EVITER,NUL POSSIBLE,True,73.01,3B - NUL POSSIBLE,DRAW RISQUE,BOOST|GLOBAL_BOOST,+3.7% (114 obs),MEGA 70%/3% | SAFE 63%/1% | VALUE 58%/3%,WATCHLIST,cote trop haute,Value positive 14.9% | Proba IA 28.7% | DRAW RISQUE | Learning BOOST|GLOBAL_BOOST | Calibration +3.7% (114 obs) | Source the-odds-api,0.5,0.5,1.2,1.1,1.2,1.2,0,NO BET,7.43,0.1346,0.0496,0.0,1500.0,1500.0,65.0,1.718,0.789,0.2066,NO DRAW SIGNAL,1-0,16.73,2-0,13.72,1-1,11.92,SCORE POISSON + FORME - confiance 78%,A recalculer via player_scorers,0.4664,0.5336,0.4402,0.5598,"[('1-0', 0.1673), ('2-0', 0.1372), ('1-1', 0.1192), ('2-1', 0.1175), ('0-1', 0.0833), ('0-0', 0.0607), ('1-2', 0.0589), ('3-1', 0.0455), ('0-2', 0.036), ('3-0', 0.0316), ('2-2', 0.0306), ('3-2', 0.0145)]",0.0,0.0,0.0,0.0,192.09
03/10/2026 01:08,NO BET,2026-10-10T23:30:00Z,soccer_usa_mls,the-odds-api,football,New England Revolution,Seattle Sounders FC,Home Win,New England Revolution,0.5176863600634346,1.85,0.5405,-0.0423,Faible,NO BET,False,72.73,5 - WATCHLIST,OK,BOOST|GLOBAL_BOOST,-6.0% (26 obs),MEGA 70%/3% | SAFE 63%/1% | VALUE 58%/3%,REFUSE,value negative,Value negative ou nulle | Proba IA 51.8% | Learning BOOST|GLOBAL_BOOST | Calibration -6.0% (26 obs) | Source the-odds-api,0.5,0.5,1.2,1.1,1.2,1.2,0,NO BET,7.43,0.0,0.0,0.0,1500.0,1500.0,65.0,1.718,0.789,0.2066,NO DRAW SIGNAL,1-0,16.73,2-0,13.72,1-1,11.92,SCORE POISSON + FORME - confiance 78%,A recalculer via player_scorers,0.4664,0.5336,0.4402,0.5598,"[('1-0', 0.1673), ('2-0', 0.1372), ('1-1', 0.1192), ('2-1', 0.1175), ('0-1', 0.0833), ('0-0', 0.0607), ('1-2', 0.0589), ('3-1', 0.0455), ('0-2', 0.036), ('3-0', 0.0316), ('2-2', 0.0306), ('3-2', 0.0145)]",0.0,0.0,0.0,0.0,143.88
03/10/2026 01:08,WATCHLIST,2026-10-10T23:30:00Z,soccer_usa_mls,the-odds-api,football,New York Red Bulls,San Diego FC,Draw,Draw,0.290208244614177,4.0,0.25,0.1608,A EVITER,NUL POSSIBLE,True,74.53,3B - NUL POSSIBLE,MARCHE JUSTE,BOOST|GLOBAL_BOOST,+1.2% (179 obs),MEGA 70%/3% | SAFE 63%/1% | VALUE 58%/3%,WATCHLIST,cote trop haute,Value positive 16.1% | Proba IA 29.0% | MARCHE JUSTE | Learning BOOST|GLOBAL_BOOST | Calibration +1.2% (179 obs) | Source the-odds-api,0.5,0.5,1.2,1.1,1.2,1.2,0,NO BET,7.43,0.1346,0.0536,0.0,1500.0,1500.0,65.0,1.287,1.134,0.287,DRAW POSSIBLE - tight 66%,1-1,14.72,1-0,12.47,0-1,10.53,SCORE POISSON + FORME - confiance 78%,A recalculer via player_scorers,0.4292,0.5708,0.4934,0.5066,"[('1-1', 0.1472), ('1-0', 0.1247), ('0-1', 0.1053), ('2-1', 0.0952), ('2-0', 0.084), ('1-2', 0.0791), ('0-0', 0.071), ('0-2', 0.0609), ('2-2', 0.0395), ('3-1', 0.0327), ('1-3', 0.0241), ('3-0', 0.0212)]",0.0,0.0,0.0,0.0,199.78
03/10/2026 01:08,NO BET,2026-10-10T23:30:00Z,soccer_usa_mls,the-odds-api,football,New York Red Bulls,San Diego FC,Away Win,San Diego FC,0.39126271129403767,2.48,0.4032,-0.0297,A EVITER,NO BET,False,63.87,5 - WATCHLIST,OK,BOOST|GLOBAL_BOOST,-2.8% (18 obs),MEGA 70%/3% | SAFE 63%/1% | VALUE 58%/3%,REFUSE,value negative,Value negative ou nulle | Proba IA 39.1% | Learning BOOST|GLOBAL_BOOST | Calibration -2.8% (18 obs) | Source the-odds-api,0.5,0.5,1.2,1.1,1.2,1.2,0,NO BET,7.43,0.0,0.0,0.0,1500.0,1500.0,65.0,1.287,1.134,0.287,NO DRAW SIGNAL,1-1,14.72,1-0,12.47,0-1,10.53,SCORE POISSON + FORME - confiance 78%,A recalculer via player_scorers,0.4292,0.5708,0.4934,0.5066,"[('1-1', 0.1472), ('1-0', 0.1247), ('0-1', 0.1053), ('2-1', 0.0952), ('2-0', 0.084), ('1-2', 0.0791), ('0-0', 0.071), ('0-2', 0.0609), ('2-2', 0.0395), ('3-1', 0.0327), ('1-3', 0.0241), ('3-0', 0.0212)]",0.0,0.0,0.0,0.0,121.92
03/10/2026 01:08,NO BET,2026-10-10T23:30:00Z,soccer_usa_mls,the-odds-api,football,New York Red Bulls,San Diego FC,Home Win,New York Red Bulls,0.3407830546329528,2.6,0.3846,-0.114,A EVITER,NO BET,False,53.66,6 - NO BET,MARCHE JUSTE,BOOST|GLOBAL_BOOST,-6.0% (36 obs),MEGA 70%/3% | SAFE 63%/1% | VALUE 58%/3%,REFUSE,value negative,Value negative ou nulle | Proba IA 34.1% | MARCHE JUSTE | Learning BOOST|GLOBAL_BOOST | Calibration -6.0% (36 obs) | Source the-odds-api,0.5,0.5,1.2,1.1,1.2,1.2,0,NO BET,7.43,0.0,0.0,0.0,1500.0,1500.0,65.0,1.287,1.134,0.287,NO DRAW SIGNAL,1-1,14.72,1-0,12.47,0-1,10.53,SCORE POISSON + FORME - confiance 78%,A recalculer via player_scorers,0.4292,0.5708,0.4934,0.5066,"[('1-1', 0.1472), ('1-0', 0.1247), ('0-1', 0.1053), ('2-1', 0.0952), ('2-0', 0.084), ('1-2', 0.0791), ('0-0', 0.071), ('0-2', 0.0609), ('2-2', 0.0395), ('3-1', 0.0327), ('1-3', 0.0241), ('3-0', 0.0212)]",0.0,0.0,0.0,0.0,103.27
03/10/2026 01:08,WATCHLIST,2026-10-10T23:30:00Z,soccer_usa_mls,the-odds-api,football,Orlando City SC,Columbus Crew SC,Draw,Draw,0.30258062303078737,4.0,0.25,0.2103,A EVITER,NUL POSSIBLE,True,80.75,3B - NUL POSSIBLE,MARCHE JUSTE,BOOST|GLOBAL_BOOST,+3.7% (114 obs),MEGA 70%/3% | SAFE 63%/1% | VALUE 58%/3%,WATCHLIST,cote trop haute,Value positive 21.0% | Proba IA 30.3% | MARCHE JUSTE | Learning BOOST|GLOBAL_BOOST | Calibration +3.7% (114 obs) | Source the-odds-api,0.5,0.5,1.2,1.1,1.2,1.2,0,NO BET,7.43,0.1346,0.0701,0.0,1500.0,1500.0,65.0,1.526,0.945,0.2544,NO DRAW SIGNAL,1-0,14.19,1-1,13.51,2-1,10.68,SCORE POISSON + FORME - confiance 73%,A recalculer via player_scorers,0.4483,0.5517,0.4776,0.5224,"[('1-0', 0.1419), ('1-1', 0.1351), ('2-1', 0.1068), ('2-0', 0.1057), ('0-1', 0.092), ('1-2', 0.0687), ('0-0', 0.0659), ('0-2', 0.0463), ('3-1', 0.0394), ('2-2', 0.0373), ('3-0', 0.0264), ('1-3', 0.0192)]",0.0,0.0,0.0,0.0,231.13
03/10/2026 01:08,WATCHLIST,2026-10-10T23:30:00Z,soccer_usa_mls,the-odds-api,football,Orlando City SC,Columbus Crew SC,Away Win,Columbus Crew SC,0.3831660477843097,3.0,0.3333,0.1495,A EVITER,WATCHLIST,False,84.14,5 - WATCHLIST,OK,BOOST|GLOBAL_BOOST,+4.0% (64 obs),MEGA 70%/3% | SAFE 63%/1% | VALUE 58%/3%,WATCHLIST,proba trop basse,Value positive 14.9% | Proba IA 38.3% | Learning BOOST|GLOBAL_BOOST | Calibration +4.0% (64 obs) | Source the-odds-api,0.5,0.5,1.2,1.1,1.2,1.2,0,NO BET,7.43,0.0,0.0,0.0,1500.0,1500.0,65.0,1.526,0.945,0.2544,NO DRAW SIGNAL,1-0,14.19,1-1,13.51,2-1,10.68,SCORE POISSON + FORME - confiance 73%,A recalculer via player_scorers,0.4483,0.5517,0.4776,0.5224,"[('1-0', 0.1419), ('1-1', 0.1351), ('2-1', 0.1068), ('2-0', 0.1057), ('0-1', 0.092), ('1-2', 0.0687), ('0-0', 0.0659), ('0-2', 0.0463), ('3-1', 0.0394), ('2-2', 0.0373), ('3-0', 0.0264), ('1-3', 0.0192)]",0.0,0.0,0.0,0.0,215.63
03/10/2026 01:08,NO BET,2026-10-10T23:30:00Z,soccer_usa_mls,the-odds-api,football,Orlando City SC,Columbus Crew SC,Home Win,Orlando City SC,0.46732860931512565,2.1,0.4762,-0.0186,A EVITER,NO BET,False,73.34,5 - WATCHLIST,MARCHE JUSTE,BOOST|GLOBAL_BOOST,-3.2% (50 obs),MEGA 70%/3% | SAFE 63%/1% | VALUE 58%/3%,REFUSE,value negative,Value negative ou nulle | Proba IA 46.7% | MARCHE JUSTE | Learning BOOST|GLOBAL_BOOST | Calibration -3.2% (50 obs) | Source the-odds-api,0.5,0.5,1.2,1.1,1.2,1.2,0,NO BET,7.43,0.0,0.0,0.0,1500.0,1500.0,65.0,1.526,0.945,0.2544,NO DRAW SIGNAL,1-0,14.19,1-1,13.51,2-1,10.68,SCORE POISSON + FORME - confiance 73%,A recalculer via player_scorers,0.4483,0.5517,0.4776,0.5224,"[('1-0', 0.1419), ('1-1', 0.1351), ('2-1', 0.1068), ('2-0', 0.1057), ('0-1', 0.092), ('1-2', 0.0687), ('0-0', 0.0659), ('0-2', 0.0463), ('3-1', 0.0394), ('2-2', 0.0373), ('3-0', 0.0264), ('1-3', 0.0192)]",0.0,0.0,0.0,0.0,141.26
03/10/2026 01:08,WATCHLIST,2026-10-10T23:30:00Z,soccer_usa_mls,the-odds-api,football,Philadelphia Union,Real Salt Lake,Home Win,Philadelphia Union,0.7696744999999999,1.4,0.7143,0.0775,Forte,MEGA VALUE,True,97.09,1 - MEGA VALUE,OK,GLOBAL_BOOST,+4.0% (27 obs),MEGA 70%/3% | SAFE 63%/1% | VALUE 58%/3%,WATCHLIST,watchlist prudente,Value positive 7.8% | Proba IA 77.0% | Learning GLOBAL_BOOST | Calibration +4.0% (27 obs) | Source the-odds-api,0.5,0.5,1.2,1.1,1.2,1.2,0,NO BET,7.43,0.4038,0.1939,0.0,1500.0,1500.0,65.0,2.308,0.435,0.1126,NO DRAW SIGNAL,2-0,23.4,3-0,18.5,1-0,12.07,SCORE POISSON + FORME - confiance 78%,A recalculer via player_scorers,0.5557,0.4443,0.301,0.699,"[('2-0', 0.234), ('3-0', 0.185), ('1-0', 0.1207), ('2-1', 0.0792), ('4-0', 0.0771), ('3-1', 0.054), ('1-1', 0.0488), ('0-1', 0.0328), ('0-0', 0.032), ('5-0', 0.021), ('4-1', 0.0207), ('1-2', 0.0182)]",0.0,0.0,0.0,0.0,230.91
03/10/2026 01:08,WATCHLIST,2026-10-10T23:30:00Z,soccer_usa_mls,the-odds-api,football,Philadelphia Union,Real Salt Lake,Away Win,Real Salt Lake,0.1739072091878191,6.75,0.1481,0.1739,A EVITER,WATCHLIST,False,65.15,5 - WATCHLIST,COTE HAUTE,BOOST|GLOBAL_BOOST,+3.2% (24 obs),MEGA 70%/3% | SAFE 63%/1% | VALUE 58%/3%,WATCHLIST,cote trop haute,Value positive 17.4% | Proba IA 17.4% | COTE HAUTE | Learning BOOST|GLOBAL_BOOST | Calibration +3.2% (24 obs) | Source the-odds-api,0.5,0.5,1.2,1.1,1.2,1.2,0,NO BET,7.43,0.0,0.0,0.0,1500.0,1500.0,65.0,2.308,0.435,0.1126,NO DRAW SIGNAL,2-0,23.4,3-0,18.5,1-0,12.07,SCORE POISSON + FORME - confiance 78%,A recalculer via player_scorers,0.5557,0.4443,0.301,0.699,"[('2-0', 0.234), ('3-0', 0.185), ('1-0', 0.1207), ('2-1', 0.0792), ('4-0', 0.0771), ('3-1', 0.054), ('1-1', 0.0488), ('0-1', 0.0328), ('0-0', 0.032), ('5-0', 0.021), ('4-1', 0.0207), ('1-2', 0.0182)]",0.0,0.0,0.0,0.0,183.36
03/10/2026 01:08,NO BET,2026-10-10T23:30:00Z,soccer_usa_mls,the-odds-api,football,Philadelphia Union,Real Salt Lake,Draw,Draw,0.1264370250469395,5.3,0.1887,-0.3299,A EVITER,NO BET,False,27.66,6 - NO BET,DRAW RISQUE,BOOST|GLOBAL_BOOST,-4.5% (32 obs),MEGA 70%/3% | SAFE 63%/1% | VALUE 58%/3%,REFUSE,cote trop haute,Value negative ou nulle | Proba IA 12.6% | DRAW RISQUE | Learning BOOST|GLOBAL_BOOST | Calibration -4.5% (32 obs) | Source the-odds-api,0.5,0.5,1.2,1.1,1.2,1.2,0,NO BET,7.43,0.0,0.0,0.0,1500.0,1500.0,65.0,2.308,0.435,0.1126,NO DRAW SIGNAL,2-0,23.4,3-0,18.5,1-0,12.07,SCORE POISSON + FORME - confiance 78%,A recalculer via player_scorers,0.5557,0.4443,0.301,0.699,"[('2-0', 0.234), ('3-0', 0.185), ('1-0', 0.1207), ('2-1', 0.0792), ('4-0', 0.0771), ('3-1', 0.054), ('1-1', 0.0488), ('0-1', 0.0328), ('0-0', 0.032), ('5-0', 0.021), ('4-1', 0.0207), ('1-2', 0.0182)]",0.0,0.0,0.0,0.0,49.79
03/10/2026 01:08,WATCHLIST,2026-10-11T00:00:00Z,soccer_brazil_campeonato,the-odds-api,football,Sao Paulo,Vitoria,Home Win,Sao Paulo,0.6433636776637401,1.67,0.5988,0.0744,Moyenne,SAFE PICK,True,91.43,2 - SAFE PICK,OK,BOOST|GLOBAL_BOOST,-0.7% (30 obs),MEGA 70%/3% | SAFE 63%/1% | VALUE 58%/3%,WATCHLIST,watchlist prudente,Value positive 7.4% | Proba IA 64.3% | Learning BOOST|GLOBAL_BOOST | Calibration -0.7% (30 obs) | Source the-odds-api,0.5,0.5,1.2,1.1,1.2,1.2,0,NO BET,7.43,0.2692,0.1111,0.0,1500.0,1500.0,65.0,1.891,0.629,0.171,NO DRAW SIGNAL,2-0,17.95,1-0,17.61,2-1,11.07,SCORE POISSON + FORME - confiance 71%,A recalculer via player_scorers,0.4806,0.5194,0.3822,0.6178,"[('2-0', 0.1795), ('1-0', 0.1761), ('2-1', 0.1107), ('1-1', 0.1047), ('0-1', 0.0679), ('0-0', 0.0589), ('3-1', 0.0523), ('1-2', 0.0442), ('3-0', 0.0428), ('0-2', 0.0262), ('2-2', 0.0251), ('4-0', 0.0159)]",0.0,0.0,0.0,0.0,212.35
03/10/2026 01:08,WATCHLIST,2026-10-11T00:00:00Z,soccer_brazil_campeonato,the-odds-api,football,Sao Paulo,Vitoria,Draw,Draw,0.29498354856444764,3.55,0.2817,0.0472,A EVITER,NUL POSSIBLE,True,61.67,3B - NUL POSSIBLE,DRAW RISQUE,BOOST|GLOBAL_BOOST,+3.7% (114 obs),MEGA 70%/3% | SAFE 63%/1% | VALUE 58%/3%,WATCHLIST,cote trop haute,Value positive 4.7% | Proba IA 29.5% | DRAW RISQUE | Learning BOOST|GLOBAL_BOOST | Calibration +3.7% (114 obs) | Source the-odds-api,0.5,0.5,1.2,1.1,1.2,1.2,0,NO BET,7.43,0.1346,0.0185,0.0,1500.0,1500.0,65.0,1.891,0.629,0.171,NO DRAW SIGNAL,2-0,17.95,1-0,17.61,2-1,11.07,SCORE POISSON + FORME - confiance 71%,A recalculer via player_scorers,0.4806,0.5194,0.3822,0.6178,"[('2-0', 0.1795), ('1-0', 0.1761), ('2-1', 0.1107), ('1-1', 0.1047), ('0-1', 0.0679), ('0-0', 0.0589), ('3-1', 0.0523), ('1-2', 0.0442), ('3-0', 0.0428), ('0-2', 0.0262), ('2-2', 0.0251), ('4-0', 0.0159)]",0.0,0.0,0.0,0.0,132.21
03/10/2026 01:08,NO BET,2026-10-11T00:00:00Z,soccer_brazil_campeonato,the-odds-api,football,Sao Paulo,Vitoria,Away Win,Vitoria,0.1550910193412682,5.2,0.1923,-0.1935,A EVITER,NO BET,False,32.86,6 - NO BET,COTE HAUTE,BOOST|GLOBAL_BOOST,-3.0% (36 obs),MEGA 70%/3% | SAFE 63%/1% | VALUE 58%/3%,REFUSE,cote trop haute,Value negative ou nulle | Proba IA 15.5% | COTE HAUTE | Learning BOOST|GLOBAL_BOOST | Calibration -3.0% (36 obs) | Source the-odds-api,0.5,0.5,1.2,1.1,1.2,1.2,0,NO BET,7.43,0.0,0.0,0.0,1500.0,1500.0,65.0,1.891,0.629,0.171,NO DRAW SIGNAL,2-0,17.95,1-0,17.61,2-1,11.07,SCORE POISSON + FORME - confiance 71%,A recalculer via player_scorers,0.4806,0.5194,0.3822,0.6178,"[('2-0', 0.1795), ('1-0', 0.1761), ('2-1', 0.1107), ('1-1', 0.1047), ('0-1', 0.0679), ('0-0', 0.0589), ('3-1', 0.0523), ('1-2', 0.0442), ('3-0', 0.0428), ('0-2', 0.0262), ('2-2', 0.0251), ('4-0', 0.0159)]",0.0,0.0,0.0,0.0,59.49
03/10/2026 01:08,WATCHLIST,2026-10-11T00:30:00Z,soccer_argentina_primera_division,the-odds-api,football,River Plate,Estudiantes de Río Cuarto,Home Win,River Plate,0.8221119868931901,1.2,0.8333,-0.0135,Elite,FAVORI SOLIDE,True,80.83,2B - FAVORI SOLIDE,OK,BOOST|GLOBAL_BOOST,-6.0% (16 obs),MEGA 70%/3% | SAFE 63%/1% | VALUE 58%/3%,WATCHLIST,value negative,Value negative ou nulle | Proba IA 82.2% | Learning BOOST|GLOBAL_BOOST | Calibration -6.0% (16 obs) | Source the-odds-api,0.5,0.5,1.2,1.1,1.2,1.2,0,NO BET,7.43,0.2692,0.0,0.0,1500.0,1500.0,65.0,2.795,0.25,0.0639,NO DRAW SIGNAL,2-0,23.37,3-0,22.31,4-0,14.3,SCORE POISSON + FORME - confiance 76%,A recalculer via player_scorers,0.6268,0.3732,0.1963,0.8037,"[('2-0', 0.2337), ('3-0', 0.2231), ('4-0', 0.143), ('1-0', 0.1008), ('3-1', 0.0483), ('2-1', 0.0481), ('5-0', 0.0367), ('1-1', 0.0273), ('0-0', 0.0231), ('4-1', 0.0177), ('6-0', 0.0171), ('0-1', 0.0161)]",0.0,0.0,0.0,0.0,177.18
03/10/2026 01:08,WATCHLIST,2026-10-11T00:30:00Z,soccer_argentina_primera_division,the-odds-api,football,River Plate,Estudiantes de Río Cuarto,Draw,Draw,0.1957874619610977,5.75,0.1739,0.1258,A EVITER,WATCHLIST,False,56.54,5 - WATCHLIST,DRAW RISQUE,BOOST|GLOBAL_BOOST,+4.0% (36 obs),MEGA 70%/3% | SAFE 63%/1% | VALUE 58%/3%,WATCHLIST,cote trop haute,Value positive 12.6% | Proba IA 19.6% | DRAW RISQUE | Learning BOOST|GLOBAL_BOOST | Calibration +4.0% (36 obs) | Source the-odds-api,0.5,0.5,1.2,1.1,1.2,1.2,0,NO BET,7.43,0.0,0.0,0.0,1500.0,1500.0,65.0,2.795,0.25,0.0639,NO DRAW SIGNAL,2-0,23.37,3-0,22.31,4-0,14.3,SCORE POISSON + FORME - confiance 76%,A recalculer via player_scorers,0.6268,0.3732,0.1963,0.8037,"[('2-0', 0.2337), ('3-0', 0.2231), ('4-0', 0.143), ('1-0', 0.1008), ('3-1', 0.0483), ('2-1', 0.0481), ('5-0', 0.0367), ('1-1', 0.0273), ('0-0', 0.0231), ('4-1', 0.0177), ('6-0', 0.0171), ('0-1', 0.0161)]",0.0,0.0,0.0,0.0,151.47
03/10/2026 01:08,NO BET,2026-10-11T00:30:00Z,soccer_argentina_primera_division,the-odds-api,football,River Plate,Estudiantes de Río Cuarto,Away Win,Estudiantes de Río Cuarto,0.04789575597303871,19.0,0.0526,-0.09,A EVITER,NO BET,False,29.51,6 - NO BET,COTE HAUTE,BOOST|GLOBAL_BOOST,BASELINE,MEGA 70%/3% | SAFE 63%/1% | VALUE 58%/3%,REFUSE,cote trop haute,Value negative ou nulle | Proba IA 4.8% | COTE HAUTE | Learning BOOST|GLOBAL_BOOST | Source the-odds-api,0.5,0.5,1.2,1.1,1.2,1.2,0,NO BET,7.43,0.0,0.0,0.0,1500.0,1500.0,65.0,2.795,0.25,0.0639,NO DRAW SIGNAL,2-0,23.37,3-0,22.31,4-0,14.3,SCORE POISSON + FORME - confiance 76%,A recalculer via player_scorers,0.6268,0.3732,0.1963,0.8037,"[('2-0', 0.2337), ('3-0', 0.2231), ('4-0', 0.143), ('1-0', 0.1008), ('3-1', 0.0483), ('2-1', 0.0481), ('5-0', 0.0367), ('1-1', 0.0273), ('0-0', 0.0231), ('4-1', 0.0177), ('6-0', 0.0171), ('0-1', 0.0161)]",0.0,0.0,0.0,0.0,47.03
03/10/2026 01:08,WATCHLIST,2026-10-11T00:30:00Z,soccer_usa_mls,the-odds-api,football,Austin FC,Nashville SC,Draw,Draw,0.2934641336711797,3.7,0.2703,0.0858,A EVITER,NUL POSSIBLE,True,66.04,3B - NUL POSSIBLE,MARCHE JUSTE,BOOST|GLOBAL_BOOST,+1.2% (179 obs),MEGA 70%/3% | SAFE 63%/1% | VALUE 58%/3%,WATCHLIST,cote trop haute,Value positive 8.6% | Proba IA 29.3% | MARCHE JUSTE | Learning BOOST|GLOBAL_BOOST | Calibration +1.2% (179 obs) | Source the-odds-api,0.5,0.5,1.2,1.1,1.2,1.2,0,NO BET,7.43,0.1346,0.0318,0.0,1500.0,1500.0,65.0,0.92,1.419,0.2659,NO DRAW SIGNAL,0-1,13.8,1-1,13.65,1-0,10.65,SCORE POISSON + FORME - confiance 69%,A recalculer via player_scorers,0.414,0.586,0.4551,0.5449,"[('0-1', 0.138), ('1-1', 0.1365), ('1-0', 0.1065), ('1-2', 0.0942), ('0-2', 0.0932), ('2-1', 0.0763), ('0-0', 0.0715), ('2-0', 0.0583), ('2-2', 0.0353), ('1-3', 0.0319), ('3-1', 0.0232), ('0-3', 0.0197)]",0.0,0.0,0.0,0.0,155.18
03/10/2026 01:08,NO BET,2026-10-11T00:30:00Z,soccer_usa_mls,the-odds-api,football,Austin FC,Nashville SC,Away Win,Nashville SC,0.4961772243778367,1.89,0.5291,-0.0622,A EVITER,NO BET,False,69.53,5 - WATCHLIST,MARCHE JUSTE,BOOST|GLOBAL_BOOST,-6.0% (28 obs),MEGA 70%/3% | SAFE 63%/1% | VALUE 58%/3%,REFUSE,value negative,Value negative ou nulle | Proba IA 49.6% | MARCHE JUSTE | Learning BOOST|GLOBAL_BOOST | Calibration -6.0% (28 obs) | Source the-odds-api,0.5,0.5,1.2,1.1,1.2,1.2,0,NO BET,7.43,0.0,0.0,0.0,1500.0,1500.0,65.0,0.92,1.419,0.2659,NO DRAW SIGNAL,0-1,13.8,1-1,13.65,1-0,10.65,SCORE POISSON + FORME - confiance 69%,A recalculer via player_scorers,0.414,0.586,0.4551,0.5449,"[('0-1', 0.138), ('1-1', 0.1365), ('1-0', 0.1065), ('1-2', 0.0942), ('0-2', 0.0932), ('2-1', 0.0763), ('0-0', 0.0715), ('2-0', 0.0583), ('2-2', 0.0353), ('1-3', 0.0319), ('3-1', 0.0232), ('0-3', 0.0197)]",0.0,0.0,0.0,0.0,137.64
03/10/2026 01:08,NO BET,2026-10-11T00:30:00Z,soccer_usa_mls,the-odds-api,football,Austin FC,Nashville SC,Home Win,Austin FC,0.2143460295860133,3.8,0.2632,-0.1855,A EVITER,NO BET,False,45.35,6 - NO BET,MARCHE JUSTE,BOOST|GLOBAL_BOOST,-5.0% (19 obs),MEGA 70%/3% | SAFE 63%/1% | VALUE 58%/3%,REFUSE,cote trop haute,Value negative ou nulle | Proba IA 21.4% | MARCHE JUSTE | Learning BOOST|GLOBAL_BOOST | Calibration -5.0% (19 obs) | Source the-odds-api,0.5,0.5,1.2,1.1,1.2,1.2,0,NO BET,7.43,0.0,0.0,0.0,1500.0,1500.0,65.0,0.92,1.419,0.2659,NO DRAW SIGNAL,0-1,13.8,1-1,13.65,1-0,10.65,SCORE POISSON + FORME - confiance 69%,A recalculer via player_scorers,0.414,0.586,0.4551,0.5449,"[('0-1', 0.138), ('1-1', 0.1365), ('1-0', 0.1065), ('1-2', 0.0942), ('0-2', 0.0932), ('2-1', 0.0763), ('0-0', 0.0715), ('2-0', 0.0583), ('2-2', 0.0353), ('1-3', 0.0319), ('3-1', 0.0232), ('0-3', 0.0197)]",0.0,0.0,0.0,0.0,82.12
03/10/2026 01:08,WATCHLIST,2026-10-11T00:30:00Z,soccer_usa_mls,the-odds-api,football,Minnesota United FC,Houston Dynamo,Away Win,Houston Dynamo,0.3486126809751889,3.4,0.2941,0.1853,A EVITER,WATCHLIST,False,86.8,5 - WATCHLIST,MARCHE JUSTE,BOOST|GLOBAL_BOOST,+4.0% (64 obs),MEGA 70%/3% | SAFE 63%/1% | VALUE 58%/3%,WATCHLIST,cote trop haute,Value positive 18.5% | Proba IA 34.9% | MARCHE JUSTE | Learning BOOST|GLOBAL_BOOST | Calibration +4.0% (64 obs) | Source the-odds-api,0.5,0.5,1.2,1.1,1.2,1.2,0,NO BET,7.43,0.0,0.0,0.0,1500.0,1500.0,65.0,1.572,0.885,0.2498,NO DRAW SIGNAL,1-0,14.72,1-1,13.33,2-0,11.21,SCORE POISSON + FORME - confiance 78%,A recalculer via player_scorers,0.4446,0.5554,0.4646,0.5354,"[('1-0', 0.1472), ('1-1', 0.1333), ('2-0', 0.1121), ('2-1', 0.1077), ('0-1', 0.0888), ('0-0', 0.0667), ('1-2', 0.0648), ('0-2', 0.043), ('3-1', 0.0405), ('2-2', 0.036), ('3-0', 0.0279), ('1-3', 0.0179)]",0.0,0.0,0.0,0.0,232.54
03/10/2026 01:08,WATCHLIST,2026-10-11T00:30:00Z,soccer_usa_mls,the-odds-api,football,Minnesota United FC,Houston Dynamo,Home Win,Minnesota United FC,0.4797009877317361,2.1,0.4762,0.0074,A EVITER,WATCHLIST,False,76.85,5 - WATCHLIST,OK,BOOST|GLOBAL_BOOST,-3.2% (50 obs),MEGA 70%/3% | SAFE 63%/1% | VALUE 58%/3%,WATCHLIST,proba trop basse,Value positive 0.7% | Proba IA 48.0% | Learning BOOST|GLOBAL_BOOST | Calibration -3.2% (50 obs) | Source the-odds-api,0.5,0.5,1.2,1.1,1.2,1.2,0,NO BET,7.43,0.0,0.0,0.0,1500.0,1500.0,65.0,1.572,0.885,0.2498,NO DRAW SIGNAL,1-0,14.72,1-1,13.33,2-0,11.21,SCORE POISSON + FORME - confiance 78%,A recalculer via player_scorers,0.4446,0.5554,0.4646,0.5354,"[('1-0', 0.1472), ('1-1', 0.1333), ('2-0', 0.1121), ('2-1', 0.1077), ('0-1', 0.0888), ('0-0', 0.0667), ('1-2', 0.0648), ('0-2', 0.043), ('3-1', 0.0405), ('2-2', 0.036), ('3-0', 0.0279), ('1-3', 0.0179)]",0.0,0.0,0.0,0.0,150.49
03/10/2026 01:08,WATCHLIST,2026-10-11T00:30:00Z,soccer_usa_mls,the-odds-api,football,Minnesota United FC,Houston Dynamo,Draw,Draw,0.2961773745520153,3.6,0.2778,0.0662,A EVITER,NUL POSSIBLE,True,63.91,3B - NUL POSSIBLE,MARCHE JUSTE,BOOST|GLOBAL_BOOST,+1.2% (179 obs),MEGA 70%/3% | SAFE 63%/1% | VALUE 58%/3%,WATCHLIST,cote trop haute,Value positive 6.6% | Proba IA 29.6% | MARCHE JUSTE | Learning BOOST|GLOBAL_BOOST | Calibration +1.2% (179 obs) | Source the-odds-api,0.5,0.5,1.2,1.1,1.2,1.2,0,NO BET,7.43,0.1346,0.0255,0.0,1500.0,1500.0,65.0,1.572,0.885,0.2498,NO DRAW SIGNAL,1-0,14.72,1-1,13.33,2-0,11.21,SCORE POISSON + FORME - confiance 78%,A recalculer via player_scorers,0.4446,0.5554,0.4646,0.5354,"[('1-0', 0.1472), ('1-1', 0.1333), ('2-0', 0.1121), ('2-1', 0.1077), ('0-1', 0.0888), ('0-0', 0.0667), ('1-2', 0.0648), ('0-2', 0.043), ('3-1', 0.0405), ('2-2', 0.036), ('3-0', 0.0279), ('1-3', 0.0179)]",0.0,0.0,0.0,0.0,143.8
03/10/2026 01:08,WATCHLIST,2026-10-11T00:30:00Z,soccer_usa_mls,the-odds-api,football,Sporting Kansas City,Portland Timbers,Draw,Draw,0.29064236315511066,4.0,0.25,0.1626,A EVITER,NUL POSSIBLE,True,74.75,3B - NUL POSSIBLE,MARCHE JUSTE,BOOST|GLOBAL_BOOST,+1.2% (179 obs),MEGA 70%/3% | SAFE 63%/1% | VALUE 58%/3%,WATCHLIST,cote trop haute,Value positive 16.3% | Proba IA 29.1% | MARCHE JUSTE | Learning BOOST|GLOBAL_BOOST | Calibration +1.2% (179 obs) | Source the-odds-api,0.5,0.5,1.2,1.1,1.2,1.2,0,NO BET,7.43,0.1346,0.0542,0.0,1500.0,1500.0,65.0,1.291,1.13,0.2864,DRAW POSSIBLE - tight 66%,1-1,14.7,1-0,12.5,0-1,10.51,SCORE POISSON + FORME - confiance 78%,A recalculer via player_scorers,0.4293,0.5707,0.4931,0.5069,"[('1-1', 0.147), ('1-0', 0.125), ('0-1', 0.1051), ('2-1', 0.0954), ('2-0', 0.0844), ('1-2', 0.0789), ('0-0', 0.0709), ('0-2', 0.0606), ('2-2', 0.0394), ('3-1', 0.0328), ('1-3', 0.024), ('3-0', 0.0213)]",0.0,0.0,0.0,0.0,200.88
03/10/2026 01:08,NO BET,2026-10-11T00:30:00Z,soccer_usa_mls,the-odds-api,football,Sporting Kansas City,Portland Timbers,Away Win,Portland Timbers,0.38921003603805027,2.5,0.4,-0.027,A EVITER,NO BET,False,64.09,5 - WATCHLIST,OK,BOOST|GLOBAL_BOOST,-2.8% (18 obs),MEGA 70%/3% | SAFE 63%/1% | VALUE 58%/3%,REFUSE,value negative,Value negative ou nulle | Proba IA 38.9% | Learning BOOST|GLOBAL_BOOST | Calibration -2.8% (18 obs) | Source the-odds-api,0.5,0.5,1.2,1.1,1.2,1.2,0,NO BET,7.43,0.0,0.0,0.0,1500.0,1500.0,65.0,1.291,1.13,0.2864,NO DRAW SIGNAL,1-1,14.7,1-0,12.5,0-1,10.51,SCORE POISSON + FORME - confiance 78%,A recalculer via player_scorers,0.4293,0.5707,0.4931,0.5069,"[('1-1', 0.147), ('1-0', 0.125), ('0-1', 0.1051), ('2-1', 0.0954), ('2-0', 0.0844), ('1-2', 0.0789), ('0-0', 0.0709), ('0-2', 0.0606), ('2-2', 0.0394), ('3-1', 0.0328), ('1-3', 0.024), ('3-0', 0.0213)]",0.0,0.0,0.0,0.0,122.1
03/10/2026 01:08,NO BET,2026-10-11T00:30:00Z,soccer_usa_mls,the-odds-api,football,Sporting Kansas City,Portland Timbers,Home Win,Sporting Kansas City,0.34230246952622073,2.6,0.3846,-0.11,A EVITER,NO BET,False,53.73,6 - NO BET,MARCHE JUSTE,BOOST|GLOBAL_BOOST,-6.0% (36 obs),MEGA 70%/3% | SAFE 63%/1% | VALUE 58%/3%,REFUSE,value negative,Value negative ou nulle | Proba IA 34.2% | MARCHE JUSTE | Learning BOOST|GLOBAL_BOOST | Calibration -6.0% (36 obs) | Source the-odds-api,0.5,0.5,1.2,1.1,1.2,1.2,0,NO BET,7.43,0.0,0.0,0.0,1500.0,1500.0,65.0,1.291,1.13,0.2864,NO DRAW SIGNAL,1-1,14.7,1-0,12.5,0-1,10.51,SCORE POISSON + FORME - confiance 78%,A recalculer via player_scorers,0.4293,0.5707,0.4931,0.5069,"[('1-1', 0.147), ('1-0', 0.125), ('0-1', 0.1051), ('2-1', 0.0954), ('2-0', 0.0844), ('1-2', 0.0789), ('0-0', 0.0709), ('0-2', 0.0606), ('2-2', 0.0394), ('3-1', 0.0328), ('1-3', 0.024), ('3-0', 0.0213)]",0.0,0.0,0.0,0.0,103.48
03/10/2026 01:08,WATCHLIST,2026-10-11T01:00:00Z,soccer_mexico_ligamx,the-odds-api,football,Atlas,Guadalajara,Home Win,Atlas,0.3849546161729565,3.0,0.3333,0.1549,A EVITER,WATCHLIST,False,84.83,5 - WATCHLIST,MARCHE JUSTE,BOOST|GLOBAL_BOOST,+4.0% (33 obs),MEGA 70%/3% | SAFE 63%/1% | VALUE 58%/3%,WATCHLIST,proba trop basse,Value positive 15.5% | Proba IA 38.5% | MARCHE JUSTE | Learning BOOST|GLOBAL_BOOST | Calibration +4.0% (33 obs) | Source the-odds-api,0.5,0.5,1.2,1.1,1.2,1.2,0,NO BET,7.43,0.0,0.0,0.0,1500.0,1500.0,65.0,1.128,1.246,0.2925,NO DRAW SIGNAL,1-1,14.84,0-1,11.67,1-0,11.64,SCORE POISSON + FORME - confiance 78%,A recalculer via player_scorers,0.4162,0.5838,0.4846,0.5154,"[('1-1', 0.1484), ('0-1', 0.1167), ('1-0', 0.1164), ('2-1', 0.0869), ('1-2', 0.0849), ('0-0', 0.0736), ('0-2', 0.0726), ('2-0', 0.0723), ('2-2', 0.0387), ('3-1', 0.0283), ('1-3', 0.0272), ('3-0', 0.0187)]",0.0,0.0,0.0,0.0,219.09
03/10/2026 01:08,WATCHLIST,2026-10-11T01:00:00Z,soccer_mexico_ligamx,the-odds-api,football,Atlas,Guadalajara,Draw,Draw,0.30703033807535773,3.6,0.2778,0.1053,A EVITER,NUL POSSIBLE,True,68.86,3B - NUL POSSIBLE,MARCHE JUSTE,BOOST|GLOBAL_BOOST,+1.2% (179 obs),MEGA 70%/3% | SAFE 63%/1% | VALUE 58%/3%,WATCHLIST,cote trop haute,Value positive 10.5% | Proba IA 30.7% | MARCHE JUSTE | Learning BOOST|GLOBAL_BOOST | Calibration +1.2% (179 obs) | Source the-odds-api,0.5,0.5,1.2,1.1,1.2,1.2,0,NO BET,7.43,0.1346,0.0405,0.0,1500.0,1500.0,65.0,1.128,1.246,0.2925,DRAW POSSIBLE - tight 49%,1-1,14.84,0-1,11.67,1-0,11.64,SCORE POISSON + FORME - confiance 78%,A recalculer via player_scorers,0.4162,0.5838,0.4846,0.5154,"[('1-1', 0.1484), ('0-1', 0.1167), ('1-0', 0.1164), ('2-1', 0.0869), ('1-2', 0.0849), ('0-0', 0.0736), ('0-2', 0.0726), ('2-0', 0.0723), ('2-2', 0.0387), ('3-1', 0.0283), ('1-3', 0.0272), ('3-0', 0.0187)]",0.0,0.0,0.0,0.0,168.69
03/10/2026 01:08,NO BET,2026-10-11T01:00:00Z,soccer_mexico_ligamx,the-odds-api,football,Atlas,Guadalajara,Away Win,Guadalajara,0.40471913797217707,2.2,0.4545,-0.1096,A EVITER,NO BET,False,61.35,5 - WATCHLIST,MARCHE JUSTE,BOOST|GLOBAL_BOOST,-6.0% (21 obs),MEGA 70%/3% | SAFE 63%/1% | VALUE 58%/3%,REFUSE,value negative,Value negative ou nulle | Proba IA 40.5% | MARCHE JUSTE | Learning BOOST|GLOBAL_BOOST | Calibration -6.0% (21 obs) | Source the-odds-api,0.5,0.5,1.2,1.1,1.2,1.2,0,NO BET,7.43,0.0,0.0,0.0,1500.0,1500.0,65.0,1.128,1.246,0.2925,NO DRAW SIGNAL,1-1,14.84,0-1,11.67,1-0,11.64,SCORE POISSON + FORME - confiance 78%,A recalculer via player_scorers,0.4162,0.5838,0.4846,0.5154,"[('1-1', 0.1484), ('0-1', 0.1167), ('1-0', 0.1164), ('2-1', 0.0869), ('1-2', 0.0849), ('0-0', 0.0736), ('0-2', 0.0726), ('2-0', 0.0723), ('2-2', 0.0387), ('3-1', 0.0283), ('1-3', 0.0272), ('3-0', 0.0187)]",0.0,0.0,0.0,0.0,119.13
03/10/2026 01:08,WATCHLIST,2026-10-11T01:30:00Z,soccer_usa_mls,the-odds-api,football,Colorado Rapids,San Jose Earthquakes,Away Win,San Jose Earthquakes,0.3263753657019923,3.55,0.2817,0.1586,A EVITER,WATCHLIST,False,79.8,5 - WATCHLIST,OK,BOOST|GLOBAL_BOOST,+4.0% (49 obs),MEGA 70%/3% | SAFE 63%/1% | VALUE 58%/3%,WATCHLIST,cote trop haute,Value positive 15.9% | Proba IA 32.6% | Learning BOOST|GLOBAL_BOOST | Calibration +4.0% (49 obs) | Source the-odds-api,0.5,0.5,1.2,1.1,1.2,1.2,0,NO BET,7.43,0.0,0.0,0.0,1500.0,1500.0,65.0,1.663,0.826,0.2393,NO DRAW SIGNAL,1-0,15.14,1-1,13.02,2-0,12.04,SCORE POISSON + FORME - confiance 78%,A recalculer via player_scorers,0.4527,0.5473,0.455,0.545,"[('1-0', 0.1514), ('1-1', 0.1302), ('2-0', 0.1204), ('2-1', 0.1096), ('0-1', 0.0833), ('0-0', 0.0657), ('1-2', 0.0605), ('3-1', 0.0427), ('0-2', 0.039), ('2-2', 0.035), ('3-0', 0.0303), ('1-3', 0.0165)]",0.0,0.0,0.0,0.0,209.16
03/10/2026 01:08,WATCHLIST,2026-10-11T01:30:00Z,soccer_usa_mls,the-odds-api,football,Colorado Rapids,San Jose Earthquakes,Draw,Draw,0.3054023935468564,3.8,0.2632,0.1605,A EVITER,NUL POSSIBLE,True,75.14,3B - NUL POSSIBLE,MARCHE JUSTE,BOOST|GLOBAL_BOOST,+3.7% (114 obs),MEGA 70%/3% | SAFE 63%/1% | VALUE 58%/3%,WATCHLIST,cote trop haute,Value positive 16.1% | Proba IA 30.5% | MARCHE JUSTE | Learning BOOST|GLOBAL_BOOST | Calibration +3.7% (114 obs) | Source the-odds-api,0.5,0.5,1.2,1.1,1.2,1.2,0,NO BET,7.43,0.1346,0.0573,0.0,1500.0,1500.0,65.0,1.663,0.826,0.2393,NO DRAW SIGNAL,1-0,15.14,1-1,13.02,2-0,12.04,SCORE POISSON + FORME - confiance 78%,A recalculer via player_scorers,0.4527,0.5473,0.455,0.545,"[('1-0', 0.1514), ('1-1', 0.1302), ('2-0', 0.1204), ('2-1', 0.1096), ('0-1', 0.0833), ('0-0', 0.0657), ('1-2', 0.0605), ('3-1', 0.0427), ('0-2', 0.039), ('2-2', 0.035), ('3-0', 0.0303), ('1-3', 0.0165)]",0.0,0.0,0.0,0.0,201.61
03/10/2026 01:08,NO BET,2026-10-11T01:30:00Z,soccer_usa_mls,the-odds-api,football,Colorado Rapids,San Jose Earthquakes,Home Win,Colorado Rapids,0.4879492400094763,1.91,0.5236,-0.068,A EVITER,NO BET,False,68.52,5 - WATCHLIST,OK,BOOST|GLOBAL_BOOST,-6.0% (26 obs),MEGA 70%/3% | SAFE 63%/1% | VALUE 58%/3%,REFUSE,value negative,Value negative ou nulle | Proba IA 48.8% | Learning BOOST|GLOBAL_BOOST | Calibration -6.0% (26 obs) | Source the-odds-api,0.5,0.5,1.2,1.1,1.2,1.2,0,NO BET,7.43,0.0,0.0,0.0,1500.0,1500.0,65.0,1.663,0.826,0.2393,NO DRAW SIGNAL,1-0,15.14,1-1,13.02,2-0,12.04,SCORE POISSON + FORME - confiance 78%,A recalculer via player_scorers,0.4527,0.5473,0.455,0.545,"[('1-0', 0.1514), ('1-1', 0.1302), ('2-0', 0.1204), ('2-1', 0.1096), ('0-1', 0.0833), ('0-0', 0.0657), ('1-2', 0.0605), ('3-1', 0.0427), ('0-2', 0.039), ('2-2', 0.035), ('3-0', 0.0303), ('1-3', 0.0165)]",0.0,0.0,0.0,0.0,135.57
03/10/2026 01:08,WATCHLIST,2026-10-11T02:30:00Z,soccer_usa_mls,the-odds-api,football,Los Angeles FC,Vancouver Whitecaps FC,Draw,Draw,0.31451888290646407,3.8,0.2632,0.1952,A EVITER,NUL POSSIBLE,True,79.5,3B - NUL POSSIBLE,NUL SERRE,BOOST|GLOBAL_BOOST,-1.2% (23 obs),MEGA 70%/3% | SAFE 63%/1% | VALUE 58%/3%,WATCHLIST,cote trop haute,Value positive 19.5% | Proba IA 31.5% | NUL SERRE | Learning BOOST|GLOBAL_BOOST | Calibration -1.2% (23 obs) | Source the-odds-api,0.5,0.5,1.2,1.1,1.2,1.2,0,NO BET,7.43,0.1346,0.0697,0.0,1500.0,1500.0,65.0,1.219,1.178,0.2953,DRAW POSSIBLE - tight 67%,1-1,15.02,1-0,12.05,0-1,10.91,SCORE POISSON + FORME - confiance 78%,A recalculer via player_scorers,0.4208,0.5792,0.4912,0.5088,"[('1-1', 0.1502), ('1-0', 0.1205), ('0-1', 0.1091), ('2-1', 0.0911), ('1-2', 0.0809), ('2-0', 0.0789), ('0-0', 0.0733), ('0-2', 0.0654), ('2-2', 0.0394), ('3-1', 0.0308), ('1-3', 0.0253), ('3-0', 0.02)]",0.0,0.0,0.0,0.0,223.6
03/10/2026 01:08,WATCHLIST,2026-10-11T02:30:00Z,soccer_usa_mls,the-odds-api,football,Los Angeles FC,Vancouver Whitecaps FC,Home Win,Los Angeles FC,0.40166817999890386,2.8,0.3571,0.1247,A EVITER,WATCHLIST,False,82.06,5 - WATCHLIST,MARCHE JUSTE,BOOST|GLOBAL_BOOST,+4.0% (33 obs),MEGA 70%/3% | SAFE 63%/1% | VALUE 58%/3%,WATCHLIST,proba trop basse,Value positive 12.5% | Proba IA 40.2% | MARCHE JUSTE | Learning BOOST|GLOBAL_BOOST | Calibration +4.0% (33 obs) | Source the-odds-api,0.5,0.5,1.2,1.1,1.2,1.2,0,NO BET,7.43,0.0,0.0,0.0,1500.0,1500.0,65.0,1.219,1.178,0.2953,NO DRAW SIGNAL,1-1,15.02,1-0,12.05,0-1,10.91,SCORE POISSON + FORME - confiance 78%,A recalculer via player_scorers,0.4208,0.5792,0.4912,0.5088,"[('1-1', 0.1502), ('1-0', 0.1205), ('0-1', 0.1091), ('2-1', 0.0911), ('1-2', 0.0809), ('2-0', 0.0789), ('0-0', 0.0733), ('0-2', 0.0654), ('2-2', 0.0394), ('3-1', 0.0308), ('1-3', 0.0253), ('3-0', 0.02)]",0.0,0.0,0.0,0.0,203.17
03/10/2026 01:08,NO BET,2026-10-11T02:30:00Z,soccer_usa_mls,the-odds-api,football,Los Angeles FC,Vancouver Whitecaps FC,Away Win,Vancouver Whitecaps FC,0.38727139829628443,2.4,0.4167,-0.0705,A EVITER,NO BET,False,59.0,5 - WATCHLIST,OK,BOOST|GLOBAL_BOOST,-2.8% (18 obs),MEGA 70%/3% | SAFE 63%/1% | VALUE 58%/3%,REFUSE,value negative,Value negative ou nulle | Proba IA 38.7% | Learning BOOST|GLOBAL_BOOST | Calibration -2.8% (18 obs) | Source the-odds-api,0.5,0.5,1.2,1.1,1.2,1.2,0,NO BET,7.43,0.0,0.0,0.0,1500.0,1500.0,65.0,1.219,1.178,0.2953,NO DRAW SIGNAL,1-1,15.02,1-0,12.05,0-1,10.91,SCORE POISSON + FORME - confiance 78%,A recalculer via player_scorers,0.4208,0.5792,0.4912,0.5088,"[('1-1', 0.1502), ('1-0', 0.1205), ('0-1', 0.1091), ('2-1', 0.0911), ('1-2', 0.0809), ('2-0', 0.0789), ('0-0', 0.0733), ('0-2', 0.0654), ('2-2', 0.0394), ('3-1', 0.0308), ('1-3', 0.0253), ('3-0', 0.02)]",0.0,0.0,0.0,0.0,114.43
03/10/2026 01:08,WATCHLIST,2026-10-11T03:00:00Z,soccer_mexico_ligamx,the-odds-api,football,América,Monterrey,Away Win,Monterrey,0.31063818873942245,3.8,0.2632,0.1804,A EVITER,WATCHLIST,False,81.65,5 - WATCHLIST,OK,BOOST|GLOBAL_BOOST,+4.0% (49 obs),MEGA 70%/3% | SAFE 63%/1% | VALUE 58%/3%,WATCHLIST,cote trop haute,Value positive 18.0% | Proba IA 31.1% | Learning BOOST|GLOBAL_BOOST | Calibration +4.0% (49 obs) | Source the-odds-api,0.5,0.5,1.2,1.1,1.2,1.2,0,NO BET,7.43,0.0,0.0,0.0,1500.0,1500.0,65.0,1.719,0.784,0.2064,NO DRAW SIGNAL,1-0,16.8,2-0,13.78,1-1,11.91,SCORE POISSON + FORME - confiance 78%,A recalculer via player_scorers,0.4653,0.5347,0.4385,0.5615,"[('1-0', 0.168), ('2-0', 0.1378), ('1-1', 0.1191), ('2-1', 0.1174), ('0-1', 0.0831), ('0-0', 0.0609), ('1-2', 0.0585), ('3-1', 0.0455), ('0-2', 0.0358), ('3-0', 0.0318), ('2-2', 0.0305), ('3-2', 0.0144)]",0.0,0.0,0.0,0.0,220.17
03/10/2026 01:08,WATCHLIST,2026-10-11T03:00:00Z,soccer_mexico_ligamx,the-odds-api,football,América,Monterrey,Draw,Draw,0.2910764816960444,3.9,0.2564,0.1352,A EVITER,NUL POSSIBLE,True,71.62,3B - NUL POSSIBLE,DRAW RISQUE,BOOST|GLOBAL_BOOST,+3.7% (114 obs),MEGA 70%/3% | SAFE 63%/1% | VALUE 58%/3%,WATCHLIST,cote trop haute,Value positive 13.5% | Proba IA 29.1% | DRAW RISQUE | Learning BOOST|GLOBAL_BOOST | Calibration +3.7% (114 obs) | Source the-odds-api,0.5,0.5,1.2,1.1,1.2,1.2,0,NO BET,7.43,0.1346,0.0466,0.0,1500.0,1500.0,65.0,1.719,0.784,0.2064,NO DRAW SIGNAL,1-0,16.8,2-0,13.78,1-1,11.91,SCORE POISSON + FORME - confiance 78%,A recalculer via player_scorers,0.4653,0.5347,0.4385,0.5615,"[('1-0', 0.168), ('2-0', 0.1378), ('1-1', 0.1191), ('2-1', 0.1174), ('0-1', 0.0831), ('0-0', 0.0609), ('1-2', 0.0585), ('3-1', 0.0455), ('0-2', 0.0358), ('3-0', 0.0318), ('2-2', 0.0305), ('3-2', 0.0144)]",0.0,0.0,0.0,0.0,184.51
03/10/2026 01:08,NO BET,2026-10-11T03:00:00Z,soccer_mexico_ligamx,the-odds-api,football,América,Monterrey,Home Win,América,0.5172522415225009,1.85,0.5405,-0.0431,Faible,NO BET,False,72.62,5 - WATCHLIST,OK,BOOST|GLOBAL_BOOST,-6.0% (26 obs),MEGA 70%/3% | SAFE 63%/1% | VALUE 58%/3%,REFUSE,value negative,Value negative ou nulle | Proba IA 51.7% | Learning BOOST|GLOBAL_BOOST | Calibration -6.0% (26 obs) | Source the-odds-api,0.5,0.5,1.2,1.1,1.2,1.2,0,NO BET,7.43,0.0,0.0,0.0,1500.0,1500.0,65.0,1.719,0.784,0.2064,NO DRAW SIGNAL,1-0,16.8,2-0,13.78,1-1,11.91,SCORE POISSON + FORME - confiance 78%,A recalculer via player_scorers,0.4653,0.5347,0.4385,0.5615,"[('1-0', 0.168), ('2-0', 0.1378), ('1-1', 0.1191), ('2-1', 0.1174), ('0-1', 0.0831), ('0-0', 0.0609), ('1-2', 0.0585), ('3-1', 0.0455), ('0-2', 0.0358), ('3-0', 0.0318), ('2-2', 0.0305), ('3-2', 0.0144)]",0.0,0.0,0.0,0.0,143.69
03/10/2026 01:08,WATCHLIST,2026-10-11T10:15:00Z,soccer_netherlands_eredivisie,the-odds-api,football,FC Utrecht,Willem II,Draw,Draw,0.2702387917312269,4.7,0.2128,0.2701,A EVITER,WATCHLIST,False,75.7,5 - WATCHLIST,COTE HAUTE,BOOST|GLOBAL_BOOST,+3.7% (114 obs),MEGA 70%/3% | SAFE 63%/1% | VALUE 58%/3%,WATCHLIST,cote trop haute,Value positive 27.0% | Proba IA 27.0% | COTE HAUTE | Learning BOOST|GLOBAL_BOOST | Calibration +3.7% (114 obs) | Source the-odds-api,0.5,0.08,1.2,0.75,1.2,1.75,0.85,NO BET,7.43,0.0,0.0,0.0,1500.0,1388.1,176.9,1.538,0.674,0.225,NO DRAW SIGNAL,1-0,19.87,2-0,14.78,1-1,12.31,SCORE POISSON + FORME - confiance 84%,A recalculer via player_scorers,0.3891,0.6109,0.3776,0.6224,"[('1-0', 0.1987), ('2-0', 0.1478), ('1-1', 0.1231), ('2-1', 0.1107), ('0-1', 0.0941), ('0-0', 0.0778), ('1-2', 0.0539), ('0-2', 0.0359), ('3-0', 0.0311), ('3-1', 0.026), ('2-2', 0.0186), ('1-3', 0.0097)]",0.0,0.0,0.0,0.0,247.11
03/10/2026 01:08,WATCHLIST,2026-10-11T10:15:00Z,soccer_netherlands_eredivisie,the-odds-api,football,FC Utrecht,Willem II,Away Win,Willem II,0.20264466277164234,6.0,0.1667,0.2159,A EVITER,WATCHLIST,False,76.39,5 - WATCHLIST,COTE HAUTE,BOOST|GLOBAL_BOOST,+3.2% (24 obs),MEGA 70%/3% | SAFE 63%/1% | VALUE 58%/3%,WATCHLIST,cote trop haute,Value positive 21.6% | Proba IA 20.3% | COTE HAUTE | Learning BOOST|GLOBAL_BOOST | Calibration +3.2% (24 obs) | Source the-odds-api,0.5,0.08,1.2,0.75,1.2,1.75,0.85,NO BET,7.43,0.0,0.0,0.0,1500.0,1388.1,176.9,1.538,0.674,0.225,NO DRAW SIGNAL,1-0,19.87,2-0,14.78,1-1,12.31,SCORE POISSON + FORME - confiance 84%,A recalculer via player_scorers,0.3891,0.6109,0.3776,0.6224,"[('1-0', 0.1987), ('2-0', 0.1478), ('1-1', 0.1231), ('2-1', 0.1107), ('0-1', 0.0941), ('0-0', 0.0778), ('1-2', 0.0539), ('0-2', 0.0359), ('3-0', 0.0311), ('3-1', 0.026), ('2-2', 0.0186), ('1-3', 0.0097)]",0.0,0.0,0.0,0.0,220.07
03/10/2026 01:08,WATCHLIST,2026-10-11T10:15:00Z,soccer_netherlands_eredivisie,the-odds-api,football,FC Utrecht,Willem II,Home Win,FC Utrecht,0.6656122528865921,1.53,0.6536,0.0184,Moyenne,SAFE PICK,True,91.12,2 - SAFE PICK,MARCHE JUSTE,BOOST|GLOBAL_BOOST,-2.9% (29 obs),MEGA 70%/3% | SAFE 63%/1% | VALUE 58%/3%,WATCHLIST,watchlist prudente,Value positive 1.8% | Proba IA 66.6% | MARCHE JUSTE | Learning BOOST|GLOBAL_BOOST | Calibration -2.9% (29 obs) | Source the-odds-api,0.5,0.08,1.2,0.75,1.2,1.75,0.85,NO BET,7.43,0.2692,0.0347,0.0,1500.0,1388.1,176.9,1.538,0.674,0.225,NO DRAW SIGNAL,1-0,19.87,2-0,14.78,1-1,12.31,SCORE POISSON + FORME - confiance 84%,A recalculer via player_scorers,0.3891,0.6109,0.3776,0.6224,"[('1-0', 0.1987), ('2-0', 0.1478), ('1-1', 0.1231), ('2-1', 0.1107), ('0-1', 0.0941), ('0-0', 0.0778), ('1-2', 0.0539), ('0-2', 0.0359), ('3-0', 0.0311), ('3-1', 0.026), ('2-2', 0.0186), ('1-3', 0.0097)]",0.0,0.0,0.0,0.0,189.36
03/10/2026 01:08,WATCHLIST,2026-10-11T10:30:00Z,soccer_italy_serie_a,the-odds-api,football,Como,AS Roma,Home Win,Como,0.485561588034341,2.68,0.3731,0.3013,A EVITER,WATCHLIST,False,100.0,5 - WATCHLIST,VALUE CLAIRE,BOOST|GLOBAL_BOOST,+3.9% (57 obs),MEGA 70%/3% | SAFE 63%/1% | VALUE 58%/3%,WATCHLIST,proba trop basse,Value positive 30.1% | Proba IA 48.6% | VALUE CLAIRE | Learning BOOST|GLOBAL_BOOST | Calibration +3.9% (57 obs) | Source the-odds-api,0.58,0.5,1.5,1.1,0.88,1.2,1,NO BET,7.43,0.0,0.0,0.0,1598.4,1500.0,163.4,1.51,0.95,0.2559,NO DRAW SIGNAL,1-0,14.17,1-1,13.54,2-1,10.63,SCORE POISSON + FORME - confiance 84%,A recalculer via player_scorers,0.4455,0.5545,0.4769,0.5231,"[('1-0', 0.1417), ('1-1', 0.1354), ('2-1', 0.1063), ('2-0', 0.1047), ('0-1', 0.0929), ('1-2', 0.0692), ('0-0', 0.0663), ('0-2', 0.0469), ('3-1', 0.039), ('2-2', 0.0372), ('3-0', 0.0261), ('1-3', 0.0194)]",0.0,0.0,0.0,0.0,311.55
03/10/2026 01:08,WATCHLIST,2026-10-11T10:30:00Z,soccer_italy_serie_a,the-odds-api,football,Como,AS Roma,Draw,Draw,0.29606884491678187,3.75,0.2667,0.1103,A EVITER,NUL POSSIBLE,True,76.11,3B - NUL POSSIBLE,MARCHE JUSTE,BOOST|GLOBAL_BOOST,+1.2% (179 obs),MEGA 70%/3% | SAFE 63%/1% | VALUE 58%/3%,WATCHLIST,cote trop haute,Value positive 11.0% | Proba IA 29.6% | MARCHE JUSTE | Learning BOOST|GLOBAL_BOOST | Calibration +1.2% (179 obs) | Source the-odds-api,0.58,0.5,1.5,1.1,0.88,1.2,1,NO BET,7.43,0.1346,0.0401,0.0,1598.4,1500.0,163.4,1.51,0.95,0.2559,NO DRAW SIGNAL,1-0,14.17,1-1,13.54,2-1,10.63,SCORE POISSON + FORME - confiance 84%,A recalculer via player_scorers,0.4455,0.5545,0.4769,0.5231,"[('1-0', 0.1417), ('1-1', 0.1354), ('2-1', 0.1063), ('2-0', 0.1047), ('0-1', 0.0929), ('1-2', 0.0692), ('0-0', 0.0663), ('0-2', 0.0469), ('3-1', 0.039), ('2-2', 0.0372), ('3-0', 0.0261), ('1-3', 0.0194)]",0.0,0.0,0.0,0.0,180.78
03/10/2026 01:08,NO BET,2026-10-11T10:30:00Z,soccer_italy_serie_a,the-odds-api,football,Como,AS Roma,Away Win,AS Roma,0.3305947537281886,2.65,0.3774,-0.1239,A EVITER,NO BET,False,60.38,5 - WATCHLIST,OK,BOOST|GLOBAL_BOOST,-4.1% (61 obs),MEGA 70%/3% | SAFE 63%/1% | VALUE 58%/3%,REFUSE,value negative,Value negative ou nulle | Proba IA 33.1% | Learning BOOST|GLOBAL_BOOST | Calibration -4.1% (61 obs) | Source the-odds-api,0.58,0.5,1.5,1.1,0.88,1.2,1,NO BET,7.43,0.0,0.0,0.0,1598.4,1500.0,163.4,1.51,0.95,0.2559,NO DRAW SIGNAL,1-0,14.17,1-1,13.54,2-1,10.63,SCORE POISSON + FORME - confiance 84%,A recalculer via player_scorers,0.4455,0.5545,0.4769,0.5231,"[('1-0', 0.1417), ('1-1', 0.1354), ('2-1', 0.1063), ('2-0', 0.1047), ('0-1', 0.0929), ('1-2', 0.0692), ('0-0', 0.0663), ('0-2', 0.0469), ('3-1', 0.039), ('2-2', 0.0372), ('3-0', 0.0261), ('1-3', 0.0194)]",0.0,0.0,0.0,0.0,112.5
03/10/2026 01:08,WATCHLIST,2026-10-11T11:00:00Z,soccer_efl_champ,the-odds-api,football,Southampton,Portsmouth,Draw,Draw,0.28825471117997536,4.33,0.2309,0.2481,A EVITER,NUL POSSIBLE,True,78.41,3B - NUL POSSIBLE,DRAW RISQUE,BOOST|GLOBAL_BOOST,+3.7% (114 obs),MEGA 70%/3% | SAFE 63%/1% | VALUE 58%/3%,WATCHLIST,cote trop haute,Value positive 24.8% | Proba IA 28.8% | DRAW RISQUE | Learning BOOST|GLOBAL_BOOST | Calibration +3.7% (114 obs) | Source the-odds-api,0.83,0.62,2.62,1.5,1.0,1.25,1,NO BET,7.43,0.1346,0.0745,0.0,1531.5,1459.3,137.2,1.9,1.07,0.2196,NO DRAW SIGNAL,1-1,12.7,1-0,12.2,2-1,12.04,SCORE POISSON + FORME - confiance 84%,A recalculer via player_scorers,0.5692,0.4308,0.558,0.442,"[('1-1', 0.127), ('1-0', 0.122), ('2-1', 0.1204), ('2-0', 0.1084), ('0-1', 0.0728), ('1-2', 0.0707), ('3-1', 0.0619), ('2-2', 0.0535), ('0-0', 0.0474), ('0-2', 0.0396), ('3-0', 0.028), ('1-3', 0.0231)]",0.0,0.0,0.0,0.0,242.93
03/10/2026 01:08,WATCHLIST,2026-10-11T11:00:00Z,soccer_efl_champ,the-odds-api,football,Southampton,Portsmouth,Home Win,Southampton,0.6312083585175966,1.72,0.5814,0.0857,Moyenne,SAFE PICK,True,99.36,2 - SAFE PICK,MARCHE JUSTE,BOOST|GLOBAL_BOOST,-0.7% (30 obs),MEGA 70%/3% | SAFE 63%/1% | VALUE 58%/3%,WATCHLIST,watchlist prudente,Value positive 8.6% | Proba IA 63.1% | MARCHE JUSTE | Learning BOOST|GLOBAL_BOOST | Calibration -0.7% (30 obs) | Source the-odds-api,0.83,0.62,2.62,1.5,1.0,1.25,1,NO BET,7.43,0.2692,0.119,0.0,1531.5,1459.3,137.2,1.9,1.07,0.2196,NO DRAW SIGNAL,1-1,12.7,1-0,12.2,2-1,12.04,SCORE POISSON + FORME - confiance 84%,A recalculer via player_scorers,0.5692,0.4308,0.558,0.442,"[('1-1', 0.127), ('1-0', 0.122), ('2-1', 0.1204), ('2-0', 0.1084), ('0-1', 0.0728), ('1-2', 0.0707), ('3-1', 0.0619), ('2-2', 0.0535), ('0-0', 0.0474), ('0-2', 0.0396), ('3-0', 0.028), ('1-3', 0.0231)]",0.0,0.0,0.0,0.0,228.08
03/10/2026 01:08,NO BET,2026-10-11T11:00:00Z,soccer_efl_champ,the-odds-api,football,Southampton,Portsmouth,Away Win,Portsmouth,0.1749335468158128,5.5,0.1818,-0.0379,A EVITER,NO BET,False,47.99,6 - NO BET,COTE HAUTE,BOOST|GLOBAL_BOOST,-3.0% (36 obs),MEGA 70%/3% | SAFE 63%/1% | VALUE 58%/3%,REFUSE,cote trop haute,Value negative ou nulle | Proba IA 17.5% | COTE HAUTE | Learning BOOST|GLOBAL_BOOST | Calibration -3.0% (36 obs) | Source the-odds-api,0.83,0.62,2.62,1.5,1.0,1.25,1,NO BET,7.43,0.0,0.0,0.0,1531.5,1459.3,137.2,1.9,1.07,0.2196,NO DRAW SIGNAL,1-1,12.7,1-0,12.2,2-1,12.04,SCORE POISSON + FORME - confiance 84%,A recalculer via player_scorers,0.5692,0.4308,0.558,0.442,"[('1-1', 0.127), ('1-0', 0.122), ('2-1', 0.1204), ('2-0', 0.1084), ('0-1', 0.0728), ('1-2', 0.0707), ('3-1', 0.0619), ('2-2', 0.0535), ('0-0', 0.0474), ('0-2', 0.0396), ('3-0', 0.028), ('1-3', 0.0231)]",0.0,0.0,0.0,0.0,83.27
03/10/2026 01:08,WATCHLIST,2026-10-11T11:30:00Z,soccer_belgium_first_div,the-odds-api,football,Standard Liege,Charleroi,Draw,Draw,0.3501166032630273,3.55,0.2817,0.2429,A EVITER,NUL POSSIBLE,True,91.0,3B - NUL POSSIBLE,NUL SERRE,BOOST|GLOBAL_BOOST,-1.2% (23 obs),MEGA 70%/3% | SAFE 63%/1% | VALUE 58%/3%,WATCHLIST,cote trop haute,Value positive 24.3% | Proba IA 35.0% | NUL SERRE | Learning BOOST|GLOBAL_BOOST | Calibration -1.2% (23 obs) | Source the-odds-api,0.5,0.58,1.2,1.25,1.2,0.62,1,NO BET,7.43,0.1346,0.0953,0.0,1500.0,1497.4,67.6,1.07,1.05,0.3304,DRAW POSSIBLE - tight 62%,1-1,15.49,1-0,13.46,0-0,12.46,SCORE POISSON + FORME - confiance 84%,A recalculer via player_scorers,0.3086,0.6914,0.4081,0.5919,"[('1-1', 0.1549), ('1-0', 0.1346), ('0-0', 0.1246), ('0-1', 0.1242), ('2-0', 0.08), ('2-1', 0.0762), ('0-2', 0.068), ('1-2', 0.0671), ('2-2', 0.0232), ('3-1', 0.02), ('3-0', 0.0183), ('1-3', 0.0154)]",0.0,0.0,0.0,0.0,263.64
03/10/2026 01:08,WATCHLIST,2026-10-11T11:30:00Z,soccer_belgium_first_div,the-odds-api,football,Standard Liege,Charleroi,Home Win,Standard Liege,0.3342712765189473,3.05,0.3279,0.0195,A EVITER,WATCHLIST,False,74.29,5 - WATCHLIST,OK,BOOST|GLOBAL_BOOST,+1.2% (35 obs),MEGA 70%/3% | SAFE 63%/1% | VALUE 58%/3%,WATCHLIST,cote trop haute,Value positive 1.9% | Proba IA 33.4% | Learning BOOST|GLOBAL_BOOST | Calibration +1.2% (35 obs) | Source the-odds-api,0.5,0.58,1.2,1.25,1.2,0.62,1,NO BET,7.43,0.0,0.0,0.0,1500.0,1497.4,67.6,1.07,1.05,0.3304,NO DRAW SIGNAL,1-1,15.49,1-0,13.46,0-0,12.46,SCORE POISSON + FORME - confiance 84%,A recalculer via player_scorers,0.3086,0.6914,0.4081,0.5919,"[('1-1', 0.1549), ('1-0', 0.1346), ('0-0', 0.1246), ('0-1', 0.1242), ('2-0', 0.08), ('2-1', 0.0762), ('0-2', 0.068), ('1-2', 0.0671), ('2-2', 0.0232), ('3-1', 0.02), ('3-0', 0.0183), ('1-3', 0.0154)]",0.0,0.0,0.0,0.0,141.74
03/10/2026 01:08,NO BET,2026-10-11T11:30:00Z,soccer_belgium_first_div,the-odds-api,football,Standard Liege,Charleroi,Away Win,Charleroi,0.38863984846694266,2.33,0.4292,-0.0945,A EVITER,NO BET,False,63.46,5 - WATCHLIST,OK,BOOST|GLOBAL_BOOST,-2.8% (18 obs),MEGA 70%/3% | SAFE 63%/1% | VALUE 58%/3%,REFUSE,value negative,Value negative ou nulle | Proba IA 38.9% | Learning BOOST|GLOBAL_BOOST | Calibration -2.8% (18 obs) | Source the-odds-api,0.5,0.58,1.2,1.25,1.2,0.62,1,NO BET,7.43,0.0,0.0,0.0,1500.0,1497.4,67.6,1.07,1.05,0.3304,NO DRAW SIGNAL,1-1,15.49,1-0,13.46,0-0,12.46,SCORE POISSON + FORME - confiance 84%,A recalculer via player_scorers,0.3086,0.6914,0.4081,0.5919,"[('1-1', 0.1549), ('1-0', 0.1346), ('0-0', 0.1246), ('0-1', 0.1242), ('2-0', 0.08), ('2-1', 0.0762), ('0-2', 0.068), ('1-2', 0.0671), ('2-2', 0.0232), ('3-1', 0.02), ('3-0', 0.0183), ('1-3', 0.0154)]",0.0,0.0,0.0,0.0,121.13
03/10/2026 01:08,WATCHLIST,2026-10-11T11:30:00Z,soccer_germany_bundesliga2,the-odds-api,football,FC St. Pauli,Karlsruher SC,Home Win,FC St. Pauli,0.6403248478772042,1.67,0.5988,0.0693,Moyenne,SAFE PICK,True,90.72,2 - SAFE PICK,OK,BOOST|GLOBAL_BOOST,-0.7% (30 obs),MEGA 70%/3% | SAFE 63%/1% | VALUE 58%/3%,WATCHLIST,watchlist prudente,Value positive 6.9% | Proba IA 64.0% | Learning BOOST|GLOBAL_BOOST | Calibration -0.7% (30 obs) | Source the-odds-api,0.5,0.5,1.2,1.1,1.2,1.2,0,NO BET,7.43,0.2692,0.1035,0.0,1500.0,1500.0,65.0,1.863,0.687,0.1767,NO DRAW SIGNAL,2-0,16.99,1-0,16.92,2-1,11.32,SCORE POISSON + FORME - confiance 69%,A recalculer via player_scorers,0.4877,0.5123,0.4054,0.5946,"[('2-0', 0.1699), ('1-0', 0.1692), ('2-1', 0.1132), ('1-1', 0.1081), ('0-1', 0.0709), ('0-0', 0.0575), ('3-1', 0.0528), ('1-2', 0.0484), ('3-0', 0.0403), ('0-2', 0.0287), ('2-2', 0.0271), ('4-0', 0.0149)]",0.0,0.0,0.0,0.0,208.91
03/10/2026 01:08,WATCHLIST,2026-10-11T11:30:00Z,soccer_germany_bundesliga2,the-odds-api,football,FC St. Pauli,Karlsruher SC,Draw,Draw,0.2630758358058209,4.33,0.2309,0.1391,A EVITER,WATCHLIST,False,60.9,5 - WATCHLIST,DRAW RISQUE,BOOST|GLOBAL_BOOST,+3.7% (114 obs),MEGA 70%/3% | SAFE 63%/1% | VALUE 58%/3%,WATCHLIST,cote trop haute,Value positive 13.9% | Proba IA 26.3% | DRAW RISQUE | Learning BOOST|GLOBAL_BOOST | Calibration +3.7% (114 obs) | Source the-odds-api,0.5,0.5,1.2,1.1,1.2,1.2,0,NO BET,7.43,0.0,0.0,0.0,1500.0,1500.0,65.0,1.863,0.687,0.1767,NO DRAW SIGNAL,2-0,16.99,1-0,16.92,2-1,11.32,SCORE POISSON + FORME - confiance 69%,A recalculer via player_scorers,0.4877,0.5123,0.4054,0.5946,"[('2-0', 0.1699), ('1-0', 0.1692), ('2-1', 0.1132), ('1-1', 0.1081), ('0-1', 0.0709), ('0-0', 0.0575), ('3-1', 0.0528), ('1-2', 0.0484), ('3-0', 0.0403), ('0-2', 0.0287), ('2-2', 0.0271), ('4-0', 0.0149)]",0.0,0.0,0.0,0.0,168.37
03/10/2026 01:08,NO BET,2026-10-11T11:30:00Z,soccer_germany_bundesliga2,the-odds-api,football,FC St. Pauli,Karlsruher SC,Away Win,Karlsruher SC,0.19181109892059786,4.33,0.2309,-0.1695,A EVITER,NO BET,False,34.41,6 - NO BET,OK,BOOST|GLOBAL_BOOST,-3.0% (36 obs),MEGA 70%/3% | SAFE 63%/1% | VALUE 58%/3%,REFUSE,cote trop haute,Value negative ou nulle | Proba IA 19.2% | Learning BOOST|GLOBAL_BOOST | Calibration -3.0% (36 obs) | Source the-odds-api,0.5,0.5,1.2,1.1,1.2,1.2,0,NO BET,7.43,0.0,0.0,0.0,1500.0,1500.0,65.0,1.863,0.687,0.1767,NO DRAW SIGNAL,2-0,16.99,1-0,16.92,2-1,11.32,SCORE POISSON + FORME - confiance 69%,A recalculer via player_scorers,0.4877,0.5123,0.4054,0.5946,"[('2-0', 0.1699), ('1-0', 0.1692), ('2-1', 0.1132), ('1-1', 0.1081), ('0-1', 0.0709), ('0-0', 0.0575), ('3-1', 0.0528), ('1-2', 0.0484), ('3-0', 0.0403), ('0-2', 0.0287), ('2-2', 0.0271), ('4-0', 0.0149)]",0.0,0.0,0.0,0.0,64.35
03/10/2026 01:08,WATCHLIST,2026-10-11T11:30:00Z,soccer_germany_bundesliga2,the-odds-api,football,Hertha Berlin,Greuther Fürth,Home Win,Hertha Berlin,0.6500925150482124,1.57,0.6369,0.0206,Moyenne,SAFE PICK,True,85.53,2 - SAFE PICK,OK,BOOST|GLOBAL_BOOST,-2.9% (29 obs),MEGA 70%/3% | SAFE 63%/1% | VALUE 58%/3%,WATCHLIST,watchlist prudente,Value positive 2.1% | Proba IA 65.0% | Learning BOOST|GLOBAL_BOOST | Calibration -2.9% (29 obs) | Source the-odds-api,0.5,0.5,1.2,1.1,1.2,1.2,0,NO BET,7.43,0.2692,0.0362,0.0,1500.0,1500.0,65.0,1.949,0.626,0.1646,NO DRAW SIGNAL,2-0,18.2,1-0,17.38,2-1,11.17,SCORE POISSON + FORME - confiance 75%,A recalculer via player_scorers,0.4946,0.5054,0.3848,0.6152,"[('2-0', 0.182), ('1-0', 0.1738), ('2-1', 0.1117), ('1-1', 0.1031), ('0-1', 0.0654), ('0-0', 0.0569), ('3-1', 0.0541), ('3-0', 0.0444), ('1-2', 0.0435), ('0-2', 0.0254), ('2-2', 0.0252), ('4-0', 0.0168)]",0.0,0.0,0.0,0.0,180.97
03/10/2026 01:08,NO BET,2026-10-11T11:30:00Z,soccer_germany_bundesliga2,the-odds-api,football,Hertha Berlin,Greuther Fürth,Away Win,Greuther Fürth,0.16797725844830003,4.75,0.2105,-0.2021,A EVITER,NO BET,False,33.41,6 - NO BET,COTE HAUTE,BOOST|GLOBAL_BOOST,-3.0% (36 obs),MEGA 70%/3% | SAFE 63%/1% | VALUE 58%/3%,REFUSE,cote trop haute,Value negative ou nulle | Proba IA 16.8% | COTE HAUTE | Learning BOOST|GLOBAL_BOOST | Calibration -3.0% (36 obs) | Source the-odds-api,0.5,0.5,1.2,1.1,1.2,1.2,0,NO BET,7.43,0.0,0.0,0.0,1500.0,1500.0,65.0,1.949,0.626,0.1646,NO DRAW SIGNAL,2-0,18.2,1-0,17.38,2-1,11.17,SCORE POISSON + FORME - confiance 75%,A recalculer via player_scorers,0.4946,0.5054,0.3848,0.6152,"[('2-0', 0.182), ('1-0', 0.1738), ('2-1', 0.1117), ('1-1', 0.1031), ('0-1', 0.0654), ('0-0', 0.0569), ('3-1', 0.0541), ('3-0', 0.0444), ('1-2', 0.0435), ('0-2', 0.0254), ('2-2', 0.0252), ('4-0', 0.0168)]",0.0,0.0,0.0,0.0,61.21
03/10/2026 01:08,NO BET,2026-10-11T11:30:00Z,soccer_germany_bundesliga2,the-odds-api,football,Hertha Berlin,Greuther Fürth,Draw,Draw,0.16268592321490324,4.5,0.2222,-0.2679,A EVITER,NO BET,False,29.18,6 - NO BET,DRAW RISQUE,BOOST|GLOBAL_BOOST,-4.5% (32 obs),MEGA 70%/3% | SAFE 63%/1% | VALUE 58%/3%,REFUSE,cote trop haute,Value negative ou nulle | Proba IA 16.3% | DRAW RISQUE | Learning BOOST|GLOBAL_BOOST | Calibration -4.5% (32 obs) | Source the-odds-api,0.5,0.5,1.2,1.1,1.2,1.2,0,NO BET,7.43,0.0,0.0,0.0,1500.0,1500.0,65.0,1.949,0.626,0.1646,NO DRAW SIGNAL,2-0,18.2,1-0,17.38,2-1,11.17,SCORE POISSON + FORME - confiance 75%,A recalculer via player_scorers,0.4946,0.5054,0.3848,0.6152,"[('2-0', 0.182), ('1-0', 0.1738), ('2-1', 0.1117), ('1-1', 0.1031), ('0-1', 0.0654), ('0-0', 0.0569), ('3-1', 0.0541), ('3-0', 0.0444), ('1-2', 0.0435), ('0-2', 0.0254), ('2-2', 0.0252), ('4-0', 0.0168)]",0.0,0.0,0.0,0.0,54.57
03/10/2026 01:08,WATCHLIST,2026-10-11T11:30:00Z,soccer_germany_bundesliga2,the-odds-api,football,VfL Bochum,Arminia Bielefeld,Home Win,VfL Bochum,0.4968486700986171,2.3,0.4348,0.1428,A EVITER,WATCHLIST,False,93.13,5 - WATCHLIST,MARCHE JUSTE,BOOST|GLOBAL_BOOST,+3.9% (57 obs),MEGA 70%/3% | SAFE 63%/1% | VALUE 58%/3%,WATCHLIST,proba trop basse,Value positive 14.3% | Proba IA 49.7% | MARCHE JUSTE | Learning BOOST|GLOBAL_BOOST | Calibration +3.9% (57 obs) | Source the-odds-api,0.5,0.5,1.2,1.1,1.2,1.2,0,NO BET,7.43,0.0,0.0,0.0,1500.0,1500.0,65.0,1.418,1.013,0.2675,NO DRAW SIGNAL,1-1,13.93,1-0,13.64,2-1,10.25,SCORE POISSON + FORME - confiance 70%,A recalculer via player_scorers,0.4366,0.5634,0.4825,0.5175,"[('1-1', 0.1393), ('1-0', 0.1364), ('2-1', 0.1025), ('0-1', 0.0984), ('2-0', 0.0967), ('1-2', 0.0731), ('0-0', 0.0681), ('0-2', 0.0519), ('2-2', 0.038), ('3-1', 0.0364), ('3-0', 0.024), ('1-3', 0.021)]",0.0,0.0,0.0,0.0,234.0
03/10/2026 01:08,WATCHLIST,2026-10-11T11:30:00Z,soccer_germany_bundesliga2,the-odds-api,football,VfL Bochum,Arminia Bielefeld,Draw,Draw,0.29802237835098355,3.6,0.2778,0.0729,A EVITER,NUL POSSIBLE,True,64.75,3B - NUL POSSIBLE,MARCHE JUSTE,BOOST|GLOBAL_BOOST,+1.2% (179 obs),MEGA 70%/3% | SAFE 63%/1% | VALUE 58%/3%,WATCHLIST,cote trop haute,Value positive 7.3% | Proba IA 29.8% | MARCHE JUSTE | Learning BOOST|GLOBAL_BOOST | Calibration +1.2% (179 obs) | Source the-odds-api,0.5,0.5,1.2,1.1,1.2,1.2,0,NO BET,7.43,0.1346,0.028,0.0,1500.0,1500.0,65.0,1.418,1.013,0.2675,NO DRAW SIGNAL,1-1,13.93,1-0,13.64,2-1,10.25,SCORE POISSON + FORME - confiance 70%,A recalculer via player_scorers,0.4366,0.5634,0.4825,0.5175,"[('1-1', 0.1393), ('1-0', 0.1364), ('2-1', 0.1025), ('0-1', 0.0984), ('2-0', 0.0967), ('1-2', 0.0731), ('0-0', 0.0681), ('0-2', 0.0519), ('2-2', 0.038), ('3-1', 0.0364), ('3-0', 0.024), ('1-3', 0.021)]",0.0,0.0,0.0,0.0,148.03
03/10/2026 01:08,NO BET,2026-10-11T11:30:00Z,soccer_germany_bundesliga2,the-odds-api,football,VfL Bochum,Arminia Bielefeld,Away Win,Arminia Bielefeld,0.3166821769931631,2.8,0.3571,-0.1133,A EVITER,NO BET,False,52.65,6 - NO BET,MARCHE JUSTE,BOOST|GLOBAL_BOOST,-4.1% (61 obs),MEGA 70%/3% | SAFE 63%/1% | VALUE 58%/3%,REFUSE,value negative,Value negative ou nulle | Proba IA 31.7% | MARCHE JUSTE | Learning BOOST|GLOBAL_BOOST | Calibration -4.1% (61 obs) | Source the-odds-api,0.5,0.5,1.2,1.1,1.2,1.2,0,NO BET,7.43,0.0,0.0,0.0,1500.0,1500.0,65.0,1.418,1.013,0.2675,NO DRAW SIGNAL,1-1,13.93,1-0,13.64,2-1,10.25,SCORE POISSON + FORME - confiance 70%,A recalculer via player_scorers,0.4366,0.5634,0.4825,0.5175,"[('1-1', 0.1393), ('1-0', 0.1364), ('2-1', 0.1025), ('0-1', 0.0984), ('2-0', 0.0967), ('1-2', 0.0731), ('0-0', 0.0681), ('0-2', 0.0519), ('2-2', 0.038), ('3-1', 0.0364), ('3-0', 0.024), ('1-3', 0.021)]",0.0,0.0,0.0,0.0,100.09
03/10/2026 01:08,WATCHLIST,2026-10-11T12:00:00Z,soccer_spain_la_liga,the-odds-api,football,Elche CF,Celta Vigo,Home Win,Elche CF,0.40763730993674224,2.95,0.339,0.2025,A EVITER,WATCHLIST,False,91.26,5 - WATCHLIST,MARCHE JUSTE,BOOST|GLOBAL_BOOST,+4.0% (33 obs),MEGA 70%/3% | SAFE 63%/1% | VALUE 58%/3%,WATCHLIST,proba trop basse,Value positive 20.2% | Proba IA 40.8% | MARCHE JUSTE | Learning BOOST|GLOBAL_BOOST | Calibration +4.0% (33 obs) | Source the-odds-api,0.5,0.5,1.2,1.1,1.2,1.2,0,NO BET,7.43,0.0,0.0,0.0,1500.0,1500.0,65.0,1.236,1.134,0.2938,NO DRAW SIGNAL,1-1,14.88,1-0,12.45,0-1,10.85,SCORE POISSON + FORME - confiance 78%,A recalculer via player_scorers,0.4149,0.5851,0.4842,0.5158,"[('1-1', 0.1488), ('1-0', 0.1245), ('0-1', 0.1085), ('2-1', 0.0924), ('2-0', 0.0818), ('1-2', 0.079), ('0-0', 0.0739), ('0-2', 0.0629), ('2-2', 0.0387), ('3-1', 0.0313), ('1-3', 0.0241), ('3-0', 0.0205)]",0.0,0.0,0.0,0.0,250.69
03/10/2026 01:08,WATCHLIST,2026-10-11T12:00:00Z,soccer_spain_la_liga,the-odds-api,football,Elche CF,Celta Vigo,Draw,Draw,0.32743390949924156,3.4,0.2941,0.1133,A EVITER,NUL POSSIBLE,True,73.63,3B - NUL POSSIBLE,NUL SERRE,BOOST|GLOBAL_BOOST,-1.2% (23 obs),MEGA 70%/3% | SAFE 63%/1% | VALUE 58%/3%,WATCHLIST,cote trop haute,Value positive 11.3% | Proba IA 32.7% | NUL SERRE | Learning BOOST|GLOBAL_BOOST | Calibration -1.2% (23 obs) | Source the-odds-api,0.5,0.5,1.2,1.1,1.2,1.2,0,NO BET,7.43,0.1346,0.0472,0.0,1500.0,1500.0,65.0,1.236,1.134,0.2938,DRAW POSSIBLE - tight 74%,1-1,14.88,1-0,12.45,0-1,10.85,SCORE POISSON + FORME - confiance 78%,A recalculer via player_scorers,0.4149,0.5851,0.4842,0.5158,"[('1-1', 0.1488), ('1-0', 0.1245), ('0-1', 0.1085), ('2-1', 0.0924), ('2-0', 0.0818), ('1-2', 0.079), ('0-0', 0.0739), ('0-2', 0.0629), ('2-2', 0.0387), ('3-1', 0.0313), ('1-3', 0.0241), ('3-0', 0.0205)]",0.0,0.0,0.0,0.0,180.6
03/10/2026 01:08,NO BET,2026-10-11T12:00:00Z,soccer_spain_la_liga,the-odds-api,football,Elche CF,Celta Vigo,Away Win,Celta Vigo,0.3673148333075183,2.68,0.3731,-0.0156,A EVITER,NO BET,False,64.48,5 - WATCHLIST,OK,BOOST|GLOBAL_BOOST,-2.8% (18 obs),MEGA 70%/3% | SAFE 63%/1% | VALUE 58%/3%,REFUSE,value negative,Value negative ou nulle | Proba IA 36.7% | Learning BOOST|GLOBAL_BOOST | Calibration -2.8% (18 obs) | Source the-odds-api,0.5,0.5,1.2,1.1,1.2,1.2,0,NO BET,7.43,0.0,0.0,0.0,1500.0,1500.0,65.0,1.236,1.134,0.2938,NO DRAW SIGNAL,1-1,14.88,1-0,12.45,0-1,10.85,SCORE POISSON + FORME - confiance 78%,A recalculer via player_scorers,0.4149,0.5851,0.4842,0.5158,"[('1-1', 0.1488), ('1-0', 0.1245), ('0-1', 0.1085), ('2-1', 0.0924), ('2-0', 0.0818), ('1-2', 0.079), ('0-0', 0.0739), ('0-2', 0.0629), ('2-2', 0.0387), ('3-1', 0.0313), ('1-3', 0.0241), ('3-0', 0.0205)]",0.0,0.0,0.0,0.0,121.14
03/10/2026 01:08,WATCHLIST,2026-10-11T12:30:00Z,soccer_netherlands_eredivisie,the-odds-api,football,FC Zwolle,SC Cambuur,Away Win,SC Cambuur,0.3263753657019923,3.6,0.2778,0.175,A EVITER,WATCHLIST,False,81.68,5 - WATCHLIST,OK,BOOST|GLOBAL_BOOST,+4.0% (49 obs),MEGA 70%/3% | SAFE 63%/1% | VALUE 58%/3%,WATCHLIST,cote trop haute,Value positive 17.5% | Proba IA 32.6% | Learning BOOST|GLOBAL_BOOST | Calibration +4.0% (49 obs) | Source the-odds-api,0.5,0.5,1.2,1.1,1.2,1.2,0,NO BET,7.43,0.0,0.0,0.0,1500.0,1500.0,65.0,1.667,0.825,0.2389,NO DRAW SIGNAL,1-0,15.14,1-1,13.0,2-0,12.07,SCORE POISSON + FORME - confiance 78%,A recalculer via player_scorers,0.4535,0.5465,0.455,0.545,"[('1-0', 0.1514), ('1-1', 0.13), ('2-0', 0.1207), ('2-1', 0.1097), ('0-1', 0.0831), ('0-0', 0.0656), ('1-2', 0.0604), ('3-1', 0.0428), ('0-2', 0.0389), ('2-2', 0.035), ('3-0', 0.0304), ('1-3', 0.0165)]",0.0,0.0,0.0,0.0,218.96
03/10/2026 01:08,WATCHLIST,2026-10-11T12:30:00Z,soccer_netherlands_eredivisie,the-odds-api,football,FC Zwolle,SC Cambuur,Draw,Draw,0.30323180084218787,3.9,0.2564,0.1826,A EVITER,NUL POSSIBLE,True,77.59,3B - NUL POSSIBLE,MARCHE JUSTE,BOOST|GLOBAL_BOOST,+3.7% (114 obs),MEGA 70%/3% | SAFE 63%/1% | VALUE 58%/3%,WATCHLIST,cote trop haute,Value positive 18.3% | Proba IA 30.3% | MARCHE JUSTE | Learning BOOST|GLOBAL_BOOST | Calibration +3.7% (114 obs) | Source the-odds-api,0.5,0.5,1.2,1.1,1.2,1.2,0,NO BET,7.43,0.1346,0.063,0.0,1500.0,1500.0,65.0,1.667,0.825,0.2389,NO DRAW SIGNAL,1-0,15.14,1-1,13.0,2-0,12.07,SCORE POISSON + FORME - confiance 78%,A recalculer via player_scorers,0.4535,0.5465,0.455,0.545,"[('1-0', 0.1514), ('1-1', 0.13), ('2-0', 0.1207), ('2-1', 0.1097), ('0-1', 0.0831), ('0-0', 0.0656), ('1-2', 0.0604), ('3-1', 0.0428), ('0-2', 0.0389), ('2-2', 0.035), ('3-0', 0.0304), ('1-3', 0.0165)]",0.0,0.0,0.0,0.0,214.58
03/10/2026 01:08,NO BET,2026-10-11T12:30:00Z,soccer_netherlands_eredivisie,the-odds-api,football,FC Zwolle,SC Cambuur,Home Win,FC Zwolle,0.49011983271414483,1.93,0.5181,-0.0541,A EVITER,NO BET,False,70.22,5 - WATCHLIST,OK,BOOST|GLOBAL_BOOST,-6.0% (26 obs),MEGA 70%/3% | SAFE 63%/1% | VALUE 58%/3%,REFUSE,value negative,Value negative ou nulle | Proba IA 49.0% | Learning BOOST|GLOBAL_BOOST | Calibration -6.0% (26 obs) | Source the-odds-api,0.5,0.5,1.2,1.1,1.2,1.2,0,NO BET,7.43,0.0,0.0,0.0,1500.0,1500.0,65.0,1.667,0.825,0.2389,NO DRAW SIGNAL,1-0,15.14,1-1,13.0,2-0,12.07,SCORE POISSON + FORME - confiance 78%,A recalculer via player_scorers,0.4535,0.5465,0.455,0.545,"[('1-0', 0.1514), ('1-1', 0.13), ('2-0', 0.1207), ('2-1', 0.1097), ('0-1', 0.0831), ('0-0', 0.0656), ('1-2', 0.0604), ('3-1', 0.0428), ('0-2', 0.0389), ('2-2', 0.035), ('3-0', 0.0304), ('1-3', 0.0165)]",0.0,0.0,0.0,0.0,138.23
03/10/2026 01:08,WATCHLIST,2026-10-11T12:30:00Z,soccer_netherlands_eredivisie,the-odds-api,football,SC Telstar,ADO Den Haag,Away Win,ADO Den Haag,0.33732296706725834,3.55,0.2817,0.1975,A EVITER,WATCHLIST,False,84.73,5 - WATCHLIST,OK,BOOST|GLOBAL_BOOST,+4.0% (64 obs),MEGA 70%/3% | SAFE 63%/1% | VALUE 58%/3%,WATCHLIST,cote trop haute,Value positive 19.8% | Proba IA 33.7% | Learning BOOST|GLOBAL_BOOST | Calibration +4.0% (64 obs) | Source the-odds-api,0.5,0.5,1.2,1.1,1.2,1.2,0,NO BET,7.43,0.0,0.0,0.0,1500.0,1500.0,65.0,1.615,0.856,0.245,NO DRAW SIGNAL,1-0,14.93,1-1,13.18,2-0,11.61,SCORE POISSON + FORME - confiance 78%,A recalculer via player_scorers,0.4481,0.5519,0.46,0.54,"[('1-0', 0.1493), ('1-1', 0.1318), ('2-0', 0.1161), ('2-1', 0.1087), ('0-1', 0.0861), ('0-0', 0.0663), ('1-2', 0.0627), ('3-1', 0.0415), ('0-2', 0.0411), ('2-2', 0.0355), ('3-0', 0.029), ('1-3', 0.0172)]",0.0,0.0,0.0,0.0,233.94
03/10/2026 01:08,WATCHLIST,2026-10-11T12:30:00Z,soccer_netherlands_eredivisie,the-odds-api,football,SC Telstar,ADO Den Haag,Home Win,SC Telstar,0.49782543681571795,2.05,0.4878,0.0205,A EVITER,WATCHLIST,False,79.12,5 - WATCHLIST,OK,BOOST|GLOBAL_BOOST,-3.2% (50 obs),MEGA 70%/3% | SAFE 63%/1% | VALUE 58%/3%,WATCHLIST,proba trop basse,Value positive 2.1% | Proba IA 49.8% | Learning BOOST|GLOBAL_BOOST | Calibration -3.2% (50 obs) | Source the-odds-api,0.5,0.5,1.2,1.1,1.2,1.2,0,NO BET,7.43,0.0,0.0,0.0,1500.0,1500.0,65.0,1.615,0.856,0.245,NO DRAW SIGNAL,1-0,14.93,1-1,13.18,2-0,11.61,SCORE POISSON + FORME - confiance 78%,A recalculer via player_scorers,0.4481,0.5519,0.46,0.54,"[('1-0', 0.1493), ('1-1', 0.1318), ('2-0', 0.1161), ('2-1', 0.1087), ('0-1', 0.0861), ('0-0', 0.0663), ('1-2', 0.0627), ('3-1', 0.0415), ('0-2', 0.0411), ('2-2', 0.0355), ('3-0', 0.029), ('1-3', 0.0172)]",0.0,0.0,0.0,0.0,160.78
03/10/2026 01:08,WATCHLIST,2026-10-11T12:30:00Z,soccer_netherlands_eredivisie,the-odds-api,football,SC Telstar,ADO Den Haag,Draw,Draw,0.2887973593561425,3.75,0.2667,0.083,A EVITER,NUL POSSIBLE,True,65.52,3B - NUL POSSIBLE,MARCHE JUSTE,BOOST|GLOBAL_BOOST,+1.2% (179 obs),MEGA 70%/3% | SAFE 63%/1% | VALUE 58%/3%,WATCHLIST,cote trop haute,Value positive 8.3% | Proba IA 28.9% | MARCHE JUSTE | Learning BOOST|GLOBAL_BOOST | Calibration +1.2% (179 obs) | Source the-odds-api,0.5,0.5,1.2,1.1,1.2,1.2,0,NO BET,7.43,0.1346,0.0302,0.0,1500.0,1500.0,65.0,1.615,0.856,0.245,NO DRAW SIGNAL,1-0,14.93,1-1,13.18,2-0,11.61,SCORE POISSON + FORME - confiance 78%,A recalculer via player_scorers,0.4481,0.5519,0.46,0.54,"[('1-0', 0.1493), ('1-1', 0.1318), ('2-0', 0.1161), ('2-1', 0.1087), ('0-1', 0.0861), ('0-0', 0.0663), ('1-2', 0.0627), ('3-1', 0.0415), ('0-2', 0.0411), ('2-2', 0.0355), ('3-0', 0.029), ('1-3', 0.0172)]",0.0,0.0,0.0,0.0,152.87
03/10/2026 01:08,WATCHLIST,2026-10-11T13:00:00Z,soccer_epl,the-odds-api,football,Crystal Palace,Nottingham Forest,Home Win,Crystal Palace,0.4091567248300102,2.76,0.3623,0.1293,A EVITER,WATCHLIST,False,90.05,5 - WATCHLIST,OK,BOOST|GLOBAL_BOOST,+4.0% (33 obs),MEGA 70%/3% | SAFE 63%/1% | VALUE 58%/3%,WATCHLIST,proba trop basse,Value positive 12.9% | Proba IA 40.9% | Learning BOOST|GLOBAL_BOOST | Calibration +4.0% (33 obs) | Source the-odds-api,0.25,0.5,1.0,1.1,2.0,1.2,1,NO BET,7.43,0.0,0.0,0.0,1500.0,1500.0,65.0,1.06,1.14,0.3085,NO DRAW SIGNAL,1-1,15.54,1-0,12.87,0-1,12.75,SCORE POISSON + FORME - confiance 84%,A recalculer via player_scorers,0.3695,0.6305,0.4479,0.5521,"[('1-1', 0.1554), ('1-0', 0.1287), ('0-1', 0.1275), ('0-0', 0.0865), ('2-1', 0.0861), ('1-2', 0.0823), ('2-0', 0.0761), ('0-2', 0.074), ('2-2', 0.0261), ('3-1', 0.0212), ('3-0', 0.0188), ('1-3', 0.018)]",0.0,0.0,0.0,0.0,217.5
03/10/2026 01:08,WATCHLIST,2026-10-11T13:00:00Z,soccer_epl,the-odds-api,football,Crystal Palace,Nottingham Forest,Draw,Draw,0.3389380508339846,3.4,0.2941,0.1524,A EVITER,NUL POSSIBLE,True,85.76,3B - NUL POSSIBLE,NUL SERRE,BOOST|GLOBAL_BOOST,-1.2% (23 obs),MEGA 70%/3% | SAFE 63%/1% | VALUE 58%/3%,WATCHLIST,cote trop haute,Value positive 15.2% | Proba IA 33.9% | NUL SERRE | Learning BOOST|GLOBAL_BOOST | Calibration -1.2% (23 obs) | Source the-odds-api,0.25,0.5,1.0,1.1,2.0,1.2,1,NO BET,7.43,0.1346,0.0635,0.0,1500.0,1500.0,65.0,1.06,1.14,0.3085,DRAW POSSIBLE - tight 81%,1-1,15.54,1-0,12.87,0-1,12.75,SCORE POISSON + FORME - confiance 84%,A recalculer via player_scorers,0.3695,0.6305,0.4479,0.5521,"[('1-1', 0.1554), ('1-0', 0.1287), ('0-1', 0.1275), ('0-0', 0.0865), ('2-1', 0.0861), ('1-2', 0.0823), ('2-0', 0.0761), ('0-2', 0.074), ('2-2', 0.0261), ('3-1', 0.0212), ('3-0', 0.0188), ('1-3', 0.018)]",0.0,0.0,0.0,0.0,216.18
03/10/2026 01:08,NO BET,2026-10-11T13:00:00Z,soccer_epl,the-odds-api,football,Crystal Palace,Nottingham Forest,Away Win,Nottingham Forest,0.33869141723791657,2.84,0.3521,-0.0381,A EVITER,NO BET,False,67.84,5 - WATCHLIST,MARCHE JUSTE,BOOST|GLOBAL_BOOST,-4.1% (61 obs),MEGA 70%/3% | SAFE 63%/1% | VALUE 58%/3%,REFUSE,value negative,Value negative ou nulle | Proba IA 33.9% | MARCHE JUSTE | Learning BOOST|GLOBAL_BOOST | Calibration -4.1% (61 obs) | Source the-odds-api,0.25,0.5,1.0,1.1,2.0,1.2,1,NO BET,7.43,0.0,0.0,0.0,1500.0,1500.0,65.0,1.06,1.14,0.3085,NO DRAW SIGNAL,1-1,15.54,1-0,12.87,0-1,12.75,SCORE POISSON + FORME - confiance 84%,A recalculer via player_scorers,0.3695,0.6305,0.4479,0.5521,"[('1-1', 0.1554), ('1-0', 0.1287), ('0-1', 0.1275), ('0-0', 0.0865), ('2-1', 0.0861), ('1-2', 0.0823), ('2-0', 0.0761), ('0-2', 0.074), ('2-2', 0.0261), ('3-1', 0.0212), ('3-0', 0.0188), ('1-3', 0.018)]",0.0,0.0,0.0,0.0,124.11
03/10/2026 01:08,WATCHLIST,2026-10-11T13:00:00Z,soccer_epl,the-odds-api,football,Hull City,Everton,Home Win,Hull City,0.37562106754288205,3.95,0.2532,0.4837,A EVITER,WATCHLIST,False,96.08,5 - WATCHLIST,VALUE CLAIRE,BOOST|GLOBAL_BOOST,+4.0% (33 obs),MEGA 70%/3% | SAFE 63%/1% | VALUE 58%/3%,WATCHLIST,cote trop haute,Value positive 48.4% | Proba IA 37.6% | VALUE CLAIRE | Learning BOOST|GLOBAL_BOOST | Calibration +4.0% (33 obs) | Source the-odds-api,0.5,0.25,1.2,1.62,1.2,1.88,1,NO BET,7.43,0.0,0.0,0.0,1500.0,1508.4,56.6,1.45,1.11,0.2649,NO DRAW SIGNAL,1-1,14.07,1-0,12.66,2-1,10.36,SCORE POISSON + FORME - confiance 84%,A recalculer via player_scorers,0.4684,0.5316,0.5136,0.4864,"[('1-1', 0.1407), ('1-0', 0.1266), ('2-1', 0.1036), ('0-1', 0.0961), ('2-0', 0.0917), ('1-2', 0.0778), ('0-0', 0.0634), ('0-2', 0.0544), ('2-2', 0.0411), ('3-1', 0.0374), ('3-0', 0.0235), ('1-3', 0.0232)]",0.0,0.0,0.0,0.0,376.48
03/10/2026 01:08,WATCHLIST,2026-10-11T13:00:00Z,soccer_epl,the-odds-api,football,Hull City,Everton,Draw,Draw,0.3176662423282334,3.45,0.2899,0.0959,A EVITER,NUL POSSIBLE,True,78.38,3B - NUL POSSIBLE,MARCHE JUSTE,BOOST|GLOBAL_BOOST,+1.2% (179 obs),MEGA 70%/3% | SAFE 63%/1% | VALUE 58%/3%,WATCHLIST,cote trop haute,Value positive 9.6% | Proba IA 31.8% | MARCHE JUSTE | Learning BOOST|GLOBAL_BOOST | Calibration +1.2% (179 obs) | Source the-odds-api,0.5,0.25,1.2,1.62,1.2,1.88,1,NO BET,7.43,0.1346,0.0392,0.0,1500.0,1508.4,56.6,1.45,1.11,0.2649,NO DRAW SIGNAL,1-1,14.07,1-0,12.66,2-1,10.36,SCORE POISSON + FORME - confiance 84%,A recalculer via player_scorers,0.4684,0.5316,0.5136,0.4864,"[('1-1', 0.1407), ('1-0', 0.1266), ('2-1', 0.1036), ('0-1', 0.0961), ('2-0', 0.0917), ('1-2', 0.0778), ('0-0', 0.0634), ('0-2', 0.0544), ('2-2', 0.0411), ('3-1', 0.0374), ('3-0', 0.0235), ('1-3', 0.0232)]",0.0,0.0,0.0,0.0,179.5
03/10/2026 01:08,NO BET,2026-10-11T13:00:00Z,soccer_epl,the-odds-api,football,Hull City,Everton,Away Win,Everton,0.40335068780151884,2.14,0.4673,-0.1368,A EVITER,NO BET,False,68.44,5 - WATCHLIST,OK,BOOST|GLOBAL_BOOST,-6.0% (21 obs),MEGA 70%/3% | SAFE 63%/1% | VALUE 58%/3%,REFUSE,value negative,Value negative ou nulle | Proba IA 40.3% | Learning BOOST|GLOBAL_BOOST | Calibration -6.0% (21 obs) | Source the-odds-api,0.5,0.25,1.2,1.62,1.2,1.88,1,NO BET,7.43,0.0,0.0,0.0,1500.0,1508.4,56.6,1.45,1.11,0.2649,NO DRAW SIGNAL,1-1,14.07,1-0,12.66,2-1,10.36,SCORE POISSON + FORME - confiance 84%,A recalculer via player_scorers,0.4684,0.5316,0.5136,0.4864,"[('1-1', 0.1407), ('1-0', 0.1266), ('2-1', 0.1036), ('0-1', 0.0961), ('2-0', 0.0917), ('1-2', 0.0778), ('0-0', 0.0634), ('0-2', 0.0544), ('2-2', 0.0411), ('3-1', 0.0374), ('3-0', 0.0235), ('1-3', 0.0232)]",0.0,0.0,0.0,0.0,129.53
03/10/2026 01:08,WATCHLIST,2026-10-11T13:00:00Z,soccer_france_ligue_one,the-odds-api,football,Nice,Strasbourg,Away Win,Strasbourg,0.4197720898494178,3.1,0.3226,0.3013,A EVITER,WATCHLIST,False,100.0,5 - WATCHLIST,VALUE CLAIRE,BOOST|GLOBAL_BOOST,-2.8% (18 obs),MEGA 70%/3% | SAFE 63%/1% | VALUE 58%/3%,WATCHLIST,cote trop haute,Value positive 30.1% | Proba IA 42.0% | VALUE CLAIRE | Learning BOOST|GLOBAL_BOOST | Calibration -2.8% (18 obs) | Source the-odds-api,0.21,0.67,0.62,2.25,1.5,2.0,1,NO BET,7.43,0.0,0.0,0.0,1470.4,1558.7,-23.2,1.01,1.65,0.2418,NO DRAW SIGNAL,1-1,13.33,0-1,12.46,1-2,10.35,SCORE POISSON + FORME - confiance 84%,A recalculer via player_scorers,0.4959,0.5041,0.5129,0.4871,"[('1-1', 0.1333), ('0-1', 0.1246), ('1-2', 0.1035), ('0-2', 0.0951), ('1-0', 0.0942), ('2-1', 0.0793), ('0-0', 0.0588), ('2-0', 0.0555), ('2-2', 0.0405), ('1-3', 0.0388), ('3-1', 0.0248), ('0-3', 0.0221)]",0.0,0.0,0.0,0.0,306.94
03/10/2026 01:08,WATCHLIST,2026-10-11T13:00:00Z,soccer_france_ligue_one,the-odds-api,football,Nice,Strasbourg,Draw,Draw,0.2899911853437101,3.75,0.2667,0.0875,A EVITER,NUL POSSIBLE,True,73.24,3B - NUL POSSIBLE,MARCHE JUSTE,BOOST|GLOBAL_BOOST,+1.2% (179 obs),MEGA 70%/3% | SAFE 63%/1% | VALUE 58%/3%,WATCHLIST,cote trop haute,Value positive 8.8% | Proba IA 29.0% | MARCHE JUSTE | Learning BOOST|GLOBAL_BOOST | Calibration +1.2% (179 obs) | Source the-odds-api,0.21,0.67,0.62,2.25,1.5,2.0,1,NO BET,7.43,0.1346,0.0318,0.0,1470.4,1558.7,-23.2,1.01,1.65,0.2418,NO DRAW SIGNAL,1-1,13.33,0-1,12.46,1-2,10.35,SCORE POISSON + FORME - confiance 84%,A recalculer via player_scorers,0.4959,0.5041,0.5129,0.4871,"[('1-1', 0.1333), ('0-1', 0.1246), ('1-2', 0.1035), ('0-2', 0.0951), ('1-0', 0.0942), ('2-1', 0.0793), ('0-0', 0.0588), ('2-0', 0.0555), ('2-2', 0.0405), ('1-3', 0.0388), ('3-1', 0.0248), ('0-3', 0.0221)]",0.0,0.0,0.0,0.0,166.31
03/10/2026 01:08,NO BET,2026-10-11T13:00:00Z,soccer_france_ligue_one,the-odds-api,football,Nice,Strasbourg,Home Win,Nice,0.4222888106932545,2.3,0.4348,-0.0287,A EVITER,NO BET,False,77.43,5 - WATCHLIST,OK,BOOST|GLOBAL_BOOST,+4.0% (33 obs),MEGA 70%/3% | SAFE 63%/1% | VALUE 58%/3%,REFUSE,value negative,Value negative ou nulle | Proba IA 42.2% | Learning BOOST|GLOBAL_BOOST | Calibration +4.0% (33 obs) | Source the-odds-api,0.21,0.67,0.62,2.25,1.5,2.0,1,NO BET,7.43,0.0,0.0,0.0,1470.4,1558.7,-23.2,1.01,1.65,0.2418,NO DRAW SIGNAL,1-1,13.33,0-1,12.46,1-2,10.35,SCORE POISSON + FORME - confiance 84%,A recalculer via player_scorers,0.4959,0.5041,0.5129,0.4871,"[('1-1', 0.1333), ('0-1', 0.1246), ('1-2', 0.1035), ('0-2', 0.0951), ('1-0', 0.0942), ('2-1', 0.0793), ('0-0', 0.0588), ('2-0', 0.0555), ('2-2', 0.0405), ('1-3', 0.0388), ('3-1', 0.0248), ('0-3', 0.0221)]",0.0,0.0,0.0,0.0,144.16
03/10/2026 01:08,WATCHLIST,2026-10-11T13:00:00Z,soccer_italy_serie_a,the-odds-api,football,Lazio,Monza,Draw,Draw,0.3038829786535885,4.2,0.2381,0.2763,A EVITER,NUL POSSIBLE,True,79.06,3B - NUL POSSIBLE,MARCHE JUSTE,BOOST|GLOBAL_BOOST,+3.7% (114 obs),MEGA 70%/3% | SAFE 63%/1% | VALUE 58%/3%,WATCHLIST,cote trop haute,Value positive 27.6% | Proba IA 30.4% | MARCHE JUSTE | Learning BOOST|GLOBAL_BOOST | Calibration +3.7% (114 obs) | Source the-odds-api,0.46,0.12,1.25,0.5,1.5,2.12,1,NO BET,7.43,0.1346,0.0863,0.0,1545.5,1342.5,268.0,1.53,0.78,0.2544,NO DRAW SIGNAL,1-0,16.01,1-1,13.14,2-0,11.93,SCORE POISSON + FORME - confiance 84%,A recalculer via player_scorers,0.4061,0.5939,0.4236,0.5764,"[('1-0', 0.1601), ('1-1', 0.1314), ('2-0', 0.1193), ('2-1', 0.1041), ('0-1', 0.0893), ('0-0', 0.0736), ('1-2', 0.0587), ('0-2', 0.04), ('3-1', 0.0386), ('2-2', 0.0324), ('3-0', 0.0287), ('1-3', 0.0158)]",0.0,0.0,0.0,0.0,257.09
03/10/2026 01:08,WATCHLIST,2026-10-11T13:00:00Z,soccer_italy_serie_a,the-odds-api,football,Lazio,Monza,Away Win,Monza,0.19580241191835107,6.5,0.1538,0.2727,A EVITER,WATCHLIST,False,78.52,5 - WATCHLIST,COTE HAUTE,BOOST|GLOBAL_BOOST,+3.2% (24 obs),MEGA 70%/3% | SAFE 63%/1% | VALUE 58%/3%,WATCHLIST,cote trop haute,Value positive 27.3% | Proba IA 19.6% | COTE HAUTE | Learning BOOST|GLOBAL_BOOST | Calibration +3.2% (24 obs) | Source the-odds-api,0.46,0.12,1.25,0.5,1.5,2.12,1,NO BET,7.43,0.0,0.0,0.0,1545.5,1342.5,268.0,1.53,0.78,0.2544,NO DRAW SIGNAL,1-0,16.01,1-1,13.14,2-0,11.93,SCORE POISSON + FORME - confiance 84%,A recalculer via player_scorers,0.4061,0.5939,0.4236,0.5764,"[('1-0', 0.1601), ('1-1', 0.1314), ('2-0', 0.1193), ('2-1', 0.1041), ('0-1', 0.0893), ('0-0', 0.0736), ('1-2', 0.0587), ('0-2', 0.04), ('3-1', 0.0386), ('2-2', 0.0324), ('3-0', 0.0287), ('1-3', 0.0158)]",0.0,0.0,0.0,0.0,247.18
03/10/2026 01:08,WATCHLIST,2026-10-11T13:00:00Z,soccer_italy_serie_a,the-odds-api,football,Lazio,Monza,Home Win,Lazio,0.6383713144430025,1.64,0.6098,0.0469,Moyenne,SAFE PICK,True,95.21,2 - SAFE PICK,MARCHE JUSTE,BOOST|GLOBAL_BOOST,-2.9% (29 obs),MEGA 70%/3% | SAFE 63%/1% | VALUE 58%/3%,WATCHLIST,watchlist prudente,Value positive 4.7% | Proba IA 63.8% | MARCHE JUSTE | Learning BOOST|GLOBAL_BOOST | Calibration -2.9% (29 obs) | Source the-odds-api,0.46,0.12,1.25,0.5,1.5,2.12,1,NO BET,7.43,0.2692,0.0733,0.0,1545.5,1342.5,268.0,1.53,0.78,0.2544,NO DRAW SIGNAL,1-0,16.01,1-1,13.14,2-0,11.93,SCORE POISSON + FORME - confiance 84%,A recalculer via player_scorers,0.4061,0.5939,0.4236,0.5764,"[('1-0', 0.1601), ('1-1', 0.1314), ('2-0', 0.1193), ('2-1', 0.1041), ('0-1', 0.0893), ('0-0', 0.0736), ('1-2', 0.0587), ('0-2', 0.04), ('3-1', 0.0386), ('2-2', 0.0324), ('3-0', 0.0287), ('1-3', 0.0158)]",0.0,0.0,0.0,0.0,205.78
03/10/2026 01:08,WATCHLIST,2026-10-11T13:00:00Z,soccer_italy_serie_a,the-odds-api,football,Lecce,Bologna,Draw,Draw,0.3252633167945731,3.5,0.2857,0.1384,A EVITER,NUL POSSIBLE,True,83.58,3B - NUL POSSIBLE,MARCHE JUSTE,BOOST|GLOBAL_BOOST,+1.2% (179 obs),MEGA 70%/3% | SAFE 63%/1% | VALUE 58%/3%,WATCHLIST,cote trop haute,Value positive 13.8% | Proba IA 32.5% | MARCHE JUSTE | Learning BOOST|GLOBAL_BOOST | Calibration +1.2% (179 obs) | Source the-odds-api,0.46,0.58,0.88,1.38,1.25,1.25,1,NO BET,7.43,0.1346,0.0554,0.0,1433.8,1537.9,-39.1,0.92,1.21,0.3099,DRAW POSSIBLE - tight 30%,1-1,14.73,0-1,14.27,1-0,12.28,SCORE POISSON + FORME - confiance 84%,A recalculer via player_scorers,0.316,0.684,0.3999,0.6001,"[('1-1', 0.1473), ('0-1', 0.1427), ('1-0', 0.1228), ('0-0', 0.1187), ('0-2', 0.0855), ('1-2', 0.0753), ('2-1', 0.0702), ('2-0', 0.0661), ('2-2', 0.0228), ('3-1', 0.0184), ('1-3', 0.0174), ('3-0', 0.0163)]",0.0,0.0,0.0,0.0,205.99
03/10/2026 01:08,NO BET,2026-10-11T13:00:00Z,soccer_italy_serie_a,the-odds-api,football,Lecce,Bologna,Away Win,Bologna,0.46994859610688694,2.02,0.495,-0.0507,A EVITER,NO BET,False,76.91,5 - WATCHLIST,MARCHE JUSTE,BOOST|GLOBAL_BOOST,-6.0% (28 obs),MEGA 70%/3% | SAFE 63%/1% | VALUE 58%/3%,REFUSE,value negative,Value negative ou nulle | Proba IA 47.0% | MARCHE JUSTE | Learning BOOST|GLOBAL_BOOST | Calibration -6.0% (28 obs) | Source the-odds-api,0.46,0.58,0.88,1.38,1.25,1.25,1,NO BET,7.43,0.0,0.0,0.0,1433.8,1537.9,-39.1,0.92,1.21,0.3099,NO DRAW SIGNAL,1-1,14.73,0-1,14.27,1-0,12.28,SCORE POISSON + FORME - confiance 84%,A recalculer via player_scorers,0.316,0.684,0.3999,0.6001,"[('1-1', 0.1473), ('0-1', 0.1427), ('1-0', 0.1228), ('0-0', 0.1187), ('0-2', 0.0855), ('1-2', 0.0753), ('2-1', 0.0702), ('2-0', 0.0661), ('2-2', 0.0228), ('3-1', 0.0184), ('1-3', 0.0174), ('3-0', 0.0163)]",0.0,0.0,0.0,0.0,146.72
03/10/2026 01:08,NO BET,2026-10-11T13:00:00Z,soccer_italy_serie_a,the-odds-api,football,Lecce,Bologna,Home Win,Lecce,0.20740013293107412,4.0,0.25,-0.1704,A EVITER,NO BET,False,52.21,6 - NO BET,MARCHE JUSTE,BOOST|GLOBAL_BOOST,-5.0% (19 obs),MEGA 70%/3% | SAFE 63%/1% | VALUE 58%/3%,REFUSE,cote trop haute,Value negative ou nulle | Proba IA 20.7% | MARCHE JUSTE | Learning BOOST|GLOBAL_BOOST | Calibration -5.0% (19 obs) | Source the-odds-api,0.46,0.58,0.88,1.38,1.25,1.25,1,NO BET,7.43,0.0,0.0,0.0,1433.8,1537.9,-39.1,0.92,1.21,0.3099,NO DRAW SIGNAL,1-1,14.73,0-1,14.27,1-0,12.28,SCORE POISSON + FORME - confiance 84%,A recalculer via player_scorers,0.316,0.684,0.3999,0.6001,"[('1-1', 0.1473), ('0-1', 0.1427), ('1-0', 0.1228), ('0-0', 0.1187), ('0-2', 0.0855), ('1-2', 0.0753), ('2-1', 0.0702), ('2-0', 0.0661), ('2-2', 0.0228), ('3-1', 0.0184), ('1-3', 0.0174), ('3-0', 0.0163)]",0.0,0.0,0.0,0.0,91.79
03/10/2026 01:08,WATCHLIST,2026-10-11T13:00:00Z,soccer_italy_serie_b,the-odds-api,football,US Catanzaro 1929,Mantova,Home Win,US Catanzaro 1929,0.5010813258727207,2.3,0.4348,0.1525,Faible,WATCHLIST,False,94.43,5 - WATCHLIST,MARCHE JUSTE,BOOST|GLOBAL_BOOST,+3.9% (57 obs),MEGA 70%/3% | SAFE 63%/1% | VALUE 58%/3%,WATCHLIST,proba trop basse,Value positive 15.2% | Proba IA 50.1% | MARCHE JUSTE | Learning BOOST|GLOBAL_BOOST | Calibration +3.9% (57 obs) | Source the-odds-api,0.5,0.5,1.2,1.1,1.2,1.2,0,NO BET,7.43,0.0,0.0,0.0,1500.0,1500.0,65.0,1.432,0.995,0.265,NO DRAW SIGNAL,1-1,13.82,1-0,13.82,2-1,10.32,SCORE POISSON + FORME - confiance 68%,A recalculer via player_scorers,0.4362,0.5638,0.4793,0.5207,"[('1-1', 0.1382), ('1-0', 0.1382), ('2-1', 0.1032), ('2-0', 0.0984), ('0-1', 0.0976), ('1-2', 0.0722), ('0-0', 0.0679), ('0-2', 0.0508), ('2-2', 0.0376), ('3-1', 0.0368), ('3-0', 0.0244), ('1-3', 0.0205)]",0.0,0.0,0.0,0.0,240.4
03/10/2026 01:08,WATCHLIST,2026-10-11T13:00:00Z,soccer_italy_serie_b,the-odds-api,football,US Catanzaro 1929,Mantova,Draw,Draw,0.3035573897478882,3.5,0.2857,0.0625,A EVITER,NUL POSSIBLE,True,66.78,3B - NUL POSSIBLE,MARCHE JUSTE,BOOST|GLOBAL_BOOST,+1.2% (179 obs),MEGA 70%/3% | SAFE 63%/1% | VALUE 58%/3%,WATCHLIST,cote trop haute,Value positive 6.2% | Proba IA 30.4% | MARCHE JUSTE | Learning BOOST|GLOBAL_BOOST | Calibration +1.2% (179 obs) | Source the-odds-api,0.5,0.5,1.2,1.1,1.2,1.2,0,NO BET,7.43,0.1346,0.025,0.0,1500.0,1500.0,65.0,1.432,0.995,0.265,NO DRAW SIGNAL,1-1,13.82,1-0,13.82,2-1,10.32,SCORE POISSON + FORME - confiance 68%,A recalculer via player_scorers,0.4362,0.5638,0.4793,0.5207,"[('1-1', 0.1382), ('1-0', 0.1382), ('2-1', 0.1032), ('2-0', 0.0984), ('0-1', 0.0976), ('1-2', 0.0722), ('0-0', 0.0679), ('0-2', 0.0508), ('2-2', 0.0376), ('3-1', 0.0368), ('3-0', 0.0244), ('1-3', 0.0205)]",0.0,0.0,0.0,0.0,146.94
03/10/2026 01:08,NO BET,2026-10-11T13:00:00Z,soccer_italy_serie_b,the-odds-api,football,US Catanzaro 1929,Mantova,Away Win,Mantova,0.3064188007132262,2.9,0.3448,-0.1114,A EVITER,NO BET,False,52.22,6 - NO BET,MARCHE JUSTE,BOOST|GLOBAL_BOOST,-4.1% (61 obs),MEGA 70%/3% | SAFE 63%/1% | VALUE 58%/3%,REFUSE,value negative,Value negative ou nulle | Proba IA 30.6% | MARCHE JUSTE | Learning BOOST|GLOBAL_BOOST | Calibration -4.1% (61 obs) | Source the-odds-api,0.5,0.5,1.2,1.1,1.2,1.2,0,NO BET,7.43,0.0,0.0,0.0,1500.0,1500.0,65.0,1.432,0.995,0.265,NO DRAW SIGNAL,1-1,13.82,1-0,13.82,2-1,10.32,SCORE POISSON + FORME - confiance 68%,A recalculer via player_scorers,0.4362,0.5638,0.4793,0.5207,"[('1-1', 0.1382), ('1-0', 0.1382), ('2-1', 0.1032), ('2-0', 0.0984), ('0-1', 0.0976), ('1-2', 0.0722), ('0-0', 0.0679), ('0-2', 0.0508), ('2-2', 0.0376), ('3-1', 0.0368), ('3-0', 0.0244), ('1-3', 0.0205)]",0.0,0.0,0.0,0.0,98.73
03/10/2026 01:08,WATCHLIST,2026-10-11T13:30:00Z,soccer_germany_bundesliga,the-odds-api,football,1. FC Köln,Borussia Monchengladbach,Away Win,Borussia Monchengladbach,0.343823105377885,3.45,0.2899,0.1862,A EVITER,WATCHLIST,False,86.7,5 - WATCHLIST,OK,BOOST|GLOBAL_BOOST,+4.0% (64 obs),MEGA 70%/3% | SAFE 63%/1% | VALUE 58%/3%,WATCHLIST,cote trop haute,Value positive 18.6% | Proba IA 34.4% | Learning BOOST|GLOBAL_BOOST | Calibration +4.0% (64 obs) | Source the-odds-api,0.5,0.5,1.2,1.1,1.2,1.2,0,NO BET,7.43,0.0,0.0,0.0,1500.0,1500.0,65.0,1.632,0.859,0.2432,NO DRAW SIGNAL,1-0,14.86,1-1,13.16,2-0,11.64,SCORE POISSON + FORME - confiance 78%,A recalculer via player_scorers,0.4533,0.5467,0.463,0.537,"[('1-0', 0.1486), ('1-1', 0.1316), ('2-0', 0.1164), ('2-1', 0.1093), ('0-1', 0.0853), ('0-0', 0.0655), ('1-2', 0.0627), ('3-1', 0.0421), ('0-2', 0.0408), ('2-2', 0.0358), ('3-0', 0.0293), ('1-3', 0.0172)]",0.0,0.0,0.0,0.0,232.45
03/10/2026 01:08,WATCHLIST,2026-10-11T13:30:00Z,soccer_germany_bundesliga,the-odds-api,football,1. FC Köln,Borussia Monchengladbach,Draw,Draw,0.2987820857976175,4.1,0.2439,0.225,A EVITER,NUL POSSIBLE,True,71.7,3B - NUL POSSIBLE,MARCHE JUSTE,BOOST|GLOBAL_BOOST,+3.7% (114 obs),MEGA 70%/3% | SAFE 63%/1% | VALUE 58%/3%,WATCHLIST,cote trop haute,Value positive 22.5% | Proba IA 29.9% | MARCHE JUSTE | Learning BOOST|GLOBAL_BOOST | Calibration +3.7% (114 obs) | Source the-odds-api,0.5,0.5,1.2,1.1,1.2,1.2,0,NO BET,7.43,0.1346,0.0726,0.0,1500.0,1500.0,65.0,1.632,0.859,0.2432,NO DRAW SIGNAL,1-0,14.86,1-1,13.16,2-0,11.64,SCORE POISSON + FORME - confiance 78%,A recalculer via player_scorers,0.4533,0.5467,0.463,0.537,"[('1-0', 0.1486), ('1-1', 0.1316), ('2-0', 0.1164), ('2-1', 0.1093), ('0-1', 0.0853), ('0-0', 0.0655), ('1-2', 0.0627), ('3-1', 0.0421), ('0-2', 0.0408), ('2-2', 0.0358), ('3-0', 0.0293), ('1-3', 0.0172)]",0.0,0.0,0.0,0.0,223.78
03/10/2026 01:08,NO BET,2026-10-11T13:30:00Z,soccer_germany_bundesliga,the-odds-api,football,1. FC Köln,Borussia Monchengladbach,Home Win,1. FC Köln,0.4779645135680013,2.0,0.5,-0.0441,A EVITER,NO BET,False,70.86,5 - WATCHLIST,OK,BOOST|GLOBAL_BOOST,-6.0% (26 obs),MEGA 70%/3% | SAFE 63%/1% | VALUE 58%/3%,REFUSE,value negative,Value negative ou nulle | Proba IA 47.8% | Learning BOOST|GLOBAL_BOOST | Calibration -6.0% (26 obs) | Source the-odds-api,0.5,0.5,1.2,1.1,1.2,1.2,0,NO BET,7.43,0.0,0.0,0.0,1500.0,1500.0,65.0,1.632,0.859,0.2432,NO DRAW SIGNAL,1-0,14.86,1-1,13.16,2-0,11.64,SCORE POISSON + FORME - confiance 78%,A recalculer via player_scorers,0.4533,0.5467,0.463,0.537,"[('1-0', 0.1486), ('1-1', 0.1316), ('2-0', 0.1164), ('2-1', 0.1093), ('0-1', 0.0853), ('0-0', 0.0655), ('1-2', 0.0627), ('3-1', 0.0421), ('0-2', 0.0408), ('2-2', 0.0358), ('3-0', 0.0293), ('1-3', 0.0172)]",0.0,0.0,0.0,0.0,138.33
03/10/2026 01:08,WATCHLIST,2026-10-11T14:00:00Z,soccer_belgium_first_div,the-odds-api,football,Union Saint-Gilloise,Leuven,Draw,Draw,0.195353343420164,6.0,0.1667,0.1721,A EVITER,WATCHLIST,False,61.85,5 - WATCHLIST,DRAW RISQUE,BOOST|GLOBAL_BOOST,+4.0% (36 obs),MEGA 70%/3% | SAFE 63%/1% | VALUE 58%/3%,WATCHLIST,cote trop haute,Value positive 17.2% | Proba IA 19.5% | DRAW RISQUE | Learning BOOST|GLOBAL_BOOST | Calibration +4.0% (36 obs) | Source the-odds-api,0.5,0.5,1.2,1.1,1.2,1.2,0,NO BET,7.43,0.0,0.0,0.0,1500.0,1500.0,65.0,2.632,0.274,0.0755,NO DRAW SIGNAL,2-0,23.89,3-0,21.5,4-0,12.98,SCORE POISSON + FORME - confiance 78%,A recalculer via player_scorers,0.5965,0.4035,0.21,0.79,"[('2-0', 0.2389), ('3-0', 0.215), ('4-0', 0.1298), ('1-0', 0.1089), ('2-1', 0.0532), ('3-1', 0.0508), ('5-0', 0.0315), ('1-1', 0.031), ('0-0', 0.026), ('0-1', 0.019), ('4-1', 0.0176), ('6-0', 0.0138)]",0.0,0.0,0.0,0.0,179.22
03/10/2026 01:08,WATCHLIST,2026-10-11T14:00:00Z,soccer_belgium_first_div,the-odds-api,football,Union Saint-Gilloise,Leuven,Home Win,Union Saint-Gilloise,0.7832583774796242,1.28,0.7812,0.0026,Elite,FAVORI SOLIDE,True,81.04,2B - FAVORI SOLIDE,OK,BOOST|GLOBAL_BOOST,-6.0% (14 obs),MEGA 70%/3% | SAFE 63%/1% | VALUE 58%/3%,WATCHLIST,watchlist prudente,Value positive 0.3% | Proba IA 78.3% | Learning BOOST|GLOBAL_BOOST | Calibration -6.0% (14 obs) | Source the-odds-api,0.5,0.5,1.2,1.1,1.2,1.2,0,NO BET,7.43,0.2692,0.0092,0.0,1500.0,1500.0,65.0,2.632,0.274,0.0755,NO DRAW SIGNAL,2-0,23.89,3-0,21.5,4-0,12.98,SCORE POISSON + FORME - confiance 78%,A recalculer via player_scorers,0.5965,0.4035,0.21,0.79,"[('2-0', 0.2389), ('3-0', 0.215), ('4-0', 0.1298), ('1-0', 0.1089), ('2-1', 0.0532), ('3-1', 0.0508), ('5-0', 0.0315), ('1-1', 0.031), ('0-0', 0.026), ('0-1', 0.019), ('4-1', 0.0176), ('6-0', 0.0138)]",0.0,0.0,0.0,0.0,175.87
03/10/2026 01:08,NO BET,2026-10-11T14:00:00Z,soccer_belgium_first_div,the-odds-api,football,Union Saint-Gilloise,Leuven,Away Win,Leuven,0.08712466086524183,10.0,0.1,-0.1288,A EVITER,NO BET,False,30.01,6 - NO BET,COTE HAUTE,BOOST|GLOBAL_BOOST,-0.2% (13 obs),MEGA 70%/3% | SAFE 63%/1% | VALUE 58%/3%,REFUSE,cote trop haute,Value negative ou nulle | Proba IA 8.7% | COTE HAUTE | Learning BOOST|GLOBAL_BOOST | Calibration -0.2% (13 obs) | Source the-odds-api,0.5,0.5,1.2,1.1,1.2,1.2,0,NO BET,7.43,0.0,0.0,0.0,1500.0,1500.0,65.0,2.632,0.274,0.0755,NO DRAW SIGNAL,2-0,23.89,3-0,21.5,4-0,12.98,SCORE POISSON + FORME - confiance 78%,A recalculer via player_scorers,0.5965,0.4035,0.21,0.79,"[('2-0', 0.2389), ('3-0', 0.215), ('4-0', 0.1298), ('1-0', 0.1089), ('2-1', 0.0532), ('3-1', 0.0508), ('5-0', 0.0315), ('1-1', 0.031), ('0-0', 0.026), ('0-1', 0.019), ('4-1', 0.0176), ('6-0', 0.0138)]",0.0,0.0,0.0,0.0,50.51
03/10/2026 01:08,WATCHLIST,2026-10-11T14:15:00Z,soccer_spain_la_liga,the-odds-api,football,Real Sociedad,Deportivo La Coruña,Home Win,Real Sociedad,0.6332704215870317,1.76,0.5682,0.1146,Moyenne,SAFE PICK,True,95.62,2 - SAFE PICK,OK,BOOST|GLOBAL_BOOST,-0.7% (30 obs),MEGA 70%/3% | SAFE 63%/1% | VALUE 58%/3%,WATCHLIST,watchlist prudente,Value positive 11.5% | Proba IA 63.3% | Learning BOOST|GLOBAL_BOOST | Calibration -0.7% (30 obs) | Source the-odds-api,0.5,0.5,1.2,1.1,1.2,1.2,0,NO BET,7.43,0.2692,0.1507,0.0,1500.0,1500.0,65.0,1.856,0.672,0.1768,NO DRAW SIGNAL,2-0,17.18,1-0,17.16,2-1,11.23,SCORE POISSON + FORME - confiance 68%,A recalculer via player_scorers,0.4822,0.5178,0.3985,0.6015,"[('2-0', 0.1718), ('1-0', 0.1716), ('2-1', 0.1123), ('1-1', 0.1076), ('0-1', 0.0708), ('0-0', 0.0584), ('3-1', 0.0522), ('1-2', 0.0475), ('3-0', 0.0406), ('0-2', 0.0282), ('2-2', 0.0265), ('4-0', 0.0149)]",0.0,0.0,0.0,0.0,235.11
03/10/2026 01:08,WATCHLIST,2026-10-11T14:15:00Z,soccer_spain_la_liga,the-odds-api,football,Real Sociedad,Deportivo La Coruña,Draw,Draw,0.28261117014783727,4.0,0.25,0.1304,A EVITER,NUL POSSIBLE,True,70.72,3B - NUL POSSIBLE,DRAW RISQUE,BOOST|GLOBAL_BOOST,+3.7% (114 obs),MEGA 70%/3% | SAFE 63%/1% | VALUE 58%/3%,WATCHLIST,cote trop haute,Value positive 13.0% | Proba IA 28.3% | DRAW RISQUE | Learning BOOST|GLOBAL_BOOST | Calibration +3.7% (114 obs) | Source the-odds-api,0.5,0.5,1.2,1.1,1.2,1.2,0,NO BET,7.43,0.1346,0.0435,0.0,1500.0,1500.0,65.0,1.856,0.672,0.1768,NO DRAW SIGNAL,2-0,17.18,1-0,17.16,2-1,11.23,SCORE POISSON + FORME - confiance 68%,A recalculer via player_scorers,0.4822,0.5178,0.3985,0.6015,"[('2-0', 0.1718), ('1-0', 0.1716), ('2-1', 0.1123), ('1-1', 0.1076), ('0-1', 0.0708), ('0-0', 0.0584), ('3-1', 0.0522), ('1-2', 0.0475), ('3-0', 0.0406), ('0-2', 0.0282), ('2-2', 0.0265), ('4-0', 0.0149)]",0.0,0.0,0.0,0.0,180.54
03/10/2026 01:08,NO BET,2026-10-11T14:15:00Z,soccer_spain_la_liga,the-odds-api,football,Real Sociedad,Deportivo La Coruña,Away Win,Deportivo La Coruña,0.178696784785123,4.8,0.2083,-0.1423,A EVITER,NO BET,False,33.86,6 - NO BET,COTE HAUTE,BOOST|GLOBAL_BOOST,-3.0% (36 obs),MEGA 70%/3% | SAFE 63%/1% | VALUE 58%/3%,REFUSE,cote trop haute,Value negative ou nulle | Proba IA 17.9% | COTE HAUTE | Learning BOOST|GLOBAL_BOOST | Calibration -3.0% (36 obs) | Source the-odds-api,0.5,0.5,1.2,1.1,1.2,1.2,0,NO BET,7.43,0.0,0.0,0.0,1500.0,1500.0,65.0,1.856,0.672,0.1768,NO DRAW SIGNAL,2-0,17.18,1-0,17.16,2-1,11.23,SCORE POISSON + FORME - confiance 68%,A recalculer via player_scorers,0.4822,0.5178,0.3985,0.6015,"[('2-0', 0.1718), ('1-0', 0.1716), ('2-1', 0.1123), ('1-1', 0.1076), ('0-1', 0.0708), ('0-0', 0.0584), ('3-1', 0.0522), ('1-2', 0.0475), ('3-0', 0.0406), ('0-2', 0.0282), ('2-2', 0.0265), ('4-0', 0.0149)]",0.0,0.0,0.0,0.0,62.62
03/10/2026 01:08,WATCHLIST,2026-10-11T14:30:00Z,soccer_portugal_primeira_liga,the-odds-api,football,Rio Ave FC,Nacional,Home Win,Rio Ave FC,0.5152987080882993,2.25,0.4444,0.1594,Faible,WATCHLIST,False,100.0,5 - WATCHLIST,OK,BOOST|GLOBAL_BOOST,+3.9% (57 obs),MEGA 70%/3% | SAFE 63%/1% | VALUE 58%/3%,WATCHLIST,proba trop basse,Value positive 15.9% | Proba IA 51.5% | Learning BOOST|GLOBAL_BOOST | Calibration +3.9% (57 obs) | Source the-odds-api,0.5,0.5,1.2,1.0,1.2,0.88,1,NO BET,7.43,0.0,0.0,0.0,1500.0,1422.4,142.6,1.23,0.85,0.3057,NO DRAW SIGNAL,1-0,15.95,1-1,14.29,0-0,12.11,SCORE POISSON + FORME - confiance 84%,A recalculer via player_scorers,0.3049,0.6951,0.3825,0.6175,"[('1-0', 0.1595), ('1-1', 0.1429), ('0-0', 0.1211), ('0-1', 0.1119), ('2-0', 0.1012), ('2-1', 0.0838), ('1-2', 0.0585), ('0-2', 0.0517), ('2-2', 0.022), ('3-1', 0.0219), ('3-0', 0.0215), ('1-3', 0.0133)]",0.0,0.0,0.0,0.0,252.62
03/10/2026 01:08,WATCHLIST,2026-10-11T14:30:00Z,soccer_portugal_primeira_liga,the-odds-api,football,Rio Ave FC,Nacional,Away Win,Nacional,0.3557970443711447,3.2,0.3125,0.1386,A EVITER,WATCHLIST,False,88.88,5 - WATCHLIST,OK,BOOST|GLOBAL_BOOST,+4.0% (64 obs),MEGA 70%/3% | SAFE 63%/1% | VALUE 58%/3%,WATCHLIST,cote trop haute,Value positive 13.9% | Proba IA 35.6% | Learning BOOST|GLOBAL_BOOST | Calibration +4.0% (64 obs) | Source the-odds-api,0.5,0.5,1.2,1.0,1.2,0.88,1,NO BET,7.43,0.0,0.0,0.0,1500.0,1422.4,142.6,1.23,0.85,0.3057,NO DRAW SIGNAL,1-0,15.95,1-1,14.29,0-0,12.11,SCORE POISSON + FORME - confiance 84%,A recalculer via player_scorers,0.3049,0.6951,0.3825,0.6175,"[('1-0', 0.1595), ('1-1', 0.1429), ('0-0', 0.1211), ('0-1', 0.1119), ('2-0', 0.1012), ('2-1', 0.0838), ('1-2', 0.0585), ('0-2', 0.0517), ('2-2', 0.022), ('3-1', 0.0219), ('3-0', 0.0215), ('1-3', 0.0133)]",0.0,0.0,0.0,0.0,216.02
03/10/2026 01:08,WATCHLIST,2026-10-11T14:30:00Z,soccer_portugal_primeira_liga,the-odds-api,football,Rio Ave FC,Nacional,Draw,Draw,0.330364209650544,3.3,0.303,0.0902,A EVITER,NUL POSSIBLE,True,78.25,3B - NUL POSSIBLE,MARCHE JUSTE,BOOST|GLOBAL_BOOST,+1.2% (179 obs),MEGA 70%/3% | SAFE 63%/1% | VALUE 58%/3%,WATCHLIST,cote trop haute,Value positive 9.0% | Proba IA 33.0% | MARCHE JUSTE | Learning BOOST|GLOBAL_BOOST | Calibration +1.2% (179 obs) | Source the-odds-api,0.5,0.5,1.2,1.0,1.2,0.88,1,NO BET,7.43,0.1346,0.0392,0.0,1500.0,1422.4,142.6,1.23,0.85,0.3057,DRAW POSSIBLE - tight 22%,1-0,15.95,1-1,14.29,0-0,12.11,SCORE POISSON + FORME - confiance 84%,A recalculer via player_scorers,0.3049,0.6951,0.3825,0.6175,"[('1-0', 0.1595), ('1-1', 0.1429), ('0-0', 0.1211), ('0-1', 0.1119), ('2-0', 0.1012), ('2-1', 0.0838), ('1-2', 0.0585), ('0-2', 0.0517), ('2-2', 0.022), ('3-1', 0.0219), ('3-0', 0.0215), ('1-3', 0.0133)]",0.0,0.0,0.0,0.0,177.72
03/10/2026 01:08,WATCHLIST,2026-10-11T14:45:00Z,soccer_netherlands_eredivisie,the-odds-api,football,Excelsior,Groningen,Draw,Draw,0.3301471503800772,3.6,0.2778,0.1885,A EVITER,NUL POSSIBLE,True,86.55,3B - NUL POSSIBLE,NUL SERRE,BOOST|GLOBAL_BOOST,+1.2% (179 obs),MEGA 70%/3% | SAFE 63%/1% | VALUE 58%/3%,WATCHLIST,cote trop haute,Value positive 18.9% | Proba IA 33.0% | NUL SERRE | Learning BOOST|GLOBAL_BOOST | Calibration +1.2% (179 obs) | Source the-odds-api,0.5,0.58,2.0,1.62,1.5,1.12,1,NO BET,7.43,0.1346,0.0725,0.0,1477.0,1495.9,46.1,1.39,1.29,0.2733,DRAW POSSIBLE - tight 75%,1-1,14.62,1-0,11.15,2-1,9.87,SCORE POISSON + FORME - confiance 84%,A recalculer via player_scorers,0.4937,0.5063,0.5469,0.4531,"[('1-1', 0.1462), ('1-0', 0.1115), ('2-1', 0.0987), ('0-1', 0.0974), ('1-2', 0.0855), ('2-0', 0.0799), ('0-2', 0.0623), ('0-0', 0.0609), ('2-2', 0.045), ('3-1', 0.0354), ('1-3', 0.028), ('3-0', 0.0212)]",0.0,0.0,0.0,0.0,232.27
03/10/2026 01:08,NO BET,2026-10-11T14:45:00Z,soccer_netherlands_eredivisie,the-odds-api,football,Excelsior,Groningen,Away Win,Groningen,0.34439329294899257,2.7,0.3704,-0.0701,A EVITER,NO BET,False,64.4,5 - WATCHLIST,MARCHE JUSTE,BOOST|GLOBAL_BOOST,-4.1% (61 obs),MEGA 70%/3% | SAFE 63%/1% | VALUE 58%/3%,REFUSE,value negative,Value negative ou nulle | Proba IA 34.4% | MARCHE JUSTE | Learning BOOST|GLOBAL_BOOST | Calibration -4.1% (61 obs) | Source the-odds-api,0.5,0.58,2.0,1.62,1.5,1.12,1,NO BET,7.43,0.0,0.0,0.0,1477.0,1495.9,46.1,1.39,1.29,0.2733,NO DRAW SIGNAL,1-1,14.62,1-0,11.15,2-1,9.87,SCORE POISSON + FORME - confiance 84%,A recalculer via player_scorers,0.4937,0.5063,0.5469,0.4531,"[('1-1', 0.1462), ('1-0', 0.1115), ('2-1', 0.0987), ('0-1', 0.0974), ('1-2', 0.0855), ('2-0', 0.0799), ('0-2', 0.0623), ('0-0', 0.0609), ('2-2', 0.045), ('3-1', 0.0354), ('1-3', 0.028), ('3-0', 0.0212)]",0.0,0.0,0.0,0.0,119.42
03/10/2026 01:08,NO BET,2026-10-11T14:45:00Z,soccer_netherlands_eredivisie,the-odds-api,football,Excelsior,Groningen,Home Win,Excelsior,0.331123917097178,2.55,0.3922,-0.1556,A EVITER,NO BET,False,60.41,5 - WATCHLIST,MARCHE JUSTE,BOOST|GLOBAL_BOOST,-6.0% (36 obs),MEGA 70%/3% | SAFE 63%/1% | VALUE 58%/3%,REFUSE,value negative,Value negative ou nulle | Proba IA 33.1% | MARCHE JUSTE | Learning BOOST|GLOBAL_BOOST | Calibration -6.0% (36 obs) | Source the-odds-api,0.5,0.58,2.0,1.62,1.5,1.12,1,NO BET,7.43,0.0,0.0,0.0,1477.0,1495.9,46.1,1.39,1.29,0.2733,NO DRAW SIGNAL,1-1,14.62,1-0,11.15,2-1,9.87,SCORE POISSON + FORME - confiance 84%,A recalculer via player_scorers,0.4937,0.5063,0.5469,0.4531,"[('1-1', 0.1462), ('1-0', 0.1115), ('2-1', 0.0987), ('0-1', 0.0974), ('1-2', 0.0855), ('2-0', 0.0799), ('0-2', 0.0623), ('0-0', 0.0609), ('2-2', 0.045), ('3-1', 0.0354), ('1-3', 0.028), ('3-0', 0.0212)]",0.0,0.0,0.0,0.0,112.59
03/10/2026 01:08,WATCHLIST,2026-10-11T15:15:00Z,soccer_france_ligue_one,the-odds-api,football,Rennes,Auxerre,Draw,Draw,0.2726264437063622,5.1,0.1961,0.3904,A EVITER,WATCHLIST,False,77.75,5 - WATCHLIST,COTE HAUTE,BOOST|GLOBAL_BOOST,+3.7% (114 obs),MEGA 70%/3% | SAFE 63%/1% | VALUE 58%/3%,WATCHLIST,cote trop haute,Value positive 39.0% | Proba IA 27.3% | COTE HAUTE | Learning BOOST|GLOBAL_BOOST | Calibration +3.7% (114 obs) | Source the-odds-api,0.67,0.62,2.0,1.88,1.62,1.0,1,NO BET,7.43,0.0,0.0,0.0,1553.1,1471.0,147.1,1.46,1.3,0.2652,NO DRAW SIGNAL,1-1,14.36,1-0,11.05,2-1,10.19,SCORE POISSON + FORME - confiance 84%,A recalculer via player_scorers,0.5144,0.4856,0.5606,0.4394,"[('1-1', 0.1436), ('1-0', 0.1105), ('2-1', 0.1019), ('0-1', 0.0936), ('1-2', 0.0856), ('2-0', 0.0816), ('0-2', 0.06), ('0-0', 0.0576), ('2-2', 0.0462), ('3-1', 0.0374), ('1-3', 0.0281), ('3-0', 0.0219)]",0.0,0.0,0.0,0.0,302.02
03/10/2026 01:08,WATCHLIST,2026-10-11T15:15:00Z,soccer_france_ligue_one,the-odds-api,football,Rennes,Auxerre,Away Win,Auxerre,0.17117030884650264,7.0,0.1429,0.1982,A EVITER,WATCHLIST,False,74.98,5 - WATCHLIST,VALUE CLAIRE,BOOST|GLOBAL_BOOST,-3.0% (36 obs),MEGA 70%/3% | SAFE 63%/1% | VALUE 58%/3%,WATCHLIST,cote trop haute,Value positive 19.8% | Proba IA 17.1% | VALUE CLAIRE | Learning BOOST|GLOBAL_BOOST | Calibration -3.0% (36 obs) | Source the-odds-api,0.67,0.62,2.0,1.88,1.62,1.0,1,NO BET,7.43,0.0,0.0,0.0,1553.1,1471.0,147.1,1.46,1.3,0.2652,NO DRAW SIGNAL,1-1,14.36,1-0,11.05,2-1,10.19,SCORE POISSON + FORME - confiance 84%,A recalculer via player_scorers,0.5144,0.4856,0.5606,0.4394,"[('1-1', 0.1436), ('1-0', 0.1105), ('2-1', 0.1019), ('0-1', 0.0936), ('1-2', 0.0856), ('2-0', 0.0816), ('0-2', 0.06), ('0-0', 0.0576), ('2-2', 0.0462), ('3-1', 0.0374), ('1-3', 0.0281), ('3-0', 0.0219)]",0.0,0.0,0.0,0.0,208.17
03/10/2026 01:08,WATCHLIST,2026-10-11T15:15:00Z,soccer_france_ligue_one,the-odds-api,football,Rennes,Auxerre,Home Win,Rennes,0.6259989360263922,1.46,0.6849,-0.086,Moyenne,WATCHLIST,False,79.4,5 - WATCHLIST,OK,BOOST|GLOBAL_BOOST,-2.9% (29 obs),MEGA 70%/3% | SAFE 63%/1% | VALUE 58%/3%,WATCHLIST,value negative,Value negative ou nulle | Proba IA 62.6% | Learning BOOST|GLOBAL_BOOST | Calibration -2.9% (29 obs) | Source the-odds-api,0.67,0.62,2.0,1.88,1.62,1.0,1,NO BET,7.43,0.0,0.0,0.0,1553.1,1471.0,147.1,1.46,1.3,0.2652,NO DRAW SIGNAL,1-1,14.36,1-0,11.05,2-1,10.19,SCORE POISSON + FORME - confiance 84%,A recalculer via player_scorers,0.5144,0.4856,0.5606,0.4394,"[('1-1', 0.1436), ('1-0', 0.1105), ('2-1', 0.1019), ('0-1', 0.0936), ('1-2', 0.0856), ('2-0', 0.0816), ('0-2', 0.06), ('0-0', 0.0576), ('2-2', 0.0462), ('3-1', 0.0374), ('1-3', 0.0281), ('3-0', 0.0219)]",0.0,0.0,0.0,0.0,161.33
03/10/2026 01:08,WATCHLIST,2026-10-11T15:15:00Z,soccer_italy_serie_b,the-odds-api,football,Padova,Carrarese,Away Win,Carrarese,0.31417335168028965,3.8,0.2632,0.1939,A EVITER,WATCHLIST,False,83.34,5 - WATCHLIST,MARCHE JUSTE,BOOST|GLOBAL_BOOST,+4.0% (49 obs),MEGA 70%/3% | SAFE 63%/1% | VALUE 58%/3%,WATCHLIST,cote trop haute,Value positive 19.4% | Proba IA 31.4% | MARCHE JUSTE | Learning BOOST|GLOBAL_BOOST | Calibration +4.0% (49 obs) | Source the-odds-api,0.5,0.5,1.2,1.1,1.2,1.2,0,NO BET,7.43,0.0,0.0,0.0,1500.0,1500.0,65.0,1.665,0.806,0.2125,NO DRAW SIGNAL,1-0,16.68,2-0,13.31,1-1,12.09,SCORE POISSON + FORME - confiance 78%,A recalculer via player_scorers,0.4572,0.5428,0.441,0.559,"[('1-0', 0.1668), ('2-0', 0.1331), ('1-1', 0.1209), ('2-1', 0.1162), ('0-1', 0.0866), ('0-0', 0.062), ('1-2', 0.0607), ('3-1', 0.0439), ('0-2', 0.0378), ('2-2', 0.0308), ('3-0', 0.0302), ('1-3', 0.0146)]",0.0,0.0,0.0,0.0,228.69
03/10/2026 01:08,NO BET,2026-10-11T15:15:00Z,soccer_italy_serie_b,the-odds-api,football,Padova,Carrarese,Home Win,Padova,0.49120512906647906,1.95,0.5128,-0.0421,A EVITER,NO BET,False,71.63,5 - WATCHLIST,OK,BOOST|GLOBAL_BOOST,-6.0% (26 obs),MEGA 70%/3% | SAFE 63%/1% | VALUE 58%/3%,REFUSE,value negative,Value negative ou nulle | Proba IA 49.1% | Learning BOOST|GLOBAL_BOOST | Calibration -6.0% (26 obs) | Source the-odds-api,0.5,0.5,1.2,1.1,1.2,1.2,0,NO BET,7.43,0.0,0.0,0.0,1500.0,1500.0,65.0,1.665,0.806,0.2125,NO DRAW SIGNAL,1-0,16.68,2-0,13.31,1-1,12.09,SCORE POISSON + FORME - confiance 78%,A recalculer via player_scorers,0.4572,0.5428,0.441,0.559,"[('1-0', 0.1668), ('2-0', 0.1331), ('1-1', 0.1209), ('2-1', 0.1162), ('0-1', 0.0866), ('0-0', 0.062), ('1-2', 0.0607), ('3-1', 0.0439), ('0-2', 0.0378), ('2-2', 0.0308), ('3-0', 0.0302), ('1-3', 0.0146)]",0.0,0.0,0.0,0.0,140.4
03/10/2026 01:08,WATCHLIST,2026-10-11T15:15:00Z,soccer_italy_serie_b,the-odds-api,football,Padova,Carrarese,Draw,Draw,0.2868438259219408,3.5,0.2857,0.004,A EVITER,NUL POSSIBLE,True,59.35,3B - NUL POSSIBLE,DRAW RISQUE,BOOST|GLOBAL_BOOST,+1.2% (179 obs),MEGA 70%/3% | SAFE 63%/1% | VALUE 58%/3%,WATCHLIST,cote trop haute,Value positive 0.4% | Proba IA 28.7% | DRAW RISQUE | Learning BOOST|GLOBAL_BOOST | Calibration +1.2% (179 obs) | Source the-odds-api,0.5,0.5,1.2,1.1,1.2,1.2,0,NO BET,7.43,0.1346,0.0016,0.0,1500.0,1500.0,65.0,1.665,0.806,0.2125,NO DRAW SIGNAL,1-0,16.68,2-0,13.31,1-1,12.09,SCORE POISSON + FORME - confiance 78%,A recalculer via player_scorers,0.4572,0.5428,0.441,0.559,"[('1-0', 0.1668), ('2-0', 0.1331), ('1-1', 0.1209), ('2-1', 0.1162), ('0-1', 0.0866), ('0-0', 0.062), ('1-2', 0.0607), ('3-1', 0.0439), ('0-2', 0.0378), ('2-2', 0.0308), ('3-0', 0.0302), ('1-3', 0.0146)]",0.0,0.0,0.0,0.0,109.62
03/10/2026 01:08,WATCHLIST,2026-10-11T15:30:00Z,soccer_epl,the-odds-api,football,Liverpool,Manchester City,Draw,Draw,0.293030015130246,3.85,0.2597,0.1282,A EVITER,NUL POSSIBLE,True,78.05,3B - NUL POSSIBLE,MARCHE JUSTE,BOOST|GLOBAL_BOOST,+1.2% (179 obs),MEGA 70%/3% | SAFE 63%/1% | VALUE 58%/3%,WATCHLIST,cote trop haute,Value positive 12.8% | Proba IA 29.3% | MARCHE JUSTE | Learning BOOST|GLOBAL_BOOST | Calibration +1.2% (179 obs) | Source the-odds-api,0.46,0.5,1.75,1.1,1.62,1.2,1,NO BET,7.43,0.1346,0.045,0.0,1586.0,1500.0,151.0,1.51,1.08,0.2561,NO DRAW SIGNAL,1-1,13.75,1-0,12.91,2-1,10.66,SCORE POISSON + FORME - confiance 84%,A recalculer via player_scorers,0.4777,0.5223,0.5141,0.4859,"[('1-1', 0.1375), ('1-0', 0.1291), ('2-1', 0.1066), ('2-0', 0.0958), ('0-1', 0.0932), ('1-2', 0.0761), ('0-0', 0.0614), ('0-2', 0.0515), ('2-2', 0.0409), ('3-1', 0.0392), ('3-0', 0.0246), ('1-3', 0.0224)]",0.0,0.0,0.0,0.0,191.14
03/10/2026 01:08,NO BET,2026-10-11T15:30:00Z,soccer_epl,the-odds-api,football,Liverpool,Manchester City,Home Win,Liverpool,0.3686751708879428,2.7,0.3704,-0.0046,A EVITER,NO BET,False,72.96,5 - WATCHLIST,OK,BOOST|GLOBAL_BOOST,-6.0% (36 obs),MEGA 70%/3% | SAFE 63%/1% | VALUE 58%/3%,REFUSE,value negative,Value negative ou nulle | Proba IA 36.9% | Learning BOOST|GLOBAL_BOOST | Calibration -6.0% (36 obs) | Source the-odds-api,0.46,0.5,1.75,1.1,1.62,1.2,1,NO BET,7.43,0.0,0.0,0.0,1586.0,1500.0,151.0,1.51,1.08,0.2561,NO DRAW SIGNAL,1-1,13.75,1-0,12.91,2-1,10.66,SCORE POISSON + FORME - confiance 84%,A recalculer via player_scorers,0.4777,0.5223,0.5141,0.4859,"[('1-1', 0.1375), ('1-0', 0.1291), ('2-1', 0.1066), ('2-0', 0.0958), ('0-1', 0.0932), ('1-2', 0.0761), ('0-0', 0.0614), ('0-2', 0.0515), ('2-2', 0.0409), ('3-1', 0.0392), ('3-0', 0.0246), ('1-3', 0.0224)]",0.0,0.0,0.0,0.0,133.79
03/10/2026 01:08,NO BET,2026-10-11T15:30:00Z,soccer_epl,the-odds-api,football,Liverpool,Manchester City,Away Win,Manchester City,0.3439371428921065,2.66,0.3759,-0.0851,A EVITER,NO BET,False,62.66,5 - WATCHLIST,OK,BOOST|GLOBAL_BOOST,-4.1% (61 obs),MEGA 70%/3% | SAFE 63%/1% | VALUE 58%/3%,REFUSE,value negative,Value negative ou nulle | Proba IA 34.4% | Learning BOOST|GLOBAL_BOOST | Calibration -4.1% (61 obs) | Source the-odds-api,0.46,0.5,1.75,1.1,1.62,1.2,1,NO BET,7.43,0.0,0.0,0.0,1586.0,1500.0,151.0,1.51,1.08,0.2561,NO DRAW SIGNAL,1-1,13.75,1-0,12.91,2-1,10.66,SCORE POISSON + FORME - confiance 84%,A recalculer via player_scorers,0.4777,0.5223,0.5141,0.4859,"[('1-1', 0.1375), ('1-0', 0.1291), ('2-1', 0.1066), ('2-0', 0.0958), ('0-1', 0.0932), ('1-2', 0.0761), ('0-0', 0.0614), ('0-2', 0.0515), ('2-2', 0.0409), ('3-1', 0.0392), ('3-0', 0.0246), ('1-3', 0.0224)]",0.0,0.0,0.0,0.0,116.81
03/10/2026 01:08,WATCHLIST,2026-10-11T15:30:00Z,soccer_germany_bundesliga,the-odds-api,football,SC Freiburg,FC Schalke 04,Home Win,SC Freiburg,0.6383713144430025,1.66,0.6024,0.0597,Moyenne,SAFE PICK,True,89.53,2 - SAFE PICK,OK,BOOST|GLOBAL_BOOST,-2.9% (29 obs),MEGA 70%/3% | SAFE 63%/1% | VALUE 58%/3%,WATCHLIST,watchlist prudente,Value positive 6.0% | Proba IA 63.8% | Learning BOOST|GLOBAL_BOOST | Calibration -2.9% (29 obs) | Source the-odds-api,0.5,0.5,1.2,1.1,1.2,1.2,0,NO BET,7.43,0.2692,0.0904,0.0,1500.0,1500.0,65.0,1.928,0.626,0.1669,NO DRAW SIGNAL,2-0,18.13,1-0,17.48,2-1,11.13,SCORE POISSON + FORME - confiance 73%,A recalculer via player_scorers,0.4893,0.5107,0.3834,0.6166,"[('2-0', 0.1813), ('1-0', 0.1748), ('2-1', 0.1113), ('1-1', 0.1036), ('0-1', 0.0663), ('0-0', 0.0577), ('3-1', 0.0534), ('3-0', 0.0439), ('1-2', 0.0437), ('0-2', 0.0257), ('2-2', 0.0251), ('4-0', 0.0165)]",0.0,0.0,0.0,0.0,202.86
03/10/2026 01:08,WATCHLIST,2026-10-11T15:30:00Z,soccer_germany_bundesliga,the-odds-api,football,SC Freiburg,FC Schalke 04,Draw,Draw,0.2688279064731924,4.2,0.2381,0.1291,A EVITER,WATCHLIST,False,59.98,5 - WATCHLIST,DRAW RISQUE,BOOST|GLOBAL_BOOST,+3.7% (114 obs),MEGA 70%/3% | SAFE 63%/1% | VALUE 58%/3%,WATCHLIST,cote trop haute,Value positive 12.9% | Proba IA 26.9% | DRAW RISQUE | Learning BOOST|GLOBAL_BOOST | Calibration +3.7% (114 obs) | Source the-odds-api,0.5,0.5,1.2,1.1,1.2,1.2,0,NO BET,7.43,0.0,0.0,0.0,1500.0,1500.0,65.0,1.928,0.626,0.1669,NO DRAW SIGNAL,2-0,18.13,1-0,17.48,2-1,11.13,SCORE POISSON + FORME - confiance 73%,A recalculer via player_scorers,0.4893,0.5107,0.3834,0.6166,"[('2-0', 0.1813), ('1-0', 0.1748), ('2-1', 0.1113), ('1-1', 0.1036), ('0-1', 0.0663), ('0-0', 0.0577), ('3-1', 0.0534), ('3-0', 0.0439), ('1-2', 0.0437), ('0-2', 0.0257), ('2-2', 0.0251), ('4-0', 0.0165)]",0.0,0.0,0.0,0.0,163.09
03/10/2026 01:08,NO BET,2026-10-11T15:30:00Z,soccer_germany_bundesliga,the-odds-api,football,SC Freiburg,FC Schalke 04,Away Win,FC Schalke 04,0.16216134522300246,5.1,0.1961,-0.173,A EVITER,NO BET,False,33.16,6 - NO BET,COTE HAUTE,BOOST|GLOBAL_BOOST,-3.0% (36 obs),MEGA 70%/3% | SAFE 63%/1% | VALUE 58%/3%,REFUSE,cote trop haute,Value negative ou nulle | Proba IA 16.2% | COTE HAUTE | Learning BOOST|GLOBAL_BOOST | Calibration -3.0% (36 obs) | Source the-odds-api,0.5,0.5,1.2,1.1,1.2,1.2,0,NO BET,7.43,0.0,0.0,0.0,1500.0,1500.0,65.0,1.928,0.626,0.1669,NO DRAW SIGNAL,2-0,18.13,1-0,17.48,2-1,11.13,SCORE POISSON + FORME - confiance 73%,A recalculer via player_scorers,0.4893,0.5107,0.3834,0.6166,"[('2-0', 0.1813), ('1-0', 0.1748), ('2-1', 0.1113), ('1-1', 0.1036), ('0-1', 0.0663), ('0-0', 0.0577), ('3-1', 0.0534), ('3-0', 0.0439), ('1-2', 0.0437), ('0-2', 0.0257), ('2-2', 0.0251), ('4-0', 0.0165)]",0.0,0.0,0.0,0.0,60.43
03/10/2026 01:08,WATCHLIST,2026-10-11T16:00:00Z,soccer_italy_serie_a,the-odds-api,football,Sassuolo,AC Milan,Home Win,Sassuolo,0.30974357895619337,4.33,0.2309,0.3412,A EVITER,WATCHLIST,False,82.66,5 - WATCHLIST,VALUE CLAIRE,BOOST|GLOBAL_BOOST,+1.2% (35 obs),MEGA 70%/3% | SAFE 63%/1% | VALUE 58%/3%,WATCHLIST,cote trop haute,Value positive 34.1% | Proba IA 31.0% | VALUE CLAIRE | Learning BOOST|GLOBAL_BOOST | Calibration +1.2% (35 obs) | Source the-odds-api,0.42,0.5,1.25,1.1,1.25,1.2,0.95,NO BET,7.43,0.0,0.0,0.0,1489.5,1500.0,54.5,1.277,1.062,0.2886,NO DRAW SIGNAL,1-1,14.57,1-0,13.15,0-1,10.64,SCORE POISSON + FORME - confiance 84%,A recalculer via player_scorers,0.409,0.591,0.4737,0.5263,"[('1-1', 0.1457), ('1-0', 0.1315), ('0-1', 0.1064), ('2-1', 0.0951), ('2-0', 0.0876), ('1-2', 0.0757), ('0-0', 0.0742), ('0-2', 0.0584), ('2-2', 0.0375), ('3-1', 0.0324), ('1-3', 0.0223), ('3-0', 0.0216)]",0.0,0.0,0.0,0.0,290.73
03/10/2026 01:08,WATCHLIST,2026-10-11T16:00:00Z,soccer_italy_serie_a,the-odds-api,football,Sassuolo,AC Milan,Draw,Draw,0.2996503228794849,3.85,0.2597,0.1537,A EVITER,NUL POSSIBLE,True,80.61,3B - NUL POSSIBLE,MARCHE JUSTE,BOOST|GLOBAL_BOOST,+1.2% (179 obs),MEGA 70%/3% | SAFE 63%/1% | VALUE 58%/3%,WATCHLIST,cote trop haute,Value positive 15.4% | Proba IA 30.0% | MARCHE JUSTE | Learning BOOST|GLOBAL_BOOST | Calibration +1.2% (179 obs) | Source the-odds-api,0.42,0.5,1.25,1.1,1.25,1.2,0.95,NO BET,7.43,0.1346,0.0539,0.0,1489.5,1500.0,54.5,1.277,1.062,0.2886,DRAW POSSIBLE - tight 30%,1-1,14.57,1-0,13.15,0-1,10.64,SCORE POISSON + FORME - confiance 84%,A recalculer via player_scorers,0.409,0.591,0.4737,0.5263,"[('1-1', 0.1457), ('1-0', 0.1315), ('0-1', 0.1064), ('2-1', 0.0951), ('2-0', 0.0876), ('1-2', 0.0757), ('0-0', 0.0742), ('0-2', 0.0584), ('2-2', 0.0375), ('3-1', 0.0324), ('1-3', 0.0223), ('3-0', 0.0216)]",0.0,0.0,0.0,0.0,206.35
03/10/2026 01:08,NO BET,2026-10-11T16:00:00Z,soccer_italy_serie_a,the-odds-api,football,Sassuolo,AC Milan,Away Win,AC Milan,0.459457144798507,1.86,0.5376,-0.1454,A EVITER,NO BET,False,70.15,5 - WATCHLIST,OK,BOOST|GLOBAL_BOOST,-6.0% (28 obs),MEGA 70%/3% | SAFE 63%/1% | VALUE 58%/3%,REFUSE,value negative,Value negative ou nulle | Proba IA 45.9% | Learning BOOST|GLOBAL_BOOST | Calibration -6.0% (28 obs) | Source the-odds-api,0.42,0.5,1.25,1.1,1.25,1.2,0.95,NO BET,7.43,0.0,0.0,0.0,1489.5,1500.0,54.5,1.277,1.062,0.2886,NO DRAW SIGNAL,1-1,14.57,1-0,13.15,0-1,10.64,SCORE POISSON + FORME - confiance 84%,A recalculer via player_scorers,0.409,0.591,0.4737,0.5263,"[('1-1', 0.1457), ('1-0', 0.1315), ('0-1', 0.1064), ('2-1', 0.0951), ('2-0', 0.0876), ('1-2', 0.0757), ('0-0', 0.0742), ('0-2', 0.0584), ('2-2', 0.0375), ('3-1', 0.0324), ('1-3', 0.0223), ('3-0', 0.0216)]",0.0,0.0,0.0,0.0,135.98
03/10/2026 01:08,WATCHLIST,2026-10-11T16:30:00Z,soccer_belgium_first_div,the-odds-api,football,Westerlo,Royal Antwerp,Draw,Draw,0.2975882598100498,3.8,0.2632,0.1308,A EVITER,NUL POSSIBLE,True,78.54,3B - NUL POSSIBLE,MARCHE JUSTE,BOOST|GLOBAL_BOOST,+1.2% (179 obs),MEGA 70%/3% | SAFE 63%/1% | VALUE 58%/3%,WATCHLIST,cote trop haute,Value positive 13.1% | Proba IA 29.8% | MARCHE JUSTE | Learning BOOST|GLOBAL_BOOST | Calibration +1.2% (179 obs) | Source the-odds-api,0.29,0.5,1.25,1.1,2.0,1.2,1,NO BET,7.43,0.1346,0.0467,0.0,1488.1,1500.0,53.1,1.21,1.3,0.2846,NO DRAW SIGNAL,1-1,14.82,1-0,11.21,0-1,10.96,SCORE POISSON + FORME - confiance 84%,A recalculer via player_scorers,0.4509,0.5491,0.5135,0.4865,"[('1-1', 0.1482), ('1-0', 0.1121), ('0-1', 0.1096), ('2-1', 0.0905), ('1-2', 0.087), ('2-0', 0.0733), ('0-2', 0.0706), ('0-0', 0.0677), ('2-2', 0.0416), ('3-1', 0.0304), ('1-3', 0.0286), ('3-0', 0.0192)]",0.0,0.0,0.0,0.0,193.33
03/10/2026 01:08,WATCHLIST,2026-10-11T16:30:00Z,soccer_belgium_first_div,the-odds-api,football,Westerlo,Royal Antwerp,Away Win,Royal Antwerp,0.3408581300081255,3.05,0.3279,0.0396,A EVITER,WATCHLIST,False,76.87,5 - WATCHLIST,OK,BOOST|GLOBAL_BOOST,-4.1% (61 obs),MEGA 70%/3% | SAFE 63%/1% | VALUE 58%/3%,WATCHLIST,cote trop haute,Value positive 4.0% | Proba IA 34.1% | Learning BOOST|GLOBAL_BOOST | Calibration -4.1% (61 obs) | Source the-odds-api,0.29,0.5,1.25,1.1,2.0,1.2,1,NO BET,7.43,0.0,0.0,0.0,1488.1,1500.0,53.1,1.21,1.3,0.2846,NO DRAW SIGNAL,1-1,14.82,1-0,11.21,0-1,10.96,SCORE POISSON + FORME - confiance 84%,A recalculer via player_scorers,0.4509,0.5491,0.5135,0.4865,"[('1-1', 0.1482), ('1-0', 0.1121), ('0-1', 0.1096), ('2-1', 0.0905), ('1-2', 0.087), ('2-0', 0.0733), ('0-2', 0.0706), ('0-0', 0.0677), ('2-2', 0.0416), ('3-1', 0.0304), ('1-3', 0.0286), ('3-0', 0.0192)]",0.0,0.0,0.0,0.0,154.66
03/10/2026 01:08,NO BET,2026-10-11T16:30:00Z,soccer_belgium_first_div,the-odds-api,football,Westerlo,Royal Antwerp,Home Win,Westerlo,0.3670472263594415,2.2,0.4545,-0.1925,A EVITER,NO BET,False,66.92,5 - WATCHLIST,OK,BOOST|GLOBAL_BOOST,-6.0% (36 obs),MEGA 70%/3% | SAFE 63%/1% | VALUE 58%/3%,REFUSE,value negative,Value negative ou nulle | Proba IA 36.7% | Learning BOOST|GLOBAL_BOOST | Calibration -6.0% (36 obs) | Source the-odds-api,0.29,0.5,1.25,1.1,2.0,1.2,1,NO BET,7.43,0.0,0.0,0.0,1488.1,1500.0,53.1,1.21,1.3,0.2846,NO DRAW SIGNAL,1-1,14.82,1-0,11.21,0-1,10.96,SCORE POISSON + FORME - confiance 84%,A recalculer via player_scorers,0.4509,0.5491,0.5135,0.4865,"[('1-1', 0.1482), ('1-0', 0.1121), ('0-1', 0.1096), ('2-1', 0.0905), ('1-2', 0.087), ('2-0', 0.0733), ('0-2', 0.0706), ('0-0', 0.0677), ('2-2', 0.0416), ('3-1', 0.0304), ('1-3', 0.0286), ('3-0', 0.0192)]",0.0,0.0,0.0,0.0,124.73
03/10/2026 01:08,WATCHLIST,2026-10-11T16:30:00Z,soccer_spain_la_liga,the-odds-api,football,Real Betis,CA Osasuna,Home Win,Real Betis,0.6346813068450662,1.7,0.5882,0.079,Moyenne,SAFE PICK,True,91.59,2 - SAFE PICK,OK,BOOST|GLOBAL_BOOST,-2.9% (29 obs),MEGA 70%/3% | SAFE 63%/1% | VALUE 58%/3%,WATCHLIST,watchlist prudente,Value positive 7.9% | Proba IA 63.5% | Learning BOOST|GLOBAL_BOOST | Calibration -2.9% (29 obs) | Source the-odds-api,0.5,0.5,1.2,1.1,1.2,1.2,0,NO BET,7.43,0.2692,0.1128,0.0,1500.0,1500.0,65.0,1.922,0.623,0.1673,NO DRAW SIGNAL,2-0,18.15,1-0,17.55,2-1,11.1,SCORE POISSON + FORME - confiance 73%,A recalculer via player_scorers,0.4871,0.5129,0.3817,0.6183,"[('2-0', 0.1815), ('1-0', 0.1755), ('2-1', 0.111), ('1-1', 0.1036), ('0-1', 0.0664), ('0-0', 0.058), ('3-1', 0.0531), ('3-0', 0.0438), ('1-2', 0.0435), ('0-2', 0.0257), ('2-2', 0.025), ('4-0', 0.0164)]",0.0,0.0,0.0,0.0,213.93
03/10/2026 01:08,WATCHLIST,2026-10-11T16:30:00Z,soccer_spain_la_liga,the-odds-api,football,Real Betis,CA Osasuna,Draw,Draw,0.2759908623985984,4.1,0.2439,0.1316,A EVITER,NUL POSSIBLE,True,60.57,3B - NUL POSSIBLE,DRAW RISQUE,BOOST|GLOBAL_BOOST,+3.7% (114 obs),MEGA 70%/3% | SAFE 63%/1% | VALUE 58%/3%,WATCHLIST,cote trop haute,Value positive 13.2% | Proba IA 27.6% | DRAW RISQUE | Learning BOOST|GLOBAL_BOOST | Calibration +3.7% (114 obs) | Source the-odds-api,0.5,0.5,1.2,1.1,1.2,1.2,0,NO BET,7.43,0.1346,0.0424,0.0,1500.0,1500.0,65.0,1.922,0.623,0.1673,NO DRAW SIGNAL,2-0,18.15,1-0,17.55,2-1,11.1,SCORE POISSON + FORME - confiance 73%,A recalculer via player_scorers,0.4871,0.5129,0.3817,0.6183,"[('2-0', 0.1815), ('1-0', 0.1755), ('2-1', 0.111), ('1-1', 0.1036), ('0-1', 0.0664), ('0-0', 0.058), ('3-1', 0.0531), ('3-0', 0.0438), ('1-2', 0.0435), ('0-2', 0.0257), ('2-2', 0.025), ('4-0', 0.0164)]",0.0,0.0,0.0,0.0,165.53
03/10/2026 01:08,NO BET,2026-10-11T16:30:00Z,soccer_spain_la_liga,the-odds-api,football,Real Betis,CA Osasuna,Away Win,CA Osasuna,0.15851214476791384,5.3,0.1887,-0.1599,A EVITER,NO BET,False,33.01,6 - NO BET,COTE HAUTE,BOOST|GLOBAL_BOOST,-3.0% (36 obs),MEGA 70%/3% | SAFE 63%/1% | VALUE 58%/3%,REFUSE,cote trop haute,Value negative ou nulle | Proba IA 15.9% | COTE HAUTE | Learning BOOST|GLOBAL_BOOST | Calibration -3.0% (36 obs) | Source the-odds-api,0.5,0.5,1.2,1.1,1.2,1.2,0,NO BET,7.43,0.0,0.0,0.0,1500.0,1500.0,65.0,1.922,0.623,0.1673,NO DRAW SIGNAL,2-0,18.15,1-0,17.55,2-1,11.1,SCORE POISSON + FORME - confiance 73%,A recalculer via player_scorers,0.4871,0.5129,0.3817,0.6183,"[('2-0', 0.1815), ('1-0', 0.1755), ('2-1', 0.111), ('1-1', 0.1036), ('0-1', 0.0664), ('0-0', 0.058), ('3-1', 0.0531), ('3-0', 0.0438), ('1-2', 0.0435), ('0-2', 0.0257), ('2-2', 0.025), ('4-0', 0.0164)]",0.0,0.0,0.0,0.0,59.95
03/10/2026 01:08,WATCHLIST,2026-10-11T17:00:00Z,soccer_portugal_primeira_liga,the-odds-api,football,Benfica,Vitória SC,Away Win,Vitória SC,0.15052951877240736,11.0,0.0909,0.6558,A EVITER,WATCHLIST,False,76.62,5 - WATCHLIST,COTE HAUTE,BOOST|GLOBAL_BOOST,+3.2% (24 obs),MEGA 70%/3% | SAFE 63%/1% | VALUE 58%/3%,WATCHLIST,cote trop haute,Value positive 65.6% | Proba IA 15.1% | COTE HAUTE | Learning BOOST|GLOBAL_BOOST | Calibration +3.2% (24 obs) | Source the-odds-api,0.75,0.5,2.38,1.1,1.0,1.2,1,NO BET,7.43,0.0,0.0,0.0,1720.6,1500.0,285.6,1.83,0.94,0.1987,NO DRAW SIGNAL,1-0,14.48,2-0,12.51,2-1,12.44,SCORE POISSON + FORME - confiance 84%,A recalculer via player_scorers,0.5314,0.4686,0.5041,0.4959,"[('1-0', 0.1448), ('2-0', 0.1251), ('2-1', 0.1244), ('1-1', 0.1197), ('0-1', 0.0796), ('1-2', 0.0678), ('0-0', 0.0508), ('3-1', 0.0506), ('0-2', 0.0391), ('2-2', 0.0365), ('3-0', 0.0307), ('3-2', 0.0177)]",0.0,0.0,0.0,0.0,405.94
03/10/2026 01:08,MEGA VALUE,2026-10-11T17:00:00Z,soccer_portugal_primeira_liga,the-odds-api,football,Benfica,Vitória SC,Home Win,Benfica,0.8227631647045908,1.3,0.7692,0.0696,Elite,MEGA VALUE,True,97.56,1 - MEGA VALUE,OK,BOOST|GLOBAL_BOOST,+4.0% (27 obs),MEGA 70%/3% | SAFE 63%/1% | VALUE 58%/3%,JOUABLE,ok,Value positive 7.0% | Proba IA 82.3% | Mode MEGA VALUE | Learning BOOST|GLOBAL_BOOST | Calibration +4.0% (27 obs) | Source the-odds-api,0.75,0.5,2.38,1.1,1.0,1.2,1,VALUE BET,7.43,0.4038,0.22,3.0,1720.6,1500.0,285.6,1.83,0.94,0.1987,NO DRAW SIGNAL,1-0,14.48,2-0,12.51,2-1,12.44,SCORE POISSON + FORME - confiance 84%,A recalculer via player_scorers,0.5314,0.4686,0.5041,0.4959,"[('1-0', 0.1448), ('2-0', 0.1251), ('2-1', 0.1244), ('1-1', 0.1197), ('0-1', 0.0796), ('1-2', 0.0678), ('0-0', 0.0508), ('3-1', 0.0506), ('0-2', 0.0391), ('2-2', 0.0365), ('3-0', 0.0307), ('3-2', 0.0177)]",0.0,0.0,0.0,0.0,231.91
03/10/2026 01:08,NO BET,2026-10-11T17:00:00Z,soccer_portugal_primeira_liga,the-odds-api,football,Benfica,Vitória SC,Draw,Draw,0.14890265954025833,5.5,0.1818,-0.181,A EVITER,NO BET,False,35.75,6 - NO BET,DRAW RISQUE,BOOST|GLOBAL_BOOST,-4.5% (32 obs),MEGA 70%/3% | SAFE 63%/1% | VALUE 58%/3%,REFUSE,cote trop haute,Value negative ou nulle | Proba IA 14.9% | DRAW RISQUE | Learning BOOST|GLOBAL_BOOST | Calibration -4.5% (32 obs) | Source the-odds-api,0.75,0.5,2.38,1.1,1.0,1.2,1,NO BET,7.43,0.0,0.0,0.0,1720.6,1500.0,285.6,1.83,0.94,0.1987,NO DRAW SIGNAL,1-0,14.48,2-0,12.51,2-1,12.44,SCORE POISSON + FORME - confiance 84%,A recalculer via player_scorers,0.5314,0.4686,0.5041,0.4959,"[('1-0', 0.1448), ('2-0', 0.1251), ('2-1', 0.1244), ('1-1', 0.1197), ('0-1', 0.0796), ('1-2', 0.0678), ('0-0', 0.0508), ('3-1', 0.0506), ('0-2', 0.0391), ('2-2', 0.0365), ('3-0', 0.0307), ('3-2', 0.0177)]",0.0,0.0,0.0,0.0,63.33
03/10/2026 01:08,WATCHLIST,2026-10-11T17:15:00Z,soccer_belgium_first_div,the-odds-api,football,KV Mechelen,Sint Truiden,Home Win,KV Mechelen,0.3706287043221445,3.2,0.3125,0.186,A EVITER,WATCHLIST,False,87.81,5 - WATCHLIST,MARCHE JUSTE,BOOST|GLOBAL_BOOST,+4.0% (33 obs),MEGA 70%/3% | SAFE 63%/1% | VALUE 58%/3%,WATCHLIST,cote trop haute,Value positive 18.6% | Proba IA 37.1% | MARCHE JUSTE | Learning BOOST|GLOBAL_BOOST | Calibration +4.0% (33 obs) | Source the-odds-api,0.5,0.5,1.2,1.1,1.2,1.2,0,NO BET,7.43,0.0,0.0,0.0,1500.0,1500.0,65.0,1.088,1.28,0.2881,NO DRAW SIGNAL,1-1,14.63,0-1,12.05,1-0,11.46,SCORE POISSON + FORME - confiance 78%,A recalculer via player_scorers,0.4161,0.5839,0.4808,0.5192,"[('1-1', 0.1463), ('0-1', 0.1205), ('1-0', 0.1146), ('1-2', 0.087), ('2-1', 0.0851), ('0-2', 0.0762), ('0-0', 0.0731), ('2-0', 0.0694), ('2-2', 0.0382), ('1-3', 0.0281), ('3-1', 0.0273), ('3-0', 0.0181)]",0.0,0.0,0.0,0.0,235.89
03/10/2026 01:08,WATCHLIST,2026-10-11T17:15:00Z,soccer_belgium_first_div,the-odds-api,football,KV Mechelen,Sint Truiden,Draw,Draw,0.30464268610022244,3.7,0.2703,0.1272,A EVITER,NUL POSSIBLE,True,71.27,3B - NUL POSSIBLE,MARCHE JUSTE,BOOST|GLOBAL_BOOST,+1.2% (179 obs),MEGA 70%/3% | SAFE 63%/1% | VALUE 58%/3%,WATCHLIST,cote trop haute,Value positive 12.7% | Proba IA 30.5% | MARCHE JUSTE | Learning BOOST|GLOBAL_BOOST | Calibration +1.2% (179 obs) | Source the-odds-api,0.5,0.5,1.2,1.1,1.2,1.2,0,NO BET,7.43,0.1346,0.0471,0.0,1500.0,1500.0,65.0,1.088,1.28,0.2881,DRAW POSSIBLE - tight 37%,1-1,14.63,0-1,12.05,1-0,11.46,SCORE POISSON + FORME - confiance 78%,A recalculer via player_scorers,0.4161,0.5839,0.4808,0.5192,"[('1-1', 0.1463), ('0-1', 0.1205), ('1-0', 0.1146), ('1-2', 0.087), ('2-1', 0.0851), ('0-2', 0.0762), ('0-0', 0.0731), ('2-0', 0.0694), ('2-2', 0.0382), ('1-3', 0.0281), ('3-1', 0.0273), ('3-0', 0.0181)]",0.0,0.0,0.0,0.0,181.49
03/10/2026 01:08,NO BET,2026-10-11T17:15:00Z,soccer_belgium_first_div,the-odds-api,football,KV Mechelen,Sint Truiden,Away Win,Sint Truiden,0.42228091516229127,2.18,0.4587,-0.0794,A EVITER,NO BET,False,64.45,5 - WATCHLIST,MARCHE JUSTE,BOOST|GLOBAL_BOOST,-6.0% (21 obs),MEGA 70%/3% | SAFE 63%/1% | VALUE 58%/3%,REFUSE,value negative,Value negative ou nulle | Proba IA 42.2% | MARCHE JUSTE | Learning BOOST|GLOBAL_BOOST | Calibration -6.0% (21 obs) | Source the-odds-api,0.5,0.5,1.2,1.1,1.2,1.2,0,NO BET,7.43,0.0,0.0,0.0,1500.0,1500.0,65.0,1.088,1.28,0.2881,NO DRAW SIGNAL,1-1,14.63,0-1,12.05,1-0,11.46,SCORE POISSON + FORME - confiance 78%,A recalculer via player_scorers,0.4161,0.5839,0.4808,0.5192,"[('1-1', 0.1463), ('0-1', 0.1205), ('1-0', 0.1146), ('1-2', 0.087), ('2-1', 0.0851), ('0-2', 0.0762), ('0-0', 0.0731), ('2-0', 0.0694), ('2-2', 0.0382), ('1-3', 0.0281), ('3-1', 0.0273), ('3-0', 0.0181)]",0.0,0.0,0.0,0.0,124.95
03/10/2026 01:08,WATCHLIST,2026-10-11T17:30:00Z,soccer_italy_serie_b,the-odds-api,football,Modena,Hellas Verona,Away Win,Hellas Verona,0.3155418018509479,3.75,0.2667,0.1833,A EVITER,WATCHLIST,False,82.18,5 - WATCHLIST,MARCHE JUSTE,BOOST|GLOBAL_BOOST,+4.0% (49 obs),MEGA 70%/3% | SAFE 63%/1% | VALUE 58%/3%,WATCHLIST,cote trop haute,Value positive 18.3% | Proba IA 31.6% | MARCHE JUSTE | Learning BOOST|GLOBAL_BOOST | Calibration +4.0% (49 obs) | Source the-odds-api,0.5,0.5,1.2,1.1,1.2,1.2,0,NO BET,7.43,0.0,0.0,0.0,1500.0,1500.0,65.0,1.632,0.822,0.2428,NO DRAW SIGNAL,1-0,15.27,1-1,13.07,2-0,11.97,SCORE POISSON + FORME - confiance 78%,A recalculer via player_scorers,0.4437,0.5563,0.4502,0.5498,"[('1-0', 0.1527), ('1-1', 0.1307), ('2-0', 0.1197), ('2-1', 0.1085), ('0-1', 0.0848), ('0-0', 0.0671), ('1-2', 0.0605), ('3-1', 0.0418), ('0-2', 0.0395), ('2-2', 0.0346), ('3-0', 0.0299), ('1-3', 0.0165)]",0.0,0.0,0.0,0.0,222.53
03/10/2026 01:08,NO BET,2026-10-11T17:30:00Z,soccer_italy_serie_b,the-odds-api,football,Modena,Hellas Verona,Home Win,Modena,0.49977897024991963,2.0,0.5,-0.0004,A EVITER,NO BET,False,76.79,5 - WATCHLIST,OK,BOOST|GLOBAL_BOOST,-3.2% (50 obs),MEGA 70%/3% | SAFE 63%/1% | VALUE 58%/3%,REFUSE,value negative,Value negative ou nulle | Proba IA 50.0% | Learning BOOST|GLOBAL_BOOST | Calibration -3.2% (50 obs) | Source the-odds-api,0.5,0.5,1.2,1.1,1.2,1.2,0,NO BET,7.43,0.0,0.0,0.0,1500.0,1500.0,65.0,1.632,0.822,0.2428,NO DRAW SIGNAL,1-0,15.27,1-1,13.07,2-0,11.97,SCORE POISSON + FORME - confiance 78%,A recalculer via player_scorers,0.4437,0.5563,0.4502,0.5498,"[('1-0', 0.1527), ('1-1', 0.1307), ('2-0', 0.1197), ('2-1', 0.1085), ('0-1', 0.0848), ('0-0', 0.0671), ('1-2', 0.0605), ('3-1', 0.0418), ('0-2', 0.0395), ('2-2', 0.0346), ('3-0', 0.0299), ('1-3', 0.0165)]",0.0,0.0,0.0,0.0,148.63
03/10/2026 01:08,WATCHLIST,2026-10-11T17:30:00Z,soccer_italy_serie_b,the-odds-api,football,Modena,Hellas Verona,Draw,Draw,0.30757298625152485,3.3,0.303,0.015,A EVITER,NUL POSSIBLE,True,61.49,3B - NUL POSSIBLE,MARCHE JUSTE,BOOST|GLOBAL_BOOST,+1.2% (179 obs),MEGA 70%/3% | SAFE 63%/1% | VALUE 58%/3%,WATCHLIST,cote trop haute,Value positive 1.5% | Proba IA 30.8% | MARCHE JUSTE | Learning BOOST|GLOBAL_BOOST | Calibration +1.2% (179 obs) | Source the-odds-api,0.5,0.5,1.2,1.1,1.2,1.2,0,NO BET,7.43,0.1346,0.0065,0.0,1500.0,1500.0,65.0,1.632,0.822,0.2428,NO DRAW SIGNAL,1-0,15.27,1-1,13.07,2-0,11.97,SCORE POISSON + FORME - confiance 78%,A recalculer via player_scorers,0.4437,0.5563,0.4502,0.5498,"[('1-0', 0.1527), ('1-1', 0.1307), ('2-0', 0.1197), ('2-1', 0.1085), ('0-1', 0.0848), ('0-0', 0.0671), ('1-2', 0.0605), ('3-1', 0.0418), ('0-2', 0.0395), ('2-2', 0.0346), ('3-0', 0.0299), ('1-3', 0.0165)]",0.0,0.0,0.0,0.0,118.98
03/10/2026 01:08,WATCHLIST,2026-10-11T17:45:00Z,soccer_argentina_primera_division,the-odds-api,football,San Lorenzo,Deportivo Riestra,Home Win,San Lorenzo,0.5238725492717399,2.25,0.4444,0.1787,Faible,WATCHLIST,False,98.4,5 - WATCHLIST,OK,BOOST|GLOBAL_BOOST,+3.9% (57 obs),MEGA 70%/3% | SAFE 63%/1% | VALUE 58%/3%,WATCHLIST,proba trop basse,Value positive 17.9% | Proba IA 52.4% | Learning BOOST|GLOBAL_BOOST | Calibration +3.9% (57 obs) | Source the-odds-api,0.5,0.5,1.2,1.1,1.2,1.2,0,NO BET,7.43,0.0,0.0,0.0,1500.0,1500.0,65.0,1.523,0.867,0.2552,NO DRAW SIGNAL,1-0,15.02,1-1,13.38,2-0,11.16,SCORE POISSON + FORME - confiance 78%,A recalculer via player_scorers,0.4272,0.5728,0.4526,0.5474,"[('1-0', 0.1502), ('1-1', 0.1338), ('2-0', 0.1116), ('2-1', 0.1056), ('0-1', 0.0912), ('0-0', 0.0695), ('1-2', 0.0641), ('0-2', 0.0435), ('3-1', 0.039), ('2-2', 0.035), ('3-0', 0.0274), ('1-3', 0.0176)]",0.0,0.0,0.0,0.0,259.15
03/10/2026 01:08,WATCHLIST,2026-10-11T17:45:00Z,soccer_argentina_primera_division,the-odds-api,football,San Lorenzo,Deportivo Riestra,Away Win,Deportivo Riestra,0.3228402027611252,3.75,0.2667,0.2107,A EVITER,WATCHLIST,False,85.63,5 - WATCHLIST,MARCHE JUSTE,BOOST|GLOBAL_BOOST,+4.0% (49 obs),MEGA 70%/3% | SAFE 63%/1% | VALUE 58%/3%,WATCHLIST,cote trop haute,Value positive 21.1% | Proba IA 32.3% | MARCHE JUSTE | Learning BOOST|GLOBAL_BOOST | Calibration +4.0% (49 obs) | Source the-odds-api,0.5,0.5,1.2,1.1,1.2,1.2,0,NO BET,7.43,0.0,0.0,0.0,1500.0,1500.0,65.0,1.523,0.867,0.2552,NO DRAW SIGNAL,1-0,15.02,1-1,13.38,2-0,11.16,SCORE POISSON + FORME - confiance 78%,A recalculer via player_scorers,0.4272,0.5728,0.4526,0.5474,"[('1-0', 0.1502), ('1-1', 0.1338), ('2-0', 0.1116), ('2-1', 0.1056), ('0-1', 0.0912), ('0-0', 0.0695), ('1-2', 0.0641), ('0-2', 0.0435), ('3-1', 0.039), ('2-2', 0.035), ('3-0', 0.0274), ('1-3', 0.0176)]",0.0,0.0,0.0,0.0,239.91
03/10/2026 01:08,WATCHLIST,2026-10-11T17:45:00Z,soccer_argentina_primera_division,the-odds-api,football,San Lorenzo,Deportivo Riestra,Draw,Draw,0.32613155387644044,2.75,0.3636,-0.1031,A EVITER,WATCHLIST,False,49.05,6 - NO BET,OK,BOOST|GLOBAL_BOOST,-1.2% (23 obs),MEGA 70%/3% | SAFE 63%/1% | VALUE 58%/3%,WATCHLIST,value negative,Value negative ou nulle | Proba IA 32.6% | Learning BOOST|GLOBAL_BOOST | Calibration -1.2% (23 obs) | Source the-odds-api,0.5,0.5,1.2,1.1,1.2,1.2,0,NO BET,7.43,0.0,0.0,0.0,1500.0,1500.0,65.0,1.523,0.867,0.2552,DRAW POSSIBLE - tight 23%,1-0,15.02,1-1,13.38,2-0,11.16,SCORE POISSON + FORME - confiance 78%,A recalculer via player_scorers,0.4272,0.5728,0.4526,0.5474,"[('1-0', 0.1502), ('1-1', 0.1338), ('2-0', 0.1116), ('2-1', 0.1056), ('0-1', 0.0912), ('0-0', 0.0695), ('1-2', 0.0641), ('0-2', 0.0435), ('3-1', 0.039), ('2-2', 0.035), ('3-0', 0.0274), ('1-3', 0.0176)]",0.0,0.0,0.0,0.0,95.42
03/10/2026 01:08,WATCHLIST,2026-10-11T18:45:00Z,soccer_france_ligue_one,the-odds-api,football,Troyes,Marseille,Home Win,Troyes,0.37073723395737795,4.0,0.25,0.4829,A EVITER,WATCHLIST,False,95.87,5 - WATCHLIST,VALUE CLAIRE,BOOST|GLOBAL_BOOST,+4.0% (33 obs),MEGA 70%/3% | SAFE 63%/1% | VALUE 58%/3%,WATCHLIST,cote trop haute,Value positive 48.3% | Proba IA 37.1% | VALUE CLAIRE | Learning BOOST|GLOBAL_BOOST | Calibration +4.0% (33 obs) | Source the-odds-api,0.5,0.42,1.2,1.25,1.2,1.5,1,NO BET,7.43,0.0,0.0,0.0,1500.0,1571.3,-6.3,1.33,0.91,0.279,NO DRAW SIGNAL,1-0,15.42,1-1,14.43,0-1,10.74,SCORE POISSON + FORME - confiance 84%,A recalculer via player_scorers,0.3867,0.6133,0.4392,0.5608,"[('1-0', 0.1542), ('1-1', 0.1443), ('0-1', 0.1074), ('2-0', 0.1036), ('2-1', 0.1016), ('0-0', 0.0801), ('1-2', 0.0703), ('0-2', 0.0521), ('2-2', 0.0254), ('3-1', 0.0253), ('3-0', 0.0243), ('1-3', 0.0148)]",0.0,0.0,0.0,0.0,375.51
03/10/2026 01:08,WATCHLIST,2026-10-11T18:45:00Z,soccer_france_ligue_one,the-odds-api,football,Troyes,Marseille,Draw,Draw,0.29009971497894355,4.0,0.25,0.1604,A EVITER,NUL POSSIBLE,True,81.63,3B - NUL POSSIBLE,MARCHE JUSTE,BOOST|GLOBAL_BOOST,+1.2% (179 obs),MEGA 70%/3% | SAFE 63%/1% | VALUE 58%/3%,WATCHLIST,cote trop haute,Value positive 16.0% | Proba IA 29.0% | MARCHE JUSTE | Learning BOOST|GLOBAL_BOOST | Calibration +1.2% (179 obs) | Source the-odds-api,0.5,0.42,1.2,1.25,1.2,1.5,1,NO BET,7.43,0.1346,0.0535,0.0,1500.0,1571.3,-6.3,1.33,0.91,0.279,NO DRAW SIGNAL,1-0,15.42,1-1,14.43,0-1,10.74,SCORE POISSON + FORME - confiance 84%,A recalculer via player_scorers,0.3867,0.6133,0.4392,0.5608,"[('1-0', 0.1542), ('1-1', 0.1443), ('0-1', 0.1074), ('2-0', 0.1036), ('2-1', 0.1016), ('0-0', 0.0801), ('1-2', 0.0703), ('0-2', 0.0521), ('2-2', 0.0254), ('3-1', 0.0253), ('3-0', 0.0243), ('1-3', 0.0148)]",0.0,0.0,0.0,0.0,210.09
03/10/2026 01:08,NO BET,2026-10-11T18:45:00Z,soccer_france_ligue_one,the-odds-api,football,Troyes,Marseille,Away Win,Marseille,0.43744790455375354,1.91,0.5236,-0.1645,A EVITER,NO BET,False,69.87,5 - WATCHLIST,OK,BOOST|GLOBAL_BOOST,-6.0% (21 obs),MEGA 70%/3% | SAFE 63%/1% | VALUE 58%/3%,REFUSE,value negative,Value negative ou nulle | Proba IA 43.7% | Learning BOOST|GLOBAL_BOOST | Calibration -6.0% (21 obs) | Source the-odds-api,0.5,0.42,1.2,1.25,1.2,1.5,1,NO BET,7.43,0.0,0.0,0.0,1500.0,1571.3,-6.3,1.33,0.91,0.279,NO DRAW SIGNAL,1-0,15.42,1-1,14.43,0-1,10.74,SCORE POISSON + FORME - confiance 84%,A recalculer via player_scorers,0.3867,0.6133,0.4392,0.5608,"[('1-0', 0.1542), ('1-1', 0.1443), ('0-1', 0.1074), ('2-0', 0.1036), ('2-1', 0.1016), ('0-0', 0.0801), ('1-2', 0.0703), ('0-2', 0.0521), ('2-2', 0.0254), ('3-1', 0.0253), ('3-0', 0.0243), ('1-3', 0.0148)]",0.0,0.0,0.0,0.0,134.03
03/10/2026 01:08,WATCHLIST,2026-10-11T18:45:00Z,soccer_italy_serie_a,the-odds-api,football,Cagliari,Juventus,Draw,Draw,0.3036659193831216,4.0,0.25,0.2147,A EVITER,NUL POSSIBLE,True,88.44,3B - NUL POSSIBLE,OK,BOOST|GLOBAL_BOOST,+1.2% (179 obs),MEGA 70%/3% | SAFE 63%/1% | VALUE 58%/3%,WATCHLIST,cote trop haute,Value positive 21.5% | Proba IA 30.4% | Learning BOOST|GLOBAL_BOOST | Calibration +1.2% (179 obs) | Source the-odds-api,0.54,0.62,1.12,1.12,1.38,0.62,1,NO BET,7.43,0.1346,0.0716,0.0,1456.4,1614.0,-92.6,1.0,1.14,0.3209,DRAW POSSIBLE - tight 31%,1-1,15.22,0-1,13.27,1-0,12.79,SCORE POISSON + FORME - confiance 84%,A recalculer via player_scorers,0.3158,0.6842,0.4094,0.5906,"[('1-1', 0.1522), ('0-1', 0.1327), ('1-0', 0.1279), ('0-0', 0.1207), ('0-2', 0.0767), ('2-1', 0.0737), ('2-0', 0.0726), ('1-2', 0.0719), ('2-2', 0.0233), ('3-1', 0.0193), ('3-0', 0.0172), ('1-3', 0.0165)]",0.0,0.0,0.0,0.0,244.45
03/10/2026 01:08,WATCHLIST,2026-10-11T18:45:00Z,soccer_italy_serie_a,the-odds-api,football,Cagliari,Juventus,Away Win,Juventus,0.6658650455394595,1.58,0.6329,0.0521,Moyenne,SAFE PICK,True,96.95,2 - SAFE PICK,OK,BOOST|GLOBAL_BOOST,+4.0% (17 obs),MEGA 70%/3% | SAFE 63%/1% | VALUE 58%/3%,WATCHLIST,watchlist prudente,Value positive 5.2% | Proba IA 66.6% | Learning BOOST|GLOBAL_BOOST | Calibration +4.0% (17 obs) | Source the-odds-api,0.54,0.62,1.12,1.12,1.38,0.62,1,NO BET,7.43,0.2692,0.0898,0.0,1456.4,1614.0,-92.6,1.0,1.14,0.3209,NO DRAW SIGNAL,1-1,15.22,0-1,13.27,1-0,12.79,SCORE POISSON + FORME - confiance 84%,A recalculer via player_scorers,0.3158,0.6842,0.4094,0.5906,"[('1-1', 0.1522), ('0-1', 0.1327), ('1-0', 0.1279), ('0-0', 0.1207), ('0-2', 0.0767), ('2-1', 0.0737), ('2-0', 0.0726), ('1-2', 0.0719), ('2-2', 0.0233), ('3-1', 0.0193), ('3-0', 0.0172), ('1-3', 0.0165)]",0.0,0.0,0.0,0.0,212.49
03/10/2026 01:08,WATCHLIST,2026-10-11T18:45:00Z,soccer_italy_serie_a,the-odds-api,football,Cagliari,Juventus,Home Win,Cagliari,0.15845326744079968,7.0,0.1429,0.1092,A EVITER,WATCHLIST,False,64.21,5 - WATCHLIST,VALUE CLAIRE,BOOST|GLOBAL_BOOST,-4.3% (77 obs),MEGA 70%/3% | SAFE 63%/1% | VALUE 58%/3%,WATCHLIST,cote trop haute,Value positive 10.9% | Proba IA 15.8% | VALUE CLAIRE | Learning BOOST|GLOBAL_BOOST | Calibration -4.3% (77 obs) | Source the-odds-api,0.54,0.62,1.12,1.12,1.38,0.62,1,NO BET,7.43,0.0,0.0,0.0,1456.4,1614.0,-92.6,1.0,1.14,0.3209,NO DRAW SIGNAL,1-1,15.22,0-1,13.27,1-0,12.79,SCORE POISSON + FORME - confiance 84%,A recalculer via player_scorers,0.3158,0.6842,0.4094,0.5906,"[('1-1', 0.1522), ('0-1', 0.1327), ('1-0', 0.1279), ('0-0', 0.1207), ('0-2', 0.0767), ('2-1', 0.0737), ('2-0', 0.0726), ('1-2', 0.0719), ('2-2', 0.0233), ('3-1', 0.0193), ('3-0', 0.0172), ('1-3', 0.0165)]",0.0,0.0,0.0,0.0,153.07
03/10/2026 01:08,WATCHLIST,2026-10-11T19:00:00Z,soccer_brazil_campeonato,the-odds-api,football,Atletico Mineiro,Santos,Away Win,Santos,0.32021733993403023,3.65,0.274,0.1688,A EVITER,WATCHLIST,False,80.71,5 - WATCHLIST,MARCHE JUSTE,BOOST|GLOBAL_BOOST,+4.0% (49 obs),MEGA 70%/3% | SAFE 63%/1% | VALUE 58%/3%,WATCHLIST,cote trop haute,Value positive 16.9% | Proba IA 32.0% | MARCHE JUSTE | Learning BOOST|GLOBAL_BOOST | Calibration +4.0% (49 obs) | Source the-odds-api,0.5,0.5,1.2,1.1,1.2,1.2,0,NO BET,7.43,0.0,0.0,0.0,1500.0,1500.0,65.0,1.635,0.827,0.2425,NO DRAW SIGNAL,1-0,15.2,1-1,13.08,2-0,11.93,SCORE POISSON + FORME - confiance 78%,A recalculer via player_scorers,0.4458,0.5542,0.4523,0.5477,"[('1-0', 0.152), ('1-1', 0.1308), ('2-0', 0.1193), ('2-1', 0.1087), ('0-1', 0.0847), ('0-0', 0.0668), ('1-2', 0.0608), ('3-1', 0.0419), ('0-2', 0.0396), ('2-2', 0.0348), ('3-0', 0.0298), ('1-3', 0.0166)]",0.0,0.0,0.0,0.0,214.45
03/10/2026 01:08,NO BET,2026-10-11T19:00:00Z,soccer_brazil_campeonato,the-odds-api,football,Atletico Mineiro,Santos,Home Win,Atletico Mineiro,0.5028178000364555,1.97,0.5076,-0.0094,Faible,NO BET,False,75.88,5 - WATCHLIST,OK,BOOST|GLOBAL_BOOST,-3.2% (50 obs),MEGA 70%/3% | SAFE 63%/1% | VALUE 58%/3%,REFUSE,value negative,Value negative ou nulle | Proba IA 50.3% | Learning BOOST|GLOBAL_BOOST | Calibration -3.2% (50 obs) | Source the-odds-api,0.5,0.5,1.2,1.1,1.2,1.2,0,NO BET,7.43,0.0,0.0,0.0,1500.0,1500.0,65.0,1.635,0.827,0.2425,NO DRAW SIGNAL,1-0,15.2,1-1,13.08,2-0,11.93,SCORE POISSON + FORME - confiance 78%,A recalculer via player_scorers,0.4458,0.5542,0.4523,0.5477,"[('1-0', 0.152), ('1-1', 0.1308), ('2-0', 0.1193), ('2-1', 0.1087), ('0-1', 0.0847), ('0-0', 0.0668), ('1-2', 0.0608), ('3-1', 0.0419), ('0-2', 0.0396), ('2-2', 0.0348), ('3-0', 0.0298), ('1-3', 0.0166)]",0.0,0.0,0.0,0.0,147.5
03/10/2026 01:08,WATCHLIST,2026-10-11T19:00:00Z,soccer_brazil_campeonato,the-odds-api,football,Atletico Mineiro,Santos,Draw,Draw,0.3000844414204186,3.4,0.2941,0.0203,A EVITER,NUL POSSIBLE,True,61.79,3B - NUL POSSIBLE,MARCHE JUSTE,BOOST|GLOBAL_BOOST,+1.2% (179 obs),MEGA 70%/3% | SAFE 63%/1% | VALUE 58%/3%,WATCHLIST,cote trop haute,Value positive 2.0% | Proba IA 30.0% | MARCHE JUSTE | Learning BOOST|GLOBAL_BOOST | Calibration +1.2% (179 obs) | Source the-odds-api,0.5,0.5,1.2,1.1,1.2,1.2,0,NO BET,7.43,0.1346,0.0085,0.0,1500.0,1500.0,65.0,1.635,0.827,0.2425,NO DRAW SIGNAL,1-0,15.2,1-1,13.08,2-0,11.93,SCORE POISSON + FORME - confiance 78%,A recalculer via player_scorers,0.4458,0.5542,0.4523,0.5477,"[('1-0', 0.152), ('1-1', 0.1308), ('2-0', 0.1193), ('2-1', 0.1087), ('0-1', 0.0847), ('0-0', 0.0668), ('1-2', 0.0608), ('3-1', 0.0419), ('0-2', 0.0396), ('2-2', 0.0348), ('3-0', 0.0298), ('1-3', 0.0166)]",0.0,0.0,0.0,0.0,121.18
03/10/2026 01:08,WATCHLIST,2026-10-11T19:00:00Z,soccer_spain_la_liga,the-odds-api,football,Real Racing Club de Santander,Valencia,Home Win,Real Racing Club de Santander,0.49782543681571795,2.25,0.4444,0.1201,A EVITER,WATCHLIST,False,97.72,5 - WATCHLIST,OK,BOOST|GLOBAL_BOOST,+3.9% (57 obs),MEGA 70%/3% | SAFE 63%/1% | VALUE 58%/3%,WATCHLIST,proba trop basse,Value positive 12.0% | Proba IA 49.8% | Learning BOOST|GLOBAL_BOOST | Calibration +3.9% (57 obs) | Source the-odds-api,0.5,0.58,1.2,1.5,1.2,1.25,1,NO BET,7.43,0.0,0.0,0.0,1500.0,1515.0,50.0,1.21,1.16,0.2968,NO DRAW SIGNAL,1-1,15.01,1-0,12.21,0-1,10.99,SCORE POISSON + FORME - confiance 84%,A recalculer via player_scorers,0.4139,0.5861,0.4853,0.5147,"[('1-1', 0.1501), ('1-0', 0.1221), ('0-1', 0.1099), ('2-1', 0.0908), ('1-2', 0.0801), ('2-0', 0.0794), ('0-0', 0.0745), ('0-2', 0.065), ('2-2', 0.0389), ('3-1', 0.0305), ('1-3', 0.0248), ('3-0', 0.0201)]",0.0,0.0,0.0,0.0,231.12
03/10/2026 01:08,WATCHLIST,2026-10-11T19:00:00Z,soccer_spain_la_liga,the-odds-api,football,Real Racing Club de Santander,Valencia,Draw,Draw,0.3119141716608618,3.75,0.2667,0.1697,A EVITER,NUL POSSIBLE,True,83.61,3B - NUL POSSIBLE,MARCHE JUSTE,BOOST|GLOBAL_BOOST,+1.2% (179 obs),MEGA 70%/3% | SAFE 63%/1% | VALUE 58%/3%,WATCHLIST,cote trop haute,Value positive 17.0% | Proba IA 31.2% | MARCHE JUSTE | Learning BOOST|GLOBAL_BOOST | Calibration +1.2% (179 obs) | Source the-odds-api,0.5,0.58,1.2,1.5,1.2,1.25,1,NO BET,7.43,0.1346,0.0617,0.0,1500.0,1515.0,50.0,1.21,1.16,0.2968,DRAW POSSIBLE - tight 48%,1-1,15.01,1-0,12.21,0-1,10.99,SCORE POISSON + FORME - confiance 84%,A recalculer via player_scorers,0.4139,0.5861,0.4853,0.5147,"[('1-1', 0.1501), ('1-0', 0.1221), ('0-1', 0.1099), ('2-1', 0.0908), ('1-2', 0.0801), ('2-0', 0.0794), ('0-0', 0.0745), ('0-2', 0.065), ('2-2', 0.0389), ('3-1', 0.0305), ('1-3', 0.0248), ('3-0', 0.0201)]",0.0,0.0,0.0,0.0,218.54
03/10/2026 01:08,WATCHLIST,2026-10-11T19:00:00Z,soccer_spain_la_liga,the-odds-api,football,Real Racing Club de Santander,Valencia,Away Win,Valencia,0.3010590375448147,3.4,0.2941,0.0236,A EVITER,WATCHLIST,False,73.36,5 - WATCHLIST,MARCHE JUSTE,BOOST|GLOBAL_BOOST,-4.1% (61 obs),MEGA 70%/3% | SAFE 63%/1% | VALUE 58%/3%,WATCHLIST,cote trop haute,Value positive 2.4% | Proba IA 30.1% | MARCHE JUSTE | Learning BOOST|GLOBAL_BOOST | Calibration -4.1% (61 obs) | Source the-odds-api,0.5,0.58,1.2,1.5,1.2,1.25,1,NO BET,7.43,0.0,0.0,0.0,1500.0,1515.0,50.0,1.21,1.16,0.2968,NO DRAW SIGNAL,1-1,15.01,1-0,12.21,0-1,10.99,SCORE POISSON + FORME - confiance 84%,A recalculer via player_scorers,0.4139,0.5861,0.4853,0.5147,"[('1-1', 0.1501), ('1-0', 0.1221), ('0-1', 0.1099), ('2-1', 0.0908), ('1-2', 0.0801), ('2-0', 0.0794), ('0-0', 0.0745), ('0-2', 0.065), ('2-2', 0.0389), ('3-1', 0.0305), ('1-3', 0.0248), ('3-0', 0.0201)]",0.0,0.0,0.0,0.0,139.8
03/10/2026 01:08,WATCHLIST,2026-10-11T19:30:00Z,soccer_portugal_primeira_liga,the-odds-api,football,Arouca,CF Estrela,Away Win,CF Estrela,0.36058661996844854,3.2,0.3125,0.1539,A EVITER,WATCHLIST,False,90.84,5 - WATCHLIST,OK,BOOST|GLOBAL_BOOST,+4.0% (64 obs),MEGA 70%/3% | SAFE 63%/1% | VALUE 58%/3%,WATCHLIST,cote trop haute,Value positive 15.4% | Proba IA 36.1% | Learning BOOST|GLOBAL_BOOST | Calibration +4.0% (64 obs) | Source the-odds-api,0.67,0.5,1.75,1.1,1.12,1.2,1,NO BET,7.43,0.0,0.0,0.0,1482.8,1500.0,47.8,1.56,1.01,0.2503,NO DRAW SIGNAL,1-1,13.51,1-0,13.49,2-1,10.86,SCORE POISSON + FORME - confiance 80%,A recalculer via player_scorers,0.4735,0.5265,0.5013,0.4987,"[('1-1', 0.1351), ('1-0', 0.1349), ('2-1', 0.1086), ('2-0', 0.1022), ('0-1', 0.0905), ('1-2', 0.0721), ('0-0', 0.0619), ('0-2', 0.0477), ('3-1', 0.0406), ('2-2', 0.0395), ('3-0', 0.0261), ('1-3', 0.0206)]",0.0,0.0,0.0,0.0,225.85
03/10/2026 01:08,WATCHLIST,2026-10-11T19:30:00Z,soccer_portugal_primeira_liga,the-odds-api,football,Arouca,CF Estrela,Home Win,Arouca,0.46331301281148896,2.2,0.4545,0.0193,A EVITER,WATCHLIST,False,84.68,5 - WATCHLIST,OK,BOOST|GLOBAL_BOOST,-3.2% (50 obs),MEGA 70%/3% | SAFE 63%/1% | VALUE 58%/3%,WATCHLIST,proba trop basse,Value positive 1.9% | Proba IA 46.3% | Learning BOOST|GLOBAL_BOOST | Calibration -3.2% (50 obs) | Source the-odds-api,0.67,0.5,1.75,1.1,1.12,1.2,1,NO BET,7.43,0.0,0.0,0.0,1482.8,1500.0,47.8,1.56,1.01,0.2503,NO DRAW SIGNAL,1-1,13.51,1-0,13.49,2-1,10.86,SCORE POISSON + FORME - confiance 80%,A recalculer via player_scorers,0.4735,0.5265,0.5013,0.4987,"[('1-1', 0.1351), ('1-0', 0.1349), ('2-1', 0.1086), ('2-0', 0.1022), ('0-1', 0.0905), ('1-2', 0.0721), ('0-0', 0.0619), ('0-2', 0.0477), ('3-1', 0.0406), ('2-2', 0.0395), ('3-0', 0.0261), ('1-3', 0.0206)]",0.0,0.0,0.0,0.0,166.05
03/10/2026 01:08,WATCHLIST,2026-10-11T19:30:00Z,soccer_portugal_primeira_liga,the-odds-api,football,Arouca,CF Estrela,Draw,Draw,0.30116973777275285,3.5,0.2857,0.0541,A EVITER,NUL POSSIBLE,True,72.87,3B - NUL POSSIBLE,MARCHE JUSTE,BOOST|GLOBAL_BOOST,+1.2% (179 obs),MEGA 70%/3% | SAFE 63%/1% | VALUE 58%/3%,WATCHLIST,cote trop haute,Value positive 5.4% | Proba IA 30.1% | MARCHE JUSTE | Learning BOOST|GLOBAL_BOOST | Calibration +1.2% (179 obs) | Source the-odds-api,0.67,0.5,1.75,1.1,1.12,1.2,1,NO BET,7.43,0.1346,0.0216,0.0,1482.8,1500.0,47.8,1.56,1.01,0.2503,NO DRAW SIGNAL,1-1,13.51,1-0,13.49,2-1,10.86,SCORE POISSON + FORME - confiance 80%,A recalculer via player_scorers,0.4735,0.5265,0.5013,0.4987,"[('1-1', 0.1351), ('1-0', 0.1349), ('2-1', 0.1086), ('2-0', 0.1022), ('0-1', 0.0905), ('1-2', 0.0721), ('0-0', 0.0619), ('0-2', 0.0477), ('3-1', 0.0406), ('2-2', 0.0395), ('3-0', 0.0261), ('1-3', 0.0206)]",0.0,0.0,0.0,0.0,152.19
03/10/2026 01:08,WATCHLIST,2026-10-11T20:00:00Z,soccer_argentina_primera_division,the-odds-api,football,Platense,Argentinos Juniors,Home Win,Platense,0.322441546278504,3.3,0.303,0.0641,A EVITER,WATCHLIST,False,71.76,5 - WATCHLIST,MARCHE JUSTE,BOOST|GLOBAL_BOOST,+1.2% (35 obs),MEGA 70%/3% | SAFE 63%/1% | VALUE 58%/3%,WATCHLIST,cote trop haute,Value positive 6.4% | Proba IA 32.2% | MARCHE JUSTE | Learning BOOST|GLOBAL_BOOST | Calibration +1.2% (35 obs) | Source the-odds-api,0.5,0.5,1.2,1.1,1.2,1.2,0,NO BET,7.43,0.0,0.0,0.0,1500.0,1500.0,65.0,1.067,1.26,0.291,NO DRAW SIGNAL,1-1,14.64,0-1,12.25,1-0,11.6,SCORE POISSON + FORME - confiance 78%,A recalculer via player_scorers,0.4054,0.5946,0.472,0.528,"[('1-1', 0.1464), ('0-1', 0.1225), ('1-0', 0.116), ('1-2', 0.086), ('2-1', 0.084), ('0-2', 0.0765), ('0-0', 0.0751), ('2-0', 0.0693), ('2-2', 0.0374), ('1-3', 0.0276), ('3-1', 0.0268), ('3-0', 0.018)]",0.0,0.0,0.0,0.0,156.32
03/10/2026 01:08,NO BET,2026-10-11T20:00:00Z,soccer_argentina_primera_division,the-odds-api,football,Platense,Argentinos Juniors,Away Win,Argentinos Juniors,0.40335068780151884,2.2,0.4545,-0.1126,A EVITER,NO BET,False,61.29,5 - WATCHLIST,MARCHE JUSTE,BOOST|GLOBAL_BOOST,-6.0% (21 obs),MEGA 70%/3% | SAFE 63%/1% | VALUE 58%/3%,REFUSE,value negative,Value negative ou nulle | Proba IA 40.3% | MARCHE JUSTE | Learning BOOST|GLOBAL_BOOST | Calibration -6.0% (21 obs) | Source the-odds-api,0.5,0.5,1.2,1.1,1.2,1.2,0,NO BET,7.43,0.0,0.0,0.0,1500.0,1500.0,65.0,1.067,1.26,0.291,NO DRAW SIGNAL,1-1,14.64,0-1,12.25,1-0,11.6,SCORE POISSON + FORME - confiance 78%,A recalculer via player_scorers,0.4054,0.5946,0.472,0.528,"[('1-1', 0.1464), ('0-1', 0.1225), ('1-0', 0.116), ('1-2', 0.086), ('2-1', 0.084), ('0-2', 0.0765), ('0-0', 0.0751), ('2-0', 0.0693), ('2-2', 0.0374), ('1-3', 0.0276), ('3-1', 0.0268), ('3-0', 0.018)]",0.0,0.0,0.0,0.0,118.94
03/10/2026 01:08,WATCHLIST,2026-10-11T20:00:00Z,soccer_argentina_primera_division,the-odds-api,football,Platense,Argentinos Juniors,Draw,Draw,0.313216527283663,3.0,0.3333,-0.0604,A EVITER,NUL POSSIBLE,True,53.06,3B - NUL POSSIBLE,MARCHE JUSTE,BOOST|GLOBAL_BOOST,-1.2% (23 obs),MEGA 70%/3% | SAFE 63%/1% | VALUE 58%/3%,WATCHLIST,value negative,Value negative ou nulle | Proba IA 31.3% | MARCHE JUSTE | Learning BOOST|GLOBAL_BOOST | Calibration -1.2% (23 obs) | Source the-odds-api,0.5,0.5,1.2,1.1,1.2,1.2,0,NO BET,7.43,0.1346,0.0,0.0,1500.0,1500.0,65.0,1.067,1.26,0.291,DRAW POSSIBLE - tight 44%,1-1,14.64,0-1,12.25,1-0,11.6,SCORE POISSON + FORME - confiance 78%,A recalculer via player_scorers,0.4054,0.5946,0.472,0.528,"[('1-1', 0.1464), ('0-1', 0.1225), ('1-0', 0.116), ('1-2', 0.086), ('2-1', 0.084), ('0-2', 0.0765), ('0-0', 0.0751), ('2-0', 0.0693), ('2-2', 0.0374), ('1-3', 0.0276), ('3-1', 0.0268), ('3-0', 0.018)]",0.0,0.0,0.0,0.0,100.45
03/10/2026 01:08,WATCHLIST,2026-10-11T20:00:00Z,soccer_argentina_primera_division,the-odds-api,football,Rosario Central,Independiente Rivadavia,Away Win,Independiente Rivadavia,0.32614729067354925,3.6,0.2778,0.1741,A EVITER,WATCHLIST,False,81.57,5 - WATCHLIST,MARCHE JUSTE,BOOST|GLOBAL_BOOST,+4.0% (49 obs),MEGA 70%/3% | SAFE 63%/1% | VALUE 58%/3%,WATCHLIST,cote trop haute,Value positive 17.4% | Proba IA 32.6% | MARCHE JUSTE | Learning BOOST|GLOBAL_BOOST | Calibration +4.0% (49 obs) | Source the-odds-api,0.5,0.5,1.2,1.1,1.2,1.2,0,NO BET,7.43,0.0,0.0,0.0,1500.0,1500.0,65.0,1.592,0.849,0.2475,NO DRAW SIGNAL,1-0,15.06,1-1,13.21,2-0,11.58,SCORE POISSON + FORME - confiance 78%,A recalculer via player_scorers,0.4404,0.5596,0.455,0.545,"[('1-0', 0.1506), ('1-1', 0.1321), ('2-0', 0.1158), ('2-1', 0.1078), ('0-1', 0.0872), ('0-0', 0.0675), ('1-2', 0.0625), ('0-2', 0.0413), ('3-1', 0.0408), ('2-2', 0.0351), ('3-0', 0.0288), ('1-3', 0.0171)]",0.0,0.0,0.0,0.0,218.43
03/10/2026 01:08,NO BET,2026-10-11T20:00:00Z,soccer_argentina_primera_division,the-odds-api,football,Rosario Central,Independiente Rivadavia,Home Win,Rosario Central,0.4830654064239722,2.05,0.4878,-0.0097,A EVITER,NO BET,False,75.02,5 - WATCHLIST,OK,BOOST|GLOBAL_BOOST,-3.2% (50 obs),MEGA 70%/3% | SAFE 63%/1% | VALUE 58%/3%,REFUSE,value negative,Value negative ou nulle | Proba IA 48.3% | Learning BOOST|GLOBAL_BOOST | Calibration -3.2% (50 obs) | Source the-odds-api,0.5,0.5,1.2,1.1,1.2,1.2,0,NO BET,7.43,0.0,0.0,0.0,1500.0,1500.0,65.0,1.592,0.849,0.2475,NO DRAW SIGNAL,1-0,15.06,1-1,13.21,2-0,11.58,SCORE POISSON + FORME - confiance 78%,A recalculer via player_scorers,0.4404,0.5596,0.455,0.545,"[('1-0', 0.1506), ('1-1', 0.1321), ('2-0', 0.1158), ('2-1', 0.1078), ('0-1', 0.0872), ('0-0', 0.0675), ('1-2', 0.0625), ('0-2', 0.0413), ('3-1', 0.0408), ('2-2', 0.0351), ('3-0', 0.0288), ('1-3', 0.0171)]",0.0,0.0,0.0,0.0,144.84
03/10/2026 01:08,WATCHLIST,2026-10-11T20:00:00Z,soccer_argentina_primera_division,the-odds-api,football,Rosario Central,Independiente Rivadavia,Draw,Draw,0.31419329400076373,3.2,0.3125,0.0054,A EVITER,NUL POSSIBLE,True,60.67,3B - NUL POSSIBLE,MARCHE JUSTE,BOOST|GLOBAL_BOOST,+1.2% (179 obs),MEGA 70%/3% | SAFE 63%/1% | VALUE 58%/3%,WATCHLIST,cote trop haute,Value positive 0.5% | Proba IA 31.4% | MARCHE JUSTE | Learning BOOST|GLOBAL_BOOST | Calibration +1.2% (179 obs) | Source the-odds-api,0.5,0.5,1.2,1.1,1.2,1.2,0,NO BET,7.43,0.1346,0.0025,0.0,1500.0,1500.0,65.0,1.592,0.849,0.2475,NO DRAW SIGNAL,1-0,15.06,1-1,13.21,2-0,11.58,SCORE POISSON + FORME - confiance 78%,A recalculer via player_scorers,0.4404,0.5596,0.455,0.545,"[('1-0', 0.1506), ('1-1', 0.1321), ('2-0', 0.1158), ('2-1', 0.1078), ('0-1', 0.0872), ('0-0', 0.0675), ('1-2', 0.0625), ('0-2', 0.0413), ('3-1', 0.0408), ('2-2', 0.0351), ('3-0', 0.0288), ('1-3', 0.0171)]",0.0,0.0,0.0,0.0,114.12
03/10/2026 01:08,WATCHLIST,2026-10-11T20:30:00Z,soccer_brazil_campeonato,the-odds-api,football,Flamengo,Fluminense,Home Win,Flamengo,0.7551492019541672,1.3,0.7692,-0.0183,Forte,FAVORI SOLIDE,True,77.46,2B - FAVORI SOLIDE,OK,BOOST|GLOBAL_BOOST,-6.0% (14 obs),MEGA 70%/3% | SAFE 63%/1% | VALUE 58%/3%,WATCHLIST,value negative,Value negative ou nulle | Proba IA 75.5% | Learning BOOST|GLOBAL_BOOST | Calibration -6.0% (14 obs) | Source the-odds-api,0.5,0.5,1.2,1.1,1.2,1.2,0,NO BET,7.43,0.2692,0.0,0.0,1500.0,1500.0,65.0,2.495,0.327,0.0892,NO DRAW SIGNAL,2-0,24.63,3-0,21.03,1-0,11.78,SCORE POISSON + FORME - confiance 78%,A recalculer via player_scorers,0.5765,0.4235,0.2418,0.7582,"[('2-0', 0.2463), ('3-0', 0.2103), ('1-0', 0.1178), ('4-0', 0.0946), ('2-1', 0.0641), ('3-1', 0.0467), ('1-1', 0.0379), ('0-0', 0.0293), ('5-0', 0.0277), ('0-1', 0.024), ('4-1', 0.0193), ('1-2', 0.012)]",0.0,0.0,0.0,0.0,167.5
03/10/2026 01:08,NO BET,2026-10-11T20:30:00Z,soccer_brazil_campeonato,the-odds-api,football,Flamengo,Fluminense,Away Win,Fluminense,0.09670381205984958,9.0,0.1111,-0.1297,A EVITER,NO BET,False,30.41,6 - NO BET,COTE HAUTE,BOOST|GLOBAL_BOOST,-0.2% (13 obs),MEGA 70%/3% | SAFE 63%/1% | VALUE 58%/3%,REFUSE,cote trop haute,Value negative ou nulle | Proba IA 9.7% | COTE HAUTE | Learning BOOST|GLOBAL_BOOST | Calibration -0.2% (13 obs) | Source the-odds-api,0.5,0.5,1.2,1.1,1.2,1.2,0,NO BET,7.43,0.0,0.0,0.0,1500.0,1500.0,65.0,2.495,0.327,0.0892,NO DRAW SIGNAL,2-0,24.63,3-0,21.03,1-0,11.78,SCORE POISSON + FORME - confiance 78%,A recalculer via player_scorers,0.5765,0.4235,0.2418,0.7582,"[('2-0', 0.2463), ('3-0', 0.2103), ('1-0', 0.1178), ('4-0', 0.0946), ('2-1', 0.0641), ('3-1', 0.0467), ('1-1', 0.0379), ('0-0', 0.0293), ('5-0', 0.0277), ('0-1', 0.024), ('4-1', 0.0193), ('1-2', 0.012)]",0.0,0.0,0.0,0.0,51.78
03/10/2026 01:08,NO BET,2026-10-11T20:30:00Z,soccer_brazil_campeonato,the-odds-api,football,Flamengo,Fluminense,Draw,Draw,0.12231289890806935,5.1,0.1961,-0.3762,A EVITER,NO BET,False,27.49,6 - NO BET,DRAW RISQUE,BOOST|GLOBAL_BOOST,-4.5% (32 obs),MEGA 70%/3% | SAFE 63%/1% | VALUE 58%/3%,REFUSE,cote trop haute,Value negative ou nulle | Proba IA 12.2% | DRAW RISQUE | Learning BOOST|GLOBAL_BOOST | Calibration -4.5% (32 obs) | Source the-odds-api,0.5,0.5,1.2,1.1,1.2,1.2,0,NO BET,7.43,0.0,0.0,0.0,1500.0,1500.0,65.0,2.495,0.327,0.0892,NO DRAW SIGNAL,2-0,24.63,3-0,21.03,1-0,11.78,SCORE POISSON + FORME - confiance 78%,A recalculer via player_scorers,0.5765,0.4235,0.2418,0.7582,"[('2-0', 0.2463), ('3-0', 0.2103), ('1-0', 0.1178), ('4-0', 0.0946), ('2-1', 0.0641), ('3-1', 0.0467), ('1-1', 0.0379), ('0-0', 0.0293), ('5-0', 0.0277), ('0-1', 0.024), ('4-1', 0.0193), ('1-2', 0.012)]",0.0,0.0,0.0,0.0,49.25
03/10/2026 01:08,WATCHLIST,2026-10-11T20:30:00Z,soccer_brazil_campeonato,the-odds-api,football,Grêmio,Internacional,Home Win,Grêmio,0.489902773443678,2.35,0.4255,0.1513,A EVITER,WATCHLIST,False,88.82,5 - WATCHLIST,OK,BOOST|GLOBAL_BOOST,+3.9% (57 obs),MEGA 70%/3% | SAFE 63%/1% | VALUE 58%/3%,WATCHLIST,proba trop basse,Value positive 15.1% | Proba IA 49.0% | Learning BOOST|GLOBAL_BOOST | Calibration +3.9% (57 obs) | Source the-odds-api,0.5,0.5,1.2,1.1,1.2,1.2,0,NO BET,7.43,0.0,0.0,0.0,1500.0,1500.0,65.0,1.409,1.005,0.2687,NO DRAW SIGNAL,1-1,13.94,1-0,13.73,2-1,10.21,SCORE POISSON + FORME - confiance 70%,A recalculer via player_scorers,0.4322,0.5678,0.4789,0.5211,"[('1-1', 0.1394), ('1-0', 0.1373), ('2-1', 0.1021), ('0-1', 0.0989), ('2-0', 0.0968), ('1-2', 0.0728), ('0-0', 0.0688), ('0-2', 0.0518), ('2-2', 0.0376), ('3-1', 0.0362), ('3-0', 0.024), ('1-3', 0.0208)]",0.0,0.0,0.0,0.0,230.79
03/10/2026 01:08,WATCHLIST,2026-10-11T20:30:00Z,soccer_brazil_campeonato,the-odds-api,football,Grêmio,Internacional,Draw,Draw,0.31267387910749583,3.35,0.2985,0.0475,A EVITER,NUL POSSIBLE,True,65.44,3B - NUL POSSIBLE,MARCHE JUSTE,BOOST|GLOBAL_BOOST,+1.2% (179 obs),MEGA 70%/3% | SAFE 63%/1% | VALUE 58%/3%,WATCHLIST,cote trop haute,Value positive 4.8% | Proba IA 31.3% | MARCHE JUSTE | Learning BOOST|GLOBAL_BOOST | Calibration +1.2% (179 obs) | Source the-odds-api,0.5,0.5,1.2,1.1,1.2,1.2,0,NO BET,7.43,0.1346,0.0202,0.0,1500.0,1500.0,65.0,1.409,1.005,0.2687,NO DRAW SIGNAL,1-1,13.94,1-0,13.73,2-1,10.21,SCORE POISSON + FORME - confiance 70%,A recalculer via player_scorers,0.4322,0.5678,0.4789,0.5211,"[('1-1', 0.1394), ('1-0', 0.1373), ('2-1', 0.1021), ('0-1', 0.0989), ('2-0', 0.0968), ('1-2', 0.0728), ('0-0', 0.0688), ('0-2', 0.0518), ('2-2', 0.0376), ('3-1', 0.0362), ('3-0', 0.024), ('1-3', 0.0208)]",0.0,0.0,0.0,0.0,139.15
03/10/2026 01:08,NO BET,2026-10-11T20:30:00Z,soccer_brazil_campeonato,the-odds-api,football,Grêmio,Internacional,Away Win,Internacional,0.3085855134834351,2.88,0.3472,-0.1113,A EVITER,NO BET,False,52.31,6 - NO BET,MARCHE JUSTE,BOOST|GLOBAL_BOOST,-4.1% (61 obs),MEGA 70%/3% | SAFE 63%/1% | VALUE 58%/3%,REFUSE,value negative,Value negative ou nulle | Proba IA 30.9% | MARCHE JUSTE | Learning BOOST|GLOBAL_BOOST | Calibration -4.1% (61 obs) | Source the-odds-api,0.5,0.5,1.2,1.1,1.2,1.2,0,NO BET,7.43,0.0,0.0,0.0,1500.0,1500.0,65.0,1.409,1.005,0.2687,NO DRAW SIGNAL,1-1,13.94,1-0,13.73,2-1,10.21,SCORE POISSON + FORME - confiance 70%,A recalculer via player_scorers,0.4322,0.5678,0.4789,0.5211,"[('1-1', 0.1394), ('1-0', 0.1373), ('2-1', 0.1021), ('0-1', 0.0989), ('2-0', 0.0968), ('1-2', 0.0728), ('0-0', 0.0688), ('0-2', 0.0518), ('2-2', 0.0376), ('3-1', 0.0362), ('3-0', 0.024), ('1-3', 0.0208)]",0.0,0.0,0.0,0.0,99.02
03/10/2026 01:08,WATCHLIST,2026-10-11T20:30:00Z,soccer_brazil_campeonato,the-odds-api,football,Palmeiras,Corinthians,Home Win,Palmeiras,0.7270445,1.48,0.6757,0.076,Forte,MEGA VALUE,True,95.13,1 - MEGA VALUE,OK,GLOBAL_BOOST,+4.0% (19 obs),MEGA 70%/3% | SAFE 63%/1% | VALUE 58%/3%,WATCHLIST,watchlist prudente,Value positive 7.6% | Proba IA 72.7% | Learning GLOBAL_BOOST | Calibration +4.0% (19 obs) | Source the-odds-api,0.5,0.5,1.2,1.1,1.2,1.2,0,NO BET,7.43,0.4038,0.1584,0.0,1500.0,1500.0,65.0,2.114,0.493,0.1348,NO DRAW SIGNAL,2-0,20.71,1-0,17.98,2-1,9.79,SCORE POISSON + FORME - confiance 78%,A recalculer via player_scorers,0.5206,0.4794,0.3248,0.6752,"[('2-0', 0.2071), ('1-0', 0.1798), ('2-1', 0.0979), ('3-0', 0.0943), ('1-1', 0.0819), ('0-0', 0.052), ('3-1', 0.0509), ('0-1', 0.0483), ('4-0', 0.0364), ('1-2', 0.0279), ('4-1', 0.0195), ('2-2', 0.017)]",0.0,0.0,0.0,0.0,224.38
03/10/2026 01:08,WATCHLIST,2026-10-11T20:30:00Z,soccer_brazil_campeonato,the-odds-api,football,Palmeiras,Corinthians,Away Win,Corinthians,0.17778448467135083,6.75,0.1481,0.2,A EVITER,WATCHLIST,False,68.32,5 - WATCHLIST,COTE HAUTE,BOOST|GLOBAL_BOOST,+3.2% (24 obs),MEGA 70%/3% | SAFE 63%/1% | VALUE 58%/3%,WATCHLIST,cote trop haute,Value positive 20.0% | Proba IA 17.8% | COTE HAUTE | Learning BOOST|GLOBAL_BOOST | Calibration +3.2% (24 obs) | Source the-odds-api,0.5,0.5,1.2,1.1,1.2,1.2,0,NO BET,7.43,0.0,0.0,0.0,1500.0,1500.0,65.0,2.114,0.493,0.1348,NO DRAW SIGNAL,2-0,20.71,1-0,17.98,2-1,9.79,SCORE POISSON + FORME - confiance 78%,A recalculer via player_scorers,0.5206,0.4794,0.3248,0.6752,"[('2-0', 0.2071), ('1-0', 0.1798), ('2-1', 0.0979), ('3-0', 0.0943), ('1-1', 0.0819), ('0-0', 0.052), ('3-1', 0.0509), ('0-1', 0.0483), ('4-0', 0.0364), ('1-2', 0.0279), ('4-1', 0.0195), ('2-2', 0.017)]",0.0,0.0,0.0,0.0,199.58
03/10/2026 01:08,NO BET,2026-10-11T20:30:00Z,soccer_brazil_campeonato,the-odds-api,football,Palmeiras,Corinthians,Draw,Draw,0.16843799388227476,4.1,0.2439,-0.3094,A EVITER,NO BET,False,29.42,6 - NO BET,DRAW RISQUE,BOOST|GLOBAL_BOOST,-4.5% (32 obs),MEGA 70%/3% | SAFE 63%/1% | VALUE 58%/3%,REFUSE,cote trop haute,Value negative ou nulle | Proba IA 16.8% | DRAW RISQUE | Learning BOOST|GLOBAL_BOOST | Calibration -4.5% (32 obs) | Source the-odds-api,0.5,0.5,1.2,1.1,1.2,1.2,0,NO BET,7.43,0.0,0.0,0.0,1500.0,1500.0,65.0,2.114,0.493,0.1348,NO DRAW SIGNAL,2-0,20.71,1-0,17.98,2-1,9.79,SCORE POISSON + FORME - confiance 78%,A recalculer via player_scorers,0.5206,0.4794,0.3248,0.6752,"[('2-0', 0.2071), ('1-0', 0.1798), ('2-1', 0.0979), ('3-0', 0.0943), ('1-1', 0.0819), ('0-0', 0.052), ('3-1', 0.0509), ('0-1', 0.0483), ('4-0', 0.0364), ('1-2', 0.0279), ('4-1', 0.0195), ('2-2', 0.017)]",0.0,0.0,0.0,0.0,55.33
03/10/2026 01:08,WATCHLIST,2026-10-11T22:15:00Z,soccer_argentina_primera_division,the-odds-api,football,Racing Club,Belgrano de Cordoba,Home Win,Racing Club,0.48328246569443906,2.38,0.4202,0.1502,A EVITER,WATCHLIST,False,88.42,5 - WATCHLIST,OK,BOOST|GLOBAL_BOOST,+3.9% (57 obs),MEGA 70%/3% | SAFE 63%/1% | VALUE 58%/3%,WATCHLIST,proba trop basse,Value positive 15.0% | Proba IA 48.3% | Learning BOOST|GLOBAL_BOOST | Calibration +3.9% (57 obs) | Source the-odds-api,0.5,0.5,1.2,1.1,1.2,1.2,0,NO BET,7.43,0.0,0.0,0.0,1500.0,1500.0,65.0,1.406,0.986,0.2687,NO DRAW SIGNAL,1-0,13.93,1-1,13.89,2-1,10.2,SCORE POISSON + FORME - confiance 68%,A recalculer via player_scorers,0.4268,0.5732,0.473,0.527,"[('1-0', 0.1393), ('1-1', 0.1389), ('2-1', 0.102), ('0-1', 0.0991), ('2-0', 0.098), ('1-2', 0.0718), ('0-0', 0.0697), ('0-2', 0.0512), ('2-2', 0.0371), ('3-1', 0.0361), ('3-0', 0.0241), ('1-3', 0.0203)]",0.0,0.0,0.0,0.0,229.28
03/10/2026 01:08,WATCHLIST,2026-10-11T22:15:00Z,soccer_argentina_primera_division,the-odds-api,football,Racing Club,Belgrano de Cordoba,Away Win,Belgrano de Cordoba,0.38590294812562614,3.0,0.3333,0.1577,A EVITER,WATCHLIST,False,85.19,5 - WATCHLIST,MARCHE JUSTE,BOOST|GLOBAL_BOOST,+4.0% (64 obs),MEGA 70%/3% | SAFE 63%/1% | VALUE 58%/3%,WATCHLIST,proba trop basse,Value positive 15.8% | Proba IA 38.6% | MARCHE JUSTE | Learning BOOST|GLOBAL_BOOST | Calibration +4.0% (64 obs) | Source the-odds-api,0.5,0.5,1.2,1.1,1.2,1.2,0,NO BET,7.43,0.0,0.0,0.0,1500.0,1500.0,65.0,1.406,0.986,0.2687,NO DRAW SIGNAL,1-0,13.93,1-1,13.89,2-1,10.2,SCORE POISSON + FORME - confiance 68%,A recalculer via player_scorers,0.4268,0.5732,0.473,0.527,"[('1-0', 0.1393), ('1-1', 0.1389), ('2-1', 0.102), ('0-1', 0.0991), ('2-0', 0.098), ('1-2', 0.0718), ('0-0', 0.0697), ('0-2', 0.0512), ('2-2', 0.0371), ('3-1', 0.0361), ('3-0', 0.0241), ('1-3', 0.0203)]",0.0,0.0,0.0,0.0,220.91
03/10/2026 01:08,WATCHLIST,2026-10-11T22:15:00Z,soccer_argentina_primera_division,the-odds-api,football,Racing Club,Belgrano de Cordoba,Draw,Draw,0.3338371579780136,3.0,0.3333,0.0015,A EVITER,NUL POSSIBLE,True,61.04,3B - NUL POSSIBLE,MARCHE JUSTE,BOOST|GLOBAL_BOOST,+1.2% (179 obs),MEGA 70%/3% | SAFE 63%/1% | VALUE 58%/3%,WATCHLIST,proba trop basse,Value positive 0.1% | Proba IA 33.4% | MARCHE JUSTE | Learning BOOST|GLOBAL_BOOST | Calibration +1.2% (179 obs) | Source the-odds-api,0.5,0.5,1.2,1.1,1.2,1.2,0,NO BET,7.43,0.1346,0.0008,0.0,1500.0,1500.0,65.0,1.406,0.986,0.2687,DRAW POSSIBLE - tight 41%,1-0,13.93,1-1,13.89,2-1,10.2,SCORE POISSON + FORME - confiance 68%,A recalculer via player_scorers,0.4268,0.5732,0.473,0.527,"[('1-0', 0.1393), ('1-1', 0.1389), ('2-1', 0.102), ('0-1', 0.0991), ('2-0', 0.098), ('1-2', 0.0718), ('0-0', 0.0697), ('0-2', 0.0512), ('2-2', 0.0371), ('3-1', 0.0361), ('3-0', 0.0241), ('1-3', 0.0203)]",0.0,0.0,0.0,0.0,114.36
03/10/2026 01:08,WATCHLIST,2026-10-11T22:30:00Z,soccer_brazil_campeonato,the-odds-api,football,Bahia,Mirassol,Home Win,Bahia,0.6426039702171061,1.66,0.6024,0.0667,Moyenne,SAFE PICK,True,90.51,2 - SAFE PICK,OK,BOOST|GLOBAL_BOOST,-0.7% (30 obs),MEGA 70%/3% | SAFE 63%/1% | VALUE 58%/3%,WATCHLIST,watchlist prudente,Value positive 6.7% | Proba IA 64.3% | Learning BOOST|GLOBAL_BOOST | Calibration -0.7% (30 obs) | Source the-odds-api,0.5,0.5,1.2,1.1,1.2,1.2,0,NO BET,7.43,0.2692,0.1011,0.0,1500.0,1500.0,65.0,1.879,0.657,0.1736,NO DRAW SIGNAL,2-0,17.49,1-0,17.27,2-1,11.2,SCORE POISSON + FORME - confiance 70%,A recalculer via player_scorers,0.4844,0.5156,0.3937,0.6063,"[('2-0', 0.1749), ('1-0', 0.1727), ('2-1', 0.112), ('1-1', 0.1063), ('0-1', 0.0693), ('0-0', 0.0582), ('3-1', 0.0526), ('1-2', 0.0462), ('3-0', 0.0416), ('0-2', 0.0274), ('2-2', 0.0261), ('4-0', 0.0154)]",0.0,0.0,0.0,0.0,207.63
03/10/2026 01:08,WATCHLIST,2026-10-11T22:30:00Z,soccer_brazil_campeonato,the-odds-api,football,Bahia,Mirassol,Draw,Draw,0.27837851437373373,3.9,0.2564,0.0857,A EVITER,NUL POSSIBLE,True,65.39,3B - NUL POSSIBLE,DRAW RISQUE,BOOST|GLOBAL_BOOST,+3.7% (114 obs),MEGA 70%/3% | SAFE 63%/1% | VALUE 58%/3%,WATCHLIST,cote trop haute,Value positive 8.6% | Proba IA 27.8% | DRAW RISQUE | Learning BOOST|GLOBAL_BOOST | Calibration +3.7% (114 obs) | Source the-odds-api,0.5,0.5,1.2,1.1,1.2,1.2,0,NO BET,7.43,0.1346,0.0295,0.0,1500.0,1500.0,65.0,1.879,0.657,0.1736,NO DRAW SIGNAL,2-0,17.49,1-0,17.27,2-1,11.2,SCORE POISSON + FORME - confiance 70%,A recalculer via player_scorers,0.4844,0.5156,0.3937,0.6063,"[('2-0', 0.1749), ('1-0', 0.1727), ('2-1', 0.112), ('1-1', 0.1063), ('0-1', 0.0693), ('0-0', 0.0582), ('3-1', 0.0526), ('1-2', 0.0462), ('3-0', 0.0416), ('0-2', 0.0274), ('2-2', 0.0261), ('4-0', 0.0154)]",0.0,0.0,0.0,0.0,153.1
03/10/2026 01:08,NO BET,2026-10-11T22:30:00Z,soccer_brazil_campeonato,the-odds-api,football,Bahia,Mirassol,Away Win,Mirassol,0.1733370216167115,4.7,0.2128,-0.1853,A EVITER,NO BET,False,33.63,6 - NO BET,COTE HAUTE,BOOST|GLOBAL_BOOST,-3.0% (36 obs),MEGA 70%/3% | SAFE 63%/1% | VALUE 58%/3%,REFUSE,cote trop haute,Value negative ou nulle | Proba IA 17.3% | COTE HAUTE | Learning BOOST|GLOBAL_BOOST | Calibration -3.0% (36 obs) | Source the-odds-api,0.5,0.5,1.2,1.1,1.2,1.2,0,NO BET,7.43,0.0,0.0,0.0,1500.0,1500.0,65.0,1.879,0.657,0.1736,NO DRAW SIGNAL,2-0,17.49,1-0,17.27,2-1,11.2,SCORE POISSON + FORME - confiance 70%,A recalculer via player_scorers,0.4844,0.5156,0.3937,0.6063,"[('2-0', 0.1749), ('1-0', 0.1727), ('2-1', 0.112), ('1-1', 0.1063), ('0-1', 0.0693), ('0-0', 0.0582), ('3-1', 0.0526), ('1-2', 0.0462), ('3-0', 0.0416), ('0-2', 0.0274), ('2-2', 0.0261), ('4-0', 0.0154)]",0.0,0.0,0.0,0.0,61.91
03/10/2026 01:08,WATCHLIST,2026-10-11T23:00:00Z,soccer_mexico_ligamx,the-odds-api,football,Atlético San Luis,Santos Laguna,Away Win,Santos Laguna,0.3263753657019923,3.55,0.2817,0.1586,A EVITER,WATCHLIST,False,79.8,5 - WATCHLIST,OK,BOOST|GLOBAL_BOOST,+4.0% (49 obs),MEGA 70%/3% | SAFE 63%/1% | VALUE 58%/3%,WATCHLIST,cote trop haute,Value positive 15.9% | Proba IA 32.6% | Learning BOOST|GLOBAL_BOOST | Calibration +4.0% (49 obs) | Source the-odds-api,0.5,0.5,1.2,1.1,1.2,1.2,0,NO BET,7.43,0.0,0.0,0.0,1500.0,1500.0,65.0,1.663,0.826,0.2393,NO DRAW SIGNAL,1-0,15.14,1-1,13.02,2-0,12.04,SCORE POISSON + FORME - confiance 78%,A recalculer via player_scorers,0.4527,0.5473,0.455,0.545,"[('1-0', 0.1514), ('1-1', 0.1302), ('2-0', 0.1204), ('2-1', 0.1096), ('0-1', 0.0833), ('0-0', 0.0657), ('1-2', 0.0605), ('3-1', 0.0427), ('0-2', 0.039), ('2-2', 0.035), ('3-0', 0.0303), ('1-3', 0.0165)]",0.0,0.0,0.0,0.0,209.16
03/10/2026 01:08,WATCHLIST,2026-10-11T23:00:00Z,soccer_mexico_ligamx,the-odds-api,football,Atlético San Luis,Santos Laguna,Draw,Draw,0.3054023935468564,3.8,0.2632,0.1605,A EVITER,NUL POSSIBLE,True,75.14,3B - NUL POSSIBLE,MARCHE JUSTE,BOOST|GLOBAL_BOOST,+3.7% (114 obs),MEGA 70%/3% | SAFE 63%/1% | VALUE 58%/3%,WATCHLIST,cote trop haute,Value positive 16.1% | Proba IA 30.5% | MARCHE JUSTE | Learning BOOST|GLOBAL_BOOST | Calibration +3.7% (114 obs) | Source the-odds-api,0.5,0.5,1.2,1.1,1.2,1.2,0,NO BET,7.43,0.1346,0.0573,0.0,1500.0,1500.0,65.0,1.663,0.826,0.2393,NO DRAW SIGNAL,1-0,15.14,1-1,13.02,2-0,12.04,SCORE POISSON + FORME - confiance 78%,A recalculer via player_scorers,0.4527,0.5473,0.455,0.545,"[('1-0', 0.1514), ('1-1', 0.1302), ('2-0', 0.1204), ('2-1', 0.1096), ('0-1', 0.0833), ('0-0', 0.0657), ('1-2', 0.0605), ('3-1', 0.0427), ('0-2', 0.039), ('2-2', 0.035), ('3-0', 0.0303), ('1-3', 0.0165)]",0.0,0.0,0.0,0.0,201.61
03/10/2026 01:08,NO BET,2026-10-11T23:00:00Z,soccer_mexico_ligamx,the-odds-api,football,Atlético San Luis,Santos Laguna,Home Win,Atlético San Luis,0.4879492400094763,1.91,0.5236,-0.068,A EVITER,NO BET,False,68.52,5 - WATCHLIST,OK,BOOST|GLOBAL_BOOST,-6.0% (26 obs),MEGA 70%/3% | SAFE 63%/1% | VALUE 58%/3%,REFUSE,value negative,Value negative ou nulle | Proba IA 48.8% | Learning BOOST|GLOBAL_BOOST | Calibration -6.0% (26 obs) | Source the-odds-api,0.5,0.5,1.2,1.1,1.2,1.2,0,NO BET,7.43,0.0,0.0,0.0,1500.0,1500.0,65.0,1.663,0.826,0.2393,NO DRAW SIGNAL,1-0,15.14,1-1,13.02,2-0,12.04,SCORE POISSON + FORME - confiance 78%,A recalculer via player_scorers,0.4527,0.5473,0.455,0.545,"[('1-0', 0.1514), ('1-1', 0.1302), ('2-0', 0.1204), ('2-1', 0.1096), ('0-1', 0.0833), ('0-0', 0.0657), ('1-2', 0.0605), ('3-1', 0.0427), ('0-2', 0.039), ('2-2', 0.035), ('3-0', 0.0303), ('1-3', 0.0165)]",0.0,0.0,0.0,0.0,135.57
03/10/2026 01:08,WATCHLIST,2026-10-11T23:00:00Z,soccer_usa_mls,the-odds-api,football,St. Louis City SC,LA Galaxy,Home Win,St. Louis City SC,0.6362007217383342,1.62,0.6173,0.0306,Moyenne,SAFE PICK,True,86.09,2 - SAFE PICK,OK,BOOST|GLOBAL_BOOST,-2.9% (29 obs),MEGA 70%/3% | SAFE 63%/1% | VALUE 58%/3%,WATCHLIST,watchlist prudente,Value positive 3.1% | Proba IA 63.6% | Learning BOOST|GLOBAL_BOOST | Calibration -2.9% (29 obs) | Source the-odds-api,0.5,0.5,1.2,1.1,1.2,1.2,0,NO BET,7.43,0.2692,0.0494,0.0,1500.0,1500.0,65.0,1.911,0.658,0.1703,NO DRAW SIGNAL,2-0,17.58,1-0,17.11,2-1,11.27,SCORE POISSON + FORME - confiance 72%,A recalculer via player_scorers,0.4928,0.5072,0.3964,0.6036,"[('2-0', 0.1758), ('1-0', 0.1711), ('2-1', 0.1127), ('1-1', 0.1056), ('0-1', 0.068), ('0-0', 0.057), ('3-1', 0.0537), ('1-2', 0.046), ('3-0', 0.0424), ('0-2', 0.027), ('2-2', 0.0262), ('4-0', 0.0159)]",0.0,0.0,0.0,0.0,185.12
03/10/2026 01:08,NO BET,2026-10-11T23:00:00Z,soccer_usa_mls,the-odds-api,football,St. Louis City SC,LA Galaxy,Away Win,LA Galaxy,0.18223194772599013,4.5,0.2222,-0.18,A EVITER,NO BET,False,34.0,6 - NO BET,OK,BOOST|GLOBAL_BOOST,-3.0% (36 obs),MEGA 70%/3% | SAFE 63%/1% | VALUE 58%/3%,REFUSE,cote trop haute,Value negative ou nulle | Proba IA 18.2% | Learning BOOST|GLOBAL_BOOST | Calibration -3.0% (36 obs) | Source the-odds-api,0.5,0.5,1.2,1.1,1.2,1.2,0,NO BET,7.43,0.0,0.0,0.0,1500.0,1500.0,65.0,1.911,0.658,0.1703,NO DRAW SIGNAL,2-0,17.58,1-0,17.11,2-1,11.27,SCORE POISSON + FORME - confiance 72%,A recalculer via player_scorers,0.4928,0.5072,0.3964,0.6036,"[('2-0', 0.1758), ('1-0', 0.1711), ('2-1', 0.1127), ('1-1', 0.1056), ('0-1', 0.068), ('0-0', 0.057), ('3-1', 0.0537), ('1-2', 0.046), ('3-0', 0.0424), ('0-2', 0.027), ('2-2', 0.0262), ('4-0', 0.0159)]",0.0,0.0,0.0,0.0,63.08
03/10/2026 01:08,NO BET,2026-10-11T23:00:00Z,soccer_usa_mls,the-odds-api,football,St. Louis City SC,LA Galaxy,Draw,Draw,0.16301151212060352,4.6,0.2174,-0.2501,A EVITER,NO BET,False,29.2,6 - NO BET,DRAW RISQUE,BOOST|GLOBAL_BOOST,-4.5% (32 obs),MEGA 70%/3% | SAFE 63%/1% | VALUE 58%/3%,REFUSE,cote trop haute,Value negative ou nulle | Proba IA 16.3% | DRAW RISQUE | Learning BOOST|GLOBAL_BOOST | Calibration -4.5% (32 obs) | Source the-odds-api,0.5,0.5,1.2,1.1,1.2,1.2,0,NO BET,7.43,0.0,0.0,0.0,1500.0,1500.0,65.0,1.911,0.658,0.1703,NO DRAW SIGNAL,2-0,17.58,1-0,17.11,2-1,11.27,SCORE POISSON + FORME - confiance 72%,A recalculer via player_scorers,0.4928,0.5072,0.3964,0.6036,"[('2-0', 0.1758), ('1-0', 0.1711), ('2-1', 0.1127), ('1-1', 0.1056), ('0-1', 0.068), ('0-0', 0.057), ('3-1', 0.0537), ('1-2', 0.046), ('3-0', 0.0424), ('0-2', 0.027), ('2-2', 0.0262), ('4-0', 0.0159)]",0.0,0.0,0.0,0.0,54.63
03/10/2026 01:08,WATCHLIST,2026-10-11T23:15:00Z,soccer_mexico_ligamx,the-odds-api,football,Pachuca,Necaxa,Home Win,Pachuca,0.6289292361776947,1.62,0.6173,0.0189,Moyenne,WATCHLIST,False,84.43,5 - WATCHLIST,OK,BOOST|GLOBAL_BOOST,-2.9% (29 obs),MEGA 70%/3% | SAFE 63%/1% | VALUE 58%/3%,WATCHLIST,watchlist prudente,Value positive 1.9% | Proba IA 62.9% | Learning BOOST|GLOBAL_BOOST | Calibration -2.9% (29 obs) | Source the-odds-api,0.5,0.5,1.2,1.1,1.2,1.2,0,NO BET,7.43,0.0,0.0,0.0,1500.0,1500.0,65.0,1.904,0.643,0.1703,NO DRAW SIGNAL,2-0,17.78,1-0,17.35,2-1,11.18,SCORE POISSON + FORME - confiance 71%,A recalculer via player_scorers,0.4874,0.5126,0.3894,0.6106,"[('2-0', 0.1778), ('1-0', 0.1735), ('2-1', 0.1118), ('1-1', 0.1051), ('0-1', 0.0678), ('0-0', 0.0579), ('3-1', 0.0531), ('1-2', 0.045), ('3-0', 0.0427), ('0-2', 0.0266), ('2-2', 0.0257), ('4-0', 0.0159)]",0.0,0.0,0.0,0.0,177.09
03/10/2026 01:08,WATCHLIST,2026-10-11T23:15:00Z,soccer_mexico_ligamx,the-odds-api,football,Pachuca,Necaxa,Draw,Draw,0.2716496769892614,4.0,0.25,0.0866,A EVITER,WATCHLIST,False,65.22,5 - WATCHLIST,DRAW RISQUE,BOOST|GLOBAL_BOOST,+3.7% (114 obs),MEGA 70%/3% | SAFE 63%/1% | VALUE 58%/3%,WATCHLIST,cote trop haute,Value positive 8.7% | Proba IA 27.2% | DRAW RISQUE | Learning BOOST|GLOBAL_BOOST | Calibration +3.7% (114 obs) | Source the-odds-api,0.5,0.5,1.2,1.1,1.2,1.2,0,NO BET,7.43,0.0,0.0,0.0,1500.0,1500.0,65.0,1.904,0.643,0.1703,NO DRAW SIGNAL,2-0,17.78,1-0,17.35,2-1,11.18,SCORE POISSON + FORME - confiance 71%,A recalculer via player_scorers,0.4874,0.5126,0.3894,0.6106,"[('2-0', 0.1778), ('1-0', 0.1735), ('2-1', 0.1118), ('1-1', 0.1051), ('0-1', 0.0678), ('0-0', 0.0579), ('3-1', 0.0531), ('1-2', 0.045), ('3-0', 0.0427), ('0-2', 0.0266), ('2-2', 0.0257), ('4-0', 0.0159)]",0.0,0.0,0.0,0.0,152.78
03/10/2026 01:08,NO BET,2026-10-11T23:15:00Z,soccer_mexico_ligamx,the-odds-api,football,Pachuca,Necaxa,Away Win,Necaxa,0.16900359607629373,4.75,0.2105,-0.1972,A EVITER,NO BET,False,33.45,6 - NO BET,COTE HAUTE,BOOST|GLOBAL_BOOST,-3.0% (36 obs),MEGA 70%/3% | SAFE 63%/1% | VALUE 58%/3%,REFUSE,cote trop haute,Value negative ou nulle | Proba IA 16.9% | COTE HAUTE | Learning BOOST|GLOBAL_BOOST | Calibration -3.0% (36 obs) | Source the-odds-api,0.5,0.5,1.2,1.1,1.2,1.2,0,NO BET,7.43,0.0,0.0,0.0,1500.0,1500.0,65.0,1.904,0.643,0.1703,NO DRAW SIGNAL,2-0,17.78,1-0,17.35,2-1,11.18,SCORE POISSON + FORME - confiance 71%,A recalculer via player_scorers,0.4874,0.5126,0.3894,0.6106,"[('2-0', 0.1778), ('1-0', 0.1735), ('2-1', 0.1118), ('1-1', 0.1051), ('0-1', 0.0678), ('0-0', 0.0579), ('3-1', 0.0531), ('1-2', 0.045), ('3-0', 0.0427), ('0-2', 0.0266), ('2-2', 0.0257), ('4-0', 0.0159)]",0.0,0.0,0.0,0.0,61.34
03/10/2026 01:08,WATCHLIST,2026-10-12T00:30:00Z,soccer_argentina_primera_division,the-odds-api,football,Talleres,Independiente,Draw,Draw,0.33307745053137966,3.0,0.3333,-0.0008,A EVITER,NUL POSSIBLE,True,60.75,3B - NUL POSSIBLE,MARCHE JUSTE,BOOST|GLOBAL_BOOST,+1.2% (179 obs),MEGA 70%/3% | SAFE 63%/1% | VALUE 58%/3%,WATCHLIST,value negative,Value negative ou nulle | Proba IA 33.3% | MARCHE JUSTE | Learning BOOST|GLOBAL_BOOST | Calibration +1.2% (179 obs) | Source the-odds-api,0.5,0.5,1.2,1.1,1.2,1.2,0,NO BET,7.43,0.1346,0.0,0.0,1500.0,1500.0,65.0,1.381,1.008,0.2729,DRAW POSSIBLE - tight 48%,1-1,14.06,1-0,13.7,2-1,10.07,SCORE POISSON + FORME - confiance 71%,A recalculer via player_scorers,0.4251,0.5749,0.4756,0.5244,"[('1-1', 0.1406), ('1-0', 0.137), ('2-1', 0.1007), ('0-1', 0.1004), ('2-0', 0.0954), ('1-2', 0.073), ('0-0', 0.0702), ('0-2', 0.0528), ('2-2', 0.0374), ('3-1', 0.0354), ('3-0', 0.0235), ('1-3', 0.0209)]",0.0,0.0,0.0,0.0,113.23
03/10/2026 01:08,NO BET,2026-10-12T00:30:00Z,soccer_argentina_primera_division,the-odds-api,football,Talleres,Independiente,Home Win,Talleres,0.36661310781850776,2.4,0.4167,-0.1201,A EVITER,NO BET,False,54.75,6 - NO BET,OK,BOOST|GLOBAL_BOOST,-6.0% (36 obs),MEGA 70%/3% | SAFE 63%/1% | VALUE 58%/3%,REFUSE,value negative,Value negative ou nulle | Proba IA 36.7% | Learning BOOST|GLOBAL_BOOST | Calibration -6.0% (36 obs) | Source the-odds-api,0.5,0.5,1.2,1.1,1.2,1.2,0,NO BET,7.43,0.0,0.0,0.0,1500.0,1500.0,65.0,1.381,1.008,0.2729,NO DRAW SIGNAL,1-1,14.06,1-0,13.7,2-1,10.07,SCORE POISSON + FORME - confiance 71%,A recalculer via player_scorers,0.4251,0.5749,0.4756,0.5244,"[('1-1', 0.1406), ('1-0', 0.137), ('2-1', 0.1007), ('0-1', 0.1004), ('2-0', 0.0954), ('1-2', 0.073), ('0-0', 0.0702), ('0-2', 0.0528), ('2-2', 0.0374), ('3-1', 0.0354), ('3-0', 0.0235), ('1-3', 0.0209)]",0.0,0.0,0.0,0.0,106.69
03/10/2026 01:08,NO BET,2026-10-12T00:30:00Z,soccer_argentina_primera_division,the-odds-api,football,Talleres,Independiente,Away Win,Independiente,0.30402401291457426,2.88,0.3472,-0.1244,A EVITER,NO BET,False,52.12,6 - NO BET,MARCHE JUSTE,BOOST|GLOBAL_BOOST,-4.1% (61 obs),MEGA 70%/3% | SAFE 63%/1% | VALUE 58%/3%,REFUSE,value negative,Value negative ou nulle | Proba IA 30.4% | MARCHE JUSTE | Learning BOOST|GLOBAL_BOOST | Calibration -4.1% (61 obs) | Source the-odds-api,0.5,0.5,1.2,1.1,1.2,1.2,0,NO BET,7.43,0.0,0.0,0.0,1500.0,1500.0,65.0,1.381,1.008,0.2729,NO DRAW SIGNAL,1-1,14.06,1-0,13.7,2-1,10.07,SCORE POISSON + FORME - confiance 71%,A recalculer via player_scorers,0.4251,0.5749,0.4756,0.5244,"[('1-1', 0.1406), ('1-0', 0.137), ('2-1', 0.1007), ('0-1', 0.1004), ('2-0', 0.0954), ('1-2', 0.073), ('0-0', 0.0702), ('0-2', 0.0528), ('2-2', 0.0374), ('3-1', 0.0354), ('3-0', 0.0235), ('1-3', 0.0209)]",0.0,0.0,0.0,0.0,98.42
03/10/2026 01:08,WATCHLIST,2026-10-12T01:00:00Z,soccer_mexico_ligamx,the-odds-api,football,Pumas,Cruz Azul,Draw,Draw,0.30041003032611885,3.7,0.2703,0.1115,A EVITER,NUL POSSIBLE,True,69.29,3B - NUL POSSIBLE,MARCHE JUSTE,BOOST|GLOBAL_BOOST,+1.2% (179 obs),MEGA 70%/3% | SAFE 63%/1% | VALUE 58%/3%,WATCHLIST,cote trop haute,Value positive 11.2% | Proba IA 30.0% | MARCHE JUSTE | Learning BOOST|GLOBAL_BOOST | Calibration +1.2% (179 obs) | Source the-odds-api,0.5,0.5,1.2,1.1,1.2,1.2,0,NO BET,7.43,0.1346,0.0413,0.0,1500.0,1500.0,65.0,1.013,1.341,0.2789,NO DRAW SIGNAL,1-1,14.22,0-1,12.81,1-0,11.12,SCORE POISSON + FORME - confiance 78%,A recalculer via player_scorers,0.4151,0.5849,0.4709,0.5291,"[('1-1', 0.1422), ('0-1', 0.1281), ('1-0', 0.1112), ('1-2', 0.0905), ('0-2', 0.0833), ('2-1', 0.0814), ('0-0', 0.0723), ('2-0', 0.0643), ('2-2', 0.0371), ('1-3', 0.0298), ('3-1', 0.0254), ('0-3', 0.0176)]",0.0,0.0,0.0,0.0,171.53
03/10/2026 01:08,WATCHLIST,2026-10-12T01:00:00Z,soccer_mexico_ligamx,the-odds-api,football,Pumas,Cruz Azul,Home Win,Pumas,0.3136506458245966,3.45,0.2899,0.0821,A EVITER,WATCHLIST,False,73.46,5 - WATCHLIST,MARCHE JUSTE,BOOST|GLOBAL_BOOST,+1.2% (35 obs),MEGA 70%/3% | SAFE 63%/1% | VALUE 58%/3%,WATCHLIST,cote trop haute,Value positive 8.2% | Proba IA 31.4% | MARCHE JUSTE | Learning BOOST|GLOBAL_BOOST | Calibration +1.2% (35 obs) | Source the-odds-api,0.5,0.5,1.2,1.1,1.2,1.2,0,NO BET,7.43,0.0,0.0,0.0,1500.0,1500.0,65.0,1.013,1.341,0.2789,NO DRAW SIGNAL,1-1,14.22,0-1,12.81,1-0,11.12,SCORE POISSON + FORME - confiance 78%,A recalculer via player_scorers,0.4151,0.5849,0.4709,0.5291,"[('1-1', 0.1422), ('0-1', 0.1281), ('1-0', 0.1112), ('1-2', 0.0905), ('0-2', 0.0833), ('2-1', 0.0814), ('0-0', 0.0723), ('2-0', 0.0643), ('2-2', 0.0371), ('1-3', 0.0298), ('3-1', 0.0254), ('0-3', 0.0176)]",0.0,0.0,0.0,0.0,165.98
03/10/2026 01:08,NO BET,2026-10-12T01:00:00Z,soccer_mexico_ligamx,the-odds-api,football,Pumas,Cruz Azul,Away Win,Cruz Azul,0.45443949417276014,2.05,0.4878,-0.0684,A EVITER,NO BET,False,67.07,5 - WATCHLIST,MARCHE JUSTE,BOOST|GLOBAL_BOOST,-6.0% (28 obs),MEGA 70%/3% | SAFE 63%/1% | VALUE 58%/3%,REFUSE,value negative,Value negative ou nulle | Proba IA 45.4% | MARCHE JUSTE | Learning BOOST|GLOBAL_BOOST | Calibration -6.0% (28 obs) | Source the-odds-api,0.5,0.5,1.2,1.1,1.2,1.2,0,NO BET,7.43,0.0,0.0,0.0,1500.0,1500.0,65.0,1.013,1.341,0.2789,NO DRAW SIGNAL,1-1,14.22,0-1,12.81,1-0,11.12,SCORE POISSON + FORME - confiance 78%,A recalculer via player_scorers,0.4151,0.5849,0.4709,0.5291,"[('1-1', 0.1422), ('0-1', 0.1281), ('1-0', 0.1112), ('1-2', 0.0905), ('0-2', 0.0833), ('2-1', 0.0814), ('0-0', 0.0723), ('2-0', 0.0643), ('2-2', 0.0371), ('1-3', 0.0298), ('3-1', 0.0254), ('0-3', 0.0176)]",0.0,0.0,0.0,0.0,131.07
03/10/2026 01:08,WATCHLIST,2026-10-12T16:30:00Z,soccer_italy_serie_a,the-odds-api,football,Atalanta BC,Venezia,Draw,Draw,0.3010612081375194,4.33,0.2309,0.3036,A EVITER,NUL POSSIBLE,True,78.29,3B - NUL POSSIBLE,MARCHE JUSTE,BOOST|GLOBAL_BOOST,+3.7% (114 obs),MEGA 70%/3% | SAFE 63%/1% | VALUE 58%/3%,WATCHLIST,cote trop haute,Value positive 30.4% | Proba IA 30.1% | MARCHE JUSTE | Learning BOOST|GLOBAL_BOOST | Calibration +3.7% (114 obs) | Source the-odds-api,0.5,0.38,1.2,1.12,1.2,1.62,0.95,NO BET,7.43,0.1346,0.0912,0.0,1500.0,1417.6,147.4,1.373,0.903,0.2718,NO DRAW SIGNAL,1-0,15.52,1-1,14.26,2-0,10.65,SCORE POISSON + FORME - confiance 84%,A recalculer via player_scorers,0.397,0.603,0.443,0.557,"[('1-0', 0.1552), ('1-1', 0.1426), ('2-0', 0.1065), ('0-1', 0.1049), ('2-1', 0.104), ('0-0', 0.0777), ('1-2', 0.0699), ('0-2', 0.0506), ('3-1', 0.026), ('2-2', 0.0256), ('3-0', 0.0252), ('1-3', 0.0147)]",0.0,0.0,0.0,0.0,267.49
03/10/2026 01:08,WATCHLIST,2026-10-12T16:30:00Z,soccer_italy_serie_a,the-odds-api,football,Atalanta BC,Venezia,Home Win,Atalanta BC,0.6255648174854586,1.62,0.6173,0.0134,Moyenne,WATCHLIST,False,90.17,5 - WATCHLIST,OK,BOOST|GLOBAL_BOOST,-0.7% (30 obs),MEGA 70%/3% | SAFE 63%/1% | VALUE 58%/3%,WATCHLIST,watchlist prudente,Value positive 1.3% | Proba IA 62.6% | Learning BOOST|GLOBAL_BOOST | Calibration -0.7% (30 obs) | Source the-odds-api,0.5,0.38,1.2,1.12,1.2,1.62,0.95,NO BET,7.43,0.0,0.0,0.0,1500.0,1417.6,147.4,1.373,0.903,0.2718,NO DRAW SIGNAL,1-0,15.52,1-1,14.26,2-0,10.65,SCORE POISSON + FORME - confiance 84%,A recalculer via player_scorers,0.397,0.603,0.443,0.557,"[('1-0', 0.1552), ('1-1', 0.1426), ('2-0', 0.1065), ('0-1', 0.1049), ('2-1', 0.104), ('0-0', 0.0777), ('1-2', 0.0699), ('0-2', 0.0506), ('3-1', 0.026), ('2-2', 0.0256), ('3-0', 0.0252), ('1-3', 0.0147)]",0.0,0.0,0.0,0.0,183.01
03/10/2026 01:08,NO BET,2026-10-12T16:30:00Z,soccer_italy_serie_a,the-odds-api,football,Atalanta BC,Venezia,Away Win,Venezia,0.16752110839141396,5.8,0.1724,-0.0284,A EVITER,NO BET,False,48.12,6 - NO BET,COTE HAUTE,BOOST|GLOBAL_BOOST,-3.0% (36 obs),MEGA 70%/3% | SAFE 63%/1% | VALUE 58%/3%,REFUSE,cote trop haute,Value negative ou nulle | Proba IA 16.8% | COTE HAUTE | Learning BOOST|GLOBAL_BOOST | Calibration -3.0% (36 obs) | Source the-odds-api,0.5,0.38,1.2,1.12,1.2,1.62,0.95,NO BET,7.43,0.0,0.0,0.0,1500.0,1417.6,147.4,1.373,0.903,0.2718,NO DRAW SIGNAL,1-0,15.52,1-1,14.26,2-0,10.65,SCORE POISSON + FORME - confiance 84%,A recalculer via player_scorers,0.397,0.603,0.443,0.557,"[('1-0', 0.1552), ('1-1', 0.1426), ('2-0', 0.1065), ('0-1', 0.1049), ('2-1', 0.104), ('0-0', 0.0777), ('1-2', 0.0699), ('0-2', 0.0506), ('3-1', 0.026), ('2-2', 0.0256), ('3-0', 0.0252), ('1-3', 0.0147)]",0.0,0.0,0.0,0.0,82.94
03/10/2026 01:08,WATCHLIST,2026-10-12T18:45:00Z,soccer_france_ligue_two,the-odds-api,football,Dijon,Metz,Home Win,Dijon,0.4833909953296725,2.63,0.3802,0.2713,A EVITER,WATCHLIST,False,100.0,5 - WATCHLIST,VALUE CLAIRE,BOOST|GLOBAL_BOOST,+3.9% (57 obs),MEGA 70%/3% | SAFE 63%/1% | VALUE 58%/3%,WATCHLIST,proba trop basse,Value positive 27.1% | Proba IA 48.3% | VALUE CLAIRE | Learning BOOST|GLOBAL_BOOST | Calibration +3.9% (57 obs) | Source the-odds-api,0.5,0.17,1.2,0.88,1.2,2.0,0.85,NO BET,7.43,0.0,0.0,0.0,1500.0,1375.2,189.8,1.48,0.861,0.2601,NO DRAW SIGNAL,1-0,15.18,1-1,13.44,2-0,11.03,SCORE POISSON + FORME - confiance 84%,A recalculer via player_scorers,0.4143,0.5857,0.4449,0.5551,"[('1-0', 0.1518), ('1-1', 0.1344), ('2-0', 0.1103), ('2-1', 0.1039), ('0-1', 0.0936), ('0-0', 0.0717), ('1-2', 0.0641), ('0-2', 0.0443), ('3-1', 0.0377), ('2-2', 0.0344), ('3-0', 0.0267), ('1-3', 0.0175)]",0.0,0.0,0.0,0.0,298.5
03/10/2026 01:08,WATCHLIST,2026-10-12T18:45:00Z,soccer_france_ligue_two,the-odds-api,football,Dijon,Metz,Draw,Draw,0.2946579596587474,3.6,0.2778,0.0608,A EVITER,NUL POSSIBLE,True,68.41,3B - NUL POSSIBLE,MARCHE JUSTE,BOOST|GLOBAL_BOOST,+1.2% (179 obs),MEGA 70%/3% | SAFE 63%/1% | VALUE 58%/3%,WATCHLIST,cote trop haute,Value positive 6.1% | Proba IA 29.5% | MARCHE JUSTE | Learning BOOST|GLOBAL_BOOST | Calibration +1.2% (179 obs) | Source the-odds-api,0.5,0.17,1.2,0.88,1.2,2.0,0.85,NO BET,7.43,0.1346,0.0234,0.0,1500.0,1375.2,189.8,1.48,0.861,0.2601,NO DRAW SIGNAL,1-0,15.18,1-1,13.44,2-0,11.03,SCORE POISSON + FORME - confiance 84%,A recalculer via player_scorers,0.4143,0.5857,0.4449,0.5551,"[('1-0', 0.1518), ('1-1', 0.1344), ('2-0', 0.1103), ('2-1', 0.1039), ('0-1', 0.0936), ('0-0', 0.0717), ('1-2', 0.0641), ('0-2', 0.0443), ('3-1', 0.0377), ('2-2', 0.0344), ('3-0', 0.0267), ('1-3', 0.0175)]",0.0,0.0,0.0,0.0,148.0
03/10/2026 01:08,NO BET,2026-10-12T18:45:00Z,soccer_france_ligue_two,the-odds-api,football,Dijon,Metz,Away Win,Metz,0.3343579916974988,2.4,0.4167,-0.1975,A EVITER,NO BET,False,58.59,5 - WATCHLIST,OK,BOOST|GLOBAL_BOOST,-4.1% (61 obs),MEGA 70%/3% | SAFE 63%/1% | VALUE 58%/3%,REFUSE,value negative,Value negative ou nulle | Proba IA 33.4% | Learning BOOST|GLOBAL_BOOST | Calibration -4.1% (61 obs) | Source the-odds-api,0.5,0.17,1.2,0.88,1.2,2.0,0.85,NO BET,7.43,0.0,0.0,0.0,1500.0,1375.2,189.8,1.48,0.861,0.2601,NO DRAW SIGNAL,1-0,15.18,1-1,13.44,2-0,11.03,SCORE POISSON + FORME - confiance 84%,A recalculer via player_scorers,0.4143,0.5857,0.4449,0.5551,"[('1-0', 0.1518), ('1-1', 0.1344), ('2-0', 0.1103), ('2-1', 0.1039), ('0-1', 0.0936), ('0-0', 0.0717), ('1-2', 0.0641), ('0-2', 0.0443), ('3-1', 0.0377), ('2-2', 0.0344), ('3-0', 0.0267), ('1-3', 0.0175)]",0.0,0.0,0.0,0.0,110.12
03/10/2026 01:08,WATCHLIST,2026-10-12T18:45:00Z,soccer_italy_serie_a,the-odds-api,football,Torino,Udinese,Home Win,Torino,0.4798095173669695,2.42,0.4132,0.1611,A EVITER,WATCHLIST,False,96.68,5 - WATCHLIST,MARCHE JUSTE,BOOST|GLOBAL_BOOST,+3.9% (57 obs),MEGA 70%/3% | SAFE 63%/1% | VALUE 58%/3%,WATCHLIST,proba trop basse,Value positive 16.1% | Proba IA 48.0% | MARCHE JUSTE | Learning BOOST|GLOBAL_BOOST | Calibration +3.9% (57 obs) | Source the-odds-api,0.5,0.46,1.25,1.25,1.25,0.75,1,NO BET,7.43,0.0,0.0,0.0,1468.5,1481.3,52.3,1.31,1.21,0.2834,NO DRAW SIGNAL,1-1,14.79,1-0,11.8,0-1,10.31,SCORE POISSON + FORME - confiance 84%,A recalculer via player_scorers,0.4536,0.5464,0.5153,0.4847,"[('1-1', 0.1479), ('1-0', 0.118), ('0-1', 0.1031), ('2-1', 0.0957), ('1-2', 0.0824), ('2-0', 0.081), ('0-0', 0.0671), ('0-2', 0.0628), ('2-2', 0.0417), ('3-1', 0.0333), ('1-3', 0.026), ('3-0', 0.0209)]",0.0,0.0,0.0,0.0,245.96
03/10/2026 01:08,WATCHLIST,2026-10-12T18:45:00Z,soccer_italy_serie_a,the-odds-api,football,Torino,Udinese,Draw,Draw,0.33405421724848045,3.4,0.2941,0.1358,A EVITER,NUL POSSIBLE,True,83.65,3B - NUL POSSIBLE,NUL SERRE,BOOST|GLOBAL_BOOST,+1.2% (179 obs),MEGA 70%/3% | SAFE 63%/1% | VALUE 58%/3%,WATCHLIST,cote trop haute,Value positive 13.6% | Proba IA 33.4% | NUL SERRE | Learning BOOST|GLOBAL_BOOST | Calibration +1.2% (179 obs) | Source the-odds-api,0.5,0.46,1.25,1.25,1.25,0.75,1,NO BET,7.43,0.1346,0.0566,0.0,1468.5,1481.3,52.3,1.31,1.21,0.2834,DRAW POSSIBLE - tight 59%,1-1,14.79,1-0,11.8,0-1,10.31,SCORE POISSON + FORME - confiance 84%,A recalculer via player_scorers,0.4536,0.5464,0.5153,0.4847,"[('1-1', 0.1479), ('1-0', 0.118), ('0-1', 0.1031), ('2-1', 0.0957), ('1-2', 0.0824), ('2-0', 0.081), ('0-0', 0.0671), ('0-2', 0.0628), ('2-2', 0.0417), ('3-1', 0.0333), ('1-3', 0.026), ('3-0', 0.0209)]",0.0,0.0,0.0,0.0,205.57
03/10/2026 01:08,NO BET,2026-10-12T18:45:00Z,soccer_italy_serie_a,the-odds-api,football,Torino,Udinese,Away Win,Udinese,0.29661157449017544,3.2,0.3125,-0.0508,A EVITER,NO BET,False,64.61,5 - WATCHLIST,MARCHE JUSTE,BOOST|GLOBAL_BOOST,-4.1% (61 obs),MEGA 70%/3% | SAFE 63%/1% | VALUE 58%/3%,REFUSE,cote trop haute,Value negative ou nulle | Proba IA 29.7% | MARCHE JUSTE | Learning BOOST|GLOBAL_BOOST | Calibration -4.1% (61 obs) | Source the-odds-api,0.5,0.46,1.25,1.25,1.25,0.75,1,NO BET,7.43,0.0,0.0,0.0,1468.5,1481.3,52.3,1.31,1.21,0.2834,NO DRAW SIGNAL,1-1,14.79,1-0,11.8,0-1,10.31,SCORE POISSON + FORME - confiance 84%,A recalculer via player_scorers,0.4536,0.5464,0.5153,0.4847,"[('1-1', 0.1479), ('1-0', 0.118), ('0-1', 0.1031), ('2-1', 0.0957), ('1-2', 0.0824), ('2-0', 0.081), ('0-0', 0.0671), ('0-2', 0.0628), ('2-2', 0.0417), ('3-1', 0.0333), ('1-3', 0.026), ('3-0', 0.0209)]",0.0,0.0,0.0,0.0,116.39
03/10/2026 01:08,WATCHLIST,2026-10-12T19:00:00Z,soccer_argentina_primera_division,the-odds-api,football,Lanus,Velez Sarsfield BA,Home Win,Lanus,0.509329578150461,2.3,0.4348,0.1715,Faible,WATCHLIST,False,96.96,5 - WATCHLIST,OK,BOOST|GLOBAL_BOOST,+3.9% (57 obs),MEGA 70%/3% | SAFE 63%/1% | VALUE 58%/3%,WATCHLIST,proba trop basse,Value positive 17.2% | Proba IA 50.9% | Learning BOOST|GLOBAL_BOOST | Calibration +3.9% (57 obs) | Source the-odds-api,0.5,0.5,1.2,1.1,1.2,1.2,0,NO BET,7.43,0.0,0.0,0.0,1500.0,1500.0,65.0,1.478,0.917,0.2597,NO DRAW SIGNAL,1-0,14.57,1-1,13.55,2-0,10.59,SCORE POISSON + FORME - confiance 76%,A recalculer via player_scorers,0.4286,0.5714,0.4625,0.5375,"[('1-0', 0.1457), ('1-1', 0.1355), ('2-0', 0.1059), ('2-1', 0.1047), ('0-1', 0.0944), ('0-0', 0.0691), ('1-2', 0.0675), ('0-2', 0.0465), ('3-1', 0.0379), ('2-2', 0.0359), ('3-0', 0.026), ('1-3', 0.0187)]",0.0,0.0,0.0,0.0,252.88
03/10/2026 01:08,WATCHLIST,2026-10-12T19:00:00Z,soccer_argentina_primera_division,the-odds-api,football,Lanus,Velez Sarsfield BA,Away Win,Velez Sarsfield BA,0.35020920617429013,3.4,0.2941,0.1907,A EVITER,WATCHLIST,False,87.49,5 - WATCHLIST,MARCHE JUSTE,BOOST|GLOBAL_BOOST,+4.0% (64 obs),MEGA 70%/3% | SAFE 63%/1% | VALUE 58%/3%,WATCHLIST,cote trop haute,Value positive 19.1% | Proba IA 35.0% | MARCHE JUSTE | Learning BOOST|GLOBAL_BOOST | Calibration +4.0% (64 obs) | Source the-odds-api,0.5,0.5,1.2,1.1,1.2,1.2,0,NO BET,7.43,0.0,0.0,0.0,1500.0,1500.0,65.0,1.478,0.917,0.2597,NO DRAW SIGNAL,1-0,14.57,1-1,13.55,2-0,10.59,SCORE POISSON + FORME - confiance 76%,A recalculer via player_scorers,0.4286,0.5714,0.4625,0.5375,"[('1-0', 0.1457), ('1-1', 0.1355), ('2-0', 0.1059), ('2-1', 0.1047), ('0-1', 0.0944), ('0-0', 0.0691), ('1-2', 0.0675), ('0-2', 0.0465), ('3-1', 0.0379), ('2-2', 0.0359), ('3-0', 0.026), ('1-3', 0.0187)]",0.0,0.0,0.0,0.0,236.01
03/10/2026 01:08,WATCHLIST,2026-10-12T19:00:00Z,soccer_argentina_primera_division,the-odds-api,football,Lanus,Velez Sarsfield BA,Draw,Draw,0.31462741254169746,2.9,0.3448,-0.0876,A EVITER,NUL POSSIBLE,True,49.99,3B - NUL POSSIBLE,OK,BOOST|GLOBAL_BOOST,-1.2% (23 obs),MEGA 70%/3% | SAFE 63%/1% | VALUE 58%/3%,WATCHLIST,value negative,Value negative ou nulle | Proba IA 31.5% | Learning BOOST|GLOBAL_BOOST | Calibration -1.2% (23 obs) | Source the-odds-api,0.5,0.5,1.2,1.1,1.2,1.2,0,NO BET,7.43,0.1346,0.0,0.0,1500.0,1500.0,65.0,1.478,0.917,0.2597,DRAW POSSIBLE - tight 30%,1-0,14.57,1-1,13.55,2-0,10.59,SCORE POISSON + FORME - confiance 76%,A recalculer via player_scorers,0.4286,0.5714,0.4625,0.5375,"[('1-0', 0.1457), ('1-1', 0.1355), ('2-0', 0.1059), ('2-1', 0.1047), ('0-1', 0.0944), ('0-0', 0.0691), ('1-2', 0.0675), ('0-2', 0.0465), ('3-1', 0.0379), ('2-2', 0.0359), ('3-0', 0.026), ('1-3', 0.0187)]",0.0,0.0,0.0,0.0,96.01
03/10/2026 01:08,WATCHLIST,2026-10-12T19:00:00Z,soccer_brazil_campeonato,the-odds-api,football,Coritiba,Botafogo,Home Win,Coritiba,0.4141490880507477,2.7,0.3704,0.1182,A EVITER,WATCHLIST,False,81.84,5 - WATCHLIST,MARCHE JUSTE,BOOST|GLOBAL_BOOST,+4.0% (33 obs),MEGA 70%/3% | SAFE 63%/1% | VALUE 58%/3%,WATCHLIST,proba trop basse,Value positive 11.8% | Proba IA 41.4% | MARCHE JUSTE | Learning BOOST|GLOBAL_BOOST | Calibration +4.0% (33 obs) | Source the-odds-api,0.5,0.5,1.2,1.1,1.2,1.2,0,NO BET,7.43,0.0,0.0,0.0,1500.0,1500.0,65.0,1.243,1.142,0.2928,NO DRAW SIGNAL,1-1,14.88,1-0,12.38,0-1,10.8,SCORE POISSON + FORME - confiance 78%,A recalculer via player_scorers,0.4188,0.5812,0.4874,0.5126,"[('1-1', 0.1488), ('1-0', 0.1238), ('0-1', 0.108), ('2-1', 0.0927), ('2-0', 0.0817), ('1-2', 0.0793), ('0-0', 0.0732), ('0-2', 0.063), ('2-2', 0.039), ('3-1', 0.0315), ('1-3', 0.0243), ('3-0', 0.0206)]",0.0,0.0,0.0,0.0,200.94
03/10/2026 01:08,WATCHLIST,2026-10-12T19:00:00Z,soccer_brazil_campeonato,the-odds-api,football,Coritiba,Botafogo,Draw,Draw,0.3133250569188964,3.4,0.2941,0.0653,A EVITER,NUL POSSIBLE,True,67.52,3B - NUL POSSIBLE,NUL SERRE,BOOST|GLOBAL_BOOST,-1.2% (23 obs),MEGA 70%/3% | SAFE 63%/1% | VALUE 58%/3%,WATCHLIST,cote trop haute,Value positive 6.5% | Proba IA 31.3% | NUL SERRE | Learning BOOST|GLOBAL_BOOST | Calibration -1.2% (23 obs) | Source the-odds-api,0.5,0.5,1.2,1.1,1.2,1.2,0,NO BET,7.43,0.1346,0.0272,0.0,1500.0,1500.0,65.0,1.243,1.142,0.2928,DRAW POSSIBLE - tight 71%,1-1,14.88,1-0,12.38,0-1,10.8,SCORE POISSON + FORME - confiance 78%,A recalculer via player_scorers,0.4188,0.5812,0.4874,0.5126,"[('1-1', 0.1488), ('1-0', 0.1238), ('0-1', 0.108), ('2-1', 0.0927), ('2-0', 0.0817), ('1-2', 0.0793), ('0-0', 0.0732), ('0-2', 0.063), ('2-2', 0.039), ('3-1', 0.0315), ('1-3', 0.0243), ('3-0', 0.0206)]",0.0,0.0,0.0,0.0,149.94
03/10/2026 01:08,NO BET,2026-10-12T19:00:00Z,soccer_brazil_campeonato,the-odds-api,football,Coritiba,Botafogo,Away Win,Botafogo,0.3754114968172462,2.45,0.4082,-0.0802,A EVITER,NO BET,False,57.39,5 - WATCHLIST,OK,BOOST|GLOBAL_BOOST,-2.8% (18 obs),MEGA 70%/3% | SAFE 63%/1% | VALUE 58%/3%,REFUSE,value negative,Value negative ou nulle | Proba IA 37.5% | Learning BOOST|GLOBAL_BOOST | Calibration -2.8% (18 obs) | Source the-odds-api,0.5,0.5,1.2,1.1,1.2,1.2,0,NO BET,7.43,0.0,0.0,0.0,1500.0,1500.0,65.0,1.243,1.142,0.2928,NO DRAW SIGNAL,1-1,14.88,1-0,12.38,0-1,10.8,SCORE POISSON + FORME - confiance 78%,A recalculer via player_scorers,0.4188,0.5812,0.4874,0.5126,"[('1-1', 0.1488), ('1-0', 0.1238), ('0-1', 0.108), ('2-1', 0.0927), ('2-0', 0.0817), ('1-2', 0.0793), ('0-0', 0.0732), ('0-2', 0.063), ('2-2', 0.039), ('3-1', 0.0315), ('1-3', 0.0243), ('3-0', 0.0206)]",0.0,0.0,0.0,0.0,111.22
03/10/2026 01:08,WATCHLIST,2026-10-12T19:00:00Z,soccer_epl,the-odds-api,football,Coventry City,Newcastle United,Draw,Draw,0.3071388677105912,3.75,0.2667,0.1518,A EVITER,NUL POSSIBLE,True,74.2,3B - NUL POSSIBLE,MARCHE JUSTE,BOOST|GLOBAL_BOOST,+1.2% (179 obs),MEGA 70%/3% | SAFE 63%/1% | VALUE 58%/3%,WATCHLIST,cote trop haute,Value positive 15.2% | Proba IA 30.7% | MARCHE JUSTE | Learning BOOST|GLOBAL_BOOST | Calibration +1.2% (179 obs) | Source the-odds-api,0.5,0.5,1.2,1.1,1.2,1.2,0,NO BET,7.43,0.1346,0.0552,0.0,1500.0,1500.0,65.0,1.063,1.296,0.2859,DRAW POSSIBLE - tight 31%,1-1,14.52,0-1,12.3,1-0,11.37,SCORE POISSON + FORME - confiance 78%,A recalculer via player_scorers,0.4145,0.5855,0.4771,0.5229,"[('1-1', 0.1452), ('0-1', 0.123), ('1-0', 0.1137), ('1-2', 0.0879), ('2-1', 0.0839), ('0-2', 0.0783), ('0-0', 0.0731), ('2-0', 0.0678), ('2-2', 0.0378), ('1-3', 0.0286), ('3-1', 0.0267), ('3-0', 0.0178)]",0.0,0.0,0.0,0.0,196.58
03/10/2026 01:08,WATCHLIST,2026-10-12T19:00:00Z,soccer_epl,the-odds-api,football,Coventry City,Newcastle United,Home Win,Coventry City,0.3304727392857774,3.4,0.2941,0.1236,A EVITER,WATCHLIST,False,78.94,5 - WATCHLIST,MARCHE JUSTE,BOOST|GLOBAL_BOOST,+1.2% (35 obs),MEGA 70%/3% | SAFE 63%/1% | VALUE 58%/3%,WATCHLIST,cote trop haute,Value positive 12.4% | Proba IA 33.0% | MARCHE JUSTE | Learning BOOST|GLOBAL_BOOST | Calibration +1.2% (35 obs) | Source the-odds-api,0.5,0.5,1.2,1.1,1.2,1.2,0,NO BET,7.43,0.0,0.0,0.0,1500.0,1500.0,65.0,1.063,1.296,0.2859,NO DRAW SIGNAL,1-1,14.52,0-1,12.3,1-0,11.37,SCORE POISSON + FORME - confiance 78%,A recalculer via player_scorers,0.4145,0.5855,0.4771,0.5229,"[('1-1', 0.1452), ('0-1', 0.123), ('1-0', 0.1137), ('1-2', 0.0879), ('2-1', 0.0839), ('0-2', 0.0783), ('0-0', 0.0731), ('2-0', 0.0678), ('2-2', 0.0378), ('1-3', 0.0286), ('3-1', 0.0267), ('3-0', 0.0178)]",0.0,0.0,0.0,0.0,193.12
03/10/2026 01:08,NO BET,2026-10-12T19:00:00Z,soccer_epl,the-odds-api,football,Coventry City,Newcastle United,Away Win,Newcastle United,0.42992142861513316,2.22,0.4505,-0.0456,A EVITER,NO BET,False,68.67,5 - WATCHLIST,MARCHE JUSTE,BOOST|GLOBAL_BOOST,-6.0% (21 obs),MEGA 70%/3% | SAFE 63%/1% | VALUE 58%/3%,REFUSE,value negative,Value negative ou nulle | Proba IA 43.0% | MARCHE JUSTE | Learning BOOST|GLOBAL_BOOST | Calibration -6.0% (21 obs) | Source the-odds-api,0.5,0.5,1.2,1.1,1.2,1.2,0,NO BET,7.43,0.0,0.0,0.0,1500.0,1500.0,65.0,1.063,1.296,0.2859,NO DRAW SIGNAL,1-1,14.52,0-1,12.3,1-0,11.37,SCORE POISSON + FORME - confiance 78%,A recalculer via player_scorers,0.4145,0.5855,0.4771,0.5229,"[('1-1', 0.1452), ('0-1', 0.123), ('1-0', 0.1137), ('1-2', 0.0879), ('2-1', 0.0839), ('0-2', 0.0783), ('0-0', 0.0731), ('2-0', 0.0678), ('2-2', 0.0378), ('1-3', 0.0286), ('3-1', 0.0267), ('3-0', 0.0178)]",0.0,0.0,0.0,0.0,131.73
03/10/2026 01:08,WATCHLIST,2026-10-12T19:00:00Z,soccer_spain_la_liga,the-odds-api,football,Levante,Sevilla,Home Win,Levante,0.5262602012468751,2.68,0.3731,0.4104,Faible,WATCHLIST,False,100.0,5 - WATCHLIST,VALUE CLAIRE,BOOST|GLOBAL_BOOST,+3.9% (57 obs),MEGA 70%/3% | SAFE 63%/1% | VALUE 58%/3%,WATCHLIST,proba trop basse,Value positive 41.0% | Proba IA 52.6% | VALUE CLAIRE | Learning BOOST|GLOBAL_BOOST | Calibration +3.9% (57 obs) | Source the-odds-api,0.67,0.5,1.62,1.12,1.38,1.25,1,NO BET,7.43,0.0,0.0,0.0,1483.9,1449.5,99.4,1.66,0.94,0.2407,NO DRAW SIGNAL,1-0,13.95,1-1,13.24,2-1,11.14,SCORE POISSON + FORME - confiance 84%,A recalculer via player_scorers,0.481,0.519,0.4928,0.5072,"[('1-0', 0.1395), ('1-1', 0.1324), ('2-1', 0.1114), ('2-0', 0.1108), ('0-1', 0.0848), ('1-2', 0.0671), ('0-0', 0.0611), ('3-1', 0.0433), ('0-2', 0.0429), ('2-2', 0.0385), ('3-0', 0.0285), ('1-3', 0.0189)]",0.0,0.0,0.0,0.0,361.3
03/10/2026 01:08,WATCHLIST,2026-10-12T19:00:00Z,soccer_spain_la_liga,the-odds-api,football,Levante,Sevilla,Draw,Draw,0.30930946041525964,3.4,0.2941,0.0517,A EVITER,NUL POSSIBLE,True,72.93,3B - NUL POSSIBLE,MARCHE JUSTE,BOOST|GLOBAL_BOOST,+1.2% (179 obs),MEGA 70%/3% | SAFE 63%/1% | VALUE 58%/3%,WATCHLIST,cote trop haute,Value positive 5.2% | Proba IA 30.9% | MARCHE JUSTE | Learning BOOST|GLOBAL_BOOST | Calibration +1.2% (179 obs) | Source the-odds-api,0.67,0.5,1.62,1.12,1.38,1.25,1,NO BET,7.43,0.1346,0.0215,0.0,1483.9,1449.5,99.4,1.66,0.94,0.2407,NO DRAW SIGNAL,1-0,13.95,1-1,13.24,2-1,11.14,SCORE POISSON + FORME - confiance 84%,A recalculer via player_scorers,0.481,0.519,0.4928,0.5072,"[('1-0', 0.1395), ('1-1', 0.1324), ('2-1', 0.1114), ('2-0', 0.1108), ('0-1', 0.0848), ('1-2', 0.0671), ('0-0', 0.0611), ('3-1', 0.0433), ('0-2', 0.0429), ('2-2', 0.0385), ('3-0', 0.0285), ('1-3', 0.0189)]",0.0,0.0,0.0,0.0,151.8
03/10/2026 01:08,WATCHLIST,2026-10-12T19:00:00Z,soccer_spain_la_liga,the-odds-api,football,Levante,Sevilla,Away Win,Sevilla,0.3666306082221892,2.78,0.3597,0.0192,A EVITER,WATCHLIST,False,75.61,5 - WATCHLIST,OK,BOOST|GLOBAL_BOOST,+4.0% (64 obs),MEGA 70%/3% | SAFE 63%/1% | VALUE 58%/3%,WATCHLIST,proba trop basse,Value positive 1.9% | Proba IA 36.7% | Learning BOOST|GLOBAL_BOOST | Calibration +4.0% (64 obs) | Source the-odds-api,0.67,0.5,1.62,1.12,1.38,1.25,1,NO BET,7.43,0.0,0.0,0.0,1483.9,1449.5,99.4,1.66,0.94,0.2407,NO DRAW SIGNAL,1-0,13.95,1-1,13.24,2-1,11.14,SCORE POISSON + FORME - confiance 84%,A recalculer via player_scorers,0.481,0.519,0.4928,0.5072,"[('1-0', 0.1395), ('1-1', 0.1324), ('2-1', 0.1114), ('2-0', 0.1108), ('0-1', 0.0848), ('1-2', 0.0671), ('0-0', 0.0611), ('3-1', 0.0433), ('0-2', 0.0429), ('2-2', 0.0385), ('3-0', 0.0285), ('1-3', 0.0189)]",0.0,0.0,0.0,0.0,145.84
03/10/2026 01:08,WATCHLIST,2026-10-12T19:15:00Z,soccer_portugal_primeira_liga,the-odds-api,football,Famalicão,Alverca,Away Win,Alverca,0.2865762732386816,4.5,0.2222,0.2896,A EVITER,WATCHLIST,False,82.34,5 - WATCHLIST,MARCHE JUSTE,BOOST|GLOBAL_BOOST,+4.0% (49 obs),MEGA 70%/3% | SAFE 63%/1% | VALUE 58%/3%,WATCHLIST,cote trop haute,Value positive 29.0% | Proba IA 28.7% | MARCHE JUSTE | Learning BOOST|GLOBAL_BOOST | Calibration +4.0% (49 obs) | Source the-odds-api,0.58,0.42,1.25,1.12,0.88,1.38,1,NO BET,7.43,0.0,0.0,0.0,1500.0,1475.7,89.3,1.28,0.93,0.2875,NO DRAW SIGNAL,1-0,15.15,1-1,14.67,0-1,11.06,SCORE POISSON + FORME - confiance 84%,A recalculer via player_scorers,0.3774,0.6226,0.4376,0.5624,"[('1-0', 0.1515), ('1-1', 0.1467), ('0-1', 0.1106), ('2-0', 0.0995), ('2-1', 0.0988), ('0-0', 0.0825), ('1-2', 0.0713), ('0-2', 0.0546), ('2-2', 0.0254), ('3-1', 0.0245), ('3-0', 0.0233), ('1-3', 0.0151)]",0.0,0.0,0.0,0.0,266.45
03/10/2026 01:08,WATCHLIST,2026-10-12T19:15:00Z,soccer_portugal_primeira_liga,the-odds-api,football,Famalicão,Alverca,Draw,Draw,0.31430182363599724,3.5,0.2857,0.1001,A EVITER,NUL POSSIBLE,True,78.71,3B - NUL POSSIBLE,MARCHE JUSTE,BOOST|GLOBAL_BOOST,+1.2% (179 obs),MEGA 70%/3% | SAFE 63%/1% | VALUE 58%/3%,WATCHLIST,cote trop haute,Value positive 10.0% | Proba IA 31.4% | MARCHE JUSTE | Learning BOOST|GLOBAL_BOOST | Calibration +1.2% (179 obs) | Source the-odds-api,0.58,0.42,1.25,1.12,0.88,1.38,1,NO BET,7.43,0.1346,0.04,0.0,1500.0,1475.7,89.3,1.28,0.93,0.2875,DRAW POSSIBLE - tight 20%,1-0,15.15,1-1,14.67,0-1,11.06,SCORE POISSON + FORME - confiance 84%,A recalculer via player_scorers,0.3774,0.6226,0.4376,0.5624,"[('1-0', 0.1515), ('1-1', 0.1467), ('0-1', 0.1106), ('2-0', 0.0995), ('2-1', 0.0988), ('0-0', 0.0825), ('1-2', 0.0713), ('0-2', 0.0546), ('2-2', 0.0254), ('3-1', 0.0245), ('3-0', 0.0233), ('1-3', 0.0151)]",0.0,0.0,0.0,0.0,181.52
03/10/2026 01:08,NO BET,2026-10-12T19:15:00Z,soccer_portugal_primeira_liga,the-odds-api,football,Famalicão,Alverca,Home Win,Famalicão,0.49011983271414483,1.85,0.5405,-0.0933,A EVITER,NO BET,False,72.86,5 - WATCHLIST,MARCHE JUSTE,BOOST|GLOBAL_BOOST,-6.0% (26 obs),MEGA 70%/3% | SAFE 63%/1% | VALUE 58%/3%,REFUSE,value negative,Value negative ou nulle | Proba IA 49.0% | MARCHE JUSTE | Learning BOOST|GLOBAL_BOOST | Calibration -6.0% (26 obs) | Source the-odds-api,0.58,0.42,1.25,1.12,0.88,1.38,1,NO BET,7.43,0.0,0.0,0.0,1500.0,1475.7,89.3,1.28,0.93,0.2875,NO DRAW SIGNAL,1-0,15.15,1-1,14.67,0-1,11.06,SCORE POISSON + FORME - confiance 84%,A recalculer via player_scorers,0.3774,0.6226,0.4376,0.5624,"[('1-0', 0.1515), ('1-1', 0.1467), ('0-1', 0.1106), ('2-0', 0.0995), ('2-1', 0.0988), ('0-0', 0.0825), ('1-2', 0.0713), ('0-2', 0.0546), ('2-2', 0.0254), ('3-1', 0.0245), ('3-0', 0.0233), ('1-3', 0.0151)]",0.0,0.0,0.0,0.0,142.14
03/10/2026 01:08,WATCHLIST,2026-10-12T21:30:00Z,soccer_argentina_primera_division,the-odds-api,football,Gimnasia Mendoza,Newells Old Boys,Home Win,Gimnasia Mendoza,0.5234384307308061,2.2,0.4545,0.1516,Faible,WATCHLIST,False,95.26,5 - WATCHLIST,OK,BOOST|GLOBAL_BOOST,+3.9% (57 obs),MEGA 70%/3% | SAFE 63%/1% | VALUE 58%/3%,WATCHLIST,proba trop basse,Value positive 15.2% | Proba IA 52.3% | Learning BOOST|GLOBAL_BOOST | Calibration +3.9% (57 obs) | Source the-odds-api,0.5,0.5,1.2,1.1,1.2,1.2,0,NO BET,7.43,0.0,0.0,0.0,1500.0,1500.0,65.0,1.503,0.914,0.2571,NO DRAW SIGNAL,1-0,14.56,1-1,13.5,2-0,10.71,SCORE POISSON + FORME - confiance 76%,A recalculer via player_scorers,0.4343,0.5657,0.465,0.535,"[('1-0', 0.1456), ('1-1', 0.135), ('2-0', 0.1071), ('2-1', 0.1056), ('0-1', 0.093), ('0-0', 0.0682), ('1-2', 0.0671), ('0-2', 0.0458), ('3-1', 0.0386), ('2-2', 0.0361), ('3-0', 0.0264), ('1-3', 0.0186)]",0.0,0.0,0.0,0.0,242.8
03/10/2026 01:08,WATCHLIST,2026-10-12T21:30:00Z,soccer_argentina_primera_division,the-odds-api,football,Gimnasia Mendoza,Newells Old Boys,Away Win,Newells Old Boys,0.35408648165782186,3.3,0.303,0.1685,A EVITER,WATCHLIST,False,85.1,5 - WATCHLIST,MARCHE JUSTE,BOOST|GLOBAL_BOOST,+4.0% (64 obs),MEGA 70%/3% | SAFE 63%/1% | VALUE 58%/3%,WATCHLIST,cote trop haute,Value positive 16.9% | Proba IA 35.4% | MARCHE JUSTE | Learning BOOST|GLOBAL_BOOST | Calibration +4.0% (64 obs) | Source the-odds-api,0.5,0.5,1.2,1.1,1.2,1.2,0,NO BET,7.43,0.0,0.0,0.0,1500.0,1500.0,65.0,1.503,0.914,0.2571,NO DRAW SIGNAL,1-0,14.56,1-1,13.5,2-0,10.71,SCORE POISSON + FORME - confiance 76%,A recalculer via player_scorers,0.4343,0.5657,0.465,0.535,"[('1-0', 0.1456), ('1-1', 0.135), ('2-0', 0.1071), ('2-1', 0.1056), ('0-1', 0.093), ('0-0', 0.0682), ('1-2', 0.0671), ('0-2', 0.0458), ('3-1', 0.0386), ('2-2', 0.0361), ('3-0', 0.0264), ('1-3', 0.0186)]",0.0,0.0,0.0,0.0,223.18
03/10/2026 01:08,WATCHLIST,2026-10-12T21:30:00Z,soccer_argentina_primera_division,the-odds-api,football,Gimnasia Mendoza,Newells Old Boys,Draw,Draw,0.323960961171772,3.1,0.3226,0.0043,A EVITER,NUL POSSIBLE,True,60.95,3B - NUL POSSIBLE,MARCHE JUSTE,BOOST|GLOBAL_BOOST,+1.2% (179 obs),MEGA 70%/3% | SAFE 63%/1% | VALUE 58%/3%,WATCHLIST,cote trop haute,Value positive 0.4% | Proba IA 32.4% | MARCHE JUSTE | Learning BOOST|GLOBAL_BOOST | Calibration +1.2% (179 obs) | Source the-odds-api,0.5,0.5,1.2,1.1,1.2,1.2,0,NO BET,7.43,0.1346,0.002,0.0,1500.0,1500.0,65.0,1.503,0.914,0.2571,DRAW POSSIBLE - tight 25%,1-0,14.56,1-1,13.5,2-0,10.71,SCORE POISSON + FORME - confiance 76%,A recalculer via player_scorers,0.4343,0.5657,0.465,0.535,"[('1-0', 0.1456), ('1-1', 0.135), ('2-0', 0.1071), ('2-1', 0.1056), ('0-1', 0.093), ('0-0', 0.0682), ('1-2', 0.0671), ('0-2', 0.0458), ('3-1', 0.0386), ('2-2', 0.0361), ('3-0', 0.0264), ('1-3', 0.0186)]",0.0,0.0,0.0,0.0,114.72
03/10/2026 01:08,WATCHLIST,2026-10-12T22:30:00Z,soccer_brazil_campeonato,the-odds-api,football,Chapecoense,Atletico Paranaense,Home Win,Chapecoense,0.30116973777275285,3.55,0.2817,0.0692,A EVITER,WATCHLIST,False,68.45,5 - WATCHLIST,MARCHE JUSTE,BOOST|GLOBAL_BOOST,+1.2% (35 obs),MEGA 70%/3% | SAFE 63%/1% | VALUE 58%/3%,WATCHLIST,cote trop haute,Value positive 6.9% | Proba IA 30.1% | MARCHE JUSTE | Learning BOOST|GLOBAL_BOOST | Calibration +1.2% (35 obs) | Source the-odds-api,0.5,0.5,1.2,1.1,1.2,1.2,0,NO BET,7.43,0.0,0.0,0.0,1500.0,1500.0,65.0,0.989,1.347,0.2777,NO DRAW SIGNAL,1-1,14.12,0-1,13.07,1-0,11.09,SCORE POISSON + FORME - confiance 76%,A recalculer via player_scorers,0.4109,0.5891,0.4651,0.5349,"[('1-1', 0.1412), ('0-1', 0.1307), ('1-0', 0.1109), ('1-2', 0.0908), ('0-2', 0.0852), ('2-1', 0.0802), ('0-0', 0.0729), ('2-0', 0.0631), ('2-2', 0.0365), ('1-3', 0.03), ('3-1', 0.0249), ('0-3', 0.0179)]",0.0,0.0,0.0,0.0,152.12
03/10/2026 01:08,WATCHLIST,2026-10-12T22:30:00Z,soccer_brazil_campeonato,the-odds-api,football,Chapecoense,Atletico Paranaense,Draw,Draw,0.31267387910749583,3.4,0.2941,0.0631,A EVITER,NUL POSSIBLE,True,67.24,3B - NUL POSSIBLE,MARCHE JUSTE,BOOST|GLOBAL_BOOST,+1.2% (179 obs),MEGA 70%/3% | SAFE 63%/1% | VALUE 58%/3%,WATCHLIST,cote trop haute,Value positive 6.3% | Proba IA 31.3% | MARCHE JUSTE | Learning BOOST|GLOBAL_BOOST | Calibration +1.2% (179 obs) | Source the-odds-api,0.5,0.5,1.2,1.1,1.2,1.2,0,NO BET,7.43,0.1346,0.0263,0.0,1500.0,1500.0,65.0,0.989,1.347,0.2777,NO DRAW SIGNAL,1-1,14.12,0-1,13.07,1-0,11.09,SCORE POISSON + FORME - confiance 76%,A recalculer via player_scorers,0.4109,0.5891,0.4651,0.5349,"[('1-1', 0.1412), ('0-1', 0.1307), ('1-0', 0.1109), ('1-2', 0.0908), ('0-2', 0.0852), ('2-1', 0.0802), ('0-0', 0.0729), ('2-0', 0.0631), ('2-2', 0.0365), ('1-3', 0.03), ('3-1', 0.0249), ('0-3', 0.0179)]",0.0,0.0,0.0,0.0,148.53
03/10/2026 01:08,NO BET,2026-10-12T22:30:00Z,soccer_brazil_campeonato,the-odds-api,football,Chapecoense,Atletico Paranaense,Away Win,Atletico Paranaense,0.45478160671542467,2.02,0.495,-0.0813,A EVITER,NO BET,False,65.6,5 - WATCHLIST,MARCHE JUSTE,BOOST|GLOBAL_BOOST,-6.0% (28 obs),MEGA 70%/3% | SAFE 63%/1% | VALUE 58%/3%,REFUSE,value negative,Value negative ou nulle | Proba IA 45.5% | MARCHE JUSTE | Learning BOOST|GLOBAL_BOOST | Calibration -6.0% (28 obs) | Source the-odds-api,0.5,0.5,1.2,1.1,1.2,1.2,0,NO BET,7.43,0.0,0.0,0.0,1500.0,1500.0,65.0,0.989,1.347,0.2777,NO DRAW SIGNAL,1-1,14.12,0-1,13.07,1-0,11.09,SCORE POISSON + FORME - confiance 76%,A recalculer via player_scorers,0.4109,0.5891,0.4651,0.5349,"[('1-1', 0.1412), ('0-1', 0.1307), ('1-0', 0.1109), ('1-2', 0.0908), ('0-2', 0.0852), ('2-1', 0.0802), ('0-0', 0.0729), ('2-0', 0.0631), ('2-2', 0.0365), ('1-3', 0.03), ('3-1', 0.0249), ('0-3', 0.0179)]",0.0,0.0,0.0,0.0,128.92
03/10/2026 01:08,WATCHLIST,2026-10-13T00:00:00Z,soccer_brazil_campeonato,the-odds-api,football,Bragantino-SP,Cruzeiro,Away Win,Cruzeiro,0.343823105377885,3.35,0.2985,0.1518,A EVITER,WATCHLIST,False,82.75,5 - WATCHLIST,OK,BOOST|GLOBAL_BOOST,+4.0% (64 obs),MEGA 70%/3% | SAFE 63%/1% | VALUE 58%/3%,WATCHLIST,cote trop haute,Value positive 15.2% | Proba IA 34.4% | Learning BOOST|GLOBAL_BOOST | Calibration +4.0% (64 obs) | Source the-odds-api,0.5,0.5,1.2,1.1,1.2,1.2,0,NO BET,7.43,0.0,0.0,0.0,1500.0,1500.0,65.0,1.596,0.871,0.2472,NO DRAW SIGNAL,1-0,14.81,1-1,13.25,2-0,11.41,SCORE POISSON + FORME - confiance 78%,A recalculer via player_scorers,0.4471,0.5529,0.4628,0.5372,"[('1-0', 0.1481), ('1-1', 0.1325), ('2-0', 0.1141), ('2-1', 0.1083), ('0-1', 0.0873), ('0-0', 0.0664), ('1-2', 0.0638), ('0-2', 0.042), ('3-1', 0.0411), ('2-2', 0.0358), ('3-0', 0.0285), ('1-3', 0.0175)]",0.0,0.0,0.0,0.0,211.81
03/10/2026 01:08,NO BET,2026-10-13T00:00:00Z,soccer_brazil_campeonato,the-odds-api,football,Bragantino-SP,Cruzeiro,Home Win,Bragantino-SP,0.4904454216198451,2.0,0.5,-0.0191,A EVITER,NO BET,False,74.25,5 - WATCHLIST,OK,BOOST|GLOBAL_BOOST,-3.2% (50 obs),MEGA 70%/3% | SAFE 63%/1% | VALUE 58%/3%,REFUSE,value negative,Value negative ou nulle | Proba IA 49.0% | Learning BOOST|GLOBAL_BOOST | Calibration -3.2% (50 obs) | Source the-odds-api,0.5,0.5,1.2,1.1,1.2,1.2,0,NO BET,7.43,0.0,0.0,0.0,1500.0,1500.0,65.0,1.596,0.871,0.2472,NO DRAW SIGNAL,1-0,14.81,1-1,13.25,2-0,11.41,SCORE POISSON + FORME - confiance 78%,A recalculer via player_scorers,0.4471,0.5529,0.4628,0.5372,"[('1-0', 0.1481), ('1-1', 0.1325), ('2-0', 0.1141), ('2-1', 0.1083), ('0-1', 0.0873), ('0-0', 0.0664), ('1-2', 0.0638), ('0-2', 0.042), ('3-1', 0.0411), ('2-2', 0.0358), ('3-0', 0.0285), ('1-3', 0.0175)]",0.0,0.0,0.0,0.0,144.22
03/10/2026 01:08,WATCHLIST,2026-10-13T00:00:00Z,soccer_brazil_campeonato,the-odds-api,football,Bragantino-SP,Cruzeiro,Draw,Draw,0.29009971497894355,3.6,0.2778,0.0444,A EVITER,NUL POSSIBLE,True,61.14,3B - NUL POSSIBLE,MARCHE JUSTE,BOOST|GLOBAL_BOOST,+1.2% (179 obs),MEGA 70%/3% | SAFE 63%/1% | VALUE 58%/3%,WATCHLIST,cote trop haute,Value positive 4.4% | Proba IA 29.0% | MARCHE JUSTE | Learning BOOST|GLOBAL_BOOST | Calibration +1.2% (179 obs) | Source the-odds-api,0.5,0.5,1.2,1.1,1.2,1.2,0,NO BET,7.43,0.1346,0.0171,0.0,1500.0,1500.0,65.0,1.596,0.871,0.2472,NO DRAW SIGNAL,1-0,14.81,1-1,13.25,2-0,11.41,SCORE POISSON + FORME - confiance 78%,A recalculer via player_scorers,0.4471,0.5529,0.4628,0.5372,"[('1-0', 0.1481), ('1-1', 0.1325), ('2-0', 0.1141), ('2-1', 0.1083), ('0-1', 0.0873), ('0-0', 0.0664), ('1-2', 0.0638), ('0-2', 0.042), ('3-1', 0.0411), ('2-2', 0.0358), ('3-0', 0.0285), ('1-3', 0.0175)]",0.0,0.0,0.0,0.0,129.87
03/10/2026 01:08,WATCHLIST,2026-10-13T16:45:00Z,soccer_uefa_champs_league,the-odds-api,football,RC Lens,Sporting Lisbon,Draw,Draw,0.2919447187779118,3.95,0.2532,0.1532,A EVITER,NUL POSSIBLE,True,73.73,3B - NUL POSSIBLE,MARCHE JUSTE,BOOST|GLOBAL_BOOST,+1.2% (179 obs),MEGA 70%/3% | SAFE 63%/1% | VALUE 58%/3%,WATCHLIST,cote trop haute,Value positive 15.3% | Proba IA 29.2% | MARCHE JUSTE | Learning BOOST|GLOBAL_BOOST | Calibration +1.2% (179 obs) | Source the-odds-api,0.5,0.5,1.2,1.1,1.2,1.2,0,NO BET,7.43,0.1346,0.0519,0.0,1500.0,1500.0,65.0,1.356,1.073,0.2774,NO DRAW SIGNAL,1-1,14.33,1-0,13.04,0-1,10.16,SCORE POISSON + FORME - confiance 78%,A recalculer via player_scorers,0.4338,0.5662,0.4895,0.5105,"[('1-1', 0.1433), ('1-0', 0.1304), ('0-1', 0.1016), ('2-1', 0.0992), ('2-0', 0.0903), ('1-2', 0.0762), ('0-0', 0.0693), ('0-2', 0.0561), ('2-2', 0.0389), ('3-1', 0.0347), ('3-0', 0.0226), ('1-3', 0.0225)]",0.0,0.0,0.0,0.0,195.42
03/10/2026 01:08,NO BET,2026-10-13T16:45:00Z,soccer_uefa_champs_league,the-odds-api,football,RC Lens,Sporting Lisbon,Away Win,Sporting Lisbon,0.346674043233423,2.7,0.3704,-0.064,A EVITER,NO BET,False,58.05,5 - WATCHLIST,OK,BOOST|GLOBAL_BOOST,-4.1% (61 obs),MEGA 70%/3% | SAFE 63%/1% | VALUE 58%/3%,REFUSE,value negative,Value negative ou nulle | Proba IA 34.7% | Learning BOOST|GLOBAL_BOOST | Calibration -4.1% (61 obs) | Source the-odds-api,0.5,0.5,1.2,1.1,1.2,1.2,0,NO BET,7.43,0.0,0.0,0.0,1500.0,1500.0,65.0,1.356,1.073,0.2774,NO DRAW SIGNAL,1-1,14.33,1-0,13.04,0-1,10.16,SCORE POISSON + FORME - confiance 78%,A recalculer via player_scorers,0.4338,0.5662,0.4895,0.5105,"[('1-1', 0.1433), ('1-0', 0.1304), ('0-1', 0.1016), ('2-1', 0.0992), ('2-0', 0.0903), ('1-2', 0.0762), ('0-0', 0.0693), ('0-2', 0.0561), ('2-2', 0.0389), ('3-1', 0.0347), ('3-0', 0.0226), ('1-3', 0.0225)]",0.0,0.0,0.0,0.0,110.18
03/10/2026 01:08,NO BET,2026-10-13T16:45:00Z,soccer_uefa_champs_league,the-odds-api,football,RC Lens,Sporting Lisbon,Home Win,RC Lens,0.36715575599467487,2.5,0.4,-0.0821,A EVITER,NO BET,False,56.83,5 - WATCHLIST,MARCHE JUSTE,BOOST|GLOBAL_BOOST,-6.0% (36 obs),MEGA 70%/3% | SAFE 63%/1% | VALUE 58%/3%,REFUSE,value negative,Value negative ou nulle | Proba IA 36.7% | MARCHE JUSTE | Learning BOOST|GLOBAL_BOOST | Calibration -6.0% (36 obs) | Source the-odds-api,0.5,0.5,1.2,1.1,1.2,1.2,0,NO BET,7.43,0.0,0.0,0.0,1500.0,1500.0,65.0,1.356,1.073,0.2774,NO DRAW SIGNAL,1-1,14.33,1-0,13.04,0-1,10.16,SCORE POISSON + FORME - confiance 78%,A recalculer via player_scorers,0.4338,0.5662,0.4895,0.5105,"[('1-1', 0.1433), ('1-0', 0.1304), ('0-1', 0.1016), ('2-1', 0.0992), ('2-0', 0.0903), ('1-2', 0.0762), ('0-0', 0.0693), ('0-2', 0.0561), ('2-2', 0.0389), ('3-1', 0.0347), ('3-0', 0.0226), ('1-3', 0.0225)]",0.0,0.0,0.0,0.0,109.81
03/10/2026 01:08,WATCHLIST,2026-10-13T16:45:00Z,soccer_uefa_champs_league,the-odds-api,football,Sabah FK,Slavia Praha,Draw,Draw,0.29237883731884545,3.95,0.2532,0.1549,A EVITER,NUL POSSIBLE,True,73.94,3B - NUL POSSIBLE,MARCHE JUSTE,BOOST|GLOBAL_BOOST,+1.2% (179 obs),MEGA 70%/3% | SAFE 63%/1% | VALUE 58%/3%,WATCHLIST,cote trop haute,Value positive 15.5% | Proba IA 29.2% | MARCHE JUSTE | Learning BOOST|GLOBAL_BOOST | Calibration +1.2% (179 obs) | Source the-odds-api,0.5,0.5,1.2,1.1,1.2,1.2,0,NO BET,7.43,0.1346,0.0525,0.0,1500.0,1500.0,65.0,0.984,1.371,0.274,NO DRAW SIGNAL,1-1,14.02,0-1,13.12,1-0,10.95,SCORE POISSON + FORME - confiance 75%,A recalculer via player_scorers,0.4165,0.5835,0.4673,0.5327,"[('1-1', 0.1402), ('0-1', 0.1312), ('1-0', 0.1095), ('1-2', 0.0921), ('0-2', 0.0866), ('2-1', 0.0799), ('0-0', 0.0717), ('2-0', 0.0622), ('2-2', 0.0366), ('1-3', 0.0307), ('3-1', 0.0247), ('0-3', 0.0183)]",0.0,0.0,0.0,0.0,196.5
03/10/2026 01:08,WATCHLIST,2026-10-13T16:45:00Z,soccer_uefa_champs_league,the-odds-api,football,Sabah FK,Slavia Praha,Home Win,Sabah FK,0.30507680464115616,3.65,0.274,0.1135,A EVITER,WATCHLIST,False,73.72,5 - WATCHLIST,MARCHE JUSTE,BOOST|GLOBAL_BOOST,+1.2% (35 obs),MEGA 70%/3% | SAFE 63%/1% | VALUE 58%/3%,WATCHLIST,cote trop haute,Value positive 11.3% | Proba IA 30.5% | MARCHE JUSTE | Learning BOOST|GLOBAL_BOOST | Calibration +1.2% (35 obs) | Source the-odds-api,0.5,0.5,1.2,1.1,1.2,1.2,0,NO BET,7.43,0.0,0.0,0.0,1500.0,1500.0,65.0,0.984,1.371,0.274,NO DRAW SIGNAL,1-1,14.02,0-1,13.12,1-0,10.95,SCORE POISSON + FORME - confiance 75%,A recalculer via player_scorers,0.4165,0.5835,0.4673,0.5327,"[('1-1', 0.1402), ('0-1', 0.1312), ('1-0', 0.1095), ('1-2', 0.0921), ('0-2', 0.0866), ('2-1', 0.0799), ('0-0', 0.0717), ('2-0', 0.0622), ('2-2', 0.0366), ('1-3', 0.0307), ('3-1', 0.0247), ('0-3', 0.0183)]",0.0,0.0,0.0,0.0,179.28
03/10/2026 01:08,NO BET,2026-10-13T16:45:00Z,soccer_uefa_champs_league,the-odds-api,football,Sabah FK,Slavia Praha,Away Win,Slavia Praha,0.4720012713628743,2.05,0.4878,-0.0324,A EVITER,NO BET,False,71.95,5 - WATCHLIST,MARCHE JUSTE,BOOST|GLOBAL_BOOST,-6.0% (28 obs),MEGA 70%/3% | SAFE 63%/1% | VALUE 58%/3%,REFUSE,value negative,Value negative ou nulle | Proba IA 47.2% | MARCHE JUSTE | Learning BOOST|GLOBAL_BOOST | Calibration -6.0% (28 obs) | Source the-odds-api,0.5,0.5,1.2,1.1,1.2,1.2,0,NO BET,7.43,0.0,0.0,0.0,1500.0,1500.0,65.0,0.984,1.371,0.274,NO DRAW SIGNAL,1-1,14.02,0-1,13.12,1-0,10.95,SCORE POISSON + FORME - confiance 75%,A recalculer via player_scorers,0.4165,0.5835,0.4673,0.5327,"[('1-1', 0.1402), ('0-1', 0.1312), ('1-0', 0.1095), ('1-2', 0.0921), ('0-2', 0.0866), ('2-1', 0.0799), ('0-0', 0.0717), ('2-0', 0.0622), ('2-2', 0.0366), ('1-3', 0.0307), ('3-1', 0.0247), ('0-3', 0.0183)]",0.0,0.0,0.0,0.0,139.53
03/10/2026 01:08,WATCHLIST,2026-10-13T19:00:00Z,soccer_uefa_champs_league,the-odds-api,football,Arsenal,Lille,Away Win,Lille,0.16147712013767335,11.5,0.087,0.857,A EVITER,WATCHLIST,False,77.08,5 - WATCHLIST,VALUE CLAIRE,BOOST|GLOBAL_BOOST,-3.0% (36 obs),MEGA 70%/3% | SAFE 63%/1% | VALUE 58%/3%,WATCHLIST,cote trop haute,Value positive 85.7% | Proba IA 16.1% | VALUE CLAIRE | Learning BOOST|GLOBAL_BOOST | Calibration -3.0% (36 obs) | Source the-odds-api,0.75,0.71,1.5,1.5,0.62,0.5,1,NO BET,7.43,0.0,0.0,0.0,1688.9,1595.4,158.5,1.17,1.13,0.3028,NO DRAW SIGNAL,1-1,15.06,1-0,12.45,0-1,11.29,SCORE POISSON + FORME - confiance 84%,A recalculer via player_scorers,0.3953,0.6047,0.4706,0.5294,"[('1-1', 0.1506), ('1-0', 0.1245), ('0-1', 0.1129), ('2-1', 0.0888), ('2-0', 0.0791), ('1-2', 0.0786), ('0-0', 0.0782), ('0-2', 0.0655), ('2-2', 0.0375), ('3-1', 0.0295), ('1-3', 0.024), ('3-0', 0.0198)]",0.0,0.0,0.0,0.0,493.89
03/10/2026 01:08,WATCHLIST,2026-10-13T19:00:00Z,soccer_uefa_champs_league,the-odds-api,football,Arsenal,Lille,Draw,Draw,0.25949435784311786,6.2,0.1613,0.6089,A EVITER,WATCHLIST,False,77.2,5 - WATCHLIST,VALUE CLAIRE,BOOST|GLOBAL_BOOST,+3.7% (114 obs),MEGA 70%/3% | SAFE 63%/1% | VALUE 58%/3%,WATCHLIST,cote trop haute,Value positive 60.9% | Proba IA 25.9% | VALUE CLAIRE | Learning BOOST|GLOBAL_BOOST | Calibration +3.7% (114 obs) | Source the-odds-api,0.75,0.71,1.5,1.5,0.62,0.5,1,NO BET,7.43,0.0,0.0,0.0,1688.9,1595.4,158.5,1.17,1.13,0.3028,DRAW POSSIBLE - tight 30%,1-1,15.06,1-0,12.45,0-1,11.29,SCORE POISSON + FORME - confiance 84%,A recalculer via player_scorers,0.3953,0.6047,0.4706,0.5294,"[('1-1', 0.1506), ('1-0', 0.1245), ('0-1', 0.1129), ('2-1', 0.0888), ('2-0', 0.0791), ('1-2', 0.0786), ('0-0', 0.0782), ('0-2', 0.0655), ('2-2', 0.0375), ('3-1', 0.0295), ('1-3', 0.024), ('3-0', 0.0198)]",0.0,0.0,0.0,0.0,394.23
03/10/2026 01:08,WATCHLIST,2026-10-13T19:00:00Z,soccer_uefa_champs_league,the-odds-api,football,Arsenal,Lille,Home Win,Arsenal,0.6483560408844777,1.29,0.7752,-0.1636,Moyenne,WATCHLIST,False,70.73,5 - WATCHLIST,OK,BOOST|GLOBAL_BOOST,-2.9% (29 obs),MEGA 70%/3% | SAFE 63%/1% | VALUE 58%/3%,WATCHLIST,value negative,Value negative ou nulle | Proba IA 64.8% | Learning BOOST|GLOBAL_BOOST | Calibration -2.9% (29 obs) | Source the-odds-api,0.75,0.71,1.5,1.5,0.62,0.5,1,NO BET,7.43,0.0,0.0,0.0,1688.9,1595.4,158.5,1.17,1.13,0.3028,NO DRAW SIGNAL,1-1,15.06,1-0,12.45,0-1,11.29,SCORE POISSON + FORME - confiance 84%,A recalculer via player_scorers,0.3953,0.6047,0.4706,0.5294,"[('1-1', 0.1506), ('1-0', 0.1245), ('0-1', 0.1129), ('2-1', 0.0888), ('2-0', 0.0791), ('1-2', 0.0786), ('0-0', 0.0782), ('0-2', 0.0655), ('2-2', 0.0375), ('3-1', 0.0295), ('1-3', 0.024), ('3-0', 0.0198)]",0.0,0.0,0.0,0.0,150.07
03/10/2026 01:08,WATCHLIST,2026-10-13T19:00:00Z,soccer_uefa_champs_league,the-odds-api,football,Atlético Madrid,Manchester United,Home Win,Atlético Madrid,0.5189887156862357,2.26,0.4425,0.1729,Faible,WATCHLIST,False,97.53,5 - WATCHLIST,MARCHE JUSTE,BOOST|GLOBAL_BOOST,+3.9% (57 obs),MEGA 70%/3% | SAFE 63%/1% | VALUE 58%/3%,WATCHLIST,proba trop basse,Value positive 17.3% | Proba IA 51.9% | MARCHE JUSTE | Learning BOOST|GLOBAL_BOOST | Calibration +3.9% (57 obs) | Source the-odds-api,0.5,0.5,1.2,1.1,1.2,1.2,0,NO BET,7.43,0.0,0.0,0.0,1500.0,1500.0,65.0,1.464,0.99,0.2602,NO DRAW SIGNAL,1-0,13.86,1-1,13.68,2-1,10.48,SCORE POISSON + FORME - confiance 69%,A recalculer via player_scorers,0.4439,0.5561,0.4822,0.5178,"[('1-0', 0.1386), ('1-1', 0.1368), ('2-1', 0.1048), ('2-0', 0.1001), ('0-1', 0.0959), ('1-2', 0.0718), ('0-0', 0.0664), ('0-2', 0.0497), ('2-2', 0.0378), ('3-1', 0.0378), ('3-0', 0.0249), ('1-3', 0.0204)]",0.0,0.0,0.0,0.0,255.03
03/10/2026 01:08,WATCHLIST,2026-10-13T19:00:00Z,soccer_uefa_champs_league,the-odds-api,football,Atlético Madrid,Manchester United,Draw,Draw,0.30865828260385914,4.0,0.25,0.2346,A EVITER,NUL POSSIBLE,True,82.11,3B - NUL POSSIBLE,MARCHE JUSTE,BOOST|GLOBAL_BOOST,+3.7% (114 obs),MEGA 70%/3% | SAFE 63%/1% | VALUE 58%/3%,WATCHLIST,cote trop haute,Value positive 23.5% | Proba IA 30.9% | MARCHE JUSTE | Learning BOOST|GLOBAL_BOOST | Calibration +3.7% (114 obs) | Source the-odds-api,0.5,0.5,1.2,1.1,1.2,1.2,0,NO BET,7.43,0.1346,0.0782,0.0,1500.0,1500.0,65.0,1.464,0.99,0.2602,NO DRAW SIGNAL,1-0,13.86,1-1,13.68,2-1,10.48,SCORE POISSON + FORME - confiance 69%,A recalculer via player_scorers,0.4439,0.5561,0.4822,0.5178,"[('1-0', 0.1386), ('1-1', 0.1368), ('2-1', 0.1048), ('2-0', 0.1001), ('0-1', 0.0959), ('1-2', 0.0718), ('0-0', 0.0664), ('0-2', 0.0497), ('2-2', 0.0378), ('3-1', 0.0378), ('3-0', 0.0249), ('1-3', 0.0204)]",0.0,0.0,0.0,0.0,244.02
03/10/2026 01:08,NO BET,2026-10-13T19:00:00Z,soccer_uefa_champs_league,the-odds-api,football,Atlético Madrid,Manchester United,Away Win,Manchester United,0.31041011371097943,2.92,0.3425,-0.0936,A EVITER,NO BET,False,53.12,6 - NO BET,OK,BOOST|GLOBAL_BOOST,-4.1% (61 obs),MEGA 70%/3% | SAFE 63%/1% | VALUE 58%/3%,REFUSE,value negative,Value negative ou nulle | Proba IA 31.0% | Learning BOOST|GLOBAL_BOOST | Calibration -4.1% (61 obs) | Source the-odds-api,0.5,0.5,1.2,1.1,1.2,1.2,0,NO BET,7.43,0.0,0.0,0.0,1500.0,1500.0,65.0,1.464,0.99,0.2602,NO DRAW SIGNAL,1-0,13.86,1-1,13.68,2-1,10.48,SCORE POISSON + FORME - confiance 69%,A recalculer via player_scorers,0.4439,0.5561,0.4822,0.5178,"[('1-0', 0.1386), ('1-1', 0.1368), ('2-1', 0.1048), ('2-0', 0.1001), ('0-1', 0.0959), ('1-2', 0.0718), ('0-0', 0.0664), ('0-2', 0.0497), ('2-2', 0.0378), ('3-1', 0.0378), ('3-0', 0.0249), ('1-3', 0.0204)]",0.0,0.0,0.0,0.0,100.35
03/10/2026 01:08,WATCHLIST,2026-10-13T19:00:00Z,soccer_uefa_champs_league,the-odds-api,football,Galatasaray,Barcelona,Away Win,Barcelona,0.7976924119795376,1.33,0.7519,0.0609,Elite,MEGA VALUE,True,95.51,1 - MEGA VALUE,OK,BOOST|GLOBAL_BOOST,+4.0% (15 obs),MEGA 70%/3% | SAFE 63%/1% | VALUE 58%/3%,WATCHLIST,watchlist prudente,Value positive 6.1% | Proba IA 79.8% | Learning BOOST|GLOBAL_BOOST | Calibration +4.0% (15 obs) | Source the-odds-api,0.5,0.75,1.2,1.88,1.2,0.88,1,NO BET,7.43,0.4038,0.1846,0.0,1500.0,1721.2,-156.2,1.13,1.3,0.2852,NO DRAW SIGNAL,1-1,14.67,0-1,11.66,1-0,11.3,SCORE POISSON + FORME - confiance 84%,A recalculer via player_scorers,0.4318,0.5682,0.4947,0.5053,"[('1-1', 0.1467), ('0-1', 0.1166), ('1-0', 0.113), ('1-2', 0.0877), ('2-1', 0.087), ('0-2', 0.0747), ('0-0', 0.0704), ('2-0', 0.0703), ('2-2', 0.0396), ('1-3', 0.0287), ('3-1', 0.0284), ('3-0', 0.0184)]",0.0,0.0,0.0,0.0,223.39
03/10/2026 01:08,WATCHLIST,2026-10-13T19:00:00Z,soccer_uefa_champs_league,the-odds-api,football,Galatasaray,Barcelona,Draw,Draw,0.15498031911333013,6.8,0.1471,0.0539,A EVITER,WATCHLIST,False,53.7,6 - NO BET,VALUE CLAIRE,BOOST|GLOBAL_BOOST,-4.5% (32 obs),MEGA 70%/3% | SAFE 63%/1% | VALUE 58%/3%,WATCHLIST,cote trop haute,Value positive 5.4% | Proba IA 15.5% | VALUE CLAIRE | Learning BOOST|GLOBAL_BOOST | Calibration -4.5% (32 obs) | Source the-odds-api,0.5,0.75,1.2,1.88,1.2,0.88,1,NO BET,7.43,0.0,0.0,0.0,1500.0,1721.2,-156.2,1.13,1.3,0.2852,DRAW POSSIBLE - tight 21%,1-1,14.67,0-1,11.66,1-0,11.3,SCORE POISSON + FORME - confiance 84%,A recalculer via player_scorers,0.4318,0.5682,0.4947,0.5053,"[('1-1', 0.1467), ('0-1', 0.1166), ('1-0', 0.113), ('1-2', 0.0877), ('2-1', 0.087), ('0-2', 0.0747), ('0-0', 0.0704), ('2-0', 0.0703), ('2-2', 0.0396), ('1-3', 0.0287), ('3-1', 0.0284), ('3-0', 0.0184)]",0.0,0.0,0.0,0.0,113.49
03/10/2026 01:08,WATCHLIST,2026-10-13T19:00:00Z,soccer_uefa_champs_league,the-odds-api,football,Galatasaray,Barcelona,Home Win,Galatasaray,0.11959965802723375,8.5,0.1176,0.0166,A EVITER,WATCHLIST,False,51.93,6 - NO BET,VALUE CLAIRE,BOOST|GLOBAL_BOOST,-4.3% (77 obs),MEGA 70%/3% | SAFE 63%/1% | VALUE 58%/3%,WATCHLIST,cote trop haute,Value positive 1.7% | Proba IA 12.0% | VALUE CLAIRE | Learning BOOST|GLOBAL_BOOST | Calibration -4.3% (77 obs) | Source the-odds-api,0.5,0.75,1.2,1.88,1.2,0.88,1,NO BET,7.43,0.0,0.0,0.0,1500.0,1721.2,-156.2,1.13,1.3,0.2852,NO DRAW SIGNAL,1-1,14.67,0-1,11.66,1-0,11.3,SCORE POISSON + FORME - confiance 84%,A recalculer via player_scorers,0.4318,0.5682,0.4947,0.5053,"[('1-1', 0.1467), ('0-1', 0.1166), ('1-0', 0.113), ('1-2', 0.0877), ('2-1', 0.087), ('0-2', 0.0747), ('0-0', 0.0704), ('2-0', 0.0703), ('2-2', 0.0396), ('1-3', 0.0287), ('3-1', 0.0284), ('3-0', 0.0184)]",0.0,0.0,0.0,0.0,92.37
03/10/2026 01:08,WATCHLIST,2026-10-13T19:00:00Z,soccer_uefa_champs_league,the-odds-api,football,Inter Milan,Club Brugge,Away Win,Club Brugge,0.27597078441608014,10.5,0.0952,1.8977,A EVITER,WATCHLIST,False,81.89,5 - WATCHLIST,VALUE CLAIRE,BOOST|GLOBAL_BOOST,+4.0% (49 obs),MEGA 70%/3% | SAFE 63%/1% | VALUE 58%/3%,WATCHLIST,cote trop haute,Value positive 189.8% | Proba IA 27.6% | VALUE CLAIRE | Learning BOOST|GLOBAL_BOOST | Calibration +4.0% (49 obs) | Source the-odds-api,0.5,0.79,1.2,3.25,1.2,0.75,1,NO BET,7.43,0.0,0.0,0.0,1500.0,1693.0,-128.0,1.12,1.77,0.2311,NO DRAW SIGNAL,1-1,13.43,0-1,11.85,1-2,11.46,SCORE POISSON + FORME - confiance 84%,A recalculer via player_scorers,0.551,0.449,0.5582,0.4418,"[('1-1', 0.1343), ('0-1', 0.1185), ('1-2', 0.1146), ('0-2', 0.0973), ('1-0', 0.087), ('2-1', 0.0832), ('2-0', 0.0524), ('0-0', 0.0508), ('2-2', 0.0455), ('1-3', 0.0446), ('3-1', 0.0248), ('0-3', 0.0222)]",0.0,0.0,0.0,0.0,956.52
03/10/2026 01:08,WATCHLIST,2026-10-13T19:00:00Z,soccer_uefa_champs_league,the-odds-api,football,Inter Milan,Club Brugge,Home Win,Inter Milan,0.63923955152487,1.3,0.7692,-0.169,Moyenne,WATCHLIST,False,70.35,5 - WATCHLIST,OK,BOOST|GLOBAL_BOOST,-2.9% (29 obs),MEGA 70%/3% | SAFE 63%/1% | VALUE 58%/3%,WATCHLIST,value negative,Value negative ou nulle | Proba IA 63.9% | Learning BOOST|GLOBAL_BOOST | Calibration -2.9% (29 obs) | Source the-odds-api,0.5,0.79,1.2,3.25,1.2,0.75,1,NO BET,7.43,0.0,0.0,0.0,1500.0,1693.0,-128.0,1.12,1.77,0.2311,NO DRAW SIGNAL,1-1,13.43,0-1,11.85,1-2,11.46,SCORE POISSON + FORME - confiance 84%,A recalculer via player_scorers,0.551,0.449,0.5582,0.4418,"[('1-1', 0.1343), ('0-1', 0.1185), ('1-2', 0.1146), ('0-2', 0.0973), ('1-0', 0.087), ('2-1', 0.0832), ('2-0', 0.0524), ('0-0', 0.0508), ('2-2', 0.0455), ('1-3', 0.0446), ('3-1', 0.0248), ('0-3', 0.0222)]",0.0,0.0,0.0,0.0,148.86
03/10/2026 01:08,NO BET,2026-10-13T19:00:00Z,soccer_uefa_champs_league,the-odds-api,football,Inter Milan,Club Brugge,Draw,Draw,0.14662353720035642,6.2,0.1613,-0.0909,A EVITER,NO BET,False,36.7,6 - NO BET,COTE HAUTE,BOOST|GLOBAL_BOOST,-4.5% (32 obs),MEGA 70%/3% | SAFE 63%/1% | VALUE 58%/3%,REFUSE,cote trop haute,Value negative ou nulle | Proba IA 14.7% | COTE HAUTE | Learning BOOST|GLOBAL_BOOST | Calibration -4.5% (32 obs) | Source the-odds-api,0.5,0.79,1.2,3.25,1.2,0.75,1,NO BET,7.43,0.0,0.0,0.0,1500.0,1693.0,-128.0,1.12,1.77,0.2311,NO DRAW SIGNAL,1-1,13.43,0-1,11.85,1-2,11.46,SCORE POISSON + FORME - confiance 84%,A recalculer via player_scorers,0.551,0.449,0.5582,0.4418,"[('1-1', 0.1343), ('0-1', 0.1185), ('1-2', 0.1146), ('0-2', 0.0973), ('1-0', 0.087), ('2-1', 0.0832), ('2-0', 0.0524), ('0-0', 0.0508), ('2-2', 0.0455), ('1-3', 0.0446), ('3-1', 0.0248), ('0-3', 0.0222)]",0.0,0.0,0.0,0.0,64.58
03/10/2026 01:08,WATCHLIST,2026-10-13T19:00:00Z,soccer_uefa_champs_league,the-odds-api,football,RB Leipzig,PSV Eindhoven,Draw,Draw,0.28912294826184276,4.2,0.2381,0.2143,A EVITER,NUL POSSIBLE,True,77.79,3B - NUL POSSIBLE,MARCHE JUSTE,BOOST|GLOBAL_BOOST,+3.7% (114 obs),MEGA 70%/3% | SAFE 63%/1% | VALUE 58%/3%,WATCHLIST,cote trop haute,Value positive 21.4% | Proba IA 28.9% | MARCHE JUSTE | Learning BOOST|GLOBAL_BOOST | Calibration +3.7% (114 obs) | Source the-odds-api,0.75,0.67,2.25,3.25,1.5,1.75,1,NO BET,7.43,0.1346,0.067,0.0,1580.4,1712.4,-67.1,1.87,1.76,0.2277,NO DRAW SIGNAL,1-1,12.67,2-1,10.87,1-2,10.09,SCORE POISSON + FORME - confiance 84%,A recalculer via player_scorers,0.7344,0.2656,0.7366,0.2634,"[('1-1', 0.1267), ('2-1', 0.1087), ('1-2', 0.1009), ('2-2', 0.0906), ('2-0', 0.0634), ('3-1', 0.0624), ('1-3', 0.0546), ('0-2', 0.0546), ('3-2', 0.0404), ('2-3', 0.0377), ('1-0', 0.0288), ('0-1', 0.0257)]",0.0,0.0,0.0,0.0,227.52
03/10/2026 01:08,WATCHLIST,2026-10-13T19:00:00Z,soccer_uefa_champs_league,the-odds-api,football,RB Leipzig,PSV Eindhoven,Home Win,RB Leipzig,0.5294075606686445,2.04,0.4902,0.08,Faible,WATCHLIST,False,94.43,5 - WATCHLIST,OK,BOOST|GLOBAL_BOOST,+3.9% (57 obs),MEGA 70%/3% | SAFE 63%/1% | VALUE 58%/3%,WATCHLIST,proba trop basse,Value positive 8.0% | Proba IA 52.9% | Learning BOOST|GLOBAL_BOOST | Calibration +3.9% (57 obs) | Source the-odds-api,0.75,0.67,2.25,3.25,1.5,1.75,1,NO BET,7.43,0.0,0.0,0.0,1580.4,1712.4,-67.1,1.87,1.76,0.2277,NO DRAW SIGNAL,1-1,12.67,2-1,10.87,1-2,10.09,SCORE POISSON + FORME - confiance 84%,A recalculer via player_scorers,0.7344,0.2656,0.7366,0.2634,"[('1-1', 0.1267), ('2-1', 0.1087), ('1-2', 0.1009), ('2-2', 0.0906), ('2-0', 0.0634), ('3-1', 0.0624), ('1-3', 0.0546), ('0-2', 0.0546), ('3-2', 0.0404), ('2-3', 0.0377), ('1-0', 0.0288), ('0-1', 0.0257)]",0.0,0.0,0.0,0.0,211.21
03/10/2026 01:08,WATCHLIST,2026-10-13T19:00:00Z,soccer_uefa_champs_league,the-odds-api,football,RB Leipzig,PSV Eindhoven,Away Win,PSV Eindhoven,0.3199892649055872,3.25,0.3077,0.04,A EVITER,WATCHLIST,False,76.04,5 - WATCHLIST,OK,BOOST|GLOBAL_BOOST,-4.1% (61 obs),MEGA 70%/3% | SAFE 63%/1% | VALUE 58%/3%,WATCHLIST,cote trop haute,Value positive 4.0% | Proba IA 32.0% | Learning BOOST|GLOBAL_BOOST | Calibration -4.1% (61 obs) | Source the-odds-api,0.75,0.67,2.25,3.25,1.5,1.75,1,NO BET,7.43,0.0,0.0,0.0,1580.4,1712.4,-67.1,1.87,1.76,0.2277,NO DRAW SIGNAL,1-1,12.67,2-1,10.87,1-2,10.09,SCORE POISSON + FORME - confiance 84%,A recalculer via player_scorers,0.7344,0.2656,0.7366,0.2634,"[('1-1', 0.1267), ('2-1', 0.1087), ('1-2', 0.1009), ('2-2', 0.0906), ('2-0', 0.0634), ('3-1', 0.0624), ('1-3', 0.0546), ('0-2', 0.0546), ('3-2', 0.0404), ('2-3', 0.0377), ('1-0', 0.0288), ('0-1', 0.0257)]",0.0,0.0,0.0,0.0,152.12
03/10/2026 01:08,WATCHLIST,2026-10-13T19:00:00Z,soccer_uefa_champs_league,the-odds-api,football,Viking FK,Bayern Munich,Draw,Draw,0.17516683126674704,12.5,0.08,1.1896,A EVITER,WATCHLIST,False,73.66,5 - WATCHLIST,VALUE CLAIRE,BOOST|GLOBAL_BOOST,+4.0% (36 obs),MEGA 70%/3% | SAFE 63%/1% | VALUE 58%/3%,WATCHLIST,cote trop haute,Value positive 119.0% | Proba IA 17.5% | VALUE CLAIRE | Learning BOOST|GLOBAL_BOOST | Calibration +4.0% (36 obs) | Source the-odds-api,0.5,0.92,1.2,3.62,1.2,1.38,1,NO BET,7.43,0.0,0.0,0.0,1500.0,1743.4,-178.4,1.24,2.04,0.2098,NO DRAW SIGNAL,1-2,13.45,1-1,13.33,0-2,10.43,SCORE POISSON + FORME - confiance 81%,A recalculer via player_scorers,0.6662,0.3338,0.6473,0.3527,"[('1-2', 0.1345), ('1-1', 0.1333), ('0-2', 0.1043), ('2-1', 0.0878), ('1-3', 0.0742), ('2-2', 0.0695), ('2-0', 0.0461), ('0-1', 0.0439), ('2-3', 0.0348), ('1-0', 0.0335), ('3-1', 0.0313), ('0-3', 0.0251)]",0.0,0.0,0.0,0.0,632.8
03/10/2026 01:08,WATCHLIST,2026-10-13T19:00:00Z,soccer_uefa_champs_league,the-odds-api,football,Viking FK,Bayern Munich,Home Win,Viking FK,0.07086985180742617,23.0,0.0435,0.63,A EVITER,WATCHLIST,False,73.28,5 - WATCHLIST,COTE HAUTE,BOOST|GLOBAL_BOOST,-0.2% (13 obs),MEGA 70%/3% | SAFE 63%/1% | VALUE 58%/3%,WATCHLIST,cote trop haute,Value positive 63.0% | Proba IA 7.1% | COTE HAUTE | Learning BOOST|GLOBAL_BOOST | Calibration -0.2% (13 obs) | Source the-odds-api,0.5,0.92,1.2,3.62,1.2,1.38,1,NO BET,7.43,0.0,0.0,0.0,1500.0,1743.4,-178.4,1.24,2.04,0.2098,NO DRAW SIGNAL,1-2,13.45,1-1,13.33,0-2,10.43,SCORE POISSON + FORME - confiance 81%,A recalculer via player_scorers,0.6662,0.3338,0.6473,0.3527,"[('1-2', 0.1345), ('1-1', 0.1333), ('0-2', 0.1043), ('2-1', 0.0878), ('1-3', 0.0742), ('2-2', 0.0695), ('2-0', 0.0461), ('0-1', 0.0439), ('2-3', 0.0348), ('1-0', 0.0335), ('3-1', 0.0313), ('0-3', 0.0251)]",0.0,0.0,0.0,0.0,384.32
03/10/2026 01:08,WATCHLIST,2026-10-13T19:00:00Z,soccer_uefa_champs_league,the-odds-api,football,Viking FK,Bayern Munich,Away Win,Bayern Munich,0.8566498068320637,1.13,0.885,-0.032,Elite,FAVORI SOLIDE,True,87.3,2B - FAVORI SOLIDE,OK,BOOST|GLOBAL_BOOST,-6.0% (16 obs),MEGA 70%/3% | SAFE 63%/1% | VALUE 58%/3%,WATCHLIST,value negative,Value negative ou nulle | Proba IA 85.7% | Learning BOOST|GLOBAL_BOOST | Calibration -6.0% (16 obs) | Source the-odds-api,0.5,0.92,1.2,3.62,1.2,1.38,1,NO BET,7.43,0.2692,0.0,0.0,1500.0,1743.4,-178.4,1.24,2.04,0.2098,NO DRAW SIGNAL,1-2,13.45,1-1,13.33,0-2,10.43,SCORE POISSON + FORME - confiance 81%,A recalculer via player_scorers,0.6662,0.3338,0.6473,0.3527,"[('1-2', 0.1345), ('1-1', 0.1333), ('0-2', 0.1043), ('2-1', 0.0878), ('1-3', 0.0742), ('2-2', 0.0695), ('2-0', 0.0461), ('0-1', 0.0439), ('2-3', 0.0348), ('1-0', 0.0335), ('3-1', 0.0313), ('0-3', 0.0251)]",0.0,0.0,0.0,0.0,189.17
03/10/2026 01:08,WATCHLIST,2026-10-13T19:00:00Z,soccer_uefa_champs_league,the-odds-api,football,Villarreal,Napoli,Home Win,Villarreal,0.5270199086935091,2.3,0.4348,0.2121,Faible,WATCHLIST,False,100.0,5 - WATCHLIST,OK,BOOST|GLOBAL_BOOST,+3.9% (57 obs),MEGA 70%/3% | SAFE 63%/1% | VALUE 58%/3%,WATCHLIST,proba trop basse,Value positive 21.2% | Proba IA 52.7% | Learning BOOST|GLOBAL_BOOST | Calibration +3.9% (57 obs) | Source the-odds-api,0.58,0.58,2.25,1.5,1.38,0.75,1,NO BET,7.43,0.0,0.0,0.0,1603.5,1639.9,28.6,1.68,1.21,0.2381,NO DRAW SIGNAL,1-1,13.66,1-0,11.84,2-1,11.68,SCORE POISSON + FORME - confiance 84%,A recalculer via player_scorers,0.5509,0.4491,0.5702,0.4298,"[('1-1', 0.1366), ('1-0', 0.1184), ('2-1', 0.1168), ('2-0', 0.0951), ('0-1', 0.0858), ('1-2', 0.0839), ('0-2', 0.051), ('0-0', 0.0506), ('2-2', 0.0471), ('3-1', 0.0445), ('1-3', 0.0246), ('3-0', 0.0233)]",0.0,0.0,0.0,0.0,276.11
03/10/2026 01:08,WATCHLIST,2026-10-13T19:00:00Z,soccer_uefa_champs_league,the-odds-api,football,Villarreal,Napoli,Away Win,Napoli,0.38624506066829073,3.15,0.3175,0.2167,A EVITER,WATCHLIST,False,99.14,5 - WATCHLIST,MARCHE JUSTE,BOOST|GLOBAL_BOOST,+4.0% (64 obs),MEGA 70%/3% | SAFE 63%/1% | VALUE 58%/3%,WATCHLIST,cote trop haute,Value positive 21.7% | Proba IA 38.6% | MARCHE JUSTE | Learning BOOST|GLOBAL_BOOST | Calibration +4.0% (64 obs) | Source the-odds-api,0.58,0.58,2.25,1.5,1.38,0.75,1,NO BET,7.43,0.0,0.0,0.0,1603.5,1639.9,28.6,1.68,1.21,0.2381,NO DRAW SIGNAL,1-1,13.66,1-0,11.84,2-1,11.68,SCORE POISSON + FORME - confiance 84%,A recalculer via player_scorers,0.5509,0.4491,0.5702,0.4298,"[('1-1', 0.1366), ('1-0', 0.1184), ('2-1', 0.1168), ('2-0', 0.0951), ('0-1', 0.0858), ('1-2', 0.0839), ('0-2', 0.051), ('0-0', 0.0506), ('2-2', 0.0471), ('3-1', 0.0445), ('1-3', 0.0246), ('3-0', 0.0233)]",0.0,0.0,0.0,0.0,266.93
03/10/2026 01:08,WATCHLIST,2026-10-13T19:00:00Z,soccer_uefa_champs_league,the-odds-api,football,Villarreal,Napoli,Draw,Draw,0.2897741260732433,3.75,0.2667,0.0867,A EVITER,NUL POSSIBLE,True,73.14,3B - NUL POSSIBLE,MARCHE JUSTE,BOOST|GLOBAL_BOOST,+1.2% (179 obs),MEGA 70%/3% | SAFE 63%/1% | VALUE 58%/3%,WATCHLIST,cote trop haute,Value positive 8.7% | Proba IA 29.0% | MARCHE JUSTE | Learning BOOST|GLOBAL_BOOST | Calibration +1.2% (179 obs) | Source the-odds-api,0.58,0.58,2.25,1.5,1.38,0.75,1,NO BET,7.43,0.1346,0.0315,0.0,1603.5,1639.9,28.6,1.68,1.21,0.2381,NO DRAW SIGNAL,1-1,13.66,1-0,11.84,2-1,11.68,SCORE POISSON + FORME - confiance 84%,A recalculer via player_scorers,0.5509,0.4491,0.5702,0.4298,"[('1-1', 0.1366), ('1-0', 0.1184), ('2-1', 0.1168), ('2-0', 0.0951), ('0-1', 0.0858), ('1-2', 0.0839), ('0-2', 0.051), ('0-0', 0.0506), ('2-2', 0.0471), ('3-1', 0.0445), ('1-3', 0.0246), ('3-0', 0.0233)]",0.0,0.0,0.0,0.0,165.79
03/10/2026 01:08,WATCHLIST,2026-10-14T00:30:00Z,soccer_conmebol_copa_sudamericana,the-odds-api,football,Boca Juniors,Vasco da Gama,Home Win,Boca Juniors,0.6122156723517473,1.85,0.5405,0.1326,Moyenne,VALUE BET,True,96.81,3 - VALUE BET,OK,BOOST|GLOBAL_BOOST,-0.7% (30 obs),MEGA 70%/3% | SAFE 63%/1% | VALUE 58%/3%,WATCHLIST,watchlist prudente,Value positive 13.3% | Proba IA 61.2% | Learning BOOST|GLOBAL_BOOST | Calibration -0.7% (30 obs) | Source the-odds-api,0.5,0.5,1.2,1.1,1.2,1.2,0,NO BET,7.43,0.1346,0.156,0.0,1500.0,1500.0,65.0,1.828,0.649,0.1788,NO DRAW SIGNAL,1-0,17.61,2-0,17.41,2-1,11.05,SCORE POISSON + FORME - confiance 70%,A recalculer via player_scorers,0.4693,0.5307,0.3865,0.6135,"[('1-0', 0.1761), ('2-0', 0.1741), ('2-1', 0.1105), ('1-1', 0.1072), ('0-1', 0.0713), ('0-0', 0.0605), ('3-1', 0.0507), ('1-2', 0.0461), ('3-0', 0.0406), ('0-2', 0.0278), ('2-2', 0.0256), ('4-0', 0.0148)]",0.0,0.0,0.0,0.0,243.15
03/10/2026 01:08,WATCHLIST,2026-10-14T00:30:00Z,soccer_conmebol_copa_sudamericana,the-odds-api,football,Boca Juniors,Vasco da Gama,Draw,Draw,0.3012782674079863,3.2,0.3125,-0.0359,A EVITER,NUL POSSIBLE,True,55.37,3B - NUL POSSIBLE,DRAW RISQUE,BOOST|GLOBAL_BOOST,+1.2% (179 obs),MEGA 70%/3% | SAFE 63%/1% | VALUE 58%/3%,WATCHLIST,cote trop haute,Value negative ou nulle | Proba IA 30.1% | DRAW RISQUE | Learning BOOST|GLOBAL_BOOST | Calibration +1.2% (179 obs) | Source the-odds-api,0.5,0.5,1.2,1.1,1.2,1.2,0,NO BET,7.43,0.1346,0.0,0.0,1500.0,1500.0,65.0,1.828,0.649,0.1788,NO DRAW SIGNAL,1-0,17.61,2-0,17.41,2-1,11.05,SCORE POISSON + FORME - confiance 70%,A recalculer via player_scorers,0.4693,0.5307,0.3865,0.6135,"[('1-0', 0.1761), ('2-0', 0.1741), ('2-1', 0.1105), ('1-1', 0.1072), ('0-1', 0.0713), ('0-0', 0.0605), ('3-1', 0.0507), ('1-2', 0.0461), ('3-0', 0.0406), ('0-2', 0.0278), ('2-2', 0.0256), ('4-0', 0.0148)]",0.0,0.0,0.0,0.0,103.04
03/10/2026 01:08,NO BET,2026-10-14T00:30:00Z,soccer_conmebol_copa_sudamericana,the-odds-api,football,Boca Juniors,Vasco da Gama,Away Win,Vasco da Gama,0.15303834408528083,5.6,0.1786,-0.143,A EVITER,NO BET,False,32.78,6 - NO BET,COTE HAUTE,BOOST|GLOBAL_BOOST,-3.0% (36 obs),MEGA 70%/3% | SAFE 63%/1% | VALUE 58%/3%,REFUSE,cote trop haute,Value negative ou nulle | Proba IA 15.3% | COTE HAUTE | Learning BOOST|GLOBAL_BOOST | Calibration -3.0% (36 obs) | Source the-odds-api,0.5,0.5,1.2,1.1,1.2,1.2,0,NO BET,7.43,0.0,0.0,0.0,1500.0,1500.0,65.0,1.828,0.649,0.1788,NO DRAW SIGNAL,1-0,17.61,2-0,17.41,2-1,11.05,SCORE POISSON + FORME - confiance 70%,A recalculer via player_scorers,0.4693,0.5307,0.3865,0.6135,"[('1-0', 0.1761), ('2-0', 0.1741), ('2-1', 0.1105), ('1-1', 0.1072), ('0-1', 0.0713), ('0-0', 0.0605), ('3-1', 0.0507), ('1-2', 0.0461), ('3-0', 0.0406), ('0-2', 0.0278), ('2-2', 0.0256), ('4-0', 0.0148)]",0.0,0.0,0.0,0.0,59.23
03/10/2026 01:08,WATCHLIST,2026-10-14T16:45:00Z,soccer_uefa_champs_league,the-odds-api,football,Feyenoord,Como,Home Win,Feyenoord,0.40014876510563596,3.6,0.2778,0.4405,A EVITER,WATCHLIST,False,97.11,5 - WATCHLIST,VALUE CLAIRE,BOOST|GLOBAL_BOOST,+4.0% (33 obs),MEGA 70%/3% | SAFE 63%/1% | VALUE 58%/3%,WATCHLIST,cote trop haute,Value positive 44.0% | Proba IA 40.0% | VALUE CLAIRE | Learning BOOST|GLOBAL_BOOST | Calibration +4.0% (33 obs) | Source the-odds-api,0.67,0.58,1.5,1.5,0.75,0.88,1,NO BET,7.43,0.0,0.0,0.0,1618.2,1598.4,84.8,1.27,1.12,0.2893,NO DRAW SIGNAL,1-1,14.74,1-0,12.59,0-1,10.65,SCORE POISSON + FORME - confiance 84%,A recalculer via player_scorers,0.421,0.579,0.487,0.513,"[('1-1', 0.1474), ('1-0', 0.1259), ('0-1', 0.1065), ('2-1', 0.0944), ('2-0', 0.084), ('1-2', 0.0784), ('0-0', 0.0725), ('0-2', 0.061), ('2-2', 0.0389), ('3-1', 0.0322), ('1-3', 0.0237), ('3-0', 0.0211)]",0.0,0.0,0.0,0.0,361.16
03/10/2026 01:08,WATCHLIST,2026-10-14T16:45:00Z,soccer_uefa_champs_league,the-odds-api,football,Feyenoord,Como,Draw,Draw,0.3062706306287238,4.3,0.2326,0.317,A EVITER,NUL POSSIBLE,True,79.16,3B - NUL POSSIBLE,OK,BOOST|GLOBAL_BOOST,+3.7% (114 obs),MEGA 70%/3% | SAFE 63%/1% | VALUE 58%/3%,WATCHLIST,cote trop haute,Value positive 31.7% | Proba IA 30.6% | Learning BOOST|GLOBAL_BOOST | Calibration +3.7% (114 obs) | Source the-odds-api,0.67,0.58,1.5,1.5,0.75,0.88,1,NO BET,7.43,0.1346,0.096,0.0,1618.2,1598.4,84.8,1.27,1.12,0.2893,DRAW POSSIBLE - tight 30%,1-1,14.74,1-0,12.59,0-1,10.65,SCORE POISSON + FORME - confiance 84%,A recalculer via player_scorers,0.421,0.579,0.487,0.513,"[('1-1', 0.1474), ('1-0', 0.1259), ('0-1', 0.1065), ('2-1', 0.0944), ('2-0', 0.084), ('1-2', 0.0784), ('0-0', 0.0725), ('0-2', 0.061), ('2-2', 0.0389), ('3-1', 0.0322), ('1-3', 0.0237), ('3-0', 0.0211)]",0.0,0.0,0.0,0.0,274.89
03/10/2026 01:08,NO BET,2026-10-14T16:45:00Z,soccer_uefa_champs_league,the-odds-api,football,Feyenoord,Como,Away Win,Como,0.4177194145934304,1.92,0.5208,-0.198,A EVITER,NO BET,False,69.04,5 - WATCHLIST,OK,BOOST|GLOBAL_BOOST,-6.0% (21 obs),MEGA 70%/3% | SAFE 63%/1% | VALUE 58%/3%,REFUSE,value negative,Value negative ou nulle | Proba IA 41.8% | Learning BOOST|GLOBAL_BOOST | Calibration -6.0% (21 obs) | Source the-odds-api,0.67,0.58,1.5,1.5,0.75,0.88,1,NO BET,7.43,0.0,0.0,0.0,1618.2,1598.4,84.8,1.27,1.12,0.2893,NO DRAW SIGNAL,1-1,14.74,1-0,12.59,0-1,10.65,SCORE POISSON + FORME - confiance 84%,A recalculer via player_scorers,0.421,0.579,0.487,0.513,"[('1-1', 0.1474), ('1-0', 0.1259), ('0-1', 0.1065), ('2-1', 0.0944), ('2-0', 0.084), ('1-2', 0.0784), ('0-0', 0.0725), ('0-2', 0.061), ('2-2', 0.0389), ('3-1', 0.0322), ('1-3', 0.0237), ('3-0', 0.0211)]",0.0,0.0,0.0,0.0,131.42
03/10/2026 01:08,WATCHLIST,2026-10-14T16:45:00Z,soccer_uefa_champs_league,the-odds-api,football,LASK,Liverpool,Home Win,LASK,0.1402202887215844,10.5,0.0952,0.4723,A EVITER,WATCHLIST,False,76.19,5 - WATCHLIST,VALUE CLAIRE,BOOST|GLOBAL_BOOST,-4.3% (77 obs),MEGA 70%/3% | SAFE 63%/1% | VALUE 58%/3%,WATCHLIST,cote trop haute,Value positive 47.2% | Proba IA 14.0% | VALUE CLAIRE | Learning BOOST|GLOBAL_BOOST | Calibration -4.3% (77 obs) | Source the-odds-api,0.5,0.46,1.2,1.75,1.2,1.62,1,NO BET,7.43,0.0,0.0,0.0,1500.0,1586.0,-21.0,1.4,1.21,0.2722,NO DRAW SIGNAL,1-1,14.46,1-0,11.79,2-1,10.02,SCORE POISSON + FORME - confiance 84%,A recalculer via player_scorers,0.4781,0.5219,0.5306,0.4694,"[('1-1', 0.1446), ('1-0', 0.1179), ('2-1', 0.1002), ('0-1', 0.0979), ('2-0', 0.0843), ('1-2', 0.0823), ('0-0', 0.0627), ('0-2', 0.0594), ('2-2', 0.0431), ('3-1', 0.0358), ('1-3', 0.0259), ('3-0', 0.0219)]",0.0,0.0,0.0,0.0,325.67
03/10/2026 01:08,WATCHLIST,2026-10-14T16:45:00Z,soccer_uefa_champs_league,the-odds-api,football,LASK,Liverpool,Away Win,Liverpool,0.6895848484975359,1.29,0.7752,-0.1104,Forte,WATCHLIST,False,72.46,5 - WATCHLIST,OK,BOOST|GLOBAL_BOOST,-3.6% (38 obs),MEGA 70%/3% | SAFE 63%/1% | VALUE 58%/3%,WATCHLIST,value negative,Value negative ou nulle | Proba IA 69.0% | Learning BOOST|GLOBAL_BOOST | Calibration -3.6% (38 obs) | Source the-odds-api,0.5,0.46,1.2,1.75,1.2,1.62,1,NO BET,7.43,0.0,0.0,0.0,1500.0,1586.0,-21.0,1.4,1.21,0.2722,NO DRAW SIGNAL,1-1,14.46,1-0,11.79,2-1,10.02,SCORE POISSON + FORME - confiance 84%,A recalculer via player_scorers,0.4781,0.5219,0.5306,0.4694,"[('1-1', 0.1446), ('1-0', 0.1179), ('2-1', 0.1002), ('0-1', 0.0979), ('2-0', 0.0843), ('1-2', 0.0823), ('0-0', 0.0627), ('0-2', 0.0594), ('2-2', 0.0431), ('3-1', 0.0358), ('1-3', 0.0259), ('3-0', 0.0219)]",0.0,0.0,0.0,0.0,155.51
03/10/2026 01:08,WATCHLIST,2026-10-14T16:45:00Z,soccer_uefa_champs_league,the-odds-api,football,LASK,Liverpool,Draw,Draw,0.15487178947809668,6.5,0.1538,0.0067,A EVITER,WATCHLIST,False,48.27,6 - NO BET,VALUE CLAIRE,BOOST|GLOBAL_BOOST,-4.5% (32 obs),MEGA 70%/3% | SAFE 63%/1% | VALUE 58%/3%,WATCHLIST,cote trop haute,Value positive 0.7% | Proba IA 15.5% | VALUE CLAIRE | Learning BOOST|GLOBAL_BOOST | Calibration -4.5% (32 obs) | Source the-odds-api,0.5,0.46,1.2,1.75,1.2,1.62,1,NO BET,7.43,0.0,0.0,0.0,1500.0,1586.0,-21.0,1.4,1.21,0.2722,NO DRAW SIGNAL,1-1,14.46,1-0,11.79,2-1,10.02,SCORE POISSON + FORME - confiance 84%,A recalculer via player_scorers,0.4781,0.5219,0.5306,0.4694,"[('1-1', 0.1446), ('1-0', 0.1179), ('2-1', 0.1002), ('0-1', 0.0979), ('2-0', 0.0843), ('1-2', 0.0823), ('0-0', 0.0627), ('0-2', 0.0594), ('2-2', 0.0431), ('3-1', 0.0358), ('1-3', 0.0259), ('3-0', 0.0219)]",0.0,0.0,0.0,0.0,85.15
03/10/2026 01:08,WATCHLIST,2026-10-14T19:00:00Z,soccer_uefa_champs_league,the-odds-api,football,AS Roma,Real Madrid,Draw,Draw,0.2999759117851852,4.0,0.25,0.1999,A EVITER,NUL POSSIBLE,True,86.59,3B - NUL POSSIBLE,OK,BOOST|GLOBAL_BOOST,+1.2% (179 obs),MEGA 70%/3% | SAFE 63%/1% | VALUE 58%/3%,WATCHLIST,cote trop haute,Value positive 20.0% | Proba IA 30.0% | Learning BOOST|GLOBAL_BOOST | Calibration +1.2% (179 obs) | Source the-odds-api,0.5,0.71,1.2,1.62,1.2,0.88,1,NO BET,7.43,0.1346,0.0666,0.0,1500.0,1681.8,-116.8,1.14,1.19,0.2999,DRAW POSSIBLE - tight 36%,1-1,15.03,1-0,11.99,0-1,11.53,SCORE POISSON + FORME - confiance 84%,A recalculer via player_scorers,0.4034,0.5966,0.4768,0.5232,"[('1-1', 0.1503), ('1-0', 0.1199), ('0-1', 0.1153), ('2-1', 0.0872), ('1-2', 0.0817), ('0-0', 0.0765), ('2-0', 0.0751), ('0-2', 0.0695), ('2-2', 0.038), ('3-1', 0.0287), ('1-3', 0.0256), ('3-0', 0.0191)]",0.0,0.0,0.0,0.0,235.11
03/10/2026 01:08,WATCHLIST,2026-10-14T19:00:00Z,soccer_uefa_champs_league,the-odds-api,football,AS Roma,Real Madrid,Home Win,AS Roma,0.3298215614743769,3.5,0.2857,0.1544,A EVITER,WATCHLIST,False,89.61,5 - WATCHLIST,MARCHE JUSTE,BOOST|GLOBAL_BOOST,+1.2% (35 obs),MEGA 70%/3% | SAFE 63%/1% | VALUE 58%/3%,WATCHLIST,cote trop haute,Value positive 15.4% | Proba IA 33.0% | MARCHE JUSTE | Learning BOOST|GLOBAL_BOOST | Calibration +1.2% (35 obs) | Source the-odds-api,0.5,0.71,1.2,1.62,1.2,0.88,1,NO BET,7.43,0.0,0.0,0.0,1500.0,1681.8,-116.8,1.14,1.19,0.2999,NO DRAW SIGNAL,1-1,15.03,1-0,11.99,0-1,11.53,SCORE POISSON + FORME - confiance 84%,A recalculer via player_scorers,0.4034,0.5966,0.4768,0.5232,"[('1-1', 0.1503), ('1-0', 0.1199), ('0-1', 0.1153), ('2-1', 0.0872), ('1-2', 0.0817), ('0-0', 0.0765), ('2-0', 0.0751), ('0-2', 0.0695), ('2-2', 0.038), ('3-1', 0.0287), ('1-3', 0.0256), ('3-0', 0.0191)]",0.0,0.0,0.0,0.0,222.09
03/10/2026 01:08,NO BET,2026-10-14T19:00:00Z,soccer_uefa_champs_league,the-odds-api,football,AS Roma,Real Madrid,Away Win,Real Madrid,0.43801809212486115,2.12,0.4717,-0.0714,A EVITER,NO BET,False,73.19,5 - WATCHLIST,OK,BOOST|GLOBAL_BOOST,-6.0% (21 obs),MEGA 70%/3% | SAFE 63%/1% | VALUE 58%/3%,REFUSE,value negative,Value negative ou nulle | Proba IA 43.8% | Learning BOOST|GLOBAL_BOOST | Calibration -6.0% (21 obs) | Source the-odds-api,0.5,0.71,1.2,1.62,1.2,0.88,1,NO BET,7.43,0.0,0.0,0.0,1500.0,1681.8,-116.8,1.14,1.19,0.2999,NO DRAW SIGNAL,1-1,15.03,1-0,11.99,0-1,11.53,SCORE POISSON + FORME - confiance 84%,A recalculer via player_scorers,0.4034,0.5966,0.4768,0.5232,"[('1-1', 0.1503), ('1-0', 0.1199), ('0-1', 0.1153), ('2-1', 0.0872), ('1-2', 0.0817), ('0-0', 0.0765), ('2-0', 0.0751), ('0-2', 0.0695), ('2-2', 0.038), ('3-1', 0.0287), ('1-3', 0.0256), ('3-0', 0.0191)]",0.0,0.0,0.0,0.0,138.98
03/10/2026 01:08,WATCHLIST,2026-10-14T19:00:00Z,soccer_uefa_champs_league,the-odds-api,football,Aston Villa,Fenerbahce,Away Win,Fenerbahce,0.297181762061283,4.7,0.2128,0.3968,A EVITER,WATCHLIST,False,82.78,5 - WATCHLIST,COTE HAUTE,BOOST|GLOBAL_BOOST,+4.0% (49 obs),MEGA 70%/3% | SAFE 63%/1% | VALUE 58%/3%,WATCHLIST,cote trop haute,Value positive 39.7% | Proba IA 29.7% | COTE HAUTE | Learning BOOST|GLOBAL_BOOST | Calibration +4.0% (49 obs) | Source the-odds-api,0.58,0.5,2.0,1.1,1.5,1.2,1,NO BET,7.43,0.0,0.0,0.0,1588.6,1500.0,153.6,1.59,1.17,0.248,NO DRAW SIGNAL,1-1,13.62,1-0,12.02,2-1,10.94,SCORE POISSON + FORME - confiance 84%,A recalculer via player_scorers,0.5193,0.4807,0.5487,0.4513,"[('1-1', 0.1362), ('1-0', 0.1202), ('2-1', 0.1094), ('2-0', 0.0927), ('0-1', 0.0887), ('1-2', 0.0798), ('0-0', 0.0557), ('0-2', 0.052), ('2-2', 0.0443), ('3-1', 0.0415), ('3-0', 0.0247), ('1-3', 0.0244)]",0.0,0.0,0.0,0.0,313.92
03/10/2026 01:08,WATCHLIST,2026-10-14T19:00:00Z,soccer_uefa_champs_league,the-odds-api,football,Aston Villa,Fenerbahce,Draw,Draw,0.3008441488670526,4.1,0.2439,0.2335,A EVITER,NUL POSSIBLE,True,78.94,3B - NUL POSSIBLE,MARCHE JUSTE,BOOST|GLOBAL_BOOST,+3.7% (114 obs),MEGA 70%/3% | SAFE 63%/1% | VALUE 58%/3%,WATCHLIST,cote trop haute,Value positive 23.4% | Proba IA 30.1% | MARCHE JUSTE | Learning BOOST|GLOBAL_BOOST | Calibration +3.7% (114 obs) | Source the-odds-api,0.58,0.5,2.0,1.1,1.5,1.2,1,NO BET,7.43,0.1346,0.0753,0.0,1588.6,1500.0,153.6,1.59,1.17,0.248,NO DRAW SIGNAL,1-1,13.62,1-0,12.02,2-1,10.94,SCORE POISSON + FORME - confiance 84%,A recalculer via player_scorers,0.5193,0.4807,0.5487,0.4513,"[('1-1', 0.1362), ('1-0', 0.1202), ('2-1', 0.1094), ('2-0', 0.0927), ('0-1', 0.0887), ('1-2', 0.0798), ('0-0', 0.0557), ('0-2', 0.052), ('2-2', 0.0443), ('3-1', 0.0415), ('3-0', 0.0247), ('1-3', 0.0244)]",0.0,0.0,0.0,0.0,238.28
03/10/2026 01:08,NO BET,2026-10-14T19:00:00Z,soccer_uefa_champs_league,the-odds-api,football,Aston Villa,Fenerbahce,Home Win,Aston Villa,0.5202910713090368,1.74,0.5747,-0.0947,Faible,NO BET,False,73.96,5 - WATCHLIST,OK,BOOST|GLOBAL_BOOST,-6.0% (26 obs),MEGA 70%/3% | SAFE 63%/1% | VALUE 58%/3%,REFUSE,value negative,Value negative ou nulle | Proba IA 52.0% | Learning BOOST|GLOBAL_BOOST | Calibration -6.0% (26 obs) | Source the-odds-api,0.58,0.5,2.0,1.1,1.5,1.2,1,NO BET,7.43,0.0,0.0,0.0,1588.6,1500.0,153.6,1.59,1.17,0.248,NO DRAW SIGNAL,1-1,13.62,1-0,12.02,2-1,10.94,SCORE POISSON + FORME - confiance 84%,A recalculer via player_scorers,0.5193,0.4807,0.5487,0.4513,"[('1-1', 0.1362), ('1-0', 0.1202), ('2-1', 0.1094), ('2-0', 0.0927), ('0-1', 0.0887), ('1-2', 0.0798), ('0-0', 0.0557), ('0-2', 0.052), ('2-2', 0.0443), ('3-1', 0.0415), ('3-0', 0.0247), ('1-3', 0.0244)]",0.0,0.0,0.0,0.0,145.88
03/10/2026 01:08,WATCHLIST,2026-10-14T19:00:00Z,soccer_uefa_champs_league,the-odds-api,football,Bodø/Glimt,Borussia Dortmund,Draw,Draw,0.3089838715095594,4.2,0.2381,0.2977,A EVITER,NUL POSSIBLE,True,72.13,3B - NUL POSSIBLE,MARCHE JUSTE,BOOST|GLOBAL_BOOST,+3.7% (114 obs),MEGA 70%/3% | SAFE 63%/1% | VALUE 58%/3%,WATCHLIST,cote trop haute,Value positive 29.8% | Proba IA 30.9% | MARCHE JUSTE | Learning BOOST|GLOBAL_BOOST | Calibration +3.7% (114 obs) | Source the-odds-api,0.5,0.5,1.2,1.1,1.2,1.2,0,NO BET,7.43,0.1346,0.093,0.0,1500.0,1500.0,65.0,1.049,1.332,0.2806,NO DRAW SIGNAL,1-1,14.35,0-1,12.44,1-0,11.16,SCORE POISSON + FORME - confiance 78%,A recalculer via player_scorers,0.4213,0.5787,0.4793,0.5207,"[('1-1', 0.1435), ('0-1', 0.1244), ('1-0', 0.1116), ('1-2', 0.0899), ('2-1', 0.0832), ('0-2', 0.0807), ('0-0', 0.0715), ('2-0', 0.066), ('2-2', 0.0379), ('1-3', 0.0296), ('3-1', 0.0263), ('3-0', 0.0175)]",0.0,0.0,0.0,0.0,256.41
03/10/2026 01:08,WATCHLIST,2026-10-14T19:00:00Z,soccer_uefa_champs_league,the-odds-api,football,Bodø/Glimt,Borussia Dortmund,Home Win,Bodø/Glimt,0.3321006838142788,3.3,0.303,0.0959,A EVITER,WATCHLIST,False,75.83,5 - WATCHLIST,MARCHE JUSTE,BOOST|GLOBAL_BOOST,+1.2% (35 obs),MEGA 70%/3% | SAFE 63%/1% | VALUE 58%/3%,WATCHLIST,cote trop haute,Value positive 9.6% | Proba IA 33.2% | MARCHE JUSTE | Learning BOOST|GLOBAL_BOOST | Calibration +1.2% (35 obs) | Source the-odds-api,0.5,0.5,1.2,1.1,1.2,1.2,0,NO BET,7.43,0.0,0.0,0.0,1500.0,1500.0,65.0,1.049,1.332,0.2806,NO DRAW SIGNAL,1-1,14.35,0-1,12.44,1-0,11.16,SCORE POISSON + FORME - confiance 78%,A recalculer via player_scorers,0.4213,0.5787,0.4793,0.5207,"[('1-1', 0.1435), ('0-1', 0.1244), ('1-0', 0.1116), ('1-2', 0.0899), ('2-1', 0.0832), ('0-2', 0.0807), ('0-0', 0.0715), ('2-0', 0.066), ('2-2', 0.0379), ('1-3', 0.0296), ('3-1', 0.0263), ('3-0', 0.0175)]",0.0,0.0,0.0,0.0,176.73
03/10/2026 01:08,NO BET,2026-10-14T19:00:00Z,soccer_uefa_champs_league,the-odds-api,football,Bodø/Glimt,Borussia Dortmund,Away Win,Borussia Dortmund,0.4543254566585386,2.08,0.4808,-0.055,A EVITER,NO BET,False,68.61,5 - WATCHLIST,MARCHE JUSTE,BOOST|GLOBAL_BOOST,-6.0% (28 obs),MEGA 70%/3% | SAFE 63%/1% | VALUE 58%/3%,REFUSE,value negative,Value negative ou nulle | Proba IA 45.4% | MARCHE JUSTE | Learning BOOST|GLOBAL_BOOST | Calibration -6.0% (28 obs) | Source the-odds-api,0.5,0.5,1.2,1.1,1.2,1.2,0,NO BET,7.43,0.0,0.0,0.0,1500.0,1500.0,65.0,1.049,1.332,0.2806,NO DRAW SIGNAL,1-1,14.35,0-1,12.44,1-0,11.16,SCORE POISSON + FORME - confiance 78%,A recalculer via player_scorers,0.4213,0.5787,0.4793,0.5207,"[('1-1', 0.1435), ('0-1', 0.1244), ('1-0', 0.1116), ('1-2', 0.0899), ('2-1', 0.0832), ('0-2', 0.0807), ('0-0', 0.0715), ('2-0', 0.066), ('2-2', 0.0379), ('1-3', 0.0296), ('3-1', 0.0263), ('3-0', 0.0175)]",0.0,0.0,0.0,0.0,133.35
03/10/2026 01:08,WATCHLIST,2026-10-14T19:00:00Z,soccer_uefa_champs_league,the-odds-api,football,Manchester City,Paris Saint Germain,Draw,Draw,0.3102862271323605,4.3,0.2326,0.3342,A EVITER,NUL POSSIBLE,True,79.33,3B - NUL POSSIBLE,OK,BOOST|GLOBAL_BOOST,+3.7% (114 obs),MEGA 70%/3% | SAFE 63%/1% | VALUE 58%/3%,WATCHLIST,cote trop haute,Value positive 33.4% | Proba IA 31.0% | Learning BOOST|GLOBAL_BOOST | Calibration +3.7% (114 obs) | Source the-odds-api,0.5,0.67,1.2,2.0,1.2,0.88,1,NO BET,7.43,0.1346,0.1013,0.0,1500.0,1500.0,65.0,1.26,1.02,0.2911,DRAW POSSIBLE - tight 47%,1-1,15.11,1-0,14.15,0-1,11.23,SCORE POISSON + FORME - confiance 84%,A recalculer via player_scorers,0.3939,0.6061,0.4596,0.5404,"[('1-1', 0.1511), ('1-0', 0.1415), ('0-1', 0.1123), ('2-1', 0.098), ('2-0', 0.0927), ('0-0', 0.0802), ('1-2', 0.0765), ('0-2', 0.0596), ('2-2', 0.0266), ('3-1', 0.0243), ('3-0', 0.0222), ('1-3', 0.0163)]",0.0,0.0,0.0,0.0,282.85
03/10/2026 01:08,WATCHLIST,2026-10-14T19:00:00Z,soccer_uefa_champs_league,the-odds-api,football,Manchester City,Paris Saint Germain,Home Win,Manchester City,0.48447629168200673,2.36,0.4237,0.1434,A EVITER,WATCHLIST,False,94.83,5 - WATCHLIST,MARCHE JUSTE,BOOST|GLOBAL_BOOST,+3.9% (57 obs),MEGA 70%/3% | SAFE 63%/1% | VALUE 58%/3%,WATCHLIST,proba trop basse,Value positive 14.3% | Proba IA 48.4% | MARCHE JUSTE | Learning BOOST|GLOBAL_BOOST | Calibration +3.9% (57 obs) | Source the-odds-api,0.5,0.67,1.2,2.0,1.2,0.88,1,NO BET,7.43,0.0,0.0,0.0,1500.0,1500.0,65.0,1.26,1.02,0.2911,NO DRAW SIGNAL,1-1,15.11,1-0,14.15,0-1,11.23,SCORE POISSON + FORME - confiance 84%,A recalculer via player_scorers,0.3939,0.6061,0.4596,0.5404,"[('1-1', 0.1511), ('1-0', 0.1415), ('0-1', 0.1123), ('2-1', 0.098), ('2-0', 0.0927), ('0-0', 0.0802), ('1-2', 0.0765), ('0-2', 0.0596), ('2-2', 0.0266), ('3-1', 0.0243), ('3-0', 0.0222), ('1-3', 0.0163)]",0.0,0.0,0.0,0.0,235.91
03/10/2026 01:08,NO BET,2026-10-14T19:00:00Z,soccer_uefa_champs_league,the-odds-api,football,Manchester City,Paris Saint Germain,Away Win,Paris Saint Germain,0.3450775180343217,2.82,0.3546,-0.0269,A EVITER,NO BET,False,69.4,5 - WATCHLIST,MARCHE JUSTE,BOOST|GLOBAL_BOOST,-4.1% (61 obs),MEGA 70%/3% | SAFE 63%/1% | VALUE 58%/3%,REFUSE,value negative,Value negative ou nulle | Proba IA 34.5% | MARCHE JUSTE | Learning BOOST|GLOBAL_BOOST | Calibration -4.1% (61 obs) | Source the-odds-api,0.5,0.67,1.2,2.0,1.2,0.88,1,NO BET,7.43,0.0,0.0,0.0,1500.0,1500.0,65.0,1.26,1.02,0.2911,NO DRAW SIGNAL,1-1,15.11,1-0,14.15,0-1,11.23,SCORE POISSON + FORME - confiance 84%,A recalculer via player_scorers,0.3939,0.6061,0.4596,0.5404,"[('1-1', 0.1511), ('1-0', 0.1415), ('0-1', 0.1123), ('2-1', 0.098), ('2-0', 0.0927), ('0-0', 0.0802), ('1-2', 0.0765), ('0-2', 0.0596), ('2-2', 0.0266), ('3-1', 0.0243), ('3-0', 0.0222), ('1-3', 0.0163)]",0.0,0.0,0.0,0.0,126.87
03/10/2026 01:08,WATCHLIST,2026-10-14T19:00:00Z,soccer_uefa_champs_league,the-odds-api,football,Real Betis,Porto,Draw,Draw,0.30041003032611885,3.8,0.2632,0.1416,A EVITER,NUL POSSIBLE,True,79.9,3B - NUL POSSIBLE,MARCHE JUSTE,BOOST|GLOBAL_BOOST,+1.2% (179 obs),MEGA 70%/3% | SAFE 63%/1% | VALUE 58%/3%,WATCHLIST,cote trop haute,Value positive 14.2% | Proba IA 30.0% | MARCHE JUSTE | Learning BOOST|GLOBAL_BOOST | Calibration +1.2% (179 obs) | Source the-odds-api,0.5,0.79,1.2,1.75,1.2,1.0,1,NO BET,7.43,0.1346,0.0506,0.0,1500.0,1708.3,-143.3,1.18,1.36,0.2772,NO DRAW SIGNAL,1-1,14.56,0-1,11.21,1-0,10.9,SCORE POISSON + FORME - confiance 84%,A recalculer via player_scorers,0.4603,0.5397,0.517,0.483,"[('1-1', 0.1456), ('0-1', 0.1121), ('1-0', 0.109), ('1-2', 0.0904), ('2-1', 0.0892), ('0-2', 0.0744), ('2-0', 0.0699), ('0-0', 0.0656), ('2-2', 0.0418), ('1-3', 0.0303), ('3-1', 0.0296), ('3-0', 0.0186)]",0.0,0.0,0.0,0.0,200.15
03/10/2026 01:08,WATCHLIST,2026-10-14T19:00:00Z,soccer_uefa_champs_league,the-odds-api,football,Real Betis,Porto,Home Win,Real Betis,0.47698774685090045,2.24,0.4464,0.0685,A EVITER,WATCHLIST,False,90.91,5 - WATCHLIST,OK,BOOST|GLOBAL_BOOST,+3.9% (57 obs),MEGA 70%/3% | SAFE 63%/1% | VALUE 58%/3%,WATCHLIST,proba trop basse,Value positive 6.9% | Proba IA 47.7% | Learning BOOST|GLOBAL_BOOST | Calibration +3.9% (57 obs) | Source the-odds-api,0.5,0.79,1.2,1.75,1.2,1.0,1,NO BET,7.43,0.0,0.0,0.0,1500.0,1708.3,-143.3,1.18,1.36,0.2772,NO DRAW SIGNAL,1-1,14.56,0-1,11.21,1-0,10.9,SCORE POISSON + FORME - confiance 84%,A recalculer via player_scorers,0.4603,0.5397,0.517,0.483,"[('1-1', 0.1456), ('0-1', 0.1121), ('1-0', 0.109), ('1-2', 0.0904), ('2-1', 0.0892), ('0-2', 0.0744), ('2-0', 0.0699), ('0-0', 0.0656), ('2-2', 0.0418), ('1-3', 0.0303), ('3-1', 0.0296), ('3-0', 0.0186)]",0.0,0.0,0.0,0.0,197.37
03/10/2026 01:08,WATCHLIST,2026-10-14T19:00:00Z,soccer_uefa_champs_league,the-odds-api,football,Real Betis,Porto,Away Win,Porto,0.3350422167828279,3.25,0.3077,0.0889,A EVITER,WATCHLIST,False,82.29,5 - WATCHLIST,OK,BOOST|GLOBAL_BOOST,-4.1% (61 obs),MEGA 70%/3% | SAFE 63%/1% | VALUE 58%/3%,WATCHLIST,cote trop haute,Value positive 8.9% | Proba IA 33.5% | Learning BOOST|GLOBAL_BOOST | Calibration -4.1% (61 obs) | Source the-odds-api,0.5,0.79,1.2,1.75,1.2,1.0,1,NO BET,7.43,0.0,0.0,0.0,1500.0,1708.3,-143.3,1.18,1.36,0.2772,NO DRAW SIGNAL,1-1,14.56,0-1,11.21,1-0,10.9,SCORE POISSON + FORME - confiance 84%,A recalculer via player_scorers,0.4603,0.5397,0.517,0.483,"[('1-1', 0.1456), ('0-1', 0.1121), ('1-0', 0.109), ('1-2', 0.0904), ('2-1', 0.0892), ('0-2', 0.0744), ('2-0', 0.0699), ('0-0', 0.0656), ('2-2', 0.0418), ('1-3', 0.0303), ('3-1', 0.0296), ('3-0', 0.0186)]",0.0,0.0,0.0,0.0,183.46
03/10/2026 01:08,WATCHLIST,2026-10-14T19:00:00Z,soccer_uefa_champs_league,the-odds-api,football,Shakhtar Donetsk,AEK Athens,Draw,Draw,0.33535657287128157,3.6,0.2778,0.2073,A EVITER,NUL POSSIBLE,True,81.77,3B - NUL POSSIBLE,NUL SERRE,BOOST|GLOBAL_BOOST,+1.2% (179 obs),MEGA 70%/3% | SAFE 63%/1% | VALUE 58%/3%,WATCHLIST,cote trop haute,Value positive 20.7% | Proba IA 33.5% | NUL SERRE | Learning BOOST|GLOBAL_BOOST | Calibration +1.2% (179 obs) | Source the-odds-api,0.5,0.5,1.2,1.1,1.2,1.2,0,NO BET,7.43,0.1346,0.0797,0.0,1500.0,1500.0,65.0,1.279,1.118,0.2881,DRAW POSSIBLE - tight 71%,1-1,14.71,1-0,12.61,0-1,10.59,SCORE POISSON + FORME - confiance 78%,A recalculer via player_scorers,0.4231,0.5769,0.4881,0.5119,"[('1-1', 0.1471), ('1-0', 0.1261), ('0-1', 0.1059), ('2-1', 0.0949), ('2-0', 0.0845), ('1-2', 0.0783), ('0-0', 0.072), ('0-2', 0.0606), ('2-2', 0.039), ('3-1', 0.0325), ('1-3', 0.0237), ('3-0', 0.0212)]",0.0,0.0,0.0,0.0,233.63
03/10/2026 01:08,NO BET,2026-10-14T19:00:00Z,soccer_uefa_champs_league,the-odds-api,football,Shakhtar Donetsk,AEK Athens,Away Win,AEK Athens,0.35032324368851164,2.6,0.3846,-0.0892,A EVITER,NO BET,False,55.31,5 - WATCHLIST,OK,BOOST|GLOBAL_BOOST,-4.1% (61 obs),MEGA 70%/3% | SAFE 63%/1% | VALUE 58%/3%,REFUSE,value negative,Value negative ou nulle | Proba IA 35.0% | Learning BOOST|GLOBAL_BOOST | Calibration -4.1% (61 obs) | Source the-odds-api,0.5,0.5,1.2,1.1,1.2,1.2,0,NO BET,7.43,0.0,0.0,0.0,1500.0,1500.0,65.0,1.279,1.118,0.2881,NO DRAW SIGNAL,1-1,14.71,1-0,12.61,0-1,10.59,SCORE POISSON + FORME - confiance 78%,A recalculer via player_scorers,0.4231,0.5769,0.4881,0.5119,"[('1-1', 0.1471), ('1-0', 0.1261), ('0-1', 0.1059), ('2-1', 0.0949), ('2-0', 0.0845), ('1-2', 0.0783), ('0-0', 0.072), ('0-2', 0.0606), ('2-2', 0.039), ('3-1', 0.0325), ('1-3', 0.0237), ('3-0', 0.0212)]",0.0,0.0,0.0,0.0,106.38
03/10/2026 01:08,NO BET,2026-10-14T19:00:00Z,soccer_uefa_champs_league,the-odds-api,football,Shakhtar Donetsk,AEK Athens,Home Win,Shakhtar Donetsk,0.3202709535738355,2.7,0.3704,-0.1353,A EVITER,NO BET,False,52.8,6 - NO BET,MARCHE JUSTE,BOOST|GLOBAL_BOOST,-6.0% (36 obs),MEGA 70%/3% | SAFE 63%/1% | VALUE 58%/3%,REFUSE,value negative,Value negative ou nulle | Proba IA 32.0% | MARCHE JUSTE | Learning BOOST|GLOBAL_BOOST | Calibration -6.0% (36 obs) | Source the-odds-api,0.5,0.5,1.2,1.1,1.2,1.2,0,NO BET,7.43,0.0,0.0,0.0,1500.0,1500.0,65.0,1.279,1.118,0.2881,NO DRAW SIGNAL,1-1,14.71,1-0,12.61,0-1,10.59,SCORE POISSON + FORME - confiance 78%,A recalculer via player_scorers,0.4231,0.5769,0.4881,0.5119,"[('1-1', 0.1471), ('1-0', 0.1261), ('0-1', 0.1059), ('2-1', 0.0949), ('2-0', 0.0845), ('1-2', 0.0783), ('0-0', 0.072), ('0-2', 0.0606), ('2-2', 0.039), ('3-1', 0.0325), ('1-3', 0.0237), ('3-0', 0.0212)]",0.0,0.0,0.0,0.0,100.56
03/10/2026 01:08,MEGA VALUE,2026-10-14T19:00:00Z,soccer_uefa_champs_league,the-odds-api,football,ŠK Slovan Bratislava,VfB Stuttgart,Away Win,VfB Stuttgart,0.842010631875,1.37,0.7299,0.1536,Elite,MEGA VALUE,True,100.0,1 - MEGA VALUE,OK,BOOST|GLOBAL_BOOST,+4.0% (33 obs),MEGA 70%/3% | SAFE 63%/1% | VALUE 58%/3%,JOUABLE,ok,Value positive 15.4% | Proba IA 84.2% | Mode MEGA VALUE | Learning BOOST|GLOBAL_BOOST | Calibration +4.0% (33 obs) | Source the-odds-api,0.5,0.5,1.2,1.1,1.2,1.2,0,VALUE BET,7.43,0.4038,0.22,3.0,1500.0,1500.0,65.0,0.35,2.117,0.1237,NO DRAW SIGNAL,0-2,21.87,0-1,18.77,0-3,15.92,SCORE POISSON + FORME - confiance 78%,A recalculer via player_scorers,0.4884,0.5116,0.2452,0.7548,"[('0-2', 0.2187), ('0-1', 0.1877), ('0-3', 0.1592), ('1-2', 0.072), ('1-1', 0.0607), ('0-4', 0.0603), ('0-0', 0.0529), ('1-3', 0.0375), ('1-0', 0.0374), ('2-1', 0.0174), ('0-5', 0.0162), ('1-4', 0.0134)]",0.0,0.0,0.0,0.0,272.97
03/10/2026 01:08,NO BET,2026-10-14T19:00:00Z,soccer_uefa_champs_league,the-odds-api,football,ŠK Slovan Bratislava,VfB Stuttgart,Home Win,ŠK Slovan Bratislava,0.10158373857848528,9.0,0.1111,-0.0857,A EVITER,NO BET,False,32.26,6 - NO BET,COTE HAUTE,BOOST|GLOBAL_BOOST,-0.2% (13 obs),MEGA 70%/3% | SAFE 63%/1% | VALUE 58%/3%,REFUSE,cote trop haute,Value negative ou nulle | Proba IA 10.2% | COTE HAUTE | Learning BOOST|GLOBAL_BOOST | Calibration -0.2% (13 obs) | Source the-odds-api,0.5,0.5,1.2,1.1,1.2,1.2,0,NO BET,7.43,0.0,0.0,0.0,1500.0,1500.0,65.0,0.35,2.117,0.1237,NO DRAW SIGNAL,0-2,21.87,0-1,18.77,0-3,15.92,SCORE POISSON + FORME - confiance 78%,A recalculer via player_scorers,0.4884,0.5116,0.2452,0.7548,"[('0-2', 0.2187), ('0-1', 0.1877), ('0-3', 0.1592), ('1-2', 0.072), ('1-1', 0.0607), ('0-4', 0.0603), ('0-0', 0.0529), ('1-3', 0.0375), ('1-0', 0.0374), ('2-1', 0.0174), ('0-5', 0.0162), ('1-4', 0.0134)]",0.0,0.0,0.0,0.0,54.86
03/10/2026 01:08,NO BET,2026-10-14T19:00:00Z,soccer_uefa_champs_league,the-odds-api,football,ŠK Slovan Bratislava,VfB Stuttgart,Draw,Draw,0.11970818766246716,6.0,0.1667,-0.2818,A EVITER,NO BET,False,27.38,6 - NO BET,DRAW RISQUE,BOOST|GLOBAL_BOOST,-4.5% (32 obs),MEGA 70%/3% | SAFE 63%/1% | VALUE 58%/3%,REFUSE,cote trop haute,Value negative ou nulle | Proba IA 12.0% | DRAW RISQUE | Learning BOOST|GLOBAL_BOOST | Calibration -4.5% (32 obs) | Source the-odds-api,0.5,0.5,1.2,1.1,1.2,1.2,0,NO BET,7.43,0.0,0.0,0.0,1500.0,1500.0,65.0,0.35,2.117,0.1237,NO DRAW SIGNAL,0-2,21.87,0-1,18.77,0-3,15.92,SCORE POISSON + FORME - confiance 78%,A recalculer via player_scorers,0.4884,0.5116,0.2452,0.7548,"[('0-2', 0.2187), ('0-1', 0.1877), ('0-3', 0.1592), ('1-2', 0.072), ('1-1', 0.0607), ('0-4', 0.0603), ('0-0', 0.0529), ('1-3', 0.0375), ('1-0', 0.0374), ('2-1', 0.0174), ('0-5', 0.0162), ('1-4', 0.0134)]",0.0,0.0,0.0,0.0,48.9
03/10/2026 01:08,WATCHLIST,2026-10-14T22:00:00Z,soccer_conmebol_copa_sudamericana,the-odds-api,football,Clube Atlético Mineiro,Montevideo City Torque,Home Win,Clube Atlético Mineiro,0.7591184999999999,1.42,0.7042,0.0779,Forte,MEGA VALUE,True,96.7,1 - MEGA VALUE,OK,GLOBAL_BOOST,+4.0% (27 obs),MEGA 70%/3% | SAFE 63%/1% | VALUE 58%/3%,WATCHLIST,watchlist prudente,Value positive 7.8% | Proba IA 75.9% | Learning GLOBAL_BOOST | Calibration +4.0% (27 obs) | Source the-odds-api,0.5,0.5,1.2,1.1,1.2,1.2,0,NO BET,7.43,0.4038,0.1856,0.0,1500.0,1500.0,65.0,2.257,0.42,0.1159,NO DRAW SIGNAL,2-0,23.83,3-0,18.44,1-0,12.55,SCORE POISSON + FORME - confiance 78%,A recalculer via player_scorers,0.5399,0.4601,0.2907,0.7093,"[('2-0', 0.2383), ('3-0', 0.1844), ('1-0', 0.1255), ('2-1', 0.078), ('4-0', 0.0751), ('3-1', 0.0521), ('1-1', 0.049), ('0-0', 0.0338), ('0-1', 0.0336), ('5-0', 0.02), ('4-1', 0.0196), ('1-2', 0.0178)]",0.0,0.0,0.0,0.0,229.77
03/10/2026 01:08,WATCHLIST,2026-10-14T22:00:00Z,soccer_conmebol_copa_sudamericana,the-odds-api,football,Clube Atlético Mineiro,Montevideo City Torque,Away Win,Montevideo City Torque,0.1540646817132745,8.0,0.125,0.2325,A EVITER,WATCHLIST,False,69.62,5 - WATCHLIST,COTE HAUTE,BOOST|GLOBAL_BOOST,+3.2% (24 obs),MEGA 70%/3% | SAFE 63%/1% | VALUE 58%/3%,WATCHLIST,cote trop haute,Value positive 23.2% | Proba IA 15.4% | COTE HAUTE | Learning BOOST|GLOBAL_BOOST | Calibration +3.2% (24 obs) | Source the-odds-api,0.5,0.5,1.2,1.1,1.2,1.2,0,NO BET,7.43,0.0,0.0,0.0,1500.0,1500.0,65.0,2.257,0.42,0.1159,NO DRAW SIGNAL,2-0,23.83,3-0,18.44,1-0,12.55,SCORE POISSON + FORME - confiance 78%,A recalculer via player_scorers,0.5399,0.4601,0.2907,0.7093,"[('2-0', 0.2383), ('3-0', 0.1844), ('1-0', 0.1255), ('2-1', 0.078), ('4-0', 0.0751), ('3-1', 0.0521), ('1-1', 0.049), ('0-0', 0.0338), ('0-1', 0.0336), ('5-0', 0.02), ('4-1', 0.0196), ('1-2', 0.0178)]",0.0,0.0,0.0,0.0,213.8
03/10/2026 01:08,NO BET,2026-10-14T22:00:00Z,soccer_conmebol_copa_sudamericana,the-odds-api,football,Clube Atlético Mineiro,Montevideo City Torque,Draw,Draw,0.1566082636418315,4.25,0.2353,-0.3344,A EVITER,NO BET,False,28.93,6 - NO BET,DRAW RISQUE,BOOST|GLOBAL_BOOST,-4.5% (32 obs),MEGA 70%/3% | SAFE 63%/1% | VALUE 58%/3%,REFUSE,cote trop haute,Value negative ou nulle | Proba IA 15.7% | DRAW RISQUE | Learning BOOST|GLOBAL_BOOST | Calibration -4.5% (32 obs) | Source the-odds-api,0.5,0.5,1.2,1.1,1.2,1.2,0,NO BET,7.43,0.0,0.0,0.0,1500.0,1500.0,65.0,2.257,0.42,0.1159,NO DRAW SIGNAL,2-0,23.83,3-0,18.44,1-0,12.55,SCORE POISSON + FORME - confiance 78%,A recalculer via player_scorers,0.5399,0.4601,0.2907,0.7093,"[('2-0', 0.2383), ('3-0', 0.1844), ('1-0', 0.1255), ('2-1', 0.078), ('4-0', 0.0751), ('3-1', 0.0521), ('1-1', 0.049), ('0-0', 0.0338), ('0-1', 0.0336), ('5-0', 0.02), ('4-1', 0.0196), ('1-2', 0.0178)]",0.0,0.0,0.0,0.0,53.78
03/10/2026 01:08,WATCHLIST,2026-10-15T00:30:00Z,soccer_conmebol_copa_libertadores,the-odds-api,football,Fluminense-RJ,Palmeiras-SP,Home Win,Fluminense-RJ,0.39971464656470224,2.88,0.3472,0.1512,A EVITER,WATCHLIST,False,85.02,5 - WATCHLIST,MARCHE JUSTE,BOOST|GLOBAL_BOOST,+4.0% (33 obs),MEGA 70%/3% | SAFE 63%/1% | VALUE 58%/3%,WATCHLIST,proba trop basse,Value positive 15.1% | Proba IA 40.0% | MARCHE JUSTE | Learning BOOST|GLOBAL_BOOST | Calibration +4.0% (33 obs) | Source the-odds-api,0.5,0.5,1.2,1.1,1.2,1.2,0,NO BET,7.43,0.0,0.0,0.0,1500.0,1500.0,65.0,1.239,1.106,0.2937,NO DRAW SIGNAL,1-1,14.81,1-0,12.71,0-1,10.86,SCORE POISSON + FORME - confiance 78%,A recalculer via player_scorers,0.4089,0.5911,0.478,0.522,"[('1-1', 0.1481), ('1-0', 0.1271), ('0-1', 0.1086), ('2-1', 0.0928), ('2-0', 0.0834), ('1-2', 0.0777), ('0-0', 0.0748), ('0-2', 0.0617), ('2-2', 0.038), ('3-1', 0.0314), ('1-3', 0.0234), ('3-0', 0.0208)]",0.0,0.0,0.0,0.0,218.82
03/10/2026 01:08,WATCHLIST,2026-10-15T00:30:00Z,soccer_conmebol_copa_libertadores,the-odds-api,football,Fluminense-RJ,Palmeiras-SP,Draw,Draw,0.35684544064749957,2.88,0.3472,0.0277,A EVITER,NUL POSSIBLE,True,65.02,3B - NUL POSSIBLE,NUL SERRE,BOOST|GLOBAL_BOOST,-1.2% (23 obs),MEGA 70%/3% | SAFE 63%/1% | VALUE 58%/3%,WATCHLIST,proba trop basse,Value positive 2.8% | Proba IA 35.7% | NUL SERRE | Learning BOOST|GLOBAL_BOOST | Calibration -1.2% (23 obs) | Source the-odds-api,0.5,0.5,1.2,1.1,1.2,1.2,0,NO BET,7.43,0.1346,0.0147,0.0,1500.0,1500.0,65.0,1.239,1.106,0.2937,DRAW POSSIBLE - tight 78%,1-1,14.81,1-0,12.71,0-1,10.86,SCORE POISSON + FORME - confiance 78%,A recalculer via player_scorers,0.4089,0.5911,0.478,0.522,"[('1-1', 0.1481), ('1-0', 0.1271), ('0-1', 0.1086), ('2-1', 0.0928), ('2-0', 0.0834), ('1-2', 0.0777), ('0-0', 0.0748), ('0-2', 0.0617), ('2-2', 0.038), ('3-1', 0.0314), ('1-3', 0.0234), ('3-0', 0.0208)]",0.0,0.0,0.0,0.0,133.13
03/10/2026 01:08,NO BET,2026-10-15T00:30:00Z,soccer_conmebol_copa_libertadores,the-odds-api,football,Fluminense-RJ,Palmeiras-SP,Away Win,Palmeiras-SP,0.32979649112863796,2.7,0.3704,-0.1095,A EVITER,NO BET,False,53.2,6 - NO BET,OK,BOOST|GLOBAL_BOOST,-4.1% (61 obs),MEGA 70%/3% | SAFE 63%/1% | VALUE 58%/3%,REFUSE,value negative,Value negative ou nulle | Proba IA 33.0% | Learning BOOST|GLOBAL_BOOST | Calibration -4.1% (61 obs) | Source the-odds-api,0.5,0.5,1.2,1.1,1.2,1.2,0,NO BET,7.43,0.0,0.0,0.0,1500.0,1500.0,65.0,1.239,1.106,0.2937,NO DRAW SIGNAL,1-1,14.81,1-0,12.71,0-1,10.86,SCORE POISSON + FORME - confiance 78%,A recalculer via player_scorers,0.4089,0.5911,0.478,0.522,"[('1-1', 0.1481), ('1-0', 0.1271), ('0-1', 0.1086), ('2-1', 0.0928), ('2-0', 0.0834), ('1-2', 0.0777), ('0-0', 0.0748), ('0-2', 0.0617), ('2-2', 0.038), ('3-1', 0.0314), ('1-3', 0.0234), ('3-0', 0.0208)]",0.0,0.0,0.0,0.0,101.82
03/10/2026 01:08,WATCHLIST,2026-10-15T16:45:00Z,soccer_uefa_europa_conference_league,the-odds-api,football,FC Lugano,Red Star Belgrade,Draw,Draw,0.33774422484641686,3.85,0.2597,0.3003,A EVITER,NUL POSSIBLE,True,83.34,3B - NUL POSSIBLE,NUL SERRE,BOOST|GLOBAL_BOOST,+1.2% (179 obs),MEGA 70%/3% | SAFE 63%/1% | VALUE 58%/3%,WATCHLIST,cote trop haute,Value positive 30.0% | Proba IA 33.8% | NUL SERRE | Learning BOOST|GLOBAL_BOOST | Calibration +1.2% (179 obs) | Source the-odds-api,0.5,0.5,1.2,1.1,1.2,1.2,0,NO BET,7.43,0.1346,0.1054,0.0,1500.0,1500.0,65.0,1.251,1.152,0.2916,DRAW POSSIBLE - tight 68%,1-1,14.87,1-0,12.3,0-1,10.74,SCORE POISSON + FORME - confiance 78%,A recalculer via player_scorers,0.4234,0.5766,0.4912,0.5088,"[('1-1', 0.1487), ('1-0', 0.123), ('0-1', 0.1074), ('2-1', 0.0931), ('2-0', 0.0816), ('1-2', 0.0798), ('0-0', 0.0724), ('0-2', 0.063), ('2-2', 0.0394), ('3-1', 0.0317), ('1-3', 0.0246), ('3-0', 0.0206)]",0.0,0.0,0.0,0.0,276.12
03/10/2026 01:08,WATCHLIST,2026-10-15T16:45:00Z,soccer_uefa_europa_conference_league,the-odds-api,football,FC Lugano,Red Star Belgrade,Home Win,FC Lugano,0.41490879549738163,2.76,0.3623,0.1451,A EVITER,WATCHLIST,False,84.97,5 - WATCHLIST,MARCHE JUSTE,BOOST|GLOBAL_BOOST,+4.0% (33 obs),MEGA 70%/3% | SAFE 63%/1% | VALUE 58%/3%,WATCHLIST,proba trop basse,Value positive 14.5% | Proba IA 41.5% | MARCHE JUSTE | Learning BOOST|GLOBAL_BOOST | Calibration +4.0% (33 obs) | Source the-odds-api,0.5,0.5,1.2,1.1,1.2,1.2,0,NO BET,7.43,0.0,0.0,0.0,1500.0,1500.0,65.0,1.251,1.152,0.2916,NO DRAW SIGNAL,1-1,14.87,1-0,12.3,0-1,10.74,SCORE POISSON + FORME - confiance 78%,A recalculer via player_scorers,0.4234,0.5766,0.4912,0.5088,"[('1-1', 0.1487), ('1-0', 0.123), ('0-1', 0.1074), ('2-1', 0.0931), ('2-0', 0.0816), ('1-2', 0.0798), ('0-0', 0.0724), ('0-2', 0.063), ('2-2', 0.0394), ('3-1', 0.0317), ('1-3', 0.0246), ('3-0', 0.0206)]",0.0,0.0,0.0,0.0,217.21
03/10/2026 01:08,NO BET,2026-10-15T16:45:00Z,soccer_uefa_europa_conference_league,the-odds-api,football,FC Lugano,Red Star Belgrade,Away Win,Red Star Belgrade,0.37746417207323363,2.5,0.4,-0.0563,A EVITER,NO BET,False,60.22,5 - WATCHLIST,OK,BOOST|GLOBAL_BOOST,-2.8% (18 obs),MEGA 70%/3% | SAFE 63%/1% | VALUE 58%/3%,REFUSE,value negative,Value negative ou nulle | Proba IA 37.7% | Learning BOOST|GLOBAL_BOOST | Calibration -2.8% (18 obs) | Source the-odds-api,0.5,0.5,1.2,1.1,1.2,1.2,0,NO BET,7.43,0.0,0.0,0.0,1500.0,1500.0,65.0,1.251,1.152,0.2916,NO DRAW SIGNAL,1-1,14.87,1-0,12.3,0-1,10.74,SCORE POISSON + FORME - confiance 78%,A recalculer via player_scorers,0.4234,0.5766,0.4912,0.5088,"[('1-1', 0.1487), ('1-0', 0.123), ('0-1', 0.1074), ('2-1', 0.0931), ('2-0', 0.0816), ('1-2', 0.0798), ('0-0', 0.0724), ('0-2', 0.063), ('2-2', 0.0394), ('3-1', 0.0317), ('1-3', 0.0246), ('3-0', 0.0206)]",0.0,0.0,0.0,0.0,115.55
03/10/2026 01:08,WATCHLIST,2026-10-15T16:45:00Z,soccer_uefa_europa_conference_league,the-odds-api,football,Gent,AGF Aarhus,Away Win,AGF Aarhus,0.3186208147349289,5.0,0.2,0.5931,A EVITER,WATCHLIST,False,83.68,5 - WATCHLIST,VALUE CLAIRE,BOOST|GLOBAL_BOOST,+4.0% (49 obs),MEGA 70%/3% | SAFE 63%/1% | VALUE 58%/3%,WATCHLIST,cote trop haute,Value positive 59.3% | Proba IA 31.9% | VALUE CLAIRE | Learning BOOST|GLOBAL_BOOST | Calibration +4.0% (49 obs) | Source the-odds-api,0.21,0.5,0.25,1.1,1.25,1.2,1,NO BET,7.43,0.0,0.0,0.0,1488.9,1500.0,53.9,0.8,1.01,0.3467,NO DRAW SIGNAL,0-0,15.53,0-1,15.51,1-1,14.38,SCORE POISSON + FORME - confiance 80%,A recalculer via player_scorers,0.2348,0.7652,0.332,0.668,"[('0-0', 0.1553), ('0-1', 0.1551), ('1-1', 0.1438), ('1-0', 0.1347), ('0-2', 0.0801), ('2-0', 0.0641), ('1-2', 0.0629), ('2-1', 0.0606), ('2-2', 0.0186), ('3-1', 0.0155), ('3-0', 0.0144), ('1-3', 0.0137)]",0.0,0.0,0.0,0.0,401.18
03/10/2026 01:08,WATCHLIST,2026-10-15T16:45:00Z,soccer_uefa_europa_conference_league,the-odds-api,football,Gent,AGF Aarhus,Draw,Draw,0.31050328640282737,4.0,0.25,0.242,A EVITER,NUL POSSIBLE,True,89.34,3B - NUL POSSIBLE,OK,BOOST|GLOBAL_BOOST,+1.2% (179 obs),MEGA 70%/3% | SAFE 63%/1% | VALUE 58%/3%,WATCHLIST,cote trop haute,Value positive 24.2% | Proba IA 31.1% | Learning BOOST|GLOBAL_BOOST | Calibration +1.2% (179 obs) | Source the-odds-api,0.21,0.5,0.25,1.1,1.25,1.2,1,NO BET,7.43,0.1346,0.0807,0.0,1488.9,1500.0,53.9,0.8,1.01,0.3467,DRAW POSSIBLE - tight 29%,0-0,15.53,0-1,15.51,1-1,14.38,SCORE POISSON + FORME - confiance 80%,A recalculer via player_scorers,0.2348,0.7652,0.332,0.668,"[('0-0', 0.1553), ('0-1', 0.1551), ('1-1', 0.1438), ('1-0', 0.1347), ('0-2', 0.0801), ('2-0', 0.0641), ('1-2', 0.0629), ('2-1', 0.0606), ('2-2', 0.0186), ('3-1', 0.0155), ('3-0', 0.0144), ('1-3', 0.0137)]",0.0,0.0,0.0,0.0,258.02
03/10/2026 01:08,NO BET,2026-10-15T16:45:00Z,soccer_uefa_europa_conference_league,the-odds-api,football,Gent,AGF Aarhus,Home Win,Gent,0.49380984031208125,1.71,0.5848,-0.1556,A EVITER,NO BET,False,72.24,5 - WATCHLIST,OK,BOOST|GLOBAL_BOOST,-3.2% (50 obs),MEGA 70%/3% | SAFE 63%/1% | VALUE 58%/3%,REFUSE,value negative,Value negative ou nulle | Proba IA 49.4% | Learning BOOST|GLOBAL_BOOST | Calibration -3.2% (50 obs) | Source the-odds-api,0.21,0.5,0.25,1.1,1.25,1.2,1,NO BET,7.43,0.0,0.0,0.0,1488.9,1500.0,53.9,0.8,1.01,0.3467,NO DRAW SIGNAL,0-0,15.53,0-1,15.51,1-1,14.38,SCORE POISSON + FORME - confiance 80%,A recalculer via player_scorers,0.2348,0.7652,0.332,0.668,"[('0-0', 0.1553), ('0-1', 0.1551), ('1-1', 0.1438), ('1-0', 0.1347), ('0-2', 0.0801), ('2-0', 0.0641), ('1-2', 0.0629), ('2-1', 0.0606), ('2-2', 0.0186), ('3-1', 0.0155), ('3-0', 0.0144), ('1-3', 0.0137)]",0.0,0.0,0.0,0.0,141.48
03/10/2026 01:08,WATCHLIST,2026-10-15T16:45:00Z,soccer_uefa_europa_conference_league,the-odds-api,football,Hajduk Split,Ajax,Draw,Draw,0.2919447187779118,4.8,0.2083,0.4013,A EVITER,WATCHLIST,False,78.56,5 - WATCHLIST,COTE HAUTE,BOOST|GLOBAL_BOOST,+3.7% (114 obs),MEGA 70%/3% | SAFE 63%/1% | VALUE 58%/3%,WATCHLIST,cote trop haute,Value positive 40.1% | Proba IA 29.2% | COTE HAUTE | Learning BOOST|GLOBAL_BOOST | Calibration +3.7% (114 obs) | Source the-odds-api,0.5,0.5,1.2,1.75,1.2,0.88,1,NO BET,7.43,0.0,0.0,0.0,1500.0,1603.6,-38.6,1.12,1.18,0.3016,DRAW POSSIBLE - tight 41%,1-1,15.01,1-0,12.08,0-1,11.71,SCORE POISSON + FORME - confiance 84%,A recalculer via player_scorers,0.3957,0.6043,0.4702,0.5298,"[('1-1', 0.1501), ('1-0', 0.1208), ('0-1', 0.1171), ('2-1', 0.0863), ('1-2', 0.0813), ('0-0', 0.0779), ('2-0', 0.0747), ('0-2', 0.07), ('2-2', 0.0374), ('3-1', 0.0282), ('1-3', 0.0254), ('3-0', 0.0189)]",0.0,0.0,0.0,0.0,309.28
03/10/2026 01:08,WATCHLIST,2026-10-15T16:45:00Z,soccer_uefa_europa_conference_league,the-odds-api,football,Hajduk Split,Ajax,Away Win,Ajax,0.6249255779339337,1.53,0.6536,-0.0439,Moyenne,WATCHLIST,False,84.2,5 - WATCHLIST,OK,BOOST|GLOBAL_BOOST,-1.6% (36 obs),MEGA 70%/3% | SAFE 63%/1% | VALUE 58%/3%,WATCHLIST,value negative,Value negative ou nulle | Proba IA 62.5% | Learning BOOST|GLOBAL_BOOST | Calibration -1.6% (36 obs) | Source the-odds-api,0.5,0.5,1.2,1.75,1.2,0.88,1,NO BET,7.43,0.0,0.0,0.0,1500.0,1603.6,-38.6,1.12,1.18,0.3016,NO DRAW SIGNAL,1-1,15.01,1-0,12.08,0-1,11.71,SCORE POISSON + FORME - confiance 84%,A recalculer via player_scorers,0.3957,0.6043,0.4702,0.5298,"[('1-1', 0.1501), ('1-0', 0.1208), ('0-1', 0.1171), ('2-1', 0.0863), ('1-2', 0.0813), ('0-0', 0.0779), ('2-0', 0.0747), ('0-2', 0.07), ('2-2', 0.0374), ('3-1', 0.0282), ('1-3', 0.0254), ('3-0', 0.0189)]",0.0,0.0,0.0,0.0,168.36
03/10/2026 01:08,NO BET,2026-10-15T16:45:00Z,soccer_uefa_europa_conference_league,the-odds-api,football,Hajduk Split,Ajax,Home Win,Hajduk Split,0.16832946424704132,5.75,0.1739,-0.0321,A EVITER,NO BET,False,48.38,6 - NO BET,VALUE CLAIRE,BOOST|GLOBAL_BOOST,-5.0% (19 obs),MEGA 70%/3% | SAFE 63%/1% | VALUE 58%/3%,REFUSE,cote trop haute,Value negative ou nulle | Proba IA 16.8% | VALUE CLAIRE | Learning BOOST|GLOBAL_BOOST | Calibration -5.0% (19 obs) | Source the-odds-api,0.5,0.5,1.2,1.75,1.2,0.88,1,NO BET,7.43,0.0,0.0,0.0,1500.0,1603.6,-38.6,1.12,1.18,0.3016,NO DRAW SIGNAL,1-1,15.01,1-0,12.08,0-1,11.71,SCORE POISSON + FORME - confiance 84%,A recalculer via player_scorers,0.3957,0.6043,0.4702,0.5298,"[('1-1', 0.1501), ('1-0', 0.1208), ('0-1', 0.1171), ('2-1', 0.0863), ('1-2', 0.0813), ('0-0', 0.0779), ('2-0', 0.0747), ('0-2', 0.07), ('2-2', 0.0374), ('3-1', 0.0282), ('1-3', 0.0254), ('3-0', 0.0189)]",0.0,0.0,0.0,0.0,83.39
03/10/2026 01:08,WATCHLIST,2026-10-15T16:45:00Z,soccer_uefa_europa_conference_league,the-odds-api,football,KF Egnatia,FC Midtjylland,Draw,Draw,0.27675056984523233,4.33,0.2309,0.1983,A EVITER,NUL POSSIBLE,True,68.28,3B - NUL POSSIBLE,DRAW RISQUE,BOOST|GLOBAL_BOOST,+3.7% (114 obs),MEGA 70%/3% | SAFE 63%/1% | VALUE 58%/3%,WATCHLIST,cote trop haute,Value positive 19.8% | Proba IA 27.7% | DRAW RISQUE | Learning BOOST|GLOBAL_BOOST | Calibration +3.7% (114 obs) | Source the-odds-api,0.5,0.5,1.2,1.1,1.2,1.2,0,NO BET,7.43,0.1346,0.0596,0.0,1500.0,1500.0,65.0,0.619,1.686,0.2055,NO DRAW SIGNAL,0-1,18.85,0-2,14.99,1-1,11.27,SCORE POISSON + FORME - confiance 78%,A recalculer via player_scorers,0.4136,0.5864,0.3689,0.6311,"[('0-1', 0.1885), ('0-2', 0.1499), ('1-1', 0.1127), ('1-2', 0.1034), ('1-0', 0.0857), ('0-0', 0.0707), ('2-1', 0.0524), ('1-3', 0.0388), ('2-0', 0.0365), ('0-3', 0.0312), ('2-2', 0.0246), ('3-1', 0.0139)]",0.0,0.0,0.0,0.0,205.71
03/10/2026 01:08,WATCHLIST,2026-10-15T16:45:00Z,soccer_uefa_europa_conference_league,the-odds-api,football,KF Egnatia,FC Midtjylland,Away Win,FC Midtjylland,0.6728213339069723,1.57,0.6369,0.0563,Moyenne,SAFE PICK,True,90.59,2 - SAFE PICK,MARCHE JUSTE,BOOST|GLOBAL_BOOST,-3.6% (38 obs),MEGA 70%/3% | SAFE 63%/1% | VALUE 58%/3%,WATCHLIST,watchlist prudente,Value positive 5.6% | Proba IA 67.3% | MARCHE JUSTE | Learning BOOST|GLOBAL_BOOST | Calibration -3.6% (38 obs) | Source the-odds-api,0.5,0.5,1.2,1.1,1.2,1.2,0,NO BET,7.43,0.2692,0.0988,0.0,1500.0,1500.0,65.0,0.619,1.686,0.2055,NO DRAW SIGNAL,0-1,18.85,0-2,14.99,1-1,11.27,SCORE POISSON + FORME - confiance 78%,A recalculer via player_scorers,0.4136,0.5864,0.3689,0.6311,"[('0-1', 0.1885), ('0-2', 0.1499), ('1-1', 0.1127), ('1-2', 0.1034), ('1-0', 0.0857), ('0-0', 0.0707), ('2-1', 0.0524), ('1-3', 0.0388), ('2-0', 0.0365), ('0-3', 0.0312), ('2-2', 0.0246), ('3-1', 0.0139)]",0.0,0.0,0.0,0.0,205.39
03/10/2026 01:08,NO BET,2026-10-15T16:45:00Z,soccer_uefa_europa_conference_league,the-odds-api,football,KF Egnatia,FC Midtjylland,Home Win,KF Egnatia,0.12318113598993675,6.0,0.1667,-0.2609,A EVITER,NO BET,False,31.52,6 - NO BET,COTE HAUTE,BOOST|GLOBAL_BOOST,-4.3% (77 obs),MEGA 70%/3% | SAFE 63%/1% | VALUE 58%/3%,REFUSE,cote trop haute,Value negative ou nulle | Proba IA 12.3% | COTE HAUTE | Learning BOOST|GLOBAL_BOOST | Calibration -4.3% (77 obs) | Source the-odds-api,0.5,0.5,1.2,1.1,1.2,1.2,0,NO BET,7.43,0.0,0.0,0.0,1500.0,1500.0,65.0,0.619,1.686,0.2055,NO DRAW SIGNAL,0-1,18.85,0-2,14.99,1-1,11.27,SCORE POISSON + FORME - confiance 78%,A recalculer via player_scorers,0.4136,0.5864,0.3689,0.6311,"[('0-1', 0.1885), ('0-2', 0.1499), ('1-1', 0.1127), ('1-2', 0.1034), ('1-0', 0.0857), ('0-0', 0.0707), ('2-1', 0.0524), ('1-3', 0.0388), ('2-0', 0.0365), ('0-3', 0.0312), ('2-2', 0.0246), ('3-1', 0.0139)]",0.0,0.0,0.0,0.0,55.27
03/10/2026 01:08,WATCHLIST,2026-10-15T16:45:00Z,soccer_uefa_europa_conference_league,the-odds-api,football,KuPS Kuopio,Trabzonspor,Draw,Draw,0.2708899695426274,4.4,0.2273,0.1919,A EVITER,WATCHLIST,False,67.3,5 - WATCHLIST,DRAW RISQUE,BOOST|GLOBAL_BOOST,+3.7% (114 obs),MEGA 70%/3% | SAFE 63%/1% | VALUE 58%/3%,WATCHLIST,cote trop haute,Value positive 19.2% | Proba IA 27.1% | DRAW RISQUE | Learning BOOST|GLOBAL_BOOST | Calibration +3.7% (114 obs) | Source the-odds-api,0.5,0.5,1.2,1.1,1.2,1.2,0,NO BET,7.43,0.0,0.0,0.0,1500.0,1500.0,65.0,0.604,1.709,0.2021,NO DRAW SIGNAL,0-1,19.01,0-2,15.31,1-1,11.14,SCORE POISSON + FORME - confiance 78%,A recalculer via player_scorers,0.4156,0.5844,0.3643,0.6357,"[('0-1', 0.1901), ('0-2', 0.1531), ('1-1', 0.1114), ('1-2', 0.1032), ('1-0', 0.0839), ('0-0', 0.0704), ('2-1', 0.0511), ('1-3', 0.0391), ('2-0', 0.0355), ('0-3', 0.0322), ('2-2', 0.0242), ('3-1', 0.0136)]",0.0,0.0,0.0,0.0,201.09
03/10/2026 01:08,WATCHLIST,2026-10-15T16:45:00Z,soccer_uefa_europa_conference_league,the-odds-api,football,KuPS Kuopio,Trabzonspor,Away Win,Trabzonspor,0.6822864475873586,1.53,0.6536,0.0439,Forte,SAFE PICK,True,89.55,2 - SAFE PICK,MARCHE JUSTE,BOOST|GLOBAL_BOOST,-3.6% (38 obs),MEGA 70%/3% | SAFE 63%/1% | VALUE 58%/3%,WATCHLIST,watchlist prudente,Value positive 4.4% | Proba IA 68.2% | MARCHE JUSTE | Learning BOOST|GLOBAL_BOOST | Calibration -3.6% (38 obs) | Source the-odds-api,0.5,0.5,1.2,1.1,1.2,1.2,0,NO BET,7.43,0.2692,0.0828,0.0,1500.0,1500.0,65.0,0.604,1.709,0.2021,NO DRAW SIGNAL,0-1,19.01,0-2,15.31,1-1,11.14,SCORE POISSON + FORME - confiance 78%,A recalculer via player_scorers,0.4156,0.5844,0.3643,0.6357,"[('0-1', 0.1901), ('0-2', 0.1531), ('1-1', 0.1114), ('1-2', 0.1032), ('1-0', 0.0839), ('0-0', 0.0704), ('2-1', 0.0511), ('1-3', 0.0391), ('2-0', 0.0355), ('0-3', 0.0322), ('2-2', 0.0242), ('3-1', 0.0136)]",0.0,0.0,0.0,0.0,199.17
03/10/2026 01:08,NO BET,2026-10-15T16:45:00Z,soccer_uefa_europa_conference_league,the-odds-api,football,KuPS Kuopio,Trabzonspor,Home Win,KuPS Kuopio,0.11992524693293402,6.0,0.1667,-0.2804,A EVITER,NO BET,False,31.39,6 - NO BET,COTE HAUTE,BOOST|GLOBAL_BOOST,-4.3% (77 obs),MEGA 70%/3% | SAFE 63%/1% | VALUE 58%/3%,REFUSE,cote trop haute,Value negative ou nulle | Proba IA 12.0% | COTE HAUTE | Learning BOOST|GLOBAL_BOOST | Calibration -4.3% (77 obs) | Source the-odds-api,0.5,0.5,1.2,1.1,1.2,1.2,0,NO BET,7.43,0.0,0.0,0.0,1500.0,1500.0,65.0,0.604,1.709,0.2021,NO DRAW SIGNAL,0-1,19.01,0-2,15.31,1-1,11.14,SCORE POISSON + FORME - confiance 78%,A recalculer via player_scorers,0.4156,0.5844,0.3643,0.6357,"[('0-1', 0.1901), ('0-2', 0.1531), ('1-1', 0.1114), ('1-2', 0.1032), ('1-0', 0.0839), ('0-0', 0.0704), ('2-1', 0.0511), ('1-3', 0.0391), ('2-0', 0.0355), ('0-3', 0.0322), ('2-2', 0.0242), ('3-1', 0.0136)]",0.0,0.0,0.0,0.0,54.85
03/10/2026 01:08,WATCHLIST,2026-10-15T16:45:00Z,soccer_uefa_europa_conference_league,the-odds-api,football,Mjällby AIF,Inter Club d'Escaldes,Home Win,Mjällby AIF,0.7724054139562818,1.35,0.7407,0.0427,Forte,MEGA VALUE,True,93.21,1 - MEGA VALUE,OK,BOOST|GLOBAL_BOOST,-6.0% (14 obs),MEGA 70%/3% | SAFE 63%/1% | VALUE 58%/3%,WATCHLIST,watchlist prudente,Value positive 4.3% | Proba IA 77.2% | Learning BOOST|GLOBAL_BOOST | Calibration -6.0% (14 obs) | Source the-odds-api,0.5,0.5,1.2,1.1,1.2,1.2,0,NO BET,7.43,0.4038,0.1221,0.0,1500.0,1500.0,65.0,2.577,0.283,0.0799,NO DRAW SIGNAL,2-0,25.04,3-0,22.09,1-0,11.62,SCORE POISSON + FORME - confiance 78%,A recalculer via player_scorers,0.586,0.414,0.215,0.785,"[('2-0', 0.2504), ('3-0', 0.2209), ('1-0', 0.1162), ('4-0', 0.1025), ('2-1', 0.0571), ('3-1', 0.0427), ('1-1', 0.0335), ('5-0', 0.031), ('0-0', 0.0281), ('0-1', 0.0207), ('4-1', 0.0182), ('6-0', 0.0133)]",0.0,0.0,0.0,0.0,210.4
03/10/2026 01:08,NO BET,2026-10-15T16:45:00Z,soccer_uefa_europa_conference_league,the-odds-api,football,Mjällby AIF,Inter Club d'Escaldes,Away Win,Inter Club d'Escaldes,0.0830193103532671,11.0,0.0909,-0.0868,A EVITER,NO BET,False,31.36,6 - NO BET,COTE HAUTE,BOOST|GLOBAL_BOOST,-0.2% (13 obs),MEGA 70%/3% | SAFE 63%/1% | VALUE 58%/3%,REFUSE,cote trop haute,Value negative ou nulle | Proba IA 8.3% | COTE HAUTE | Learning BOOST|GLOBAL_BOOST | Calibration -0.2% (13 obs) | Source the-odds-api,0.5,0.5,1.2,1.1,1.2,1.2,0,NO BET,7.43,0.0,0.0,0.0,1500.0,1500.0,65.0,2.577,0.283,0.0799,NO DRAW SIGNAL,2-0,25.04,3-0,22.09,1-0,11.62,SCORE POISSON + FORME - confiance 78%,A recalculer via player_scorers,0.586,0.414,0.215,0.785,"[('2-0', 0.2504), ('3-0', 0.2209), ('1-0', 0.1162), ('4-0', 0.1025), ('2-1', 0.0571), ('3-1', 0.0427), ('1-1', 0.0335), ('5-0', 0.031), ('0-0', 0.0281), ('0-1', 0.0207), ('4-1', 0.0182), ('6-0', 0.0133)]",0.0,0.0,0.0,0.0,52.22
03/10/2026 01:08,NO BET,2026-10-15T16:45:00Z,soccer_uefa_europa_conference_league,the-odds-api,football,Mjällby AIF,Inter Club d'Escaldes,Draw,Draw,0.11818877276919922,5.5,0.1818,-0.35,A EVITER,NO BET,False,27.31,6 - NO BET,DRAW RISQUE,BOOST|GLOBAL_BOOST,-4.5% (32 obs),MEGA 70%/3% | SAFE 63%/1% | VALUE 58%/3%,REFUSE,cote trop haute,Value negative ou nulle | Proba IA 11.8% | DRAW RISQUE | Learning BOOST|GLOBAL_BOOST | Calibration -4.5% (32 obs) | Source the-odds-api,0.5,0.5,1.2,1.1,1.2,1.2,0,NO BET,7.43,0.0,0.0,0.0,1500.0,1500.0,65.0,2.577,0.283,0.0799,NO DRAW SIGNAL,2-0,25.04,3-0,22.09,1-0,11.62,SCORE POISSON + FORME - confiance 78%,A recalculer via player_scorers,0.586,0.414,0.215,0.785,"[('2-0', 0.2504), ('3-0', 0.2209), ('1-0', 0.1162), ('4-0', 0.1025), ('2-1', 0.0571), ('3-1', 0.0427), ('1-1', 0.0335), ('5-0', 0.031), ('0-0', 0.0281), ('0-1', 0.0207), ('4-1', 0.0182), ('6-0', 0.0133)]",0.0,0.0,0.0,0.0,48.69
03/10/2026 01:08,WATCHLIST,2026-10-15T16:45:00Z,soccer_uefa_europa_conference_league,the-odds-api,football,PFC CSKA Sofia,AS Monaco,Away Win,AS Monaco,0.7443182013749999,1.5,0.6667,0.1165,Forte,MEGA VALUE,True,100.0,1 - MEGA VALUE,OK,BOOST|GLOBAL_BOOST,+4.0% (15 obs),MEGA 70%/3% | SAFE 63%/1% | VALUE 58%/3%,WATCHLIST,watchlist prudente,Value positive 11.7% | Proba IA 74.4% | Learning BOOST|GLOBAL_BOOST | Calibration +4.0% (15 obs) | Source the-odds-api,0.5,0.5,1.2,1.1,1.2,1.2,0,NO BET,7.43,0.4038,0.22,0.0,1500.0,1500.0,65.0,0.555,1.775,0.1804,NO DRAW SIGNAL,0-1,18.72,0-2,17.94,1-1,10.3,SCORE POISSON + FORME - confiance 74%,A recalculer via player_scorers,0.4317,0.5683,0.3403,0.6597,"[('0-1', 0.1872), ('0-2', 0.1794), ('1-1', 0.103), ('1-2', 0.0977), ('1-0', 0.076), ('0-0', 0.0673), ('2-1', 0.0457), ('1-3', 0.0434), ('0-3', 0.0384), ('2-0', 0.032), ('2-2', 0.0221), ('3-1', 0.0126)]",0.0,0.0,0.0,0.0,250.19
03/10/2026 01:08,WATCHLIST,2026-10-15T16:45:00Z,soccer_uefa_europa_conference_league,the-odds-api,football,PFC CSKA Sofia,AS Monaco,Home Win,PFC CSKA Sofia,0.19415951743259635,6.5,0.1538,0.262,A EVITER,WATCHLIST,False,71.3,5 - WATCHLIST,COTE HAUTE,BOOST|GLOBAL_BOOST,+4.0% (36 obs),MEGA 70%/3% | SAFE 63%/1% | VALUE 58%/3%,WATCHLIST,cote trop haute,Value positive 26.2% | Proba IA 19.4% | COTE HAUTE | Learning BOOST|GLOBAL_BOOST | Calibration +4.0% (36 obs) | Source the-odds-api,0.5,0.5,1.2,1.1,1.2,1.2,0,NO BET,7.43,0.0,0.0,0.0,1500.0,1500.0,65.0,0.555,1.775,0.1804,NO DRAW SIGNAL,0-1,18.72,0-2,17.94,1-1,10.3,SCORE POISSON + FORME - confiance 74%,A recalculer via player_scorers,0.4317,0.5683,0.3403,0.6597,"[('0-1', 0.1872), ('0-2', 0.1794), ('1-1', 0.103), ('1-2', 0.0977), ('1-0', 0.076), ('0-0', 0.0673), ('2-1', 0.0457), ('1-3', 0.0434), ('0-3', 0.0384), ('2-0', 0.032), ('2-2', 0.0221), ('3-1', 0.0126)]",0.0,0.0,0.0,0.0,231.79
03/10/2026 01:08,WATCHLIST,2026-10-15T16:45:00Z,soccer_uefa_europa_conference_league,the-odds-api,football,PFC CSKA Sofia,AS Monaco,Draw,Draw,0.260796713465919,4.5,0.2222,0.1736,A EVITER,WATCHLIST,False,64.77,5 - WATCHLIST,DRAW RISQUE,BOOST|GLOBAL_BOOST,+3.7% (114 obs),MEGA 70%/3% | SAFE 63%/1% | VALUE 58%/3%,WATCHLIST,cote trop haute,Value positive 17.4% | Proba IA 26.1% | DRAW RISQUE | Learning BOOST|GLOBAL_BOOST | Calibration +3.7% (114 obs) | Source the-odds-api,0.5,0.5,1.2,1.1,1.2,1.2,0,NO BET,7.43,0.0,0.0,0.0,1500.0,1500.0,65.0,0.555,1.775,0.1804,NO DRAW SIGNAL,0-1,18.72,0-2,17.94,1-1,10.3,SCORE POISSON + FORME - confiance 74%,A recalculer via player_scorers,0.4317,0.5683,0.3403,0.6597,"[('0-1', 0.1872), ('0-2', 0.1794), ('1-1', 0.103), ('1-2', 0.0977), ('1-0', 0.076), ('0-0', 0.0673), ('2-1', 0.0457), ('1-3', 0.0434), ('0-3', 0.0384), ('2-0', 0.032), ('2-2', 0.0221), ('3-1', 0.0126)]",0.0,0.0,0.0,0.0,188.76
03/10/2026 01:08,WATCHLIST,2026-10-15T16:45:00Z,soccer_uefa_europa_conference_league,the-odds-api,football,Panathinaikos FC,FK Borac Banja Luka,Home Win,Panathinaikos FC,0.7866227961718604,1.31,0.7634,0.0305,Elite,MEGA VALUE,True,84.39,1 - MEGA VALUE,OK,BOOST|GLOBAL_BOOST,-6.0% (14 obs),MEGA 70%/3% | SAFE 63%/1% | VALUE 58%/3%,WATCHLIST,watchlist prudente,Value positive 3.0% | Proba IA 78.7% | Learning BOOST|GLOBAL_BOOST | Calibration -6.0% (14 obs) | Source the-odds-api,0.5,0.5,1.2,1.1,1.2,1.2,0,NO BET,7.43,0.4038,0.0983,0.0,1500.0,1500.0,65.0,2.648,0.26,0.0734,NO DRAW SIGNAL,2-0,24.05,3-0,21.78,4-0,13.23,SCORE POISSON + FORME - confiance 78%,A recalculer via player_scorers,0.5971,0.4029,0.2008,0.7992,"[('2-0', 0.2405), ('3-0', 0.2178), ('4-0', 0.1323), ('1-0', 0.109), ('2-1', 0.0511), ('3-1', 0.049), ('5-0', 0.0322), ('1-1', 0.0298), ('0-0', 0.0259), ('0-1', 0.0182), ('4-1', 0.0171), ('6-0', 0.0142)]",0.0,0.0,0.0,0.0,193.07
03/10/2026 01:08,WATCHLIST,2026-10-15T16:45:00Z,soccer_uefa_europa_conference_league,the-odds-api,football,Panathinaikos FC,FK Borac Banja Luka,Draw,Draw,0.19763246576006593,6.0,0.1667,0.1858,A EVITER,WATCHLIST,False,63.52,5 - WATCHLIST,DRAW RISQUE,BOOST|GLOBAL_BOOST,+4.0% (36 obs),MEGA 70%/3% | SAFE 63%/1% | VALUE 58%/3%,WATCHLIST,cote trop haute,Value positive 18.6% | Proba IA 19.8% | DRAW RISQUE | Learning BOOST|GLOBAL_BOOST | Calibration +4.0% (36 obs) | Source the-odds-api,0.5,0.5,1.2,1.1,1.2,1.2,0,NO BET,7.43,0.0,0.0,0.0,1500.0,1500.0,65.0,2.648,0.26,0.0734,NO DRAW SIGNAL,2-0,24.05,3-0,21.78,4-0,13.23,SCORE POISSON + FORME - confiance 78%,A recalculer via player_scorers,0.5971,0.4029,0.2008,0.7992,"[('2-0', 0.2405), ('3-0', 0.2178), ('4-0', 0.1323), ('1-0', 0.109), ('2-1', 0.0511), ('3-1', 0.049), ('5-0', 0.0322), ('1-1', 0.0298), ('0-0', 0.0259), ('0-1', 0.0182), ('4-1', 0.0171), ('6-0', 0.0142)]",0.0,0.0,0.0,0.0,187.74
03/10/2026 01:08,NO BET,2026-10-15T16:45:00Z,soccer_uefa_europa_conference_league,the-odds-api,football,Panathinaikos FC,FK Borac Banja Luka,Away Win,FK Borac Banja Luka,0.08119471012572275,11.0,0.0909,-0.1069,A EVITER,NO BET,False,29.76,6 - NO BET,COTE HAUTE,BOOST|GLOBAL_BOOST,-0.2% (13 obs),MEGA 70%/3% | SAFE 63%/1% | VALUE 58%/3%,REFUSE,cote trop haute,Value negative ou nulle | Proba IA 8.1% | COTE HAUTE | Learning BOOST|GLOBAL_BOOST | Calibration -0.2% (13 obs) | Source the-odds-api,0.5,0.5,1.2,1.1,1.2,1.2,0,NO BET,7.43,0.0,0.0,0.0,1500.0,1500.0,65.0,2.648,0.26,0.0734,NO DRAW SIGNAL,2-0,24.05,3-0,21.78,4-0,13.23,SCORE POISSON + FORME - confiance 78%,A recalculer via player_scorers,0.5971,0.4029,0.2008,0.7992,"[('2-0', 0.2405), ('3-0', 0.2178), ('4-0', 0.1323), ('1-0', 0.109), ('2-1', 0.0511), ('3-1', 0.049), ('5-0', 0.0322), ('1-1', 0.0298), ('0-0', 0.0259), ('0-1', 0.0182), ('4-1', 0.0171), ('6-0', 0.0142)]",0.0,0.0,0.0,0.0,49.73
03/10/2026 01:08,WATCHLIST,2026-10-15T16:45:00Z,soccer_uefa_europa_conference_league,the-odds-api,football,Riga FC,FC Kairat,Away Win,FC Kairat,0.2933044865777513,4.2,0.2381,0.2319,A EVITER,WATCHLIST,False,75.47,5 - WATCHLIST,MARCHE JUSTE,BOOST|GLOBAL_BOOST,+4.0% (49 obs),MEGA 70%/3% | SAFE 63%/1% | VALUE 58%/3%,WATCHLIST,cote trop haute,Value positive 23.2% | Proba IA 29.3% | MARCHE JUSTE | Learning BOOST|GLOBAL_BOOST | Calibration +4.0% (49 obs) | Source the-odds-api,0.5,0.5,1.2,1.1,1.2,1.2,0,NO BET,7.43,0.0,0.0,0.0,1500.0,1500.0,65.0,1.724,0.76,0.2053,NO DRAW SIGNAL,1-0,17.11,2-0,14.08,1-1,11.82,SCORE POISSON + FORME - confiance 78%,A recalculer via player_scorers,0.4604,0.5396,0.4299,0.5701,"[('1-0', 0.1711), ('2-0', 0.1408), ('1-1', 0.1182), ('2-1', 0.1167), ('0-1', 0.0823), ('0-0', 0.0618), ('1-2', 0.0567), ('3-1', 0.0453), ('0-2', 0.0347), ('3-0', 0.0324), ('2-2', 0.0297), ('3-2', 0.0141)]",0.0,0.0,0.0,0.0,231.93
03/10/2026 01:08,WATCHLIST,2026-10-15T16:45:00Z,soccer_uefa_europa_conference_league,the-odds-api,football,Riga FC,FC Kairat,Draw,Draw,0.31039475676759387,3.6,0.2778,0.1174,A EVITER,NUL POSSIBLE,True,70.39,3B - NUL POSSIBLE,DRAW RISQUE,BOOST|GLOBAL_BOOST,+3.7% (114 obs),MEGA 70%/3% | SAFE 63%/1% | VALUE 58%/3%,WATCHLIST,cote trop haute,Value positive 11.7% | Proba IA 31.0% | DRAW RISQUE | Learning BOOST|GLOBAL_BOOST | Calibration +3.7% (114 obs) | Source the-odds-api,0.5,0.5,1.2,1.1,1.2,1.2,0,NO BET,7.43,0.1346,0.0452,0.0,1500.0,1500.0,65.0,1.724,0.76,0.2053,NO DRAW SIGNAL,1-0,17.11,2-0,14.08,1-1,11.82,SCORE POISSON + FORME - confiance 78%,A recalculer via player_scorers,0.4604,0.5396,0.4299,0.5701,"[('1-0', 0.1711), ('2-0', 0.1408), ('1-1', 0.1182), ('2-1', 0.1167), ('0-1', 0.0823), ('0-0', 0.0618), ('1-2', 0.0567), ('3-1', 0.0453), ('0-2', 0.0347), ('3-0', 0.0324), ('2-2', 0.0297), ('3-2', 0.0141)]",0.0,0.0,0.0,0.0,176.4
03/10/2026 01:08,NO BET,2026-10-15T16:45:00Z,soccer_uefa_europa_conference_league,the-odds-api,football,Riga FC,FC Kairat,Home Win,Riga FC,0.5144304710064319,1.92,0.5208,-0.0123,Faible,NO BET,False,76.04,5 - WATCHLIST,OK,BOOST|GLOBAL_BOOST,-6.0% (26 obs),MEGA 70%/3% | SAFE 63%/1% | VALUE 58%/3%,REFUSE,value negative,Value negative ou nulle | Proba IA 51.4% | Learning BOOST|GLOBAL_BOOST | Calibration -6.0% (26 obs) | Source the-odds-api,0.5,0.5,1.2,1.1,1.2,1.2,0,NO BET,7.43,0.0,0.0,0.0,1500.0,1500.0,65.0,1.724,0.76,0.2053,NO DRAW SIGNAL,1-0,17.11,2-0,14.08,1-1,11.82,SCORE POISSON + FORME - confiance 78%,A recalculer via player_scorers,0.4604,0.5396,0.4299,0.5701,"[('1-0', 0.1711), ('2-0', 0.1408), ('1-1', 0.1182), ('2-1', 0.1167), ('0-1', 0.0823), ('0-0', 0.0618), ('1-2', 0.0567), ('3-1', 0.0453), ('0-2', 0.0347), ('3-0', 0.0324), ('2-2', 0.0297), ('3-2', 0.0141)]",0.0,0.0,0.0,0.0,148.55
03/10/2026 01:08,WATCHLIST,2026-10-15T16:45:00Z,soccer_uefa_europa_conference_league,the-odds-api,football,Universitatea Craiova,Getafe,Home Win,Universitatea Craiova,0.4072031913958085,3.25,0.3077,0.3234,A EVITER,WATCHLIST,False,100.0,5 - WATCHLIST,OK,BOOST|GLOBAL_BOOST,+4.0% (33 obs),MEGA 70%/3% | SAFE 63%/1% | VALUE 58%/3%,WATCHLIST,cote trop haute,Value positive 32.3% | Proba IA 40.7% | Learning BOOST|GLOBAL_BOOST | Calibration +4.0% (33 obs) | Source the-odds-api,0.5,0.42,1.2,0.62,1.2,0.88,1,NO BET,7.43,0.0,0.0,0.0,1500.0,1486.1,78.9,1.13,0.76,0.3233,NO DRAW SIGNAL,1-0,17.23,0-0,14.3,1-1,14.02,SCORE POISSON + FORME - confiance 84%,A recalculer via player_scorers,0.257,0.743,0.3397,0.6603,"[('1-0', 0.1723), ('0-0', 0.143), ('1-1', 0.1402), ('0-1', 0.1179), ('2-0', 0.1011), ('2-1', 0.0765), ('1-2', 0.0524), ('0-2', 0.0493), ('3-0', 0.0195), ('3-1', 0.019), ('2-2', 0.0189), ('1-3', 0.0114)]",0.0,0.0,0.0,0.0,315.57
03/10/2026 01:08,WATCHLIST,2026-10-15T16:45:00Z,soccer_uefa_europa_conference_league,the-odds-api,football,Universitatea Craiova,Getafe,Draw,Draw,0.31668947561113253,3.3,0.303,0.0451,A EVITER,NUL POSSIBLE,True,72.48,3B - NUL POSSIBLE,MARCHE JUSTE,BOOST|GLOBAL_BOOST,-1.2% (23 obs),MEGA 70%/3% | SAFE 63%/1% | VALUE 58%/3%,WATCHLIST,cote trop haute,Value positive 4.5% | Proba IA 31.7% | MARCHE JUSTE | Learning BOOST|GLOBAL_BOOST | Calibration -1.2% (23 obs) | Source the-odds-api,0.5,0.42,1.2,0.62,1.2,0.88,1,NO BET,7.43,0.1346,0.0196,0.0,1500.0,1486.1,78.9,1.13,0.76,0.3233,DRAW POSSIBLE - tight 36%,1-0,17.23,0-0,14.3,1-1,14.02,SCORE POISSON + FORME - confiance 84%,A recalculer via player_scorers,0.257,0.743,0.3397,0.6603,"[('1-0', 0.1723), ('0-0', 0.143), ('1-1', 0.1402), ('0-1', 0.1179), ('2-0', 0.1011), ('2-1', 0.0765), ('1-2', 0.0524), ('0-2', 0.0493), ('3-0', 0.0195), ('3-1', 0.019), ('2-2', 0.0189), ('1-3', 0.0114)]",0.0,0.0,0.0,0.0,148.82
03/10/2026 01:08,NO BET,2026-10-15T16:45:00Z,soccer_uefa_europa_conference_league,the-odds-api,football,Universitatea Craiova,Getafe,Away Win,Getafe,0.37917473478655644,2.42,0.4132,-0.0824,A EVITER,NO BET,False,64.45,5 - WATCHLIST,OK,BOOST|GLOBAL_BOOST,-2.8% (18 obs),MEGA 70%/3% | SAFE 63%/1% | VALUE 58%/3%,REFUSE,value negative,Value negative ou nulle | Proba IA 37.9% | Learning BOOST|GLOBAL_BOOST | Calibration -2.8% (18 obs) | Source the-odds-api,0.5,0.42,1.2,0.62,1.2,0.88,1,NO BET,7.43,0.0,0.0,0.0,1500.0,1486.1,78.9,1.13,0.76,0.3233,NO DRAW SIGNAL,1-0,17.23,0-0,14.3,1-1,14.02,SCORE POISSON + FORME - confiance 84%,A recalculer via player_scorers,0.257,0.743,0.3397,0.6603,"[('1-0', 0.1723), ('0-0', 0.143), ('1-1', 0.1402), ('0-1', 0.1179), ('2-0', 0.1011), ('2-1', 0.0765), ('1-2', 0.0524), ('0-2', 0.0493), ('3-0', 0.0195), ('3-1', 0.019), ('2-2', 0.0189), ('1-3', 0.0114)]",0.0,0.0,0.0,0.0,121.93
03/10/2026 01:08,WATCHLIST,2026-10-15T16:45:00Z,soccer_uefa_europa_league,the-odds-api,football,AZ Alkmaar,Hapoel Be'er Sheva,Away Win,Hapoel Be'er Sheva,0.16740707087719245,9.8,0.102,0.6406,A EVITER,WATCHLIST,False,77.33,5 - WATCHLIST,COTE HAUTE,BOOST|GLOBAL_BOOST,+3.2% (24 obs),MEGA 70%/3% | SAFE 63%/1% | VALUE 58%/3%,WATCHLIST,cote trop haute,Value positive 64.1% | Proba IA 16.7% | COTE HAUTE | Learning BOOST|GLOBAL_BOOST | Calibration +3.2% (24 obs) | Source the-odds-api,0.54,0.5,1.88,1.1,1.12,1.2,1,NO BET,7.43,0.0,0.0,0.0,1549.6,1500.0,114.6,1.69,0.99,0.238,NO DRAW SIGNAL,1-0,13.4,1-1,13.23,2-1,11.28,SCORE POISSON + FORME - confiance 81%,A recalculer via player_scorers,0.5008,0.4992,0.5117,0.4883,"[('1-0', 0.134), ('1-1', 0.1323), ('2-1', 0.1128), ('2-0', 0.1078), ('0-1', 0.0837), ('1-2', 0.0696), ('0-0', 0.0582), ('3-1', 0.0443), ('0-2', 0.0439), ('2-2', 0.0403), ('3-0', 0.0283), ('1-3', 0.0199)]",0.0,0.0,0.0,0.0,401.62
03/10/2026 01:08,WATCHLIST,2026-10-15T16:45:00Z,soccer_uefa_europa_league,the-odds-api,football,AZ Alkmaar,Hapoel Be'er Sheva,Home Win,AZ Alkmaar,0.7960648744371683,1.34,0.7463,0.0667,Elite,MEGA VALUE,True,96.11,1 - MEGA VALUE,OK,BOOST|GLOBAL_BOOST,+4.0% (19 obs),MEGA 70%/3% | SAFE 63%/1% | VALUE 58%/3%,WATCHLIST,watchlist prudente,Value positive 6.7% | Proba IA 79.6% | Learning BOOST|GLOBAL_BOOST | Calibration +4.0% (19 obs) | Source the-odds-api,0.54,0.5,1.88,1.1,1.12,1.2,1,NO BET,7.43,0.4038,0.1963,0.0,1549.6,1500.0,114.6,1.69,0.99,0.238,NO DRAW SIGNAL,1-0,13.4,1-1,13.23,2-1,11.28,SCORE POISSON + FORME - confiance 81%,A recalculer via player_scorers,0.5008,0.4992,0.5117,0.4883,"[('1-0', 0.134), ('1-1', 0.1323), ('2-1', 0.1128), ('2-0', 0.1078), ('0-1', 0.0837), ('1-2', 0.0696), ('0-0', 0.0582), ('3-1', 0.0443), ('0-2', 0.0439), ('2-2', 0.0403), ('3-0', 0.0283), ('1-3', 0.0199)]",0.0,0.0,0.0,0.0,226.66
03/10/2026 01:08,NO BET,2026-10-15T16:45:00Z,soccer_uefa_europa_league,the-odds-api,football,AZ Alkmaar,Hapoel Be'er Sheva,Draw,Draw,0.15953856379313394,5.7,0.1754,-0.0906,A EVITER,NO BET,False,37.28,6 - NO BET,COTE HAUTE,BOOST|GLOBAL_BOOST,-4.5% (32 obs),MEGA 70%/3% | SAFE 63%/1% | VALUE 58%/3%,REFUSE,cote trop haute,Value negative ou nulle | Proba IA 16.0% | COTE HAUTE | Learning BOOST|GLOBAL_BOOST | Calibration -4.5% (32 obs) | Source the-odds-api,0.54,0.5,1.88,1.1,1.12,1.2,1,NO BET,7.43,0.0,0.0,0.0,1549.6,1500.0,114.6,1.69,0.99,0.238,NO DRAW SIGNAL,1-0,13.4,1-1,13.23,2-1,11.28,SCORE POISSON + FORME - confiance 81%,A recalculer via player_scorers,0.5008,0.4992,0.5117,0.4883,"[('1-0', 0.134), ('1-1', 0.1323), ('2-1', 0.1128), ('2-0', 0.1078), ('0-1', 0.0837), ('1-2', 0.0696), ('0-0', 0.0582), ('3-1', 0.0443), ('0-2', 0.0439), ('2-2', 0.0403), ('3-0', 0.0283), ('1-3', 0.0199)]",0.0,0.0,0.0,0.0,66.34
03/10/2026 01:08,WATCHLIST,2026-10-15T16:45:00Z,soccer_uefa_europa_league,the-odds-api,football,Lech Poznań,Bayer Leverkusen,Draw,Draw,0.29259589658931234,4.33,0.2309,0.2669,A EVITER,NUL POSSIBLE,True,71.44,3B - NUL POSSIBLE,MARCHE JUSTE,BOOST|GLOBAL_BOOST,+3.7% (114 obs),MEGA 70%/3% | SAFE 63%/1% | VALUE 58%/3%,WATCHLIST,cote trop haute,Value positive 26.7% | Proba IA 29.3% | MARCHE JUSTE | Learning BOOST|GLOBAL_BOOST | Calibration +3.7% (114 obs) | Source the-odds-api,0.5,0.5,1.2,1.1,1.2,1.2,0,NO BET,7.43,0.1346,0.0802,0.0,1500.0,1500.0,65.0,0.775,1.559,0.2509,NO DRAW SIGNAL,0-1,15.15,1-1,13.07,0-2,11.09,SCORE POISSON + FORME - confiance 78%,A recalculer via player_scorers,0.4124,0.5876,0.4251,0.5749,"[('0-1', 0.1515), ('1-1', 0.1307), ('0-2', 0.1109), ('1-2', 0.0968), ('1-0', 0.0961), ('0-0', 0.0725), ('2-1', 0.0664), ('2-0', 0.0492), ('1-3', 0.035), ('2-2', 0.0325), ('0-3', 0.024), ('3-1', 0.0201)]",0.0,0.0,0.0,0.0,241.0
03/10/2026 01:08,WATCHLIST,2026-10-15T16:45:00Z,soccer_uefa_europa_league,the-odds-api,football,Lech Poznań,Bayer Leverkusen,Away Win,Bayer Leverkusen,0.6236711652774969,1.72,0.5814,0.0727,Moyenne,VALUE BET,True,90.41,3 - VALUE BET,MARCHE JUSTE,BOOST|GLOBAL_BOOST,-1.6% (36 obs),MEGA 70%/3% | SAFE 63%/1% | VALUE 58%/3%,WATCHLIST,watchlist prudente,Value positive 7.3% | Proba IA 62.4% | MARCHE JUSTE | Learning BOOST|GLOBAL_BOOST | Calibration -1.6% (36 obs) | Source the-odds-api,0.5,0.5,1.2,1.1,1.2,1.2,0,NO BET,7.43,0.1346,0.101,0.0,1500.0,1500.0,65.0,0.775,1.559,0.2509,NO DRAW SIGNAL,0-1,15.15,1-1,13.07,0-2,11.09,SCORE POISSON + FORME - confiance 78%,A recalculer via player_scorers,0.4124,0.5876,0.4251,0.5749,"[('0-1', 0.1515), ('1-1', 0.1307), ('0-2', 0.1109), ('1-2', 0.0968), ('1-0', 0.0961), ('0-0', 0.0725), ('2-1', 0.0664), ('2-0', 0.0492), ('1-3', 0.035), ('2-2', 0.0325), ('0-3', 0.024), ('3-1', 0.0201)]",0.0,0.0,0.0,0.0,208.73
03/10/2026 01:08,NO BET,2026-10-15T16:45:00Z,soccer_uefa_europa_league,the-odds-api,football,Lech Poznań,Bayer Leverkusen,Home Win,Lech Poznań,0.16887211242320843,4.6,0.2174,-0.2232,A EVITER,NO BET,False,33.44,6 - NO BET,COTE HAUTE,BOOST|GLOBAL_BOOST,-5.0% (19 obs),MEGA 70%/3% | SAFE 63%/1% | VALUE 58%/3%,REFUSE,cote trop haute,Value negative ou nulle | Proba IA 16.9% | COTE HAUTE | Learning BOOST|GLOBAL_BOOST | Calibration -5.0% (19 obs) | Source the-odds-api,0.5,0.5,1.2,1.1,1.2,1.2,0,NO BET,7.43,0.0,0.0,0.0,1500.0,1500.0,65.0,0.775,1.559,0.2509,NO DRAW SIGNAL,0-1,15.15,1-1,13.07,0-2,11.09,SCORE POISSON + FORME - confiance 78%,A recalculer via player_scorers,0.4124,0.5876,0.4251,0.5749,"[('0-1', 0.1515), ('1-1', 0.1307), ('0-2', 0.1109), ('1-2', 0.0968), ('1-0', 0.0961), ('0-0', 0.0725), ('2-1', 0.0664), ('2-0', 0.0492), ('1-3', 0.035), ('2-2', 0.0325), ('0-3', 0.024), ('3-1', 0.0201)]",0.0,0.0,0.0,0.0,61.31
03/10/2026 01:08,WATCHLIST,2026-10-15T16:45:00Z,soccer_uefa_europa_league,the-odds-api,football,Lyon,Crystal Palace,Home Win,Lyon,0.4902283623493782,2.2,0.4545,0.0785,A EVITER,WATCHLIST,False,92.62,5 - WATCHLIST,VALUE CLAIRE,BOOST|GLOBAL_BOOST,-3.2% (50 obs),MEGA 70%/3% | SAFE 63%/1% | VALUE 58%/3%,WATCHLIST,proba trop basse,Value positive 7.8% | Proba IA 49.0% | VALUE CLAIRE | Learning BOOST|GLOBAL_BOOST | Calibration -3.2% (50 obs) | Source the-odds-api,0.54,0.25,1.62,1.0,1.62,2.0,1,NO BET,7.43,0.0,0.0,0.0,1570.5,1500.0,135.5,1.69,1.07,0.238,NO DRAW SIGNAL,1-1,13.27,1-0,12.69,2-1,11.32,SCORE POISSON + FORME - confiance 84%,A recalculer via player_scorers,0.5203,0.4797,0.535,0.465,"[('1-1', 0.1327), ('1-0', 0.1269), ('2-1', 0.1132), ('2-0', 0.1021), ('0-1', 0.084), ('1-2', 0.0739), ('0-0', 0.0554), ('0-2', 0.0463), ('3-1', 0.0445), ('2-2', 0.0426), ('3-0', 0.0272), ('1-3', 0.0217)]",0.0,0.0,0.0,0.0,205.15
03/10/2026 01:08,WATCHLIST,2026-10-15T16:45:00Z,soccer_uefa_europa_league,the-odds-api,football,Lyon,Crystal Palace,Away Win,Crystal Palace,0.3482705684325243,3.15,0.3175,0.0971,A EVITER,WATCHLIST,False,83.79,5 - WATCHLIST,OK,BOOST|GLOBAL_BOOST,+4.0% (64 obs),MEGA 70%/3% | SAFE 63%/1% | VALUE 58%/3%,WATCHLIST,cote trop haute,Value positive 9.7% | Proba IA 34.8% | Learning BOOST|GLOBAL_BOOST | Calibration +4.0% (64 obs) | Source the-odds-api,0.54,0.25,1.62,1.0,1.62,2.0,1,NO BET,7.43,0.0,0.0,0.0,1570.5,1500.0,135.5,1.69,1.07,0.238,NO DRAW SIGNAL,1-1,13.27,1-0,12.69,2-1,11.32,SCORE POISSON + FORME - confiance 84%,A recalculer via player_scorers,0.5203,0.4797,0.535,0.465,"[('1-1', 0.1327), ('1-0', 0.1269), ('2-1', 0.1132), ('2-0', 0.1021), ('0-1', 0.084), ('1-2', 0.0739), ('0-0', 0.0554), ('0-2', 0.0463), ('3-1', 0.0445), ('2-2', 0.0426), ('3-0', 0.0272), ('1-3', 0.0217)]",0.0,0.0,0.0,0.0,190.12
03/10/2026 01:08,WATCHLIST,2026-10-15T16:45:00Z,soccer_uefa_europa_league,the-odds-api,football,Lyon,Crystal Palace,Draw,Draw,0.28597558884007346,3.75,0.2667,0.0724,A EVITER,NUL POSSIBLE,True,71.34,3B - NUL POSSIBLE,MARCHE JUSTE,BOOST|GLOBAL_BOOST,+1.2% (179 obs),MEGA 70%/3% | SAFE 63%/1% | VALUE 58%/3%,WATCHLIST,cote trop haute,Value positive 7.2% | Proba IA 28.6% | MARCHE JUSTE | Learning BOOST|GLOBAL_BOOST | Calibration +1.2% (179 obs) | Source the-odds-api,0.54,0.25,1.62,1.0,1.62,2.0,1,NO BET,7.43,0.1346,0.0263,0.0,1570.5,1500.0,135.5,1.69,1.07,0.238,NO DRAW SIGNAL,1-1,13.27,1-0,12.69,2-1,11.32,SCORE POISSON + FORME - confiance 84%,A recalculer via player_scorers,0.5203,0.4797,0.535,0.465,"[('1-1', 0.1327), ('1-0', 0.1269), ('2-1', 0.1132), ('2-0', 0.1021), ('0-1', 0.084), ('1-2', 0.0739), ('0-0', 0.0554), ('0-2', 0.0463), ('3-1', 0.0445), ('2-2', 0.0426), ('3-0', 0.0272), ('1-3', 0.0217)]",0.0,0.0,0.0,0.0,156.74
03/10/2026 01:08,WATCHLIST,2026-10-15T16:45:00Z,soccer_uefa_europa_league,the-odds-api,football,NK Celje,Omonoia FC,Home Win,NK Celje,0.48610423621050813,2.45,0.4082,0.191,A EVITER,WATCHLIST,False,93.23,5 - WATCHLIST,MARCHE JUSTE,BOOST|GLOBAL_BOOST,+3.9% (57 obs),MEGA 70%/3% | SAFE 63%/1% | VALUE 58%/3%,WATCHLIST,proba trop basse,Value positive 19.1% | Proba IA 48.6% | MARCHE JUSTE | Learning BOOST|GLOBAL_BOOST | Calibration +3.9% (57 obs) | Source the-odds-api,0.5,0.5,1.2,1.1,1.2,1.2,0,NO BET,7.43,0.0,0.0,0.0,1500.0,1500.0,65.0,1.395,1.023,0.2711,NO DRAW SIGNAL,1-1,14.05,1-0,13.54,2-1,10.13,SCORE POISSON + FORME - confiance 72%,A recalculer via player_scorers,0.4326,0.5674,0.4819,0.5181,"[('1-1', 0.1405), ('1-0', 0.1354), ('2-1', 0.1013), ('0-1', 0.0996), ('2-0', 0.095), ('1-2', 0.0737), ('0-0', 0.069), ('0-2', 0.053), ('2-2', 0.038), ('3-1', 0.0358), ('3-0', 0.0236), ('1-3', 0.0212)]",0.0,0.0,0.0,0.0,254.12
03/10/2026 01:08,WATCHLIST,2026-10-15T16:45:00Z,soccer_uefa_europa_league,the-odds-api,football,NK Celje,Omonoia FC,Draw,Draw,0.30659621953442406,3.6,0.2778,0.1037,A EVITER,NUL POSSIBLE,True,68.66,3B - NUL POSSIBLE,MARCHE JUSTE,BOOST|GLOBAL_BOOST,+1.2% (179 obs),MEGA 70%/3% | SAFE 63%/1% | VALUE 58%/3%,WATCHLIST,cote trop haute,Value positive 10.4% | Proba IA 30.7% | MARCHE JUSTE | Learning BOOST|GLOBAL_BOOST | Calibration +1.2% (179 obs) | Source the-odds-api,0.5,0.5,1.2,1.1,1.2,1.2,0,NO BET,7.43,0.1346,0.0399,0.0,1500.0,1500.0,65.0,1.395,1.023,0.2711,NO DRAW SIGNAL,1-1,14.05,1-0,13.54,2-1,10.13,SCORE POISSON + FORME - confiance 72%,A recalculer via player_scorers,0.4326,0.5674,0.4819,0.5181,"[('1-1', 0.1405), ('1-0', 0.1354), ('2-1', 0.1013), ('0-1', 0.0996), ('2-0', 0.095), ('1-2', 0.0737), ('0-0', 0.069), ('0-2', 0.053), ('2-2', 0.038), ('3-1', 0.0358), ('3-0', 0.0236), ('1-3', 0.0212)]",0.0,0.0,0.0,0.0,167.69
03/10/2026 01:08,NO BET,2026-10-15T16:45:00Z,soccer_uefa_europa_league,the-odds-api,football,NK Celje,Omonoia FC,Away Win,Omonoia FC,0.319076964791815,2.9,0.3448,-0.0747,A EVITER,NO BET,False,55.66,5 - WATCHLIST,MARCHE JUSTE,BOOST|GLOBAL_BOOST,-4.1% (61 obs),MEGA 70%/3% | SAFE 63%/1% | VALUE 58%/3%,REFUSE,value negative,Value negative ou nulle | Proba IA 31.9% | MARCHE JUSTE | Learning BOOST|GLOBAL_BOOST | Calibration -4.1% (61 obs) | Source the-odds-api,0.5,0.5,1.2,1.1,1.2,1.2,0,NO BET,7.43,0.0,0.0,0.0,1500.0,1500.0,65.0,1.395,1.023,0.2711,NO DRAW SIGNAL,1-1,14.05,1-0,13.54,2-1,10.13,SCORE POISSON + FORME - confiance 72%,A recalculer via player_scorers,0.4326,0.5674,0.4819,0.5181,"[('1-1', 0.1405), ('1-0', 0.1354), ('2-1', 0.1013), ('0-1', 0.0996), ('2-0', 0.095), ('1-2', 0.0737), ('0-0', 0.069), ('0-2', 0.053), ('2-2', 0.038), ('3-1', 0.0358), ('3-0', 0.0236), ('1-3', 0.0212)]",0.0,0.0,0.0,0.0,104.71
03/10/2026 01:08,WATCHLIST,2026-10-15T16:45:00Z,soccer_uefa_europa_league,the-odds-api,football,Salzburg,AC Milan,Away Win,AC Milan,0.6408908299249466,1.85,0.5405,0.1856,Moyenne,SAFE PICK,True,100.0,2 - SAFE PICK,MARCHE JUSTE,BOOST|GLOBAL_BOOST,+4.0% (17 obs),MEGA 70%/3% | SAFE 63%/1% | VALUE 58%/3%,WATCHLIST,watchlist prudente,Value positive 18.6% | Proba IA 64.1% | MARCHE JUSTE | Learning BOOST|GLOBAL_BOOST | Calibration +4.0% (17 obs) | Source the-odds-api,0.5,0.5,1.2,1.1,1.2,1.2,0,NO BET,7.43,0.2692,0.2184,0.0,1500.0,1500.0,65.0,0.869,1.473,0.2608,NO DRAW SIGNAL,0-1,14.26,1-1,13.47,1-0,10.26,SCORE POISSON + FORME - confiance 74%,A recalculer via player_scorers,0.4147,0.5853,0.4467,0.5533,"[('0-1', 0.1426), ('1-1', 0.1347), ('1-0', 0.1026), ('0-2', 0.0993), ('1-2', 0.0956), ('2-1', 0.0728), ('0-0', 0.0716), ('2-0', 0.0548), ('2-2', 0.0345), ('1-3', 0.0332), ('3-1', 0.0221), ('0-3', 0.0212)]",0.0,0.0,0.0,0.0,272.69
03/10/2026 01:08,WATCHLIST,2026-10-15T16:45:00Z,soccer_uefa_europa_league,the-odds-api,football,Salzburg,AC Milan,Draw,Draw,0.3056194528173233,4.1,0.2439,0.253,A EVITER,NUL POSSIBLE,True,71.99,3B - NUL POSSIBLE,MARCHE JUSTE,BOOST|GLOBAL_BOOST,+3.7% (114 obs),MEGA 70%/3% | SAFE 63%/1% | VALUE 58%/3%,WATCHLIST,cote trop haute,Value positive 25.3% | Proba IA 30.6% | MARCHE JUSTE | Learning BOOST|GLOBAL_BOOST | Calibration +3.7% (114 obs) | Source the-odds-api,0.5,0.5,1.2,1.1,1.2,1.2,0,NO BET,7.43,0.1346,0.0816,0.0,1500.0,1500.0,65.0,0.869,1.473,0.2608,NO DRAW SIGNAL,0-1,14.26,1-1,13.47,1-0,10.26,SCORE POISSON + FORME - confiance 74%,A recalculer via player_scorers,0.4147,0.5853,0.4467,0.5533,"[('0-1', 0.1426), ('1-1', 0.1347), ('1-0', 0.1026), ('0-2', 0.0993), ('1-2', 0.0956), ('2-1', 0.0728), ('0-0', 0.0716), ('2-0', 0.0548), ('2-2', 0.0345), ('1-3', 0.0332), ('3-1', 0.0221), ('0-3', 0.0212)]",0.0,0.0,0.0,0.0,236.75
03/10/2026 01:08,NO BET,2026-10-15T16:45:00Z,soccer_uefa_europa_league,the-odds-api,football,Salzburg,AC Milan,Home Win,Salzburg,0.19969452882950098,4.1,0.2439,-0.1813,A EVITER,NO BET,False,34.74,6 - NO BET,MARCHE JUSTE,BOOST|GLOBAL_BOOST,-5.0% (19 obs),MEGA 70%/3% | SAFE 63%/1% | VALUE 58%/3%,REFUSE,cote trop haute,Value negative ou nulle | Proba IA 20.0% | MARCHE JUSTE | Learning BOOST|GLOBAL_BOOST | Calibration -5.0% (19 obs) | Source the-odds-api,0.5,0.5,1.2,1.1,1.2,1.2,0,NO BET,7.43,0.0,0.0,0.0,1500.0,1500.0,65.0,0.869,1.473,0.2608,NO DRAW SIGNAL,0-1,14.26,1-1,13.47,1-0,10.26,SCORE POISSON + FORME - confiance 74%,A recalculer via player_scorers,0.4147,0.5853,0.4467,0.5533,"[('0-1', 0.1426), ('1-1', 0.1347), ('1-0', 0.1026), ('0-2', 0.0993), ('1-2', 0.0956), ('2-1', 0.0728), ('0-0', 0.0716), ('2-0', 0.0548), ('2-2', 0.0345), ('1-3', 0.0332), ('3-1', 0.0221), ('0-3', 0.0212)]",0.0,0.0,0.0,0.0,65.39
03/10/2026 01:08,WATCHLIST,2026-10-15T16:45:00Z,soccer_uefa_europa_league,the-odds-api,football,Sparta Prague,Lillestrom,Home Win,Sparta Prague,0.8013425,1.36,0.7353,0.0898,Elite,MEGA VALUE,True,99.84,1 - MEGA VALUE,OK,GLOBAL_BOOST,+4.0% (27 obs),MEGA 70%/3% | SAFE 63%/1% | VALUE 58%/3%,WATCHLIST,watchlist prudente,Value positive 9.0% | Proba IA 80.1% | Learning GLOBAL_BOOST | Calibration +4.0% (27 obs) | Source the-odds-api,0.5,0.5,1.2,1.1,1.2,1.2,0,NO BET,7.43,0.4038,0.22,0.0,1500.0,1500.0,65.0,2.462,0.342,0.0928,NO DRAW SIGNAL,2-0,24.5,3-0,20.65,1-0,11.87,SCORE POISSON + FORME - confiance 78%,A recalculer via player_scorers,0.5721,0.4279,0.2504,0.7496,"[('2-0', 0.245), ('3-0', 0.2065), ('1-0', 0.1187), ('4-0', 0.0916), ('2-1', 0.0664), ('3-1', 0.0478), ('1-1', 0.0395), ('0-0', 0.0298), ('5-0', 0.0265), ('0-1', 0.0253), ('4-1', 0.0196), ('1-2', 0.0128)]",0.0,0.0,0.0,0.0,242.48
03/10/2026 01:08,NO BET,2026-10-15T16:45:00Z,soccer_uefa_europa_league,the-odds-api,football,Sparta Prague,Lillestrom,Away Win,Lillestrom,0.10069512505760281,9.0,0.1111,-0.0937,A EVITER,NO BET,False,31.3,6 - NO BET,COTE HAUTE,BOOST|GLOBAL_BOOST,-0.2% (13 obs),MEGA 70%/3% | SAFE 63%/1% | VALUE 58%/3%,REFUSE,cote trop haute,Value negative ou nulle | Proba IA 10.1% | COTE HAUTE | Learning BOOST|GLOBAL_BOOST | Calibration -0.2% (13 obs) | Source the-odds-api,0.5,0.5,1.2,1.1,1.2,1.2,0,NO BET,7.43,0.0,0.0,0.0,1500.0,1500.0,65.0,2.462,0.342,0.0928,NO DRAW SIGNAL,2-0,24.5,3-0,20.65,1-0,11.87,SCORE POISSON + FORME - confiance 78%,A recalculer via player_scorers,0.5721,0.4279,0.2504,0.7496,"[('2-0', 0.245), ('3-0', 0.2065), ('1-0', 0.1187), ('4-0', 0.0916), ('2-1', 0.0664), ('3-1', 0.0478), ('1-1', 0.0395), ('0-0', 0.0298), ('5-0', 0.0265), ('0-1', 0.0253), ('4-1', 0.0196), ('1-2', 0.0128)]",0.0,0.0,0.0,0.0,53.37
03/10/2026 01:08,NO BET,2026-10-15T16:45:00Z,soccer_uefa_europa_league,the-odds-api,football,Sparta Prague,Lillestrom,Draw,Draw,0.1252431990593718,5.2,0.1923,-0.3487,A EVITER,NO BET,False,27.61,6 - NO BET,DRAW RISQUE,BOOST|GLOBAL_BOOST,-4.5% (32 obs),MEGA 70%/3% | SAFE 63%/1% | VALUE 58%/3%,REFUSE,cote trop haute,Value negative ou nulle | Proba IA 12.5% | DRAW RISQUE | Learning BOOST|GLOBAL_BOOST | Calibration -4.5% (32 obs) | Source the-odds-api,0.5,0.5,1.2,1.1,1.2,1.2,0,NO BET,7.43,0.0,0.0,0.0,1500.0,1500.0,65.0,2.462,0.342,0.0928,NO DRAW SIGNAL,2-0,24.5,3-0,20.65,1-0,11.87,SCORE POISSON + FORME - confiance 78%,A recalculer via player_scorers,0.5721,0.4279,0.2504,0.7496,"[('2-0', 0.245), ('3-0', 0.2065), ('1-0', 0.1187), ('4-0', 0.0916), ('2-1', 0.0664), ('3-1', 0.0478), ('1-1', 0.0395), ('0-0', 0.0298), ('5-0', 0.0265), ('0-1', 0.0253), ('4-1', 0.0196), ('1-2', 0.0128)]",0.0,0.0,0.0,0.0,49.63
03/10/2026 01:08,WATCHLIST,2026-10-15T16:45:00Z,soccer_uefa_europa_league,the-odds-api,football,Torreense,Sunderland,Draw,Draw,0.27957234036130135,5.1,0.1961,0.4258,A EVITER,WATCHLIST,False,78.04,5 - WATCHLIST,COTE HAUTE,BOOST|GLOBAL_BOOST,+3.7% (114 obs),MEGA 70%/3% | SAFE 63%/1% | VALUE 58%/3%,WATCHLIST,cote trop haute,Value positive 42.6% | Proba IA 28.0% | COTE HAUTE | Learning BOOST|GLOBAL_BOOST | Calibration +3.7% (114 obs) | Source the-odds-api,0.5,0.58,1.2,1.5,1.2,1.62,1,NO BET,7.43,0.0,0.0,0.0,1500.0,1539.6,25.4,1.31,1.25,0.283,NO DRAW SIGNAL,1-1,14.85,1-0,11.47,0-1,10.25,SCORE POISSON + FORME - confiance 84%,A recalculer via player_scorers,0.463,0.537,0.5242,0.4758,"[('1-1', 0.1485), ('1-0', 0.1147), ('0-1', 0.1025), ('2-1', 0.0952), ('1-2', 0.084), ('2-0', 0.079), ('0-0', 0.0659), ('0-2', 0.0642), ('2-2', 0.0427), ('3-1', 0.0332), ('1-3', 0.0271), ('3-0', 0.0206)]",0.0,0.0,0.0,0.0,318.17
03/10/2026 01:08,WATCHLIST,2026-10-15T16:45:00Z,soccer_uefa_europa_league,the-odds-api,football,Torreense,Sunderland,Away Win,Sunderland,0.6479611558066808,1.5,0.6667,-0.0281,Moyenne,WATCHLIST,False,86.99,5 - WATCHLIST,OK,BOOST|GLOBAL_BOOST,-1.6% (36 obs),MEGA 70%/3% | SAFE 63%/1% | VALUE 58%/3%,WATCHLIST,value negative,Value negative ou nulle | Proba IA 64.8% | Learning BOOST|GLOBAL_BOOST | Calibration -1.6% (36 obs) | Source the-odds-api,0.5,0.58,1.2,1.5,1.2,1.62,1,NO BET,7.43,0.0,0.0,0.0,1500.0,1539.6,25.4,1.31,1.25,0.283,NO DRAW SIGNAL,1-1,14.85,1-0,11.47,0-1,10.25,SCORE POISSON + FORME - confiance 84%,A recalculer via player_scorers,0.463,0.537,0.5242,0.4758,"[('1-1', 0.1485), ('1-0', 0.1147), ('0-1', 0.1025), ('2-1', 0.0952), ('1-2', 0.084), ('2-0', 0.079), ('0-0', 0.0659), ('0-2', 0.0642), ('2-2', 0.0427), ('3-1', 0.0332), ('1-3', 0.0271), ('3-0', 0.0206)]",0.0,0.0,0.0,0.0,174.1
03/10/2026 01:08,WATCHLIST,2026-10-15T16:45:00Z,soccer_uefa_europa_league,the-odds-api,football,Torreense,Sunderland,Home Win,Torreense,0.16615887154237285,6.5,0.1538,0.08,A EVITER,WATCHLIST,False,61.18,5 - WATCHLIST,VALUE CLAIRE,BOOST|GLOBAL_BOOST,-4.3% (77 obs),MEGA 70%/3% | SAFE 63%/1% | VALUE 58%/3%,WATCHLIST,cote trop haute,Value positive 8.0% | Proba IA 16.6% | VALUE CLAIRE | Learning BOOST|GLOBAL_BOOST | Calibration -4.3% (77 obs) | Source the-odds-api,0.5,0.58,1.2,1.5,1.2,1.62,1,NO BET,7.43,0.0,0.0,0.0,1500.0,1539.6,25.4,1.31,1.25,0.283,NO DRAW SIGNAL,1-1,14.85,1-0,11.47,0-1,10.25,SCORE POISSON + FORME - confiance 84%,A recalculer via player_scorers,0.463,0.537,0.5242,0.4758,"[('1-1', 0.1485), ('1-0', 0.1147), ('0-1', 0.1025), ('2-1', 0.0952), ('1-2', 0.084), ('2-0', 0.079), ('0-0', 0.0659), ('0-2', 0.0642), ('2-2', 0.0427), ('3-1', 0.0332), ('1-3', 0.0271), ('3-0', 0.0206)]",0.0,0.0,0.0,0.0,136.59
03/10/2026 01:08,WATCHLIST,2026-10-15T16:45:00Z,soccer_uefa_europa_league,the-odds-api,football,Union Saint-Gilloise,Real Sociedad,Home Win,Union Saint-Gilloise,0.49663161082815027,2.38,0.4202,0.182,A EVITER,WATCHLIST,False,92.64,5 - WATCHLIST,MARCHE JUSTE,BOOST|GLOBAL_BOOST,+3.9% (57 obs),MEGA 70%/3% | SAFE 63%/1% | VALUE 58%/3%,WATCHLIST,proba trop basse,Value positive 18.2% | Proba IA 49.7% | MARCHE JUSTE | Learning BOOST|GLOBAL_BOOST | Calibration +3.9% (57 obs) | Source the-odds-api,0.5,0.5,1.2,1.1,1.2,1.2,0,NO BET,7.43,0.0,0.0,0.0,1500.0,1500.0,65.0,1.421,1.005,0.2669,NO DRAW SIGNAL,1-1,13.9,1-0,13.72,2-1,10.27,SCORE POISSON + FORME - confiance 69%,A recalculer via player_scorers,0.4355,0.5645,0.4806,0.5194,"[('1-1', 0.139), ('1-0', 0.1372), ('2-1', 0.1027), ('0-1', 0.0982), ('2-0', 0.0973), ('1-2', 0.0727), ('0-0', 0.0682), ('0-2', 0.0515), ('2-2', 0.0378), ('3-1', 0.0365), ('3-0', 0.0241), ('1-3', 0.0208)]",0.0,0.0,0.0,0.0,250.12
03/10/2026 01:08,WATCHLIST,2026-10-15T16:45:00Z,soccer_uefa_europa_league,the-odds-api,football,Union Saint-Gilloise,Real Sociedad,Draw,Draw,0.303774449018355,3.6,0.2778,0.0936,A EVITER,NUL POSSIBLE,True,67.37,3B - NUL POSSIBLE,MARCHE JUSTE,BOOST|GLOBAL_BOOST,+1.2% (179 obs),MEGA 70%/3% | SAFE 63%/1% | VALUE 58%/3%,WATCHLIST,cote trop haute,Value positive 9.4% | Proba IA 30.4% | MARCHE JUSTE | Learning BOOST|GLOBAL_BOOST | Calibration +1.2% (179 obs) | Source the-odds-api,0.5,0.5,1.2,1.1,1.2,1.2,0,NO BET,7.43,0.1346,0.036,0.0,1500.0,1500.0,65.0,1.421,1.005,0.2669,NO DRAW SIGNAL,1-1,13.9,1-0,13.72,2-1,10.27,SCORE POISSON + FORME - confiance 69%,A recalculer via player_scorers,0.4355,0.5645,0.4806,0.5194,"[('1-1', 0.139), ('1-0', 0.1372), ('2-1', 0.1027), ('0-1', 0.0982), ('2-0', 0.0973), ('1-2', 0.0727), ('0-0', 0.0682), ('0-2', 0.0515), ('2-2', 0.0378), ('3-1', 0.0365), ('3-0', 0.0241), ('1-3', 0.0208)]",0.0,0.0,0.0,0.0,161.21
03/10/2026 01:08,NO BET,2026-10-15T16:45:00Z,soccer_uefa_europa_league,the-odds-api,football,Union Saint-Gilloise,Real Sociedad,Away Win,Real Sociedad,0.3108662637678655,2.94,0.3401,-0.0861,A EVITER,NO BET,False,54.01,6 - NO BET,MARCHE JUSTE,BOOST|GLOBAL_BOOST,-4.1% (61 obs),MEGA 70%/3% | SAFE 63%/1% | VALUE 58%/3%,REFUSE,value negative,Value negative ou nulle | Proba IA 31.1% | MARCHE JUSTE | Learning BOOST|GLOBAL_BOOST | Calibration -4.1% (61 obs) | Source the-odds-api,0.5,0.5,1.2,1.1,1.2,1.2,0,NO BET,7.43,0.0,0.0,0.0,1500.0,1500.0,65.0,1.421,1.005,0.2669,NO DRAW SIGNAL,1-1,13.9,1-0,13.72,2-1,10.27,SCORE POISSON + FORME - confiance 69%,A recalculer via player_scorers,0.4355,0.5645,0.4806,0.5194,"[('1-1', 0.139), ('1-0', 0.1372), ('2-1', 0.1027), ('0-1', 0.0982), ('2-0', 0.0973), ('1-2', 0.0727), ('0-0', 0.0682), ('0-2', 0.0515), ('2-2', 0.0378), ('3-1', 0.0365), ('3-0', 0.0241), ('1-3', 0.0208)]",0.0,0.0,0.0,0.0,101.7
03/10/2026 01:08,MEGA VALUE,2026-10-15T19:00:00Z,soccer_uefa_europa_conference_league,the-odds-api,football,Atalanta BC,Pafos FC,Home Win,Atalanta BC,0.7606409999999999,1.5,0.6667,0.141,Forte,MEGA VALUE,True,100.0,1 - MEGA VALUE,VALUE CLAIRE,GLOBAL_BOOST,+4.0% (27 obs),MEGA 70%/3% | SAFE 63%/1% | VALUE 58%/3%,JOUABLE,ok,Value positive 14.1% | Proba IA 76.1% | Mode MEGA VALUE | VALUE CLAIRE | Learning GLOBAL_BOOST | Calibration +4.0% (27 obs) | Source the-odds-api,0.5,0.5,1.2,1.1,1.2,1.2,0,VALUE BET,7.43,0.4038,0.22,3.0,1500.0,1500.0,65.0,2.262,0.439,0.1169,NO DRAW SIGNAL,2-0,23.47,3-0,18.19,1-0,12.34,SCORE POISSON + FORME - confiance 78%,A recalculer via player_scorers,0.5454,0.4546,0.3016,0.6984,"[('2-0', 0.2347), ('3-0', 0.1819), ('1-0', 0.1234), ('2-1', 0.0801), ('4-0', 0.0743), ('3-1', 0.0536), ('1-1', 0.0501), ('0-1', 0.0343), ('0-0', 0.0332), ('4-1', 0.0202), ('5-0', 0.0198), ('1-2', 0.0188)]",0.0,0.0,0.0,0.0,261.86
03/10/2026 01:08,WATCHLIST,2026-10-15T19:00:00Z,soccer_uefa_europa_conference_league,the-odds-api,football,Atalanta BC,Pafos FC,Away Win,Pafos FC,0.16843340850518612,7.5,0.1333,0.2633,A EVITER,WATCHLIST,False,70.22,5 - WATCHLIST,COTE HAUTE,BOOST|GLOBAL_BOOST,+3.2% (24 obs),MEGA 70%/3% | SAFE 63%/1% | VALUE 58%/3%,WATCHLIST,cote trop haute,Value positive 26.3% | Proba IA 16.8% | COTE HAUTE | Learning BOOST|GLOBAL_BOOST | Calibration +3.2% (24 obs) | Source the-odds-api,0.5,0.5,1.2,1.1,1.2,1.2,0,NO BET,7.43,0.0,0.0,0.0,1500.0,1500.0,65.0,2.262,0.439,0.1169,NO DRAW SIGNAL,2-0,23.47,3-0,18.19,1-0,12.34,SCORE POISSON + FORME - confiance 78%,A recalculer via player_scorers,0.5454,0.4546,0.3016,0.6984,"[('2-0', 0.2347), ('3-0', 0.1819), ('1-0', 0.1234), ('2-1', 0.0801), ('4-0', 0.0743), ('3-1', 0.0536), ('1-1', 0.0501), ('0-1', 0.0343), ('0-0', 0.0332), ('4-1', 0.0202), ('5-0', 0.0198), ('1-2', 0.0188)]",0.0,0.0,0.0,0.0,228.91
03/10/2026 01:08,NO BET,2026-10-15T19:00:00Z,soccer_uefa_europa_conference_league,the-odds-api,football,Atalanta BC,Pafos FC,Draw,Draw,0.14130558507391863,5.0,0.2,-0.2935,A EVITER,NO BET,False,28.28,6 - NO BET,DRAW RISQUE,BOOST|GLOBAL_BOOST,-4.5% (32 obs),MEGA 70%/3% | SAFE 63%/1% | VALUE 58%/3%,REFUSE,cote trop haute,Value negative ou nulle | Proba IA 14.1% | DRAW RISQUE | Learning BOOST|GLOBAL_BOOST | Calibration -4.5% (32 obs) | Source the-odds-api,0.5,0.5,1.2,1.1,1.2,1.2,0,NO BET,7.43,0.0,0.0,0.0,1500.0,1500.0,65.0,2.262,0.439,0.1169,NO DRAW SIGNAL,2-0,23.47,3-0,18.19,1-0,12.34,SCORE POISSON + FORME - confiance 78%,A recalculer via player_scorers,0.5454,0.4546,0.3016,0.6984,"[('2-0', 0.2347), ('3-0', 0.1819), ('1-0', 0.1234), ('2-1', 0.0801), ('4-0', 0.0743), ('3-1', 0.0536), ('1-1', 0.0501), ('0-1', 0.0343), ('0-0', 0.0332), ('4-1', 0.0202), ('5-0', 0.0198), ('1-2', 0.0188)]",0.0,0.0,0.0,0.0,51.75
03/10/2026 01:08,WATCHLIST,2026-10-15T19:00:00Z,soccer_uefa_europa_conference_league,the-odds-api,football,Brighton and Hove Albion,FK Kauno Žalgiris,Draw,Draw,0.0705442629017259,21.0,0.0476,0.4814,A EVITER,WATCHLIST,False,62.11,5 - WATCHLIST,DRAW RISQUE,BOOST|GLOBAL_BOOST,-0.2% (13 obs),MEGA 70%/3% | SAFE 63%/1% | VALUE 58%/3%,WATCHLIST,cote trop haute,Value positive 48.1% | Proba IA 7.1% | DRAW RISQUE | Learning BOOST|GLOBAL_BOOST | Calibration -0.2% (13 obs) | Source the-odds-api,0.5,0.5,1.2,1.1,1.2,1.2,0,NO BET,7.43,0.0,0.0,0.0,1500.0,1500.0,65.0,3.012,0.25,0.0471,NO DRAW SIGNAL,3-0,22.84,2-0,22.24,4-0,15.77,SCORE POISSON + FORME - confiance 73%,A recalculer via player_scorers,0.6971,0.3029,0.2073,0.7927,"[('3-0', 0.2284), ('2-0', 0.2224), ('4-0', 0.1577), ('5-0', 0.0656), ('3-1', 0.0494), ('2-1', 0.046), ('1-0', 0.0358), ('6-0', 0.0328), ('4-1', 0.0285), ('1-1', 0.025), ('5-1', 0.0169), ('7-0', 0.0124)]",0.0,0.0,0.0,0.0,303.88
03/10/2026 01:08,WATCHLIST,2026-10-15T19:00:00Z,soccer_uefa_europa_conference_league,the-odds-api,football,Brighton and Hove Albion,FK Kauno Žalgiris,Away Win,FK Kauno Žalgiris,0.03580777946555751,41.0,0.0244,0.4681,A EVITER,WATCHLIST,False,64.65,5 - WATCHLIST,COTE HAUTE,BOOST|GLOBAL_BOOST,BASELINE,MEGA 70%/3% | SAFE 63%/1% | VALUE 58%/3%,WATCHLIST,cote trop haute,Value positive 46.8% | Proba IA 3.6% | COTE HAUTE | Learning BOOST|GLOBAL_BOOST | Source the-odds-api,0.5,0.5,1.2,1.1,1.2,1.2,0,NO BET,7.43,0.0,0.0,0.0,1500.0,1500.0,65.0,3.012,0.25,0.0471,NO DRAW SIGNAL,3-0,22.84,2-0,22.24,4-0,15.77,SCORE POISSON + FORME - confiance 73%,A recalculer via player_scorers,0.6971,0.3029,0.2073,0.7927,"[('3-0', 0.2284), ('2-0', 0.2224), ('4-0', 0.1577), ('5-0', 0.0656), ('3-1', 0.0494), ('2-1', 0.046), ('1-0', 0.0358), ('6-0', 0.0328), ('4-1', 0.0285), ('1-1', 0.025), ('5-1', 0.0169), ('7-0', 0.0124)]",0.0,0.0,0.0,0.0,299.48
03/10/2026 01:08,WATCHLIST,2026-10-15T19:00:00Z,soccer_uefa_europa_conference_league,the-odds-api,football,Brighton and Hove Albion,FK Kauno Žalgiris,Home Win,Brighton and Hove Albion,0.9,1.06,0.9434,-0.046,Elite,FAVORI SOLIDE,True,80.36,2B - FAVORI SOLIDE,OK,BOOST|GLOBAL_BOOST,BASELINE,MEGA 70%/3% | SAFE 63%/1% | VALUE 58%/3%,WATCHLIST,value negative,Value negative ou nulle | Proba IA 90.0% | Learning BOOST|GLOBAL_BOOST | Source the-odds-api,0.5,0.5,1.2,1.1,1.2,1.2,0,NO BET,7.43,0.2692,0.0,0.0,1500.0,1500.0,65.0,3.012,0.25,0.0471,NO DRAW SIGNAL,3-0,22.84,2-0,22.24,4-0,15.77,SCORE POISSON + FORME - confiance 73%,A recalculer via player_scorers,0.6971,0.3029,0.2073,0.7927,"[('3-0', 0.2284), ('2-0', 0.2224), ('4-0', 0.1577), ('5-0', 0.0656), ('3-1', 0.0494), ('2-1', 0.046), ('1-0', 0.0358), ('6-0', 0.0328), ('4-1', 0.0285), ('1-1', 0.025), ('5-1', 0.0169), ('7-0', 0.0124)]",0.0,0.0,0.0,0.0,181.93
03/10/2026 01:08,WATCHLIST,2026-10-15T19:00:00Z,soccer_uefa_europa_conference_league,the-odds-api,football,FC Copenhagen,SC Braga,Home Win,FC Copenhagen,0.4843677620467733,2.5,0.4,0.2109,A EVITER,WATCHLIST,False,95.45,5 - WATCHLIST,MARCHE JUSTE,BOOST|GLOBAL_BOOST,+3.9% (57 obs),MEGA 70%/3% | SAFE 63%/1% | VALUE 58%/3%,WATCHLIST,proba trop basse,Value positive 21.1% | Proba IA 48.4% | MARCHE JUSTE | Learning BOOST|GLOBAL_BOOST | Calibration +3.9% (57 obs) | Source the-odds-api,0.5,0.5,1.2,1.1,1.2,1.2,0,NO BET,7.43,0.0,0.0,0.0,1500.0,1500.0,65.0,1.396,1.014,0.2708,NO DRAW SIGNAL,1-1,14.02,1-0,13.63,2-1,10.14,SCORE POISSON + FORME - confiance 71%,A recalculer via player_scorers,0.4307,0.5693,0.4795,0.5205,"[('1-1', 0.1402), ('1-0', 0.1363), ('2-1', 0.1014), ('0-1', 0.0996), ('2-0', 0.0957), ('1-2', 0.0732), ('0-0', 0.0692), ('0-2', 0.0526), ('2-2', 0.0377), ('3-1', 0.0358), ('3-0', 0.0237), ('1-3', 0.021)]",0.0,0.0,0.0,0.0,265.87
03/10/2026 01:08,WATCHLIST,2026-10-15T19:00:00Z,soccer_uefa_europa_conference_league,the-odds-api,football,FC Copenhagen,SC Braga,Draw,Draw,0.31462741254169746,3.5,0.2857,0.1012,A EVITER,NUL POSSIBLE,True,71.7,3B - NUL POSSIBLE,MARCHE JUSTE,BOOST|GLOBAL_BOOST,+1.2% (179 obs),MEGA 70%/3% | SAFE 63%/1% | VALUE 58%/3%,WATCHLIST,cote trop haute,Value positive 10.1% | Proba IA 31.5% | MARCHE JUSTE | Learning BOOST|GLOBAL_BOOST | Calibration +1.2% (179 obs) | Source the-odds-api,0.5,0.5,1.2,1.1,1.2,1.2,0,NO BET,7.43,0.1346,0.0405,0.0,1500.0,1500.0,65.0,1.396,1.014,0.2708,NO DRAW SIGNAL,1-1,14.02,1-0,13.63,2-1,10.14,SCORE POISSON + FORME - confiance 71%,A recalculer via player_scorers,0.4307,0.5693,0.4795,0.5205,"[('1-1', 0.1402), ('1-0', 0.1363), ('2-1', 0.1014), ('0-1', 0.0996), ('2-0', 0.0957), ('1-2', 0.0732), ('0-0', 0.0692), ('0-2', 0.0526), ('2-2', 0.0377), ('3-1', 0.0358), ('3-0', 0.0237), ('1-3', 0.021)]",0.0,0.0,0.0,0.0,171.65
03/10/2026 01:08,NO BET,2026-10-15T19:00:00Z,soccer_uefa_europa_conference_league,the-odds-api,football,FC Copenhagen,SC Braga,Away Win,SC Braga,0.31234875145274527,3.0,0.3333,-0.063,A EVITER,NO BET,False,56.73,5 - WATCHLIST,MARCHE JUSTE,BOOST|GLOBAL_BOOST,-4.1% (61 obs),MEGA 70%/3% | SAFE 63%/1% | VALUE 58%/3%,REFUSE,value negative,Value negative ou nulle | Proba IA 31.2% | MARCHE JUSTE | Learning BOOST|GLOBAL_BOOST | Calibration -4.1% (61 obs) | Source the-odds-api,0.5,0.5,1.2,1.1,1.2,1.2,0,NO BET,7.43,0.0,0.0,0.0,1500.0,1500.0,65.0,1.396,1.014,0.2708,NO DRAW SIGNAL,1-1,14.02,1-0,13.63,2-1,10.14,SCORE POISSON + FORME - confiance 71%,A recalculer via player_scorers,0.4307,0.5693,0.4795,0.5205,"[('1-1', 0.1402), ('1-0', 0.1363), ('2-1', 0.1014), ('0-1', 0.0996), ('2-0', 0.0957), ('1-2', 0.0732), ('0-0', 0.0692), ('0-2', 0.0526), ('2-2', 0.0377), ('3-1', 0.0358), ('3-0', 0.0237), ('1-3', 0.021)]",0.0,0.0,0.0,0.0,105.82
03/10/2026 01:08,WATCHLIST,2026-10-15T19:00:00Z,soccer_uefa_europa_conference_league,the-odds-api,football,FC Twente Enschede,FC Thun,Draw,Draw,0.17375594600871253,7.4,0.1351,0.2858,A EVITER,WATCHLIST,False,66.45,5 - WATCHLIST,DRAW RISQUE,BOOST|GLOBAL_BOOST,+4.0% (36 obs),MEGA 70%/3% | SAFE 63%/1% | VALUE 58%/3%,WATCHLIST,cote trop haute,Value positive 28.6% | Proba IA 17.4% | DRAW RISQUE | Learning BOOST|GLOBAL_BOOST | Calibration +4.0% (36 obs) | Source the-odds-api,0.5,0.5,1.2,1.1,1.2,1.2,0,NO BET,7.43,0.0,0.0,0.0,1500.0,1500.0,65.0,2.826,0.25,0.0622,NO DRAW SIGNAL,2-0,21.99,3-0,21.21,4-0,13.74,SCORE POISSON + FORME - confiance 74%,A recalculer via player_scorers,0.6333,0.3667,0.1967,0.8033,"[('2-0', 0.2199), ('3-0', 0.2121), ('4-0', 0.1374), ('1-0', 0.0942), ('5-0', 0.0536), ('3-1', 0.046), ('2-1', 0.0456), ('1-1', 0.0259), ('6-0', 0.0252), ('4-1', 0.025), ('0-0', 0.0216), ('0-1', 0.0153)]",0.0,0.0,0.0,0.0,233.4
03/10/2026 01:08,WATCHLIST,2026-10-15T19:00:00Z,soccer_uefa_europa_conference_league,the-odds-api,football,FC Twente Enschede,FC Thun,Home Win,FC Twente Enschede,0.8236314017864581,1.23,0.813,0.0131,Elite,SAFE PICK,True,83.95,2 - SAFE PICK,OK,BOOST|GLOBAL_BOOST,-6.0% (16 obs),MEGA 70%/3% | SAFE 63%/1% | VALUE 58%/3%,WATCHLIST,watchlist prudente,Value positive 1.3% | Proba IA 82.4% | Learning BOOST|GLOBAL_BOOST | Calibration -6.0% (16 obs) | Source the-odds-api,0.5,0.5,1.2,1.1,1.2,1.2,0,NO BET,7.43,0.2692,0.0568,0.0,1500.0,1500.0,65.0,2.826,0.25,0.0622,NO DRAW SIGNAL,2-0,21.99,3-0,21.21,4-0,13.74,SCORE POISSON + FORME - confiance 74%,A recalculer via player_scorers,0.6333,0.3667,0.1967,0.8033,"[('2-0', 0.2199), ('3-0', 0.2121), ('4-0', 0.1374), ('1-0', 0.0942), ('5-0', 0.0536), ('3-1', 0.046), ('2-1', 0.0456), ('1-1', 0.0259), ('6-0', 0.0252), ('4-1', 0.025), ('0-0', 0.0216), ('0-1', 0.0153)]",0.0,0.0,0.0,0.0,187.52
03/10/2026 01:08,NO BET,2026-10-15T19:00:00Z,soccer_uefa_europa_conference_league,the-odds-api,football,FC Twente Enschede,FC Thun,Away Win,FC Thun,0.06739617090491876,13.0,0.0769,-0.1238,A EVITER,NO BET,False,29.18,6 - NO BET,COTE HAUTE,BOOST|GLOBAL_BOOST,-0.2% (13 obs),MEGA 70%/3% | SAFE 63%/1% | VALUE 58%/3%,REFUSE,cote trop haute,Value negative ou nulle | Proba IA 6.7% | COTE HAUTE | Learning BOOST|GLOBAL_BOOST | Calibration -0.2% (13 obs) | Source the-odds-api,0.5,0.5,1.2,1.1,1.2,1.2,0,NO BET,7.43,0.0,0.0,0.0,1500.0,1500.0,65.0,2.826,0.25,0.0622,NO DRAW SIGNAL,2-0,21.99,3-0,21.21,4-0,13.74,SCORE POISSON + FORME - confiance 74%,A recalculer via player_scorers,0.6333,0.3667,0.1967,0.8033,"[('2-0', 0.2199), ('3-0', 0.2121), ('4-0', 0.1374), ('1-0', 0.0942), ('5-0', 0.0536), ('3-1', 0.046), ('2-1', 0.0456), ('1-1', 0.0259), ('6-0', 0.0252), ('4-1', 0.025), ('0-0', 0.0216), ('0-1', 0.0153)]",0.0,0.0,0.0,0.0,47.9
03/10/2026 01:08,WATCHLIST,2026-10-15T19:00:00Z,soccer_uefa_europa_conference_league,the-odds-api,football,Hearts,FC Nordsjaelland,Home Win,Hearts,0.4926160143245136,2.8,0.3571,0.3793,A EVITER,WATCHLIST,False,100.0,5 - WATCHLIST,VALUE CLAIRE,BOOST|GLOBAL_BOOST,+3.9% (57 obs),MEGA 70%/3% | SAFE 63%/1% | VALUE 58%/3%,WATCHLIST,proba trop basse,Value positive 37.9% | Proba IA 49.3% | VALUE CLAIRE | Learning BOOST|GLOBAL_BOOST | Calibration +3.9% (57 obs) | Source the-odds-api,0.71,0.5,1.88,1.1,1.12,1.2,1,NO BET,7.43,0.0,0.0,0.0,1624.1,1500.0,189.1,1.59,0.9,0.2479,NO DRAW SIGNAL,1-0,14.52,1-1,13.32,2-0,11.15,SCORE POISSON + FORME - confiance 84%,A recalculer via player_scorers,0.4531,0.5469,0.4716,0.5284,"[('1-0', 0.1452), ('1-1', 0.1332), ('2-0', 0.1115), ('2-1', 0.1085), ('0-1', 0.088), ('1-2', 0.0655), ('0-0', 0.0653), ('0-2', 0.0432), ('3-1', 0.0411), ('2-2', 0.0366), ('3-0', 0.028), ('1-3', 0.0181)]",0.0,0.0,0.0,0.0,345.59
03/10/2026 01:08,WATCHLIST,2026-10-15T19:00:00Z,soccer_uefa_europa_conference_league,the-odds-api,football,Hearts,FC Nordsjaelland,Draw,Draw,0.2920532484131452,3.75,0.2667,0.0952,A EVITER,NUL POSSIBLE,True,74.21,3B - NUL POSSIBLE,MARCHE JUSTE,BOOST|GLOBAL_BOOST,+1.2% (179 obs),MEGA 70%/3% | SAFE 63%/1% | VALUE 58%/3%,WATCHLIST,cote trop haute,Value positive 9.5% | Proba IA 29.2% | MARCHE JUSTE | Learning BOOST|GLOBAL_BOOST | Calibration +1.2% (179 obs) | Source the-odds-api,0.71,0.5,1.88,1.1,1.12,1.2,1,NO BET,7.43,0.1346,0.0346,0.0,1624.1,1500.0,189.1,1.59,0.9,0.2479,NO DRAW SIGNAL,1-0,14.52,1-1,13.32,2-0,11.15,SCORE POISSON + FORME - confiance 84%,A recalculer via player_scorers,0.4531,0.5469,0.4716,0.5284,"[('1-0', 0.1452), ('1-1', 0.1332), ('2-0', 0.1115), ('2-1', 0.1085), ('0-1', 0.088), ('1-2', 0.0655), ('0-0', 0.0653), ('0-2', 0.0432), ('3-1', 0.0411), ('2-2', 0.0366), ('3-0', 0.028), ('1-3', 0.0181)]",0.0,0.0,0.0,0.0,171.21
03/10/2026 01:08,NO BET,2026-10-15T19:00:00Z,soccer_uefa_europa_conference_league,the-odds-api,football,Hearts,FC Nordsjaelland,Away Win,FC Nordsjaelland,0.327401703329986,2.5,0.4,-0.1815,A EVITER,NO BET,False,60.25,5 - WATCHLIST,OK,BOOST|GLOBAL_BOOST,-4.1% (61 obs),MEGA 70%/3% | SAFE 63%/1% | VALUE 58%/3%,REFUSE,value negative,Value negative ou nulle | Proba IA 32.7% | Learning BOOST|GLOBAL_BOOST | Calibration -4.1% (61 obs) | Source the-odds-api,0.71,0.5,1.88,1.1,1.12,1.2,1,NO BET,7.43,0.0,0.0,0.0,1624.1,1500.0,189.1,1.59,0.9,0.2479,NO DRAW SIGNAL,1-0,14.52,1-1,13.32,2-0,11.15,SCORE POISSON + FORME - confiance 84%,A recalculer via player_scorers,0.4531,0.5469,0.4716,0.5284,"[('1-0', 0.1452), ('1-1', 0.1332), ('2-0', 0.1115), ('2-1', 0.1085), ('0-1', 0.088), ('1-2', 0.0655), ('0-0', 0.0653), ('0-2', 0.0432), ('3-1', 0.0411), ('2-2', 0.0366), ('3-0', 0.028), ('1-3', 0.0181)]",0.0,0.0,0.0,0.0,112.09
03/10/2026 01:08,WATCHLIST,2026-10-15T19:00:00Z,soccer_uefa_europa_conference_league,the-odds-api,football,SC Freiburg,FK Jablonec,Home Win,SC Freiburg,0.7563430279417349,1.38,0.7246,0.0438,Forte,MEGA VALUE,True,92.65,1 - MEGA VALUE,OK,BOOST|GLOBAL_BOOST,-6.0% (14 obs),MEGA 70%/3% | SAFE 63%/1% | VALUE 58%/3%,WATCHLIST,watchlist prudente,Value positive 4.4% | Proba IA 75.6% | Learning BOOST|GLOBAL_BOOST | Calibration -6.0% (14 obs) | Source the-odds-api,0.5,0.5,1.2,1.1,1.2,1.2,0,NO BET,7.43,0.4038,0.1151,0.0,1500.0,1500.0,65.0,2.501,0.326,0.0887,NO DRAW SIGNAL,2-0,24.62,3-0,21.07,1-0,11.75,SCORE POISSON + FORME - confiance 78%,A recalculer via player_scorers,0.5777,0.4223,0.2413,0.7587,"[('2-0', 0.2462), ('3-0', 0.2107), ('1-0', 0.1175), ('4-0', 0.095), ('2-1', 0.0639), ('3-1', 0.0466), ('1-1', 0.0377), ('0-0', 0.0291), ('5-0', 0.0279), ('0-1', 0.0238), ('4-1', 0.0193), ('1-2', 0.0119)]",0.0,0.0,0.0,0.0,208.88
03/10/2026 01:08,NO BET,2026-10-15T19:00:00Z,soccer_uefa_europa_conference_league,the-odds-api,football,SC Freiburg,FK Jablonec,Away Win,FK Jablonec,0.09727399963095719,9.5,0.1053,-0.0759,A EVITER,NO BET,False,33.21,6 - NO BET,COTE HAUTE,BOOST|GLOBAL_BOOST,-0.2% (13 obs),MEGA 70%/3% | SAFE 63%/1% | VALUE 58%/3%,REFUSE,cote trop haute,Value negative ou nulle | Proba IA 9.7% | COTE HAUTE | Learning BOOST|GLOBAL_BOOST | Calibration -0.2% (13 obs) | Source the-odds-api,0.5,0.5,1.2,1.1,1.2,1.2,0,NO BET,7.43,0.0,0.0,0.0,1500.0,1500.0,65.0,2.501,0.326,0.0887,NO DRAW SIGNAL,2-0,24.62,3-0,21.07,1-0,11.75,SCORE POISSON + FORME - confiance 78%,A recalculer via player_scorers,0.5777,0.4223,0.2413,0.7587,"[('2-0', 0.2462), ('3-0', 0.2107), ('1-0', 0.1175), ('4-0', 0.095), ('2-1', 0.0639), ('3-1', 0.0466), ('1-1', 0.0377), ('0-0', 0.0291), ('5-0', 0.0279), ('0-1', 0.0238), ('4-1', 0.0193), ('1-2', 0.0119)]",0.0,0.0,0.0,0.0,55.96
03/10/2026 01:08,NO BET,2026-10-15T19:00:00Z,soccer_uefa_europa_conference_league,the-odds-api,football,SC Freiburg,FK Jablonec,Draw,Draw,0.12057642474433457,5.5,0.1818,-0.3368,A EVITER,NO BET,False,27.41,6 - NO BET,DRAW RISQUE,BOOST|GLOBAL_BOOST,-4.5% (32 obs),MEGA 70%/3% | SAFE 63%/1% | VALUE 58%/3%,REFUSE,cote trop haute,Value negative ou nulle | Proba IA 12.1% | DRAW RISQUE | Learning BOOST|GLOBAL_BOOST | Calibration -4.5% (32 obs) | Source the-odds-api,0.5,0.5,1.2,1.1,1.2,1.2,0,NO BET,7.43,0.0,0.0,0.0,1500.0,1500.0,65.0,2.501,0.326,0.0887,NO DRAW SIGNAL,2-0,24.62,3-0,21.07,1-0,11.75,SCORE POISSON + FORME - confiance 78%,A recalculer via player_scorers,0.5777,0.4223,0.2413,0.7587,"[('2-0', 0.2462), ('3-0', 0.2107), ('1-0', 0.1175), ('4-0', 0.095), ('2-1', 0.0639), ('3-1', 0.0466), ('1-1', 0.0377), ('0-0', 0.0291), ('5-0', 0.0279), ('0-1', 0.0238), ('4-1', 0.0193), ('1-2', 0.0119)]",0.0,0.0,0.0,0.0,49.01
03/10/2026 01:08,WATCHLIST,2026-10-15T19:00:00Z,soccer_uefa_europa_conference_league,the-odds-api,football,SK Brann,Lincoln Red Imps FC,Draw,Draw,0.15943003415790052,8.5,0.1176,0.3552,A EVITER,WATCHLIST,False,65.85,5 - WATCHLIST,DRAW RISQUE,BOOST|GLOBAL_BOOST,+4.0% (36 obs),MEGA 70%/3% | SAFE 63%/1% | VALUE 58%/3%,WATCHLIST,cote trop haute,Value positive 35.5% | Proba IA 15.9% | DRAW RISQUE | Learning BOOST|GLOBAL_BOOST | Calibration +4.0% (36 obs) | Source the-odds-api,0.5,0.5,1.2,1.1,1.2,1.2,0,NO BET,7.43,0.0,0.0,0.0,1500.0,1500.0,65.0,2.924,0.25,0.0508,NO DRAW SIGNAL,2-0,22.01,3-0,21.95,4-0,14.71,SCORE POISSON + FORME - confiance 68%,A recalculer via player_scorers,0.6813,0.3187,0.2067,0.7933,"[('2-0', 0.2201), ('3-0', 0.2195), ('4-0', 0.1471), ('1-0', 0.0678), ('5-0', 0.0594), ('3-1', 0.0476), ('2-1', 0.0456), ('6-0', 0.0289), ('4-1', 0.0267), ('1-1', 0.0254), ('0-0', 0.0159), ('5-1', 0.0153)]",0.0,0.0,0.0,0.0,261.33
03/10/2026 01:08,WATCHLIST,2026-10-15T19:00:00Z,soccer_uefa_europa_conference_league,the-odds-api,football,SK Brann,Lincoln Red Imps FC,Home Win,SK Brann,0.9,1.17,0.8547,0.053,Elite,MEGA VALUE,True,91.75,1 - MEGA VALUE,OK,BOOST|GLOBAL_BOOST,BASELINE,MEGA 70%/3% | SAFE 63%/1% | VALUE 58%/3%,WATCHLIST,watchlist prudente,Value positive 5.3% | Proba IA 90.0% | Learning BOOST|GLOBAL_BOOST | Source the-odds-api,0.5,0.5,1.2,1.1,1.2,1.2,0,NO BET,7.43,0.4038,0.22,0.0,1500.0,1500.0,65.0,2.924,0.25,0.0508,NO DRAW SIGNAL,2-0,22.01,3-0,21.95,4-0,14.71,SCORE POISSON + FORME - confiance 68%,A recalculer via player_scorers,0.6813,0.3187,0.2067,0.7933,"[('2-0', 0.2201), ('3-0', 0.2195), ('4-0', 0.1471), ('1-0', 0.0678), ('5-0', 0.0594), ('3-1', 0.0476), ('2-1', 0.0456), ('6-0', 0.0289), ('4-1', 0.0267), ('1-1', 0.0254), ('0-0', 0.0159), ('5-1', 0.0153)]",0.0,0.0,0.0,0.0,221.58
03/10/2026 01:08,NO BET,2026-10-15T19:00:00Z,soccer_uefa_europa_conference_league,the-odds-api,football,SK Brann,Lincoln Red Imps FC,Away Win,Lincoln Red Imps FC,0.046869418345045016,19.5,0.0513,-0.086,A EVITER,NO BET,False,29.92,6 - NO BET,COTE HAUTE,BOOST|GLOBAL_BOOST,BASELINE,MEGA 70%/3% | SAFE 63%/1% | VALUE 58%/3%,REFUSE,cote trop haute,Value negative ou nulle | Proba IA 4.7% | COTE HAUTE | Learning BOOST|GLOBAL_BOOST | Source the-odds-api,0.5,0.5,1.2,1.1,1.2,1.2,0,NO BET,7.43,0.0,0.0,0.0,1500.0,1500.0,65.0,2.924,0.25,0.0508,NO DRAW SIGNAL,2-0,22.01,3-0,21.95,4-0,14.71,SCORE POISSON + FORME - confiance 68%,A recalculer via player_scorers,0.6813,0.3187,0.2067,0.7933,"[('2-0', 0.2201), ('3-0', 0.2195), ('4-0', 0.1471), ('1-0', 0.0678), ('5-0', 0.0594), ('3-1', 0.0476), ('2-1', 0.0456), ('6-0', 0.0289), ('4-1', 0.0267), ('1-1', 0.0254), ('0-0', 0.0159), ('5-1', 0.0153)]",0.0,0.0,0.0,0.0,47.56
03/10/2026 01:08,MEGA VALUE,2026-10-15T19:00:00Z,soccer_uefa_europa_conference_league,the-odds-api,football,Sint Truiden,FC Iberia 1999,Home Win,Sint Truiden,0.7920044999999999,1.4,0.7143,0.1088,Elite,MEGA VALUE,True,100.0,1 - MEGA VALUE,OK,GLOBAL_BOOST,+4.0% (27 obs),MEGA 70%/3% | SAFE 63%/1% | VALUE 58%/3%,JOUABLE,ok,Value positive 10.9% | Proba IA 79.2% | Mode MEGA VALUE | Learning GLOBAL_BOOST | Calibration +4.0% (27 obs) | Source the-odds-api,0.5,0.5,1.2,1.1,1.2,1.2,0,VALUE BET,7.43,0.2463,0.22,1.83,1500.0,1500.0,65.0,2.415,0.362,0.0981,NO DRAW SIGNAL,2-0,24.33,3-0,20.12,1-0,12.01,SCORE POISSON + FORME - confiance 78%,A recalculer via player_scorers,0.5653,0.4347,0.2615,0.7385,"[('2-0', 0.2433), ('3-0', 0.2012), ('1-0', 0.1201), ('4-0', 0.0876), ('2-1', 0.0694), ('3-1', 0.0492), ('1-1', 0.0417), ('0-0', 0.0306), ('0-1', 0.0271), ('5-0', 0.0249), ('4-1', 0.0198), ('1-2', 0.0139)]",0.0,0.0,0.0,0.0,250.23
03/10/2026 01:08,NO BET,2026-10-15T19:00:00Z,soccer_uefa_europa_conference_league,the-odds-api,football,Sint Truiden,FC Iberia 1999,Away Win,FC Iberia 1999,0.10537066314068515,8.8,0.1136,-0.0727,A EVITER,NO BET,False,33.91,6 - NO BET,COTE HAUTE,BOOST|GLOBAL_BOOST,-0.2% (13 obs),MEGA 70%/3% | SAFE 63%/1% | VALUE 58%/3%,REFUSE,cote trop haute,Value negative ou nulle | Proba IA 10.5% | COTE HAUTE | Learning BOOST|GLOBAL_BOOST | Calibration -0.2% (13 obs) | Source the-odds-api,0.5,0.5,1.2,1.1,1.2,1.2,0,NO BET,7.43,0.0,0.0,0.0,1500.0,1500.0,65.0,2.415,0.362,0.0981,NO DRAW SIGNAL,2-0,24.33,3-0,20.12,1-0,12.01,SCORE POISSON + FORME - confiance 78%,A recalculer via player_scorers,0.5653,0.4347,0.2615,0.7385,"[('2-0', 0.2433), ('3-0', 0.2012), ('1-0', 0.1201), ('4-0', 0.0876), ('2-1', 0.0694), ('3-1', 0.0492), ('1-1', 0.0417), ('0-0', 0.0306), ('0-1', 0.0271), ('5-0', 0.0249), ('4-1', 0.0198), ('1-2', 0.0139)]",0.0,0.0,0.0,0.0,57.56
03/10/2026 01:08,NO BET,2026-10-15T19:00:00Z,soccer_uefa_europa_conference_league,the-odds-api,football,Sint Truiden,FC Iberia 1999,Draw,Draw,0.13088674009150988,5.1,0.1961,-0.3325,A EVITER,NO BET,False,27.85,6 - NO BET,DRAW RISQUE,BOOST|GLOBAL_BOOST,-4.5% (32 obs),MEGA 70%/3% | SAFE 63%/1% | VALUE 58%/3%,REFUSE,cote trop haute,Value negative ou nulle | Proba IA 13.1% | DRAW RISQUE | Learning BOOST|GLOBAL_BOOST | Calibration -4.5% (32 obs) | Source the-odds-api,0.5,0.5,1.2,1.1,1.2,1.2,0,NO BET,7.43,0.0,0.0,0.0,1500.0,1500.0,65.0,2.415,0.362,0.0981,NO DRAW SIGNAL,2-0,24.33,3-0,20.12,1-0,12.01,SCORE POISSON + FORME - confiance 78%,A recalculer via player_scorers,0.5653,0.4347,0.2615,0.7385,"[('2-0', 0.2433), ('3-0', 0.2012), ('1-0', 0.1201), ('4-0', 0.0876), ('2-1', 0.0694), ('3-1', 0.0492), ('1-1', 0.0417), ('0-0', 0.0306), ('0-1', 0.0271), ('5-0', 0.0249), ('4-1', 0.0198), ('1-2', 0.0139)]",0.0,0.0,0.0,0.0,50.38
03/10/2026 01:08,WATCHLIST,2026-10-15T19:00:00Z,soccer_uefa_europa_league,the-odds-api,football,Benfica,Celtic,Away Win,Celtic,0.14847684351642002,12.0,0.0833,0.7817,A EVITER,WATCHLIST,False,76.54,5 - WATCHLIST,VALUE CLAIRE,BOOST|GLOBAL_BOOST,-3.0% (36 obs),MEGA 70%/3% | SAFE 63%/1% | VALUE 58%/3%,WATCHLIST,cote trop haute,Value positive 78.2% | Proba IA 14.8% | VALUE CLAIRE | Learning BOOST|GLOBAL_BOOST | Calibration -3.0% (36 obs) | Source the-odds-api,0.75,0.88,2.38,2.12,1.0,1.12,1,NO BET,7.43,0.0,0.0,0.0,1720.6,1688.8,96.8,1.79,1.39,0.2304,NO DRAW SIGNAL,1-1,13.31,2-1,11.9,1-2,9.17,SCORE POISSON + FORME - confiance 84%,A recalculer via player_scorers,0.6457,0.3543,0.6579,0.3421,"[('1-1', 0.1331), ('2-1', 0.119), ('1-2', 0.0917), ('2-0', 0.0851), ('1-0', 0.0751), ('2-2', 0.0678), ('3-1', 0.0585), ('0-1', 0.0579), ('0-2', 0.0514), ('1-3', 0.0357), ('0-0', 0.0308), ('3-2', 0.0305)]",0.0,0.0,0.0,0.0,459.81
03/10/2026 01:08,WATCHLIST,2026-10-15T19:00:00Z,soccer_uefa_europa_league,the-odds-api,football,Benfica,Celtic,Home Win,Benfica,0.7668704025593771,1.25,0.8,-0.0414,Forte,FAVORI SOLIDE,True,82.45,2B - FAVORI SOLIDE,OK,BOOST|GLOBAL_BOOST,+4.0% (19 obs),MEGA 70%/3% | SAFE 63%/1% | VALUE 58%/3%,WATCHLIST,value negative,Value negative ou nulle | Proba IA 76.7% | Learning BOOST|GLOBAL_BOOST | Calibration +4.0% (19 obs) | Source the-odds-api,0.75,0.88,2.38,2.12,1.0,1.12,1,NO BET,7.43,0.2692,0.0,0.0,1720.6,1688.8,96.8,1.79,1.39,0.2304,NO DRAW SIGNAL,1-1,13.31,2-1,11.9,1-2,9.17,SCORE POISSON + FORME - confiance 84%,A recalculer via player_scorers,0.6457,0.3543,0.6579,0.3421,"[('1-1', 0.1331), ('2-1', 0.119), ('1-2', 0.0917), ('2-0', 0.0851), ('1-0', 0.0751), ('2-2', 0.0678), ('3-1', 0.0585), ('0-1', 0.0579), ('0-2', 0.0514), ('1-3', 0.0357), ('0-0', 0.0308), ('3-2', 0.0305)]",0.0,0.0,0.0,0.0,175.71
03/10/2026 01:08,NO BET,2026-10-15T19:00:00Z,soccer_uefa_europa_league,the-odds-api,football,Benfica,Celtic,Draw,Draw,0.1396776405454173,6.5,0.1538,-0.0921,A EVITER,NO BET,False,36.28,6 - NO BET,COTE HAUTE,BOOST|GLOBAL_BOOST,-4.5% (32 obs),MEGA 70%/3% | SAFE 63%/1% | VALUE 58%/3%,REFUSE,cote trop haute,Value negative ou nulle | Proba IA 14.0% | COTE HAUTE | Learning BOOST|GLOBAL_BOOST | Calibration -4.5% (32 obs) | Source the-odds-api,0.75,0.88,2.38,2.12,1.0,1.12,1,NO BET,7.43,0.0,0.0,0.0,1720.6,1688.8,96.8,1.79,1.39,0.2304,NO DRAW SIGNAL,1-1,13.31,2-1,11.9,1-2,9.17,SCORE POISSON + FORME - confiance 84%,A recalculer via player_scorers,0.6457,0.3543,0.6579,0.3421,"[('1-1', 0.1331), ('2-1', 0.119), ('1-2', 0.0917), ('2-0', 0.0851), ('1-0', 0.0751), ('2-2', 0.0678), ('3-1', 0.0585), ('0-1', 0.0579), ('0-2', 0.0514), ('1-3', 0.0357), ('0-0', 0.0308), ('3-2', 0.0305)]",0.0,0.0,0.0,0.0,63.47
03/10/2026 01:08,WATCHLIST,2026-10-15T19:00:00Z,soccer_uefa_europa_league,the-odds-api,football,Bournemouth,SK Sturm Graz,Away Win,SK Sturm Graz,0.16877552104785068,14.0,0.0714,1.3629,A EVITER,WATCHLIST,False,77.39,5 - WATCHLIST,VALUE CLAIRE,BOOST|GLOBAL_BOOST,+3.2% (24 obs),MEGA 70%/3% | SAFE 63%/1% | VALUE 58%/3%,WATCHLIST,cote trop haute,Value positive 136.3% | Proba IA 16.9% | VALUE CLAIRE | Learning BOOST|GLOBAL_BOOST | Calibration +3.2% (24 obs) | Source the-odds-api,0.67,0.5,1.75,1.1,1.0,1.2,1,NO BET,7.43,0.0,0.0,0.0,1582.3,1500.0,147.3,1.41,0.98,0.268,NO DRAW SIGNAL,1-0,13.99,1-1,13.86,2-1,10.22,SCORE POISSON + FORME - confiance 81%,A recalculer via player_scorers,0.4264,0.5736,0.4718,0.5282,"[('1-0', 0.1399), ('1-1', 0.1386), ('2-1', 0.1022), ('0-1', 0.0988), ('2-0', 0.0985), ('1-2', 0.0715), ('0-0', 0.0696), ('0-2', 0.0509), ('2-2', 0.0369), ('3-1', 0.0362), ('3-0', 0.0242), ('1-3', 0.0202)]",0.0,0.0,0.0,0.0,712.38
03/10/2026 01:08,WATCHLIST,2026-10-15T19:00:00Z,soccer_uefa_europa_league,the-odds-api,football,Bournemouth,SK Sturm Graz,Home Win,Bournemouth,0.815925797684885,1.22,0.8197,-0.0046,Elite,FAVORI SOLIDE,True,88.74,2B - FAVORI SOLIDE,OK,BOOST|GLOBAL_BOOST,+4.0% (27 obs),MEGA 70%/3% | SAFE 63%/1% | VALUE 58%/3%,WATCHLIST,value negative,Value negative ou nulle | Proba IA 81.6% | Learning BOOST|GLOBAL_BOOST | Calibration +4.0% (27 obs) | Source the-odds-api,0.67,0.5,1.75,1.1,1.0,1.2,1,NO BET,7.43,0.2692,0.0,0.0,1582.3,1500.0,147.3,1.41,0.98,0.268,NO DRAW SIGNAL,1-0,13.99,1-1,13.86,2-1,10.22,SCORE POISSON + FORME - confiance 81%,A recalculer via player_scorers,0.4264,0.5736,0.4718,0.5282,"[('1-0', 0.1399), ('1-1', 0.1386), ('2-1', 0.1022), ('0-1', 0.0988), ('2-0', 0.0985), ('1-2', 0.0715), ('0-0', 0.0696), ('0-2', 0.0509), ('2-2', 0.0369), ('3-1', 0.0362), ('3-0', 0.0242), ('1-3', 0.0202)]",0.0,0.0,0.0,0.0,188.45
03/10/2026 01:08,WATCHLIST,2026-10-15T19:00:00Z,soccer_uefa_europa_league,the-odds-api,football,Bournemouth,SK Sturm Graz,Draw,Draw,0.13837528492261617,7.5,0.1333,0.0378,A EVITER,WATCHLIST,False,51.16,6 - NO BET,VALUE CLAIRE,BOOST|GLOBAL_BOOST,-4.5% (32 obs),MEGA 70%/3% | SAFE 63%/1% | VALUE 58%/3%,WATCHLIST,cote trop haute,Value positive 3.8% | Proba IA 13.8% | VALUE CLAIRE | Learning BOOST|GLOBAL_BOOST | Calibration -4.5% (32 obs) | Source the-odds-api,0.67,0.5,1.75,1.1,1.0,1.2,1,NO BET,7.43,0.0,0.0,0.0,1582.3,1500.0,147.3,1.41,0.98,0.268,NO DRAW SIGNAL,1-0,13.99,1-1,13.86,2-1,10.22,SCORE POISSON + FORME - confiance 81%,A recalculer via player_scorers,0.4264,0.5736,0.4718,0.5282,"[('1-0', 0.1399), ('1-1', 0.1386), ('2-1', 0.1022), ('0-1', 0.0988), ('2-0', 0.0985), ('1-2', 0.0715), ('0-0', 0.0696), ('0-2', 0.0509), ('2-2', 0.0369), ('3-1', 0.0362), ('3-0', 0.0242), ('1-3', 0.0202)]",0.0,0.0,0.0,0.0,101.66
03/10/2026 01:08,WATCHLIST,2026-10-15T19:00:00Z,soccer_uefa_europa_league,the-odds-api,football,Celta Vigo,Juventus,Draw,Draw,0.31940271649196816,3.6,0.2778,0.1498,A EVITER,NUL POSSIBLE,True,81.65,3B - NUL POSSIBLE,MARCHE JUSTE,BOOST|GLOBAL_BOOST,+1.2% (179 obs),MEGA 70%/3% | SAFE 63%/1% | VALUE 58%/3%,WATCHLIST,cote trop haute,Value positive 15.0% | Proba IA 31.9% | MARCHE JUSTE | Learning BOOST|GLOBAL_BOOST | Calibration +1.2% (179 obs) | Source the-odds-api,0.5,0.62,1.2,1.12,1.2,0.62,1,NO BET,7.43,0.1346,0.0576,0.0,1500.0,1614.0,-49.0,1.08,1.09,0.3152,DRAW POSSIBLE - tight 49%,1-1,15.69,1-0,13.22,0-1,12.47,SCORE POISSON + FORME - confiance 84%,A recalculer via player_scorers,0.3602,0.6398,0.4425,0.5575,"[('1-1', 0.1569), ('1-0', 0.1322), ('0-1', 0.1247), ('0-0', 0.0892), ('2-1', 0.0867), ('2-0', 0.0793), ('1-2', 0.0791), ('0-2', 0.0703), ('2-2', 0.0258), ('3-1', 0.0215), ('3-0', 0.0193), ('1-3', 0.0173)]",0.0,0.0,0.0,0.0,207.64
03/10/2026 01:08,WATCHLIST,2026-10-15T19:00:00Z,soccer_uefa_europa_league,the-odds-api,football,Celta Vigo,Juventus,Home Win,Celta Vigo,0.3176662423282334,3.5,0.2857,0.1118,A EVITER,WATCHLIST,False,84.2,5 - WATCHLIST,MARCHE JUSTE,BOOST|GLOBAL_BOOST,+1.2% (35 obs),MEGA 70%/3% | SAFE 63%/1% | VALUE 58%/3%,WATCHLIST,cote trop haute,Value positive 11.2% | Proba IA 31.8% | MARCHE JUSTE | Learning BOOST|GLOBAL_BOOST | Calibration +1.2% (35 obs) | Source the-odds-api,0.5,0.62,1.2,1.12,1.2,0.62,1,NO BET,7.43,0.0,0.0,0.0,1500.0,1614.0,-49.0,1.08,1.09,0.3152,NO DRAW SIGNAL,1-1,15.69,1-0,13.22,0-1,12.47,SCORE POISSON + FORME - confiance 84%,A recalculer via player_scorers,0.3602,0.6398,0.4425,0.5575,"[('1-1', 0.1569), ('1-0', 0.1322), ('0-1', 0.1247), ('0-0', 0.0892), ('2-1', 0.0867), ('2-0', 0.0793), ('1-2', 0.0791), ('0-2', 0.0703), ('2-2', 0.0258), ('3-1', 0.0215), ('3-0', 0.0193), ('1-3', 0.0173)]",0.0,0.0,0.0,0.0,194.94
03/10/2026 01:08,NO BET,2026-10-15T19:00:00Z,soccer_uefa_europa_league,the-odds-api,football,Celta Vigo,Juventus,Away Win,Juventus,0.43037757867201926,2.1,0.4762,-0.0962,A EVITER,NO BET,False,70.01,5 - WATCHLIST,OK,BOOST|GLOBAL_BOOST,-6.0% (21 obs),MEGA 70%/3% | SAFE 63%/1% | VALUE 58%/3%,REFUSE,value negative,Value negative ou nulle | Proba IA 43.0% | Learning BOOST|GLOBAL_BOOST | Calibration -6.0% (21 obs) | Source the-odds-api,0.5,0.62,1.2,1.12,1.2,0.62,1,NO BET,7.43,0.0,0.0,0.0,1500.0,1614.0,-49.0,1.08,1.09,0.3152,NO DRAW SIGNAL,1-1,15.69,1-0,13.22,0-1,12.47,SCORE POISSON + FORME - confiance 84%,A recalculer via player_scorers,0.3602,0.6398,0.4425,0.5575,"[('1-1', 0.1569), ('1-0', 0.1322), ('0-1', 0.1247), ('0-0', 0.0892), ('2-1', 0.0867), ('2-0', 0.0793), ('1-2', 0.0791), ('0-2', 0.0703), ('2-2', 0.0258), ('3-1', 0.0215), ('3-0', 0.0193), ('1-3', 0.0173)]",0.0,0.0,0.0,0.0,133.74
03/10/2026 01:08,WATCHLIST,2026-10-15T19:00:00Z,soccer_uefa_europa_league,the-odds-api,football,Dinamo Zagreb,Anderlecht,Away Win,Anderlecht,0.30254152522969446,4.2,0.2381,0.2707,A EVITER,WATCHLIST,False,83.01,5 - WATCHLIST,MARCHE JUSTE,BOOST|GLOBAL_BOOST,+4.0% (49 obs),MEGA 70%/3% | SAFE 63%/1% | VALUE 58%/3%,WATCHLIST,cote trop haute,Value positive 27.1% | Proba IA 30.3% | MARCHE JUSTE | Learning BOOST|GLOBAL_BOOST | Calibration +4.0% (49 obs) | Source the-odds-api,0.5,0.33,1.2,1.38,1.2,2.25,1,NO BET,7.43,0.0,0.0,0.0,1500.0,1512.5,52.5,1.56,1.0,0.2504,NO DRAW SIGNAL,1-0,13.59,1-1,13.51,2-1,10.85,SCORE POISSON + FORME - confiance 81%,A recalculer via player_scorers,0.471,0.529,0.4984,0.5016,"[('1-0', 0.1359), ('1-1', 0.1351), ('2-1', 0.1085), ('2-0', 0.1029), ('0-1', 0.0905), ('1-2', 0.0715), ('0-0', 0.0623), ('0-2', 0.0474), ('3-1', 0.0406), ('2-2', 0.0392), ('3-0', 0.0262), ('1-3', 0.0204)]",0.0,0.0,0.0,0.0,260.42
03/10/2026 01:08,WATCHLIST,2026-10-15T19:00:00Z,soccer_uefa_europa_league,the-odds-api,football,Dinamo Zagreb,Anderlecht,Draw,Draw,0.29031677424941044,3.85,0.2597,0.1177,A EVITER,NUL POSSIBLE,True,76.73,3B - NUL POSSIBLE,MARCHE JUSTE,BOOST|GLOBAL_BOOST,+1.2% (179 obs),MEGA 70%/3% | SAFE 63%/1% | VALUE 58%/3%,WATCHLIST,cote trop haute,Value positive 11.8% | Proba IA 29.0% | MARCHE JUSTE | Learning BOOST|GLOBAL_BOOST | Calibration +1.2% (179 obs) | Source the-odds-api,0.5,0.33,1.2,1.38,1.2,2.25,1,NO BET,7.43,0.1346,0.0413,0.0,1500.0,1512.5,52.5,1.56,1.0,0.2504,NO DRAW SIGNAL,1-0,13.59,1-1,13.51,2-1,10.85,SCORE POISSON + FORME - confiance 81%,A recalculer via player_scorers,0.471,0.529,0.4984,0.5016,"[('1-0', 0.1359), ('1-1', 0.1351), ('2-1', 0.1085), ('2-0', 0.1029), ('0-1', 0.0905), ('1-2', 0.0715), ('0-0', 0.0623), ('0-2', 0.0474), ('3-1', 0.0406), ('2-2', 0.0392), ('3-0', 0.0262), ('1-3', 0.0204)]",0.0,0.0,0.0,0.0,184.5
03/10/2026 01:08,NO BET,2026-10-15T19:00:00Z,soccer_uefa_europa_league,the-odds-api,football,Dinamo Zagreb,Anderlecht,Home Win,Dinamo Zagreb,0.4990192628032856,1.95,0.5128,-0.0269,A EVITER,NO BET,False,80.86,5 - WATCHLIST,MARCHE JUSTE,BOOST|GLOBAL_BOOST,-6.0% (26 obs),MEGA 70%/3% | SAFE 63%/1% | VALUE 58%/3%,REFUSE,value negative,Value negative ou nulle | Proba IA 49.9% | MARCHE JUSTE | Learning BOOST|GLOBAL_BOOST | Calibration -6.0% (26 obs) | Source the-odds-api,0.5,0.33,1.2,1.38,1.2,2.25,1,NO BET,7.43,0.0,0.0,0.0,1500.0,1512.5,52.5,1.56,1.0,0.2504,NO DRAW SIGNAL,1-0,13.59,1-1,13.51,2-1,10.85,SCORE POISSON + FORME - confiance 81%,A recalculer via player_scorers,0.471,0.529,0.4984,0.5016,"[('1-0', 0.1359), ('1-1', 0.1351), ('2-1', 0.1085), ('2-0', 0.1029), ('0-1', 0.0905), ('1-2', 0.0715), ('0-0', 0.0623), ('0-2', 0.0474), ('3-1', 0.0406), ('2-2', 0.0392), ('3-0', 0.0262), ('1-3', 0.0204)]",0.0,0.0,0.0,0.0,154.6
03/10/2026 01:08,WATCHLIST,2026-10-15T19:00:00Z,soccer_uefa_europa_league,the-odds-api,football,Ferencváros TC,Viktoria Plzeň,Away Win,Viktoria Plzeň,0.31588391439361246,3.85,0.2597,0.2162,A EVITER,WATCHLIST,False,85.97,5 - WATCHLIST,MARCHE JUSTE,BOOST|GLOBAL_BOOST,+4.0% (49 obs),MEGA 70%/3% | SAFE 63%/1% | VALUE 58%/3%,WATCHLIST,cote trop haute,Value positive 21.6% | Proba IA 31.6% | MARCHE JUSTE | Learning BOOST|GLOBAL_BOOST | Calibration +4.0% (49 obs) | Source the-odds-api,0.5,0.5,1.2,1.1,1.2,1.2,0,NO BET,7.43,0.0,0.0,0.0,1500.0,1500.0,65.0,1.689,0.801,0.2099,NO DRAW SIGNAL,1-0,16.67,2-0,13.46,1-1,12.02,SCORE POISSON + FORME - confiance 78%,A recalculer via player_scorers,0.4621,0.5379,0.4417,0.5583,"[('1-0', 0.1667), ('2-0', 0.1346), ('1-1', 0.1202), ('2-1', 0.1169), ('0-1', 0.0852), ('0-0', 0.0613), ('1-2', 0.06), ('3-1', 0.0447), ('0-2', 0.0371), ('2-2', 0.0308), ('3-0', 0.0308), ('3-2', 0.0144)]",0.0,0.0,0.0,0.0,242.29
03/10/2026 01:08,WATCHLIST,2026-10-15T19:00:00Z,soccer_uefa_europa_league,the-odds-api,football,Ferencváros TC,Viktoria Plzeň,Draw,Draw,0.2996503228794849,3.85,0.2597,0.1537,A EVITER,NUL POSSIBLE,True,74.11,3B - NUL POSSIBLE,DRAW RISQUE,BOOST|GLOBAL_BOOST,+3.7% (114 obs),MEGA 70%/3% | SAFE 63%/1% | VALUE 58%/3%,WATCHLIST,cote trop haute,Value positive 15.4% | Proba IA 30.0% | DRAW RISQUE | Learning BOOST|GLOBAL_BOOST | Calibration +3.7% (114 obs) | Source the-odds-api,0.5,0.5,1.2,1.1,1.2,1.2,0,NO BET,7.43,0.1346,0.0539,0.0,1500.0,1500.0,65.0,1.689,0.801,0.2099,NO DRAW SIGNAL,1-0,16.67,2-0,13.46,1-1,12.02,SCORE POISSON + FORME - confiance 78%,A recalculer via player_scorers,0.4621,0.5379,0.4417,0.5583,"[('1-0', 0.1667), ('2-0', 0.1346), ('1-1', 0.1202), ('2-1', 0.1169), ('0-1', 0.0852), ('0-0', 0.0613), ('1-2', 0.06), ('3-1', 0.0447), ('0-2', 0.0371), ('2-2', 0.0308), ('3-0', 0.0308), ('3-2', 0.0144)]",0.0,0.0,0.0,0.0,196.73
03/10/2026 01:08,NO BET,2026-10-15T19:00:00Z,soccer_uefa_europa_league,the-odds-api,football,Ferencváros TC,Viktoria Plzeň,Home Win,Ferencváros TC,0.5036860371183228,1.95,0.5128,-0.0178,Faible,NO BET,False,74.96,5 - WATCHLIST,OK,BOOST|GLOBAL_BOOST,-6.0% (26 obs),MEGA 70%/3% | SAFE 63%/1% | VALUE 58%/3%,REFUSE,value negative,Value negative ou nulle | Proba IA 50.4% | Learning BOOST|GLOBAL_BOOST | Calibration -6.0% (26 obs) | Source the-odds-api,0.5,0.5,1.2,1.1,1.2,1.2,0,NO BET,7.43,0.0,0.0,0.0,1500.0,1500.0,65.0,1.689,0.801,0.2099,NO DRAW SIGNAL,1-0,16.67,2-0,13.46,1-1,12.02,SCORE POISSON + FORME - confiance 78%,A recalculer via player_scorers,0.4621,0.5379,0.4417,0.5583,"[('1-0', 0.1667), ('2-0', 0.1346), ('1-1', 0.1202), ('2-1', 0.1169), ('0-1', 0.0852), ('0-0', 0.0613), ('1-2', 0.06), ('3-1', 0.0447), ('0-2', 0.0371), ('2-2', 0.0308), ('3-0', 0.0308), ('3-2', 0.0144)]",0.0,0.0,0.0,0.0,146.2
03/10/2026 01:08,WATCHLIST,2026-10-15T19:00:00Z,soccer_uefa_europa_league,the-odds-api,football,Jagiellonia Białystok,FC Ararat-Armenia,Home Win,Jagiellonia Białystok,0.7691669999999999,1.44,0.6944,0.1076,Forte,MEGA VALUE,True,100.0,1 - MEGA VALUE,OK,GLOBAL_BOOST,+4.0% (27 obs),MEGA 70%/3% | SAFE 63%/1% | VALUE 58%/3%,WATCHLIST,watchlist prudente,Value positive 10.8% | Proba IA 76.9% | Learning GLOBAL_BOOST | Calibration +4.0% (27 obs) | Source the-odds-api,0.5,0.5,1.2,1.1,1.2,1.2,0,NO BET,7.43,0.4038,0.22,0.0,1500.0,1500.0,65.0,2.303,0.422,0.112,NO DRAW SIGNAL,2-0,23.65,3-0,18.66,1-0,12.22,SCORE POISSON + FORME - confiance 78%,A recalculer via player_scorers,0.5516,0.4484,0.2934,0.7066,"[('2-0', 0.2365), ('3-0', 0.1866), ('1-0', 0.1222), ('2-1', 0.0778), ('4-0', 0.0776), ('3-1', 0.0529), ('1-1', 0.0481), ('0-0', 0.0324), ('0-1', 0.0324), ('5-0', 0.021), ('4-1', 0.0203), ('1-2', 0.0176)]",0.0,0.0,0.0,0.0,248.11
03/10/2026 01:08,WATCHLIST,2026-10-15T19:00:00Z,soccer_uefa_europa_league,the-odds-api,football,Jagiellonia Białystok,FC Ararat-Armenia,Away Win,FC Ararat-Armenia,0.16398594545054682,7.5,0.1333,0.2299,A EVITER,WATCHLIST,False,70.04,5 - WATCHLIST,COTE HAUTE,BOOST|GLOBAL_BOOST,+3.2% (24 obs),MEGA 70%/3% | SAFE 63%/1% | VALUE 58%/3%,WATCHLIST,cote trop haute,Value positive 23.0% | Proba IA 16.4% | COTE HAUTE | Learning BOOST|GLOBAL_BOOST | Calibration +3.2% (24 obs) | Source the-odds-api,0.5,0.5,1.2,1.1,1.2,1.2,0,NO BET,7.43,0.0,0.0,0.0,1500.0,1500.0,65.0,2.303,0.422,0.112,NO DRAW SIGNAL,2-0,23.65,3-0,18.66,1-0,12.22,SCORE POISSON + FORME - confiance 78%,A recalculer via player_scorers,0.5516,0.4484,0.2934,0.7066,"[('2-0', 0.2365), ('3-0', 0.1866), ('1-0', 0.1222), ('2-1', 0.0778), ('4-0', 0.0776), ('3-1', 0.0529), ('1-1', 0.0481), ('0-0', 0.0324), ('0-1', 0.0324), ('5-0', 0.021), ('4-1', 0.0203), ('1-2', 0.0176)]",0.0,0.0,0.0,0.0,213.99
03/10/2026 01:08,NO BET,2026-10-15T19:00:00Z,soccer_uefa_europa_league,the-odds-api,football,Jagiellonia Białystok,FC Ararat-Armenia,Draw,Draw,0.13642175148841454,5.0,0.2,-0.3179,A EVITER,NO BET,False,28.08,6 - NO BET,DRAW RISQUE,BOOST|GLOBAL_BOOST,-4.5% (32 obs),MEGA 70%/3% | SAFE 63%/1% | VALUE 58%/3%,REFUSE,cote trop haute,Value negative ou nulle | Proba IA 13.6% | DRAW RISQUE | Learning BOOST|GLOBAL_BOOST | Calibration -4.5% (32 obs) | Source the-odds-api,0.5,0.5,1.2,1.1,1.2,1.2,0,NO BET,7.43,0.0,0.0,0.0,1500.0,1500.0,65.0,2.303,0.422,0.112,NO DRAW SIGNAL,2-0,23.65,3-0,18.66,1-0,12.22,SCORE POISSON + FORME - confiance 78%,A recalculer via player_scorers,0.5516,0.4484,0.2934,0.7066,"[('2-0', 0.2365), ('3-0', 0.1866), ('1-0', 0.1222), ('2-1', 0.0778), ('4-0', 0.0776), ('3-1', 0.0529), ('1-1', 0.0481), ('0-0', 0.0324), ('0-1', 0.0324), ('5-0', 0.021), ('4-1', 0.0203), ('1-2', 0.0176)]",0.0,0.0,0.0,0.0,51.11
03/10/2026 01:08,WATCHLIST,2026-10-15T19:00:00Z,soccer_uefa_europa_league,the-odds-api,football,Marseille,Olympiakos Piraeus,Away Win,Olympiakos Piraeus,0.3682271334212905,3.3,0.303,0.2151,A EVITER,WATCHLIST,False,98.21,5 - WATCHLIST,MARCHE JUSTE,BOOST|GLOBAL_BOOST,+4.0% (64 obs),MEGA 70%/3% | SAFE 63%/1% | VALUE 58%/3%,WATCHLIST,cote trop haute,Value positive 21.5% | Proba IA 36.8% | MARCHE JUSTE | Learning BOOST|GLOBAL_BOOST | Calibration +4.0% (64 obs) | Source the-odds-api,0.42,0.5,1.25,1.1,1.5,1.2,1,NO BET,7.43,0.0,0.0,0.0,1571.3,1500.0,136.3,1.36,1.08,0.2769,NO DRAW SIGNAL,1-1,14.34,1-0,12.98,0-1,10.14,SCORE POISSON + FORME - confiance 84%,A recalculer via player_scorers,0.4366,0.5634,0.492,0.508,"[('1-1', 0.1434), ('1-0', 0.1298), ('0-1', 0.1014), ('2-1', 0.0993), ('2-0', 0.0901), ('1-2', 0.0765), ('0-0', 0.0689), ('0-2', 0.0563), ('2-2', 0.0391), ('3-1', 0.0348), ('1-3', 0.0226), ('3-0', 0.0226)]",0.0,0.0,0.0,0.0,263.64
03/10/2026 01:08,WATCHLIST,2026-10-15T19:00:00Z,soccer_uefa_europa_league,the-odds-api,football,Marseille,Olympiakos Piraeus,Draw,Draw,0.2995417932442515,3.75,0.2667,0.1233,A EVITER,NUL POSSIBLE,True,77.76,3B - NUL POSSIBLE,MARCHE JUSTE,BOOST|GLOBAL_BOOST,+1.2% (179 obs),MEGA 70%/3% | SAFE 63%/1% | VALUE 58%/3%,WATCHLIST,cote trop haute,Value positive 12.3% | Proba IA 30.0% | MARCHE JUSTE | Learning BOOST|GLOBAL_BOOST | Calibration +1.2% (179 obs) | Source the-odds-api,0.42,0.5,1.25,1.1,1.5,1.2,1,NO BET,7.43,0.1346,0.0448,0.0,1571.3,1500.0,136.3,1.36,1.08,0.2769,NO DRAW SIGNAL,1-1,14.34,1-0,12.98,0-1,10.14,SCORE POISSON + FORME - confiance 84%,A recalculer via player_scorers,0.4366,0.5634,0.492,0.508,"[('1-1', 0.1434), ('1-0', 0.1298), ('0-1', 0.1014), ('2-1', 0.0993), ('2-0', 0.0901), ('1-2', 0.0765), ('0-0', 0.0689), ('0-2', 0.0563), ('2-2', 0.0391), ('3-1', 0.0348), ('1-3', 0.0226), ('3-0', 0.0226)]",0.0,0.0,0.0,0.0,189.06
03/10/2026 01:08,NO BET,2026-10-15T19:00:00Z,soccer_uefa_europa_league,the-odds-api,football,Marseille,Olympiakos Piraeus,Home Win,Marseille,0.45756094214411747,2.15,0.4651,-0.0162,A EVITER,NO BET,False,80.35,5 - WATCHLIST,MARCHE JUSTE,BOOST|GLOBAL_BOOST,-3.2% (50 obs),MEGA 70%/3% | SAFE 63%/1% | VALUE 58%/3%,REFUSE,value negative,Value negative ou nulle | Proba IA 45.8% | MARCHE JUSTE | Learning BOOST|GLOBAL_BOOST | Calibration -3.2% (50 obs) | Source the-odds-api,0.42,0.5,1.25,1.1,1.5,1.2,1,NO BET,7.43,0.0,0.0,0.0,1571.3,1500.0,136.3,1.36,1.08,0.2769,NO DRAW SIGNAL,1-1,14.34,1-0,12.98,0-1,10.14,SCORE POISSON + FORME - confiance 84%,A recalculer via player_scorers,0.4366,0.5634,0.492,0.508,"[('1-1', 0.1434), ('1-0', 0.1298), ('0-1', 0.1014), ('2-1', 0.0993), ('2-0', 0.0901), ('1-2', 0.0765), ('0-0', 0.0689), ('0-2', 0.0563), ('2-2', 0.0391), ('3-1', 0.0348), ('1-3', 0.0226), ('3-0', 0.0226)]",0.0,0.0,0.0,0.0,150.95
03/10/2026 01:08,WATCHLIST,2026-10-15T19:00:00Z,soccer_uefa_europa_league,the-odds-api,football,NEC Nijmegen,PFC Levski Sofia,Away Win,PFC Levski Sofia,0.2993484748314919,4.1,0.2439,0.2273,A EVITER,WATCHLIST,False,75.72,5 - WATCHLIST,MARCHE JUSTE,BOOST|GLOBAL_BOOST,+4.0% (49 obs),MEGA 70%/3% | SAFE 63%/1% | VALUE 58%/3%,WATCHLIST,cote trop haute,Value positive 22.7% | Proba IA 29.9% | MARCHE JUSTE | Learning BOOST|GLOBAL_BOOST | Calibration +4.0% (49 obs) | Source the-odds-api,0.5,0.5,1.2,1.1,1.2,1.2,0,NO BET,7.43,0.0,0.0,0.0,1500.0,1500.0,65.0,1.728,0.766,0.205,NO DRAW SIGNAL,1-0,17.02,2-0,14.02,1-1,11.83,SCORE POISSON + FORME - confiance 78%,A recalculer via player_scorers,0.463,0.537,0.4326,0.5674,"[('1-0', 0.1702), ('2-0', 0.1402), ('1-1', 0.1183), ('2-1', 0.117), ('0-1', 0.0822), ('0-0', 0.0613), ('1-2', 0.0571), ('3-1', 0.0455), ('0-2', 0.0349), ('3-0', 0.0324), ('2-2', 0.0299), ('3-2', 0.0143)]",0.0,0.0,0.0,0.0,230.77
03/10/2026 01:08,WATCHLIST,2026-10-15T19:00:00Z,soccer_uefa_europa_league,the-odds-api,football,NEC Nijmegen,PFC Levski Sofia,Draw,Draw,0.3008441488670526,3.8,0.2632,0.1432,A EVITER,NUL POSSIBLE,True,72.95,3B - NUL POSSIBLE,DRAW RISQUE,BOOST|GLOBAL_BOOST,+3.7% (114 obs),MEGA 70%/3% | SAFE 63%/1% | VALUE 58%/3%,WATCHLIST,cote trop haute,Value positive 14.3% | Proba IA 30.1% | DRAW RISQUE | Learning BOOST|GLOBAL_BOOST | Calibration +3.7% (114 obs) | Source the-odds-api,0.5,0.5,1.2,1.1,1.2,1.2,0,NO BET,7.43,0.1346,0.0511,0.0,1500.0,1500.0,65.0,1.728,0.766,0.205,NO DRAW SIGNAL,1-0,17.02,2-0,14.02,1-1,11.83,SCORE POISSON + FORME - confiance 78%,A recalculer via player_scorers,0.463,0.537,0.4326,0.5674,"[('1-0', 0.1702), ('2-0', 0.1402), ('1-1', 0.1183), ('2-1', 0.117), ('0-1', 0.0822), ('0-0', 0.0613), ('1-2', 0.0571), ('3-1', 0.0455), ('0-2', 0.0349), ('3-0', 0.0324), ('2-2', 0.0299), ('3-2', 0.0143)]",0.0,0.0,0.0,0.0,190.6
03/10/2026 01:08,NO BET,2026-10-15T19:00:00Z,soccer_uefa_europa_league,the-odds-api,football,NEC Nijmegen,PFC Levski Sofia,Home Win,NEC Nijmegen,0.5182290082396017,1.91,0.5236,-0.0102,Faible,NO BET,False,76.44,5 - WATCHLIST,OK,BOOST|GLOBAL_BOOST,-6.0% (26 obs),MEGA 70%/3% | SAFE 63%/1% | VALUE 58%/3%,REFUSE,value negative,Value negative ou nulle | Proba IA 51.8% | Learning BOOST|GLOBAL_BOOST | Calibration -6.0% (26 obs) | Source the-odds-api,0.5,0.5,1.2,1.1,1.2,1.2,0,NO BET,7.43,0.0,0.0,0.0,1500.0,1500.0,65.0,1.728,0.766,0.205,NO DRAW SIGNAL,1-0,17.02,2-0,14.02,1-1,11.83,SCORE POISSON + FORME - confiance 78%,A recalculer via player_scorers,0.463,0.537,0.4326,0.5674,"[('1-0', 0.1702), ('2-0', 0.1402), ('1-1', 0.1183), ('2-1', 0.117), ('0-1', 0.0822), ('0-0', 0.0613), ('1-2', 0.0571), ('3-1', 0.0455), ('0-2', 0.0349), ('3-0', 0.0324), ('2-2', 0.0299), ('3-2', 0.0143)]",0.0,0.0,0.0,0.0,149.41
03/10/2026 01:08,WATCHLIST,2026-10-15T19:00:00Z,soccer_uefa_europa_league,the-odds-api,football,Rennes,OFI Crete,Away Win,OFI Crete,0.18348636038242683,9.6,0.1042,0.7615,A EVITER,WATCHLIST,False,78.01,5 - WATCHLIST,COTE HAUTE,BOOST|GLOBAL_BOOST,+3.2% (24 obs),MEGA 70%/3% | SAFE 63%/1% | VALUE 58%/3%,WATCHLIST,cote trop haute,Value positive 76.1% | Proba IA 18.3% | COTE HAUTE | Learning BOOST|GLOBAL_BOOST | Calibration +3.2% (24 obs) | Source the-odds-api,0.67,0.5,2.0,1.1,1.62,1.2,1,NO BET,7.43,0.0,0.0,0.0,1553.1,1500.0,118.1,1.49,1.05,0.2581,NO DRAW SIGNAL,1-1,13.76,1-0,13.22,2-1,10.58,SCORE POISSON + FORME - confiance 84%,A recalculer via player_scorers,0.4652,0.5348,0.503,0.497,"[('1-1', 0.1376), ('1-0', 0.1322), ('2-1', 0.1058), ('2-0', 0.097), ('0-1', 0.0944), ('1-2', 0.0748), ('0-0', 0.0633), ('0-2', 0.0511), ('2-2', 0.0398), ('3-1', 0.0386), ('3-0', 0.0246), ('1-3', 0.0217)]",0.0,0.0,0.0,0.0,455.73
03/10/2026 01:08,WATCHLIST,2026-10-15T19:00:00Z,soccer_uefa_europa_league,the-odds-api,football,Rennes,OFI Crete,Draw,Draw,0.2614478912773195,5.4,0.1852,0.4118,A EVITER,WATCHLIST,False,77.28,5 - WATCHLIST,COTE HAUTE,BOOST|GLOBAL_BOOST,+3.7% (114 obs),MEGA 70%/3% | SAFE 63%/1% | VALUE 58%/3%,WATCHLIST,cote trop haute,Value positive 41.2% | Proba IA 26.1% | COTE HAUTE | Learning BOOST|GLOBAL_BOOST | Calibration +3.7% (114 obs) | Source the-odds-api,0.67,0.5,2.0,1.1,1.62,1.2,1,NO BET,7.43,0.0,0.0,0.0,1553.1,1500.0,118.1,1.49,1.05,0.2581,NO DRAW SIGNAL,1-1,13.76,1-0,13.22,2-1,10.58,SCORE POISSON + FORME - confiance 84%,A recalculer via player_scorers,0.4652,0.5348,0.503,0.497,"[('1-1', 0.1376), ('1-0', 0.1322), ('2-1', 0.1058), ('2-0', 0.097), ('0-1', 0.0944), ('1-2', 0.0748), ('0-0', 0.0633), ('0-2', 0.0511), ('2-2', 0.0398), ('3-1', 0.0386), ('3-0', 0.0246), ('1-3', 0.0217)]",0.0,0.0,0.0,0.0,309.76
03/10/2026 01:08,WATCHLIST,2026-10-15T19:00:00Z,soccer_uefa_europa_league,the-odds-api,football,Rennes,OFI Crete,Home Win,Rennes,0.7677386396412446,1.35,0.7407,0.0364,Forte,MEGA VALUE,True,99.44,1 - MEGA VALUE,OK,BOOST|GLOBAL_BOOST,+4.0% (19 obs),MEGA 70%/3% | SAFE 63%/1% | VALUE 58%/3%,WATCHLIST,watchlist prudente,Value positive 3.6% | Proba IA 76.8% | Learning BOOST|GLOBAL_BOOST | Calibration +4.0% (19 obs) | Source the-odds-api,0.67,0.5,2.0,1.1,1.62,1.2,1,NO BET,7.43,0.4038,0.1041,0.0,1553.1,1500.0,118.1,1.49,1.05,0.2581,NO DRAW SIGNAL,1-1,13.76,1-0,13.22,2-1,10.58,SCORE POISSON + FORME - confiance 84%,A recalculer via player_scorers,0.4652,0.5348,0.503,0.497,"[('1-1', 0.1376), ('1-0', 0.1322), ('2-1', 0.1058), ('2-0', 0.097), ('0-1', 0.0944), ('1-2', 0.0748), ('0-0', 0.0633), ('0-2', 0.0511), ('2-2', 0.0398), ('3-1', 0.0386), ('3-0', 0.0246), ('1-3', 0.0217)]",0.0,0.0,0.0,0.0,216.59
03/10/2026 01:08,WATCHLIST,2026-10-15T19:00:00Z,soccer_uefa_europa_league,the-odds-api,football,TSG Hoffenheim,Besiktas JK,Away Win,Besiktas JK,0.35248995645872055,3.4,0.2941,0.1985,A EVITER,WATCHLIST,False,88.48,5 - WATCHLIST,OK,BOOST|GLOBAL_BOOST,+4.0% (64 obs),MEGA 70%/3% | SAFE 63%/1% | VALUE 58%/3%,WATCHLIST,cote trop haute,Value positive 19.9% | Proba IA 35.2% | Learning BOOST|GLOBAL_BOOST | Calibration +4.0% (64 obs) | Source the-odds-api,0.5,0.5,1.2,1.1,1.2,1.2,0,NO BET,7.43,0.0,0.0,0.0,1500.0,1500.0,65.0,1.612,0.877,0.2455,NO DRAW SIGNAL,1-0,14.71,1-1,13.23,2-0,11.42,SCORE POISSON + FORME - confiance 78%,A recalculer via player_scorers,0.4528,0.5472,0.4667,0.5333,"[('1-0', 0.1471), ('1-1', 0.1323), ('2-0', 0.1142), ('2-1', 0.1089), ('0-1', 0.0866), ('0-0', 0.0655), ('1-2', 0.064), ('0-2', 0.0419), ('3-1', 0.0416), ('2-2', 0.0362), ('3-0', 0.0287), ('1-3', 0.0176)]",0.0,0.0,0.0,0.0,240.97
03/10/2026 01:08,WATCHLIST,2026-10-15T19:00:00Z,soccer_uefa_europa_league,the-odds-api,football,TSG Hoffenheim,Besiktas JK,Draw,Draw,0.29769678944528327,4.2,0.2381,0.2503,A EVITER,NUL POSSIBLE,True,71.65,3B - NUL POSSIBLE,MARCHE JUSTE,BOOST|GLOBAL_BOOST,+3.7% (114 obs),MEGA 70%/3% | SAFE 63%/1% | VALUE 58%/3%,WATCHLIST,cote trop haute,Value positive 25.0% | Proba IA 29.8% | MARCHE JUSTE | Learning BOOST|GLOBAL_BOOST | Calibration +3.7% (114 obs) | Source the-odds-api,0.5,0.5,1.2,1.1,1.2,1.2,0,NO BET,7.43,0.1346,0.0782,0.0,1500.0,1500.0,65.0,1.612,0.877,0.2455,NO DRAW SIGNAL,1-0,14.71,1-1,13.23,2-0,11.42,SCORE POISSON + FORME - confiance 78%,A recalculer via player_scorers,0.4528,0.5472,0.4667,0.5333,"[('1-0', 0.1471), ('1-1', 0.1323), ('2-0', 0.1142), ('2-1', 0.1089), ('0-1', 0.0866), ('0-0', 0.0655), ('1-2', 0.064), ('0-2', 0.0419), ('3-1', 0.0416), ('2-2', 0.0362), ('3-0', 0.0287), ('1-3', 0.0176)]",0.0,0.0,0.0,0.0,234.52
03/10/2026 01:08,WATCHLIST,2026-10-15T19:00:00Z,soccer_uefa_europa_league,the-odds-api,football,TSG Hoffenheim,Besiktas JK,Home Win,TSG Hoffenheim,0.5012983851431875,2.05,0.4878,0.0277,Faible,WATCHLIST,False,80.09,5 - WATCHLIST,OK,BOOST|GLOBAL_BOOST,-3.2% (50 obs),MEGA 70%/3% | SAFE 63%/1% | VALUE 58%/3%,WATCHLIST,proba trop basse,Value positive 2.8% | Proba IA 50.1% | Learning BOOST|GLOBAL_BOOST | Calibration -3.2% (50 obs) | Source the-odds-api,0.5,0.5,1.2,1.1,1.2,1.2,0,NO BET,7.43,0.0,0.0,0.0,1500.0,1500.0,65.0,1.612,0.877,0.2455,NO DRAW SIGNAL,1-0,14.71,1-1,13.23,2-0,11.42,SCORE POISSON + FORME - confiance 78%,A recalculer via player_scorers,0.4528,0.5472,0.4667,0.5333,"[('1-0', 0.1471), ('1-1', 0.1323), ('2-0', 0.1142), ('2-1', 0.1089), ('0-1', 0.0866), ('0-0', 0.0655), ('1-2', 0.064), ('0-2', 0.0419), ('3-1', 0.0416), ('2-2', 0.0362), ('3-0', 0.0287), ('1-3', 0.0176)]",0.0,0.0,0.0,0.0,165.52
03/10/2026 01:08,WATCHLIST,2026-10-16T00:30:00Z,soccer_conmebol_copa_libertadores,the-odds-api,football,Estudiantes La Plata,Flamengo-RJ,Home Win,Estudiantes La Plata,0.31896859795103444,3.5,0.2857,0.1164,A EVITER,WATCHLIST,False,77.63,5 - WATCHLIST,MARCHE JUSTE,BOOST|GLOBAL_BOOST,+1.2% (35 obs),MEGA 70%/3% | SAFE 63%/1% | VALUE 58%/3%,WATCHLIST,cote trop haute,Value positive 11.6% | Proba IA 31.9% | MARCHE JUSTE | Learning BOOST|GLOBAL_BOOST | Calibration +1.2% (35 obs) | Source the-odds-api,0.5,0.5,1.2,1.1,1.2,1.2,0,NO BET,7.43,0.0,0.0,0.0,1500.0,1500.0,65.0,1.063,1.257,0.2915,NO DRAW SIGNAL,1-1,14.64,0-1,12.29,1-0,11.62,SCORE POISSON + FORME - confiance 78%,A recalculer via player_scorers,0.4035,0.5965,0.4704,0.5296,"[('1-1', 0.1464), ('0-1', 0.1229), ('1-0', 0.1162), ('1-2', 0.0858), ('2-1', 0.0838), ('0-2', 0.0766), ('0-0', 0.0754), ('2-0', 0.0693), ('2-2', 0.0372), ('1-3', 0.0275), ('3-1', 0.0267), ('3-0', 0.018)]",0.0,0.0,0.0,0.0,187.27
03/10/2026 01:08,NO BET,2026-10-16T00:30:00Z,soccer_conmebol_copa_libertadores,the-odds-api,football,Estudiantes La Plata,Flamengo-RJ,Away Win,Flamengo-RJ,0.40027167491753773,2.32,0.431,-0.0714,A EVITER,NO BET,False,59.45,5 - WATCHLIST,MARCHE JUSTE,BOOST|GLOBAL_BOOST,-6.0% (21 obs),MEGA 70%/3% | SAFE 63%/1% | VALUE 58%/3%,REFUSE,value negative,Value negative ou nulle | Proba IA 40.0% | MARCHE JUSTE | Learning BOOST|GLOBAL_BOOST | Calibration -6.0% (21 obs) | Source the-odds-api,0.5,0.5,1.2,1.1,1.2,1.2,0,NO BET,7.43,0.0,0.0,0.0,1500.0,1500.0,65.0,1.063,1.257,0.2915,NO DRAW SIGNAL,1-1,14.64,0-1,12.29,1-0,11.62,SCORE POISSON + FORME - confiance 78%,A recalculer via player_scorers,0.4035,0.5965,0.4704,0.5296,"[('1-1', 0.1464), ('0-1', 0.1229), ('1-0', 0.1162), ('1-2', 0.0858), ('2-1', 0.0838), ('0-2', 0.0766), ('0-0', 0.0754), ('2-0', 0.0693), ('2-2', 0.0372), ('1-3', 0.0275), ('3-1', 0.0267), ('3-0', 0.018)]",0.0,0.0,0.0,0.0,116.01
03/10/2026 01:08,WATCHLIST,2026-10-16T00:30:00Z,soccer_conmebol_copa_libertadores,the-odds-api,football,Estudiantes La Plata,Flamengo-RJ,Draw,Draw,0.319619775762435,3.05,0.3279,-0.0252,A EVITER,NUL POSSIBLE,True,57.38,3B - NUL POSSIBLE,MARCHE JUSTE,BOOST|GLOBAL_BOOST,-1.2% (23 obs),MEGA 70%/3% | SAFE 63%/1% | VALUE 58%/3%,WATCHLIST,cote trop haute,Value negative ou nulle | Proba IA 32.0% | MARCHE JUSTE | Learning BOOST|GLOBAL_BOOST | Calibration -1.2% (23 obs) | Source the-odds-api,0.5,0.5,1.2,1.1,1.2,1.2,0,NO BET,7.43,0.1346,0.0,0.0,1500.0,1500.0,65.0,1.063,1.257,0.2915,DRAW POSSIBLE - tight 45%,1-1,14.64,0-1,12.29,1-0,11.62,SCORE POISSON + FORME - confiance 78%,A recalculer via player_scorers,0.4035,0.5965,0.4704,0.5296,"[('1-1', 0.1464), ('0-1', 0.1229), ('1-0', 0.1162), ('1-2', 0.0858), ('2-1', 0.0838), ('0-2', 0.0766), ('0-0', 0.0754), ('2-0', 0.0693), ('2-2', 0.0372), ('1-3', 0.0275), ('3-1', 0.0267), ('3-0', 0.018)]",0.0,0.0,0.0,0.0,107.3
03/10/2026 01:08,WATCHLIST,2026-10-16T18:30:00Z,soccer_germany_bundesliga,the-odds-api,football,Eintracht Frankfurt,1. FC Köln,Draw,Draw,0.292270307683612,4.2,0.2381,0.2275,A EVITER,NUL POSSIBLE,True,71.43,3B - NUL POSSIBLE,MARCHE JUSTE,BOOST|GLOBAL_BOOST,+3.7% (114 obs),MEGA 70%/3% | SAFE 63%/1% | VALUE 58%/3%,WATCHLIST,cote trop haute,Value positive 22.8% | Proba IA 29.2% | MARCHE JUSTE | Learning BOOST|GLOBAL_BOOST | Calibration +3.7% (114 obs) | Source the-odds-api,0.5,0.5,1.2,1.1,1.2,1.2,0,NO BET,7.43,0.1346,0.0711,0.0,1500.0,1500.0,65.0,1.645,0.855,0.2417,NO DRAW SIGNAL,1-0,14.87,1-1,13.12,2-0,11.73,SCORE POISSON + FORME - confiance 78%,A recalculer via player_scorers,0.4556,0.5444,0.4631,0.5369,"[('1-0', 0.1487), ('1-1', 0.1312), ('2-0', 0.1173), ('2-1', 0.1096), ('0-1', 0.0846), ('0-0', 0.0652), ('1-2', 0.0624), ('3-1', 0.0424), ('0-2', 0.0404), ('2-2', 0.0358), ('3-0', 0.0296), ('1-3', 0.0171)]",0.0,0.0,0.0,0.0,224.02
03/10/2026 01:08,WATCHLIST,2026-10-16T18:30:00Z,soccer_germany_bundesliga,the-odds-api,football,Eintracht Frankfurt,1. FC Köln,Away Win,1. FC Köln,0.343823105377885,3.4,0.2941,0.169,A EVITER,WATCHLIST,False,84.73,5 - WATCHLIST,OK,BOOST|GLOBAL_BOOST,+4.0% (64 obs),MEGA 70%/3% | SAFE 63%/1% | VALUE 58%/3%,WATCHLIST,cote trop haute,Value positive 16.9% | Proba IA 34.4% | Learning BOOST|GLOBAL_BOOST | Calibration +4.0% (64 obs) | Source the-odds-api,0.5,0.5,1.2,1.1,1.2,1.2,0,NO BET,7.43,0.0,0.0,0.0,1500.0,1500.0,65.0,1.645,0.855,0.2417,NO DRAW SIGNAL,1-0,14.87,1-1,13.12,2-0,11.73,SCORE POISSON + FORME - confiance 78%,A recalculer via player_scorers,0.4556,0.5444,0.4631,0.5369,"[('1-0', 0.1487), ('1-1', 0.1312), ('2-0', 0.1173), ('2-1', 0.1096), ('0-1', 0.0846), ('0-0', 0.0652), ('1-2', 0.0624), ('3-1', 0.0424), ('0-2', 0.0404), ('2-2', 0.0358), ('3-0', 0.0296), ('1-3', 0.0171)]",0.0,0.0,0.0,0.0,222.14
03/10/2026 01:08,NO BET,2026-10-16T18:30:00Z,soccer_germany_bundesliga,the-odds-api,football,Eintracht Frankfurt,1. FC Köln,Home Win,Eintracht Frankfurt,0.4845848213172402,1.95,0.5128,-0.0551,A EVITER,NO BET,False,69.87,5 - WATCHLIST,OK,BOOST|GLOBAL_BOOST,-6.0% (26 obs),MEGA 70%/3% | SAFE 63%/1% | VALUE 58%/3%,REFUSE,value negative,Value negative ou nulle | Proba IA 48.5% | Learning BOOST|GLOBAL_BOOST | Calibration -6.0% (26 obs) | Source the-odds-api,0.5,0.5,1.2,1.1,1.2,1.2,0,NO BET,7.43,0.0,0.0,0.0,1500.0,1500.0,65.0,1.645,0.855,0.2417,NO DRAW SIGNAL,1-0,14.87,1-1,13.12,2-0,11.73,SCORE POISSON + FORME - confiance 78%,A recalculer via player_scorers,0.4556,0.5444,0.4631,0.5369,"[('1-0', 0.1487), ('1-1', 0.1312), ('2-0', 0.1173), ('2-1', 0.1096), ('0-1', 0.0846), ('0-0', 0.0652), ('1-2', 0.0624), ('3-1', 0.0424), ('0-2', 0.0404), ('2-2', 0.0358), ('3-0', 0.0296), ('1-3', 0.0171)]",0.0,0.0,0.0,0.0,137.33
03/10/2026 01:08,WATCHLIST,2026-10-16T18:45:00Z,soccer_france_ligue_one,the-odds-api,football,Le Mans FC,Toulouse,Home Win,Le Mans FC,0.41024202118234443,3.2,0.3125,0.3128,A EVITER,WATCHLIST,False,100.0,5 - WATCHLIST,VALUE CLAIRE,BOOST|GLOBAL_BOOST,+4.0% (33 obs),MEGA 70%/3% | SAFE 63%/1% | VALUE 58%/3%,WATCHLIST,cote trop haute,Value positive 31.3% | Proba IA 41.0% | VALUE CLAIRE | Learning BOOST|GLOBAL_BOOST | Calibration +4.0% (33 obs) | Source the-odds-api,0.5,0.46,1.2,1.25,1.2,1.75,1,NO BET,7.43,0.0,0.0,0.0,1500.0,1499.2,65.8,1.4,1.09,0.2714,NO DRAW SIGNAL,1-1,14.21,1-0,12.87,2-1,10.13,SCORE POISSON + FORME - confiance 84%,A recalculer via player_scorers,0.45,0.55,0.5009,0.4991,"[('1-1', 0.1421), ('1-0', 0.1287), ('2-1', 0.1013), ('0-1', 0.099), ('2-0', 0.0911), ('1-2', 0.077), ('0-0', 0.0664), ('0-2', 0.0553), ('2-2', 0.0399), ('3-1', 0.0359), ('3-0', 0.023), ('1-3', 0.0228)]",0.0,0.0,0.0,0.0,311.21
03/10/2026 01:08,WATCHLIST,2026-10-16T18:45:00Z,soccer_france_ligue_one,the-odds-api,football,Le Mans FC,Toulouse,Draw,Draw,0.3059450417230235,3.6,0.2778,0.1014,A EVITER,NUL POSSIBLE,True,75.51,3B - NUL POSSIBLE,MARCHE JUSTE,BOOST|GLOBAL_BOOST,+1.2% (179 obs),MEGA 70%/3% | SAFE 63%/1% | VALUE 58%/3%,WATCHLIST,cote trop haute,Value positive 10.1% | Proba IA 30.6% | MARCHE JUSTE | Learning BOOST|GLOBAL_BOOST | Calibration +1.2% (179 obs) | Source the-odds-api,0.5,0.46,1.2,1.25,1.2,1.75,1,NO BET,7.43,0.1346,0.039,0.0,1500.0,1499.2,65.8,1.4,1.09,0.2714,NO DRAW SIGNAL,1-1,14.21,1-0,12.87,2-1,10.13,SCORE POISSON + FORME - confiance 84%,A recalculer via player_scorers,0.45,0.55,0.5009,0.4991,"[('1-1', 0.1421), ('1-0', 0.1287), ('2-1', 0.1013), ('0-1', 0.099), ('2-0', 0.0911), ('1-2', 0.077), ('0-0', 0.0664), ('0-2', 0.0553), ('2-2', 0.0399), ('3-1', 0.0359), ('3-0', 0.023), ('1-3', 0.0228)]",0.0,0.0,0.0,0.0,176.77
03/10/2026 01:08,NO BET,2026-10-16T18:45:00Z,soccer_france_ligue_one,the-odds-api,football,Le Mans FC,Toulouse,Away Win,Toulouse,0.41589481436588616,2.25,0.4444,-0.0642,A EVITER,NO BET,False,73.08,5 - WATCHLIST,OK,BOOST|GLOBAL_BOOST,-2.8% (18 obs),MEGA 70%/3% | SAFE 63%/1% | VALUE 58%/3%,REFUSE,value negative,Value negative ou nulle | Proba IA 41.6% | Learning BOOST|GLOBAL_BOOST | Calibration -2.8% (18 obs) | Source the-odds-api,0.5,0.46,1.2,1.25,1.2,1.75,1,NO BET,7.43,0.0,0.0,0.0,1500.0,1499.2,65.8,1.4,1.09,0.2714,NO DRAW SIGNAL,1-1,14.21,1-0,12.87,2-1,10.13,SCORE POISSON + FORME - confiance 84%,A recalculer via player_scorers,0.45,0.55,0.5009,0.4991,"[('1-1', 0.1421), ('1-0', 0.1287), ('2-1', 0.1013), ('0-1', 0.099), ('2-0', 0.0911), ('1-2', 0.077), ('0-0', 0.0664), ('0-2', 0.0553), ('2-2', 0.0399), ('3-1', 0.0359), ('3-0', 0.023), ('1-3', 0.0228)]",0.0,0.0,0.0,0.0,137.27
03/10/2026 01:08,WATCHLIST,2026-10-16T18:45:00Z,soccer_italy_serie_a,the-odds-api,football,Frosinone,Sassuolo,Home Win,Frosinone,0.5003216184260867,2.5,0.4,0.2508,Faible,WATCHLIST,False,100.0,5 - WATCHLIST,OK,BOOST|GLOBAL_BOOST,+3.9% (57 obs),MEGA 70%/3% | SAFE 63%/1% | VALUE 58%/3%,WATCHLIST,proba trop basse,Value positive 25.1% | Proba IA 50.0% | Learning BOOST|GLOBAL_BOOST | Calibration +3.9% (57 obs) | Source the-odds-api,0.5,0.42,1.2,1.25,1.2,1.25,0.95,NO BET,7.43,0.0,0.0,0.0,1500.0,1489.5,75.5,1.285,0.917,0.2865,NO DRAW SIGNAL,1-0,15.3,1-1,14.6,0-1,11.02,SCORE POISSON + FORME - confiance 84%,A recalculer via player_scorers,0.3755,0.6245,0.4345,0.5655,"[('1-0', 0.153), ('1-1', 0.146), ('0-1', 0.1102), ('2-0', 0.1006), ('2-1', 0.099), ('0-0', 0.0827), ('1-2', 0.0706), ('0-2', 0.0538), ('2-2', 0.0252), ('3-1', 0.0246), ('3-0', 0.0235), ('1-3', 0.0149)]",0.0,0.0,0.0,0.0,290.87
03/10/2026 01:08,WATCHLIST,2026-10-16T18:45:00Z,soccer_italy_serie_a,the-odds-api,football,Frosinone,Sassuolo,Draw,Draw,0.3010612081375194,3.85,0.2597,0.1591,A EVITER,NUL POSSIBLE,True,81.29,3B - NUL POSSIBLE,MARCHE JUSTE,BOOST|GLOBAL_BOOST,+1.2% (179 obs),MEGA 70%/3% | SAFE 63%/1% | VALUE 58%/3%,WATCHLIST,cote trop haute,Value positive 15.9% | Proba IA 30.1% | MARCHE JUSTE | Learning BOOST|GLOBAL_BOOST | Calibration +1.2% (179 obs) | Source the-odds-api,0.5,0.42,1.2,1.25,1.2,1.25,0.95,NO BET,7.43,0.1346,0.0558,0.0,1500.0,1489.5,75.5,1.285,0.917,0.2865,DRAW POSSIBLE - tight 45%,1-0,15.3,1-1,14.6,0-1,11.02,SCORE POISSON + FORME - confiance 84%,A recalculer via player_scorers,0.3755,0.6245,0.4345,0.5655,"[('1-0', 0.153), ('1-1', 0.146), ('0-1', 0.1102), ('2-0', 0.1006), ('2-1', 0.099), ('0-0', 0.0827), ('1-2', 0.0706), ('0-2', 0.0538), ('2-2', 0.0252), ('3-1', 0.0246), ('3-0', 0.0235), ('1-3', 0.0149)]",0.0,0.0,0.0,0.0,209.79
03/10/2026 01:08,NO BET,2026-10-16T18:45:00Z,soccer_italy_serie_a,the-odds-api,football,Frosinone,Sassuolo,Away Win,Sassuolo,0.3098399261398718,2.8,0.3571,-0.1324,A EVITER,NO BET,False,58.86,5 - WATCHLIST,OK,BOOST|GLOBAL_BOOST,-4.1% (61 obs),MEGA 70%/3% | SAFE 63%/1% | VALUE 58%/3%,REFUSE,value negative,Value negative ou nulle | Proba IA 31.0% | Learning BOOST|GLOBAL_BOOST | Calibration -4.1% (61 obs) | Source the-odds-api,0.5,0.42,1.2,1.25,1.2,1.25,0.95,NO BET,7.43,0.0,0.0,0.0,1500.0,1489.5,75.5,1.285,0.917,0.2865,NO DRAW SIGNAL,1-0,15.3,1-1,14.6,0-1,11.02,SCORE POISSON + FORME - confiance 84%,A recalculer via player_scorers,0.3755,0.6245,0.4345,0.5655,"[('1-0', 0.153), ('1-1', 0.146), ('0-1', 0.1102), ('2-0', 0.1006), ('2-1', 0.099), ('0-0', 0.0827), ('1-2', 0.0706), ('0-2', 0.0538), ('2-2', 0.0252), ('3-1', 0.0246), ('3-0', 0.0235), ('1-3', 0.0149)]",0.0,0.0,0.0,0.0,108.8
03/10/2026 01:08,WATCHLIST,2026-10-16T19:00:00Z,soccer_spain_la_liga,the-odds-api,football,Deportivo La Coruña,Levante,Away Win,Levante,0.3498670936316256,3.6,0.2778,0.2595,A EVITER,WATCHLIST,False,94.34,5 - WATCHLIST,MARCHE JUSTE,BOOST|GLOBAL_BOOST,+4.0% (64 obs),MEGA 70%/3% | SAFE 63%/1% | VALUE 58%/3%,WATCHLIST,cote trop haute,Value positive 25.9% | Proba IA 35.0% | MARCHE JUSTE | Learning BOOST|GLOBAL_BOOST | Calibration +4.0% (64 obs) | Source the-odds-api,0.5,0.67,1.2,1.62,1.2,1.38,0.95,NO BET,7.43,0.0,0.0,0.0,1500.0,1483.9,81.1,1.362,1.107,0.2768,NO DRAW SIGNAL,1-1,14.4,1-0,12.71,0-1,10.11,SCORE POISSON + FORME - confiance 84%,A recalculer via player_scorers,0.4436,0.5564,0.4994,0.5006,"[('1-1', 0.144), ('1-0', 0.1271), ('0-1', 0.1011), ('2-1', 0.0993), ('2-0', 0.0885), ('1-2', 0.0778), ('0-0', 0.0678), ('0-2', 0.0572), ('2-2', 0.0399), ('3-1', 0.0348), ('1-3', 0.0233), ('3-0', 0.0223)]",0.0,0.0,0.0,0.0,275.71
03/10/2026 01:08,WATCHLIST,2026-10-16T19:00:00Z,soccer_spain_la_liga,the-odds-api,football,Deportivo La Coruña,Levante,Draw,Draw,0.3112629938494613,3.55,0.2817,0.105,A EVITER,NUL POSSIBLE,True,75.5,3B - NUL POSSIBLE,MARCHE JUSTE,BOOST|GLOBAL_BOOST,+1.2% (179 obs),MEGA 70%/3% | SAFE 63%/1% | VALUE 58%/3%,WATCHLIST,cote trop haute,Value positive 10.5% | Proba IA 31.1% | MARCHE JUSTE | Learning BOOST|GLOBAL_BOOST | Calibration +1.2% (179 obs) | Source the-odds-api,0.5,0.67,1.2,1.62,1.2,1.38,0.95,NO BET,7.43,0.1346,0.0412,0.0,1500.0,1483.9,81.1,1.362,1.107,0.2768,NO DRAW SIGNAL,1-1,14.4,1-0,12.71,0-1,10.11,SCORE POISSON + FORME - confiance 84%,A recalculer via player_scorers,0.4436,0.5564,0.4994,0.5006,"[('1-1', 0.144), ('1-0', 0.1271), ('0-1', 0.1011), ('2-1', 0.0993), ('2-0', 0.0885), ('1-2', 0.0778), ('0-0', 0.0678), ('0-2', 0.0572), ('2-2', 0.0399), ('3-1', 0.0348), ('1-3', 0.0233), ('3-0', 0.0223)]",0.0,0.0,0.0,0.0,178.67
03/10/2026 01:08,NO BET,2026-10-16T19:00:00Z,soccer_spain_la_liga,the-odds-api,football,Deportivo La Coruña,Levante,Home Win,Deportivo La Coruña,0.4634215424467224,2.12,0.4717,-0.0175,A EVITER,NO BET,False,79.8,5 - WATCHLIST,MARCHE JUSTE,BOOST|GLOBAL_BOOST,-3.2% (50 obs),MEGA 70%/3% | SAFE 63%/1% | VALUE 58%/3%,REFUSE,value negative,Value negative ou nulle | Proba IA 46.3% | MARCHE JUSTE | Learning BOOST|GLOBAL_BOOST | Calibration -3.2% (50 obs) | Source the-odds-api,0.5,0.67,1.2,1.62,1.2,1.38,0.95,NO BET,7.43,0.0,0.0,0.0,1500.0,1483.9,81.1,1.362,1.107,0.2768,NO DRAW SIGNAL,1-1,14.4,1-0,12.71,0-1,10.11,SCORE POISSON + FORME - confiance 84%,A recalculer via player_scorers,0.4436,0.5564,0.4994,0.5006,"[('1-1', 0.144), ('1-0', 0.1271), ('0-1', 0.1011), ('2-1', 0.0993), ('2-0', 0.0885), ('1-2', 0.0778), ('0-0', 0.0678), ('0-2', 0.0572), ('2-2', 0.0399), ('3-1', 0.0348), ('1-3', 0.0233), ('3-0', 0.0223)]",0.0,0.0,0.0,0.0,150.54
03/10/2026 01:08,WATCHLIST,2026-10-17T11:30:00Z,soccer_epl,the-odds-api,football,Everton,Chelsea,Draw,Draw,0.29031677424941044,3.8,0.2632,0.1032,A EVITER,NUL POSSIBLE,True,75.06,3B - NUL POSSIBLE,MARCHE JUSTE,BOOST|GLOBAL_BOOST,+1.2% (179 obs),MEGA 70%/3% | SAFE 63%/1% | VALUE 58%/3%,WATCHLIST,cote trop haute,Value positive 10.3% | Proba IA 29.0% | MARCHE JUSTE | Learning BOOST|GLOBAL_BOOST | Calibration +1.2% (179 obs) | Source the-odds-api,0.25,0.17,1.62,0.62,1.88,2.12,1,NO BET,7.43,0.1346,0.0369,0.0,1508.4,1532.2,41.2,1.57,0.99,0.2495,NO DRAW SIGNAL,1-0,13.66,1-1,13.48,2-1,10.88,SCORE POISSON + FORME - confiance 81%,A recalculer via player_scorers,0.471,0.529,0.4968,0.5032,"[('1-0', 0.1366), ('1-1', 0.1348), ('2-1', 0.1088), ('2-0', 0.104), ('0-1', 0.0898), ('1-2', 0.0709), ('0-0', 0.0623), ('0-2', 0.0468), ('3-1', 0.0408), ('2-2', 0.0391), ('3-0', 0.0265), ('1-3', 0.0202)]",0.0,0.0,0.0,0.0,175.79
03/10/2026 01:08,WATCHLIST,2026-10-17T11:30:00Z,soccer_epl,the-odds-api,football,Everton,Chelsea,Home Win,Everton,0.3615122149625368,2.95,0.339,0.0665,A EVITER,WATCHLIST,False,80.83,5 - WATCHLIST,VALUE CLAIRE,BOOST|GLOBAL_BOOST,-6.0% (36 obs),MEGA 70%/3% | SAFE 63%/1% | VALUE 58%/3%,WATCHLIST,proba trop basse,Value positive 6.7% | Proba IA 36.2% | VALUE CLAIRE | Learning BOOST|GLOBAL_BOOST | Calibration -6.0% (36 obs) | Source the-odds-api,0.25,0.17,1.62,0.62,1.88,2.12,1,NO BET,7.43,0.0,0.0,0.0,1508.4,1532.2,41.2,1.57,0.99,0.2495,NO DRAW SIGNAL,1-0,13.66,1-1,13.48,2-1,10.88,SCORE POISSON + FORME - confiance 81%,A recalculer via player_scorers,0.471,0.529,0.4968,0.5032,"[('1-0', 0.1366), ('1-1', 0.1348), ('2-1', 0.1088), ('2-0', 0.104), ('0-1', 0.0898), ('1-2', 0.0709), ('0-0', 0.0623), ('0-2', 0.0468), ('3-1', 0.0408), ('2-2', 0.0391), ('3-0', 0.0265), ('1-3', 0.0202)]",0.0,0.0,0.0,0.0,173.51
03/10/2026 01:08,NO BET,2026-10-17T11:30:00Z,soccer_epl,the-odds-api,football,Everton,Chelsea,Away Win,Chelsea,0.3693675085635057,2.38,0.4202,-0.1209,A EVITER,NO BET,False,62.01,5 - WATCHLIST,OK,BOOST|GLOBAL_BOOST,-2.8% (18 obs),MEGA 70%/3% | SAFE 63%/1% | VALUE 58%/3%,REFUSE,value negative,Value negative ou nulle | Proba IA 36.9% | Learning BOOST|GLOBAL_BOOST | Calibration -2.8% (18 obs) | Source the-odds-api,0.25,0.17,1.62,0.62,1.88,2.12,1,NO BET,7.43,0.0,0.0,0.0,1508.4,1532.2,41.2,1.57,0.99,0.2495,NO DRAW SIGNAL,1-0,13.66,1-1,13.48,2-1,10.88,SCORE POISSON + FORME - confiance 81%,A recalculer via player_scorers,0.471,0.529,0.4968,0.5032,"[('1-0', 0.1366), ('1-1', 0.1348), ('2-1', 0.1088), ('2-0', 0.104), ('0-1', 0.0898), ('1-2', 0.0709), ('0-0', 0.0623), ('0-2', 0.0468), ('3-1', 0.0408), ('2-2', 0.0391), ('3-0', 0.0265), ('1-3', 0.0202)]",0.0,0.0,0.0,0.0,117.63
03/10/2026 01:08,SAFE PICK,2026-10-17T12:00:00Z,soccer_spain_la_liga,the-odds-api,football,Espanyol,Atlético Madrid,Away Win,Atlético Madrid,0.6392943047258453,1.88,0.5319,0.2019,Moyenne,SAFE PICK,True,100.0,2 - SAFE PICK,MARCHE JUSTE,BOOST|GLOBAL_BOOST,+4.0% (17 obs),MEGA 70%/3% | SAFE 63%/1% | VALUE 58%/3%,JOUABLE,ok,Value positive 20.2% | Proba IA 63.9% | Mode SAFE PICK | MARCHE JUSTE | Learning BOOST|GLOBAL_BOOST | Calibration +4.0% (17 obs) | Source the-odds-api,0.5,0.5,1.2,1.1,1.2,1.2,0,VALUE BET,7.43,0.2463,0.22,1.83,1500.0,1500.0,65.0,0.844,1.477,0.2606,NO DRAW SIGNAL,0-1,14.53,1-1,13.41,1-0,10.19,SCORE POISSON + FORME - confiance 77%,A recalculer via player_scorers,0.4091,0.5909,0.439,0.561,"[('0-1', 0.1453), ('1-1', 0.1341), ('1-0', 0.1019), ('0-2', 0.1015), ('1-2', 0.0954), ('0-0', 0.0727), ('2-1', 0.0712), ('2-0', 0.0537), ('2-2', 0.0338), ('1-3', 0.0332), ('0-3', 0.0216), ('3-1', 0.0215)]",0.0,0.0,0.0,0.0,279.56
03/10/2026 01:08,WATCHLIST,2026-10-17T12:00:00Z,soccer_spain_la_liga,the-odds-api,football,Espanyol,Atlético Madrid,Draw,Draw,0.2940067818473468,3.8,0.2632,0.1172,A EVITER,NUL POSSIBLE,True,69.68,3B - NUL POSSIBLE,MARCHE JUSTE,BOOST|GLOBAL_BOOST,+1.2% (179 obs),MEGA 70%/3% | SAFE 63%/1% | VALUE 58%/3%,WATCHLIST,cote trop haute,Value positive 11.7% | Proba IA 29.4% | MARCHE JUSTE | Learning BOOST|GLOBAL_BOOST | Calibration +1.2% (179 obs) | Source the-odds-api,0.5,0.5,1.2,1.1,1.2,1.2,0,NO BET,7.43,0.1346,0.0419,0.0,1500.0,1500.0,65.0,0.844,1.477,0.2606,NO DRAW SIGNAL,0-1,14.53,1-1,13.41,1-0,10.19,SCORE POISSON + FORME - confiance 77%,A recalculer via player_scorers,0.4091,0.5909,0.439,0.561,"[('0-1', 0.1453), ('1-1', 0.1341), ('1-0', 0.1019), ('0-2', 0.1015), ('1-2', 0.0954), ('0-0', 0.0727), ('2-1', 0.0712), ('2-0', 0.0537), ('2-2', 0.0338), ('1-3', 0.0332), ('0-3', 0.0216), ('3-1', 0.0215)]",0.0,0.0,0.0,0.0,174.11
03/10/2026 01:08,NO BET,2026-10-17T12:00:00Z,soccer_spain_la_liga,the-odds-api,football,Espanyol,Atlético Madrid,Home Win,Espanyol,0.1860197947900895,4.4,0.2273,-0.1815,A EVITER,NO BET,False,34.16,6 - NO BET,MARCHE JUSTE,BOOST|GLOBAL_BOOST,-5.0% (19 obs),MEGA 70%/3% | SAFE 63%/1% | VALUE 58%/3%,REFUSE,cote trop haute,Value negative ou nulle | Proba IA 18.6% | MARCHE JUSTE | Learning BOOST|GLOBAL_BOOST | Calibration -5.0% (19 obs) | Source the-odds-api,0.5,0.5,1.2,1.1,1.2,1.2,0,NO BET,7.43,0.0,0.0,0.0,1500.0,1500.0,65.0,0.844,1.477,0.2606,NO DRAW SIGNAL,0-1,14.53,1-1,13.41,1-0,10.19,SCORE POISSON + FORME - confiance 77%,A recalculer via player_scorers,0.4091,0.5909,0.439,0.561,"[('0-1', 0.1453), ('1-1', 0.1341), ('1-0', 0.1019), ('0-2', 0.1015), ('1-2', 0.0954), ('0-0', 0.0727), ('2-1', 0.0712), ('2-0', 0.0537), ('2-2', 0.0338), ('1-3', 0.0332), ('0-3', 0.0216), ('3-1', 0.0215)]",0.0,0.0,0.0,0.0,63.58
03/10/2026 01:08,WATCHLIST,2026-10-17T13:00:00Z,soccer_italy_serie_a,the-odds-api,football,Venezia,Napoli,Away Win,Napoli,0.651496318747548,1.77,0.565,0.1531,Moyenne,SAFE PICK,True,100.0,2 - SAFE PICK,OK,BOOST|GLOBAL_BOOST,+4.0% (17 obs),MEGA 70%/3% | SAFE 63%/1% | VALUE 58%/3%,WATCHLIST,watchlist prudente,Value positive 15.3% | Proba IA 65.1% | Learning BOOST|GLOBAL_BOOST | Calibration +4.0% (17 obs) | Source the-odds-api,0.38,0.58,1.12,1.5,1.62,0.75,1,NO BET,7.43,0.2692,0.1989,0.0,1417.6,1639.9,-157.3,0.9,1.26,0.2904,NO DRAW SIGNAL,0-1,14.64,1-1,14.58,1-0,12.0,SCORE POISSON + FORME - confiance 80%,A recalculer via player_scorers,0.3642,0.6358,0.4255,0.5745,"[('0-1', 0.1464), ('1-1', 0.1458), ('1-0', 0.12), ('0-2', 0.0903), ('1-2', 0.0892), ('0-0', 0.0851), ('2-1', 0.0776), ('2-0', 0.0638), ('2-2', 0.0247), ('1-3', 0.0197), ('3-1', 0.0191), ('0-3', 0.018)]",0.0,0.0,0.0,0.0,259.46
03/10/2026 01:08,WATCHLIST,2026-10-17T13:00:00Z,soccer_italy_serie_a,the-odds-api,football,Venezia,Napoli,Draw,Draw,0.29313854476547946,4.0,0.25,0.1726,A EVITER,NUL POSSIBLE,True,83.16,3B - NUL POSSIBLE,MARCHE JUSTE,BOOST|GLOBAL_BOOST,+1.2% (179 obs),MEGA 70%/3% | SAFE 63%/1% | VALUE 58%/3%,WATCHLIST,cote trop haute,Value positive 17.3% | Proba IA 29.3% | MARCHE JUSTE | Learning BOOST|GLOBAL_BOOST | Calibration +1.2% (179 obs) | Source the-odds-api,0.38,0.58,1.12,1.5,1.62,0.75,1,NO BET,7.43,0.1346,0.0575,0.0,1417.6,1639.9,-157.3,0.9,1.26,0.2904,DRAW POSSIBLE - tight 7%,0-1,14.64,1-1,14.58,1-0,12.0,SCORE POISSON + FORME - confiance 80%,A recalculer via player_scorers,0.3642,0.6358,0.4255,0.5745,"[('0-1', 0.1464), ('1-1', 0.1458), ('1-0', 0.12), ('0-2', 0.0903), ('1-2', 0.0892), ('0-0', 0.0851), ('2-1', 0.0776), ('2-0', 0.0638), ('2-2', 0.0247), ('1-3', 0.0197), ('3-1', 0.0191), ('0-3', 0.018)]",0.0,0.0,0.0,0.0,217.79
03/10/2026 01:08,NO BET,2026-10-17T13:00:00Z,soccer_italy_serie_a,the-odds-api,football,Venezia,Napoli,Home Win,Venezia,0.17516683126674704,4.7,0.2128,-0.1767,A EVITER,NO BET,False,40.86,6 - NO BET,COTE HAUTE,BOOST|GLOBAL_BOOST,-5.0% (19 obs),MEGA 70%/3% | SAFE 63%/1% | VALUE 58%/3%,REFUSE,cote trop haute,Value negative ou nulle | Proba IA 17.5% | COTE HAUTE | Learning BOOST|GLOBAL_BOOST | Calibration -5.0% (19 obs) | Source the-odds-api,0.38,0.58,1.12,1.5,1.62,0.75,1,NO BET,7.43,0.0,0.0,0.0,1417.6,1639.9,-157.3,0.9,1.26,0.2904,NO DRAW SIGNAL,0-1,14.64,1-1,14.58,1-0,12.0,SCORE POISSON + FORME - confiance 80%,A recalculer via player_scorers,0.3642,0.6358,0.4255,0.5745,"[('0-1', 0.1464), ('1-1', 0.1458), ('1-0', 0.12), ('0-2', 0.0903), ('1-2', 0.0892), ('0-0', 0.0851), ('2-1', 0.0776), ('2-0', 0.0638), ('2-2', 0.0247), ('1-3', 0.0197), ('3-1', 0.0191), ('0-3', 0.018)]",0.0,0.0,0.0,0.0,72.73
03/10/2026 01:08,WATCHLIST,2026-10-17T13:30:00Z,soccer_germany_bundesliga,the-odds-api,football,Elversberg,Augsburg,Home Win,Elversberg,0.4790498099203355,2.48,0.4032,0.188,A EVITER,WATCHLIST,False,99.75,5 - WATCHLIST,MARCHE JUSTE,BOOST|GLOBAL_BOOST,+3.9% (57 obs),MEGA 70%/3% | SAFE 63%/1% | VALUE 58%/3%,WATCHLIST,proba trop basse,Value positive 18.8% | Proba IA 47.9% | MARCHE JUSTE | Learning BOOST|GLOBAL_BOOST | Calibration +3.9% (57 obs) | Source the-odds-api,0.5,0.5,1.2,1.75,1.2,2.0,1,NO BET,7.43,0.0,0.0,0.0,1500.0,1492.5,72.5,1.44,1.17,0.267,NO DRAW SIGNAL,1-1,14.24,1-0,12.12,2-1,10.26,SCORE POISSON + FORME - confiance 84%,A recalculer via player_scorers,0.4796,0.5204,0.5274,0.4726,"[('1-1', 0.1424), ('1-0', 0.1212), ('2-1', 0.1026), ('0-1', 0.0962), ('2-0', 0.0879), ('1-2', 0.0805), ('0-0', 0.062), ('0-2', 0.0567), ('2-2', 0.0426), ('3-1', 0.0371), ('1-3', 0.0248), ('3-0', 0.0228)]",0.0,0.0,0.0,0.0,262.02
03/10/2026 01:08,WATCHLIST,2026-10-17T13:30:00Z,soccer_germany_bundesliga,the-odds-api,football,Elversberg,Augsburg,Draw,Draw,0.31093740494376104,4.0,0.25,0.2437,A EVITER,NUL POSSIBLE,True,89.36,3B - NUL POSSIBLE,MARCHE JUSTE,BOOST|GLOBAL_BOOST,+3.7% (114 obs),MEGA 70%/3% | SAFE 63%/1% | VALUE 58%/3%,WATCHLIST,cote trop haute,Value positive 24.4% | Proba IA 31.1% | MARCHE JUSTE | Learning BOOST|GLOBAL_BOOST | Calibration +3.7% (114 obs) | Source the-odds-api,0.5,0.5,1.2,1.75,1.2,2.0,1,NO BET,7.43,0.1346,0.0812,0.0,1500.0,1492.5,72.5,1.44,1.17,0.267,NO DRAW SIGNAL,1-1,14.24,1-0,12.12,2-1,10.26,SCORE POISSON + FORME - confiance 84%,A recalculer via player_scorers,0.4796,0.5204,0.5274,0.4726,"[('1-1', 0.1424), ('1-0', 0.1212), ('2-1', 0.1026), ('0-1', 0.0962), ('2-0', 0.0879), ('1-2', 0.0805), ('0-0', 0.062), ('0-2', 0.0567), ('2-2', 0.0426), ('3-1', 0.0371), ('1-3', 0.0248), ('3-0', 0.0228)]",0.0,0.0,0.0,0.0,258.83
03/10/2026 01:08,NO BET,2026-10-17T13:30:00Z,soccer_germany_bundesliga,the-odds-api,football,Elversberg,Augsburg,Away Win,Augsburg,0.3499811311458471,2.62,0.3817,-0.083,A EVITER,NO BET,False,63.15,5 - WATCHLIST,OK,BOOST|GLOBAL_BOOST,-4.1% (61 obs),MEGA 70%/3% | SAFE 63%/1% | VALUE 58%/3%,REFUSE,value negative,Value negative ou nulle | Proba IA 35.0% | Learning BOOST|GLOBAL_BOOST | Calibration -4.1% (61 obs) | Source the-odds-api,0.5,0.5,1.2,1.75,1.2,2.0,1,NO BET,7.43,0.0,0.0,0.0,1500.0,1492.5,72.5,1.44,1.17,0.267,NO DRAW SIGNAL,1-1,14.24,1-0,12.12,2-1,10.26,SCORE POISSON + FORME - confiance 84%,A recalculer via player_scorers,0.4796,0.5204,0.5274,0.4726,"[('1-1', 0.1424), ('1-0', 0.1212), ('2-1', 0.1026), ('0-1', 0.0962), ('2-0', 0.0879), ('1-2', 0.0805), ('0-0', 0.062), ('0-2', 0.0567), ('2-2', 0.0426), ('3-1', 0.0371), ('1-3', 0.0248), ('3-0', 0.0228)]",0.0,0.0,0.0,0.0,117.96
03/10/2026 01:08,WATCHLIST,2026-10-17T13:30:00Z,soccer_germany_bundesliga,the-odds-api,football,FC Schalke 04,FSV Mainz 05,Home Win,FC Schalke 04,0.39591610933153243,2.94,0.3401,0.164,A EVITER,WATCHLIST,False,86.34,5 - WATCHLIST,MARCHE JUSTE,BOOST|GLOBAL_BOOST,+4.0% (33 obs),MEGA 70%/3% | SAFE 63%/1% | VALUE 58%/3%,WATCHLIST,proba trop basse,Value positive 16.4% | Proba IA 39.6% | MARCHE JUSTE | Learning BOOST|GLOBAL_BOOST | Calibration +4.0% (33 obs) | Source the-odds-api,0.5,0.5,1.2,1.1,1.2,1.2,0,NO BET,7.43,0.0,0.0,0.0,1500.0,1500.0,65.0,1.154,1.23,0.2943,NO DRAW SIGNAL,1-1,14.94,1-0,11.72,0-1,11.42,SCORE POISSON + FORME - confiance 78%,A recalculer via player_scorers,0.418,0.582,0.4878,0.5122,"[('1-1', 0.1494), ('1-0', 0.1172), ('0-1', 0.1142), ('2-1', 0.088), ('1-2', 0.0838), ('2-0', 0.074), ('0-0', 0.0735), ('0-2', 0.0705), ('2-2', 0.0391), ('3-1', 0.029), ('1-3', 0.0267), ('3-0', 0.019)]",0.0,0.0,0.0,0.0,226.01
03/10/2026 01:08,WATCHLIST,2026-10-17T13:30:00Z,soccer_germany_bundesliga,the-odds-api,football,FC Schalke 04,FSV Mainz 05,Draw,Draw,0.30236356376032053,3.75,0.2667,0.1339,A EVITER,NUL POSSIBLE,True,71.94,3B - NUL POSSIBLE,MARCHE JUSTE,BOOST|GLOBAL_BOOST,+1.2% (179 obs),MEGA 70%/3% | SAFE 63%/1% | VALUE 58%/3%,WATCHLIST,cote trop haute,Value positive 13.4% | Proba IA 30.2% | MARCHE JUSTE | Learning BOOST|GLOBAL_BOOST | Calibration +1.2% (179 obs) | Source the-odds-api,0.5,0.5,1.2,1.1,1.2,1.2,0,NO BET,7.43,0.1346,0.0487,0.0,1500.0,1500.0,65.0,1.154,1.23,0.2943,DRAW POSSIBLE - tight 55%,1-1,14.94,1-0,11.72,0-1,11.42,SCORE POISSON + FORME - confiance 78%,A recalculer via player_scorers,0.418,0.582,0.4878,0.5122,"[('1-1', 0.1494), ('1-0', 0.1172), ('0-1', 0.1142), ('2-1', 0.088), ('1-2', 0.0838), ('2-0', 0.074), ('0-0', 0.0735), ('0-2', 0.0705), ('2-2', 0.0391), ('3-1', 0.029), ('1-3', 0.0267), ('3-0', 0.019)]",0.0,0.0,0.0,0.0,185.2
03/10/2026 01:08,NO BET,2026-10-17T13:30:00Z,soccer_germany_bundesliga,the-odds-api,football,FC Schalke 04,FSV Mainz 05,Away Win,FSV Mainz 05,0.3981049621473289,2.25,0.4444,-0.1043,A EVITER,NO BET,False,61.07,5 - WATCHLIST,MARCHE JUSTE,BOOST|GLOBAL_BOOST,-6.0% (21 obs),MEGA 70%/3% | SAFE 63%/1% | VALUE 58%/3%,REFUSE,value negative,Value negative ou nulle | Proba IA 39.8% | MARCHE JUSTE | Learning BOOST|GLOBAL_BOOST | Calibration -6.0% (21 obs) | Source the-odds-api,0.5,0.5,1.2,1.1,1.2,1.2,0,NO BET,7.43,0.0,0.0,0.0,1500.0,1500.0,65.0,1.154,1.23,0.2943,NO DRAW SIGNAL,1-1,14.94,1-0,11.72,0-1,11.42,SCORE POISSON + FORME - confiance 78%,A recalculer via player_scorers,0.418,0.582,0.4878,0.5122,"[('1-1', 0.1494), ('1-0', 0.1172), ('0-1', 0.1142), ('2-1', 0.088), ('1-2', 0.0838), ('2-0', 0.074), ('0-0', 0.0735), ('0-2', 0.0705), ('2-2', 0.0391), ('3-1', 0.029), ('1-3', 0.0267), ('3-0', 0.019)]",0.0,0.0,0.0,0.0,118.25
03/10/2026 01:08,WATCHLIST,2026-10-17T13:30:00Z,soccer_germany_bundesliga,the-odds-api,football,Hamburger SV,VfB Stuttgart,Away Win,VfB Stuttgart,0.6252676904765981,1.85,0.5405,0.1567,Moyenne,VALUE BET,True,100.0,3 - VALUE BET,MARCHE JUSTE,BOOST|GLOBAL_BOOST,+4.0% (17 obs),MEGA 70%/3% | SAFE 63%/1% | VALUE 58%/3%,WATCHLIST,watchlist prudente,Value positive 15.7% | Proba IA 62.5% | MARCHE JUSTE | Learning BOOST|GLOBAL_BOOST | Calibration +4.0% (17 obs) | Source the-odds-api,0.5,0.5,1.2,1.1,1.2,1.2,0,NO BET,7.43,0.1346,0.1844,0.0,1500.0,1500.0,65.0,0.922,1.439,0.2637,NO DRAW SIGNAL,0-1,13.75,1-1,13.62,1-0,10.53,SCORE POISSON + FORME - confiance 69%,A recalculer via player_scorers,0.4197,0.5803,0.4586,0.5414,"[('0-1', 0.1375), ('1-1', 0.1362), ('1-0', 0.1053), ('1-2', 0.095), ('0-2', 0.0939), ('2-1', 0.0762), ('0-0', 0.0705), ('2-0', 0.0578), ('2-2', 0.0356), ('1-3', 0.0325), ('3-1', 0.0232), ('0-3', 0.02)]",0.0,0.0,0.0,0.0,259.17
03/10/2026 01:08,WATCHLIST,2026-10-17T13:30:00Z,soccer_germany_bundesliga,the-odds-api,football,Hamburger SV,VfB Stuttgart,Draw,Draw,0.2988906154328509,4.2,0.2381,0.2553,A EVITER,NUL POSSIBLE,True,71.7,3B - NUL POSSIBLE,MARCHE JUSTE,BOOST|GLOBAL_BOOST,+3.7% (114 obs),MEGA 70%/3% | SAFE 63%/1% | VALUE 58%/3%,WATCHLIST,cote trop haute,Value positive 25.5% | Proba IA 29.9% | MARCHE JUSTE | Learning BOOST|GLOBAL_BOOST | Calibration +3.7% (114 obs) | Source the-odds-api,0.5,0.5,1.2,1.1,1.2,1.2,0,NO BET,7.43,0.1346,0.0798,0.0,1500.0,1500.0,65.0,0.922,1.439,0.2637,NO DRAW SIGNAL,0-1,13.75,1-1,13.62,1-0,10.53,SCORE POISSON + FORME - confiance 69%,A recalculer via player_scorers,0.4197,0.5803,0.4586,0.5414,"[('0-1', 0.1375), ('1-1', 0.1362), ('1-0', 0.1053), ('1-2', 0.095), ('0-2', 0.0939), ('2-1', 0.0762), ('0-0', 0.0705), ('2-0', 0.0578), ('2-2', 0.0356), ('1-3', 0.0325), ('3-1', 0.0232), ('0-3', 0.02)]",0.0,0.0,0.0,0.0,236.83
03/10/2026 01:08,WATCHLIST,2026-10-17T13:30:00Z,soccer_germany_bundesliga,the-odds-api,football,Hamburger SV,VfB Stuttgart,Home Win,Hamburger SV,0.28803765190950853,3.7,0.2703,0.0657,A EVITER,WATCHLIST,False,67.51,5 - WATCHLIST,MARCHE JUSTE,BOOST|GLOBAL_BOOST,+1.2% (35 obs),MEGA 70%/3% | SAFE 63%/1% | VALUE 58%/3%,WATCHLIST,cote trop haute,Value positive 6.6% | Proba IA 28.8% | MARCHE JUSTE | Learning BOOST|GLOBAL_BOOST | Calibration +1.2% (35 obs) | Source the-odds-api,0.5,0.5,1.2,1.1,1.2,1.2,0,NO BET,7.43,0.0,0.0,0.0,1500.0,1500.0,65.0,0.922,1.439,0.2637,NO DRAW SIGNAL,0-1,13.75,1-1,13.62,1-0,10.53,SCORE POISSON + FORME - confiance 69%,A recalculer via player_scorers,0.4197,0.5803,0.4586,0.5414,"[('0-1', 0.1375), ('1-1', 0.1362), ('1-0', 0.1053), ('1-2', 0.095), ('0-2', 0.0939), ('2-1', 0.0762), ('0-0', 0.0705), ('2-0', 0.0578), ('2-2', 0.0356), ('1-3', 0.0325), ('3-1', 0.0232), ('0-3', 0.02)]",0.0,0.0,0.0,0.0,148.35
03/10/2026 01:08,WATCHLIST,2026-10-17T13:30:00Z,soccer_germany_bundesliga,the-odds-api,football,Union Berlin,Borussia Dortmund,Draw,Draw,0.2999759117851852,4.4,0.2273,0.3199,A EVITER,NUL POSSIBLE,True,78.9,3B - NUL POSSIBLE,OK,BOOST|GLOBAL_BOOST,+3.7% (114 obs),MEGA 70%/3% | SAFE 63%/1% | VALUE 58%/3%,WATCHLIST,cote trop haute,Value positive 32.0% | Proba IA 30.0% | Learning BOOST|GLOBAL_BOOST | Calibration +3.7% (114 obs) | Source the-odds-api,0.33,0.5,1.62,1.1,2.0,1.2,1,NO BET,7.43,0.1346,0.0941,0.0,1457.6,1500.0,22.6,1.34,1.22,0.2796,NO DRAW SIGNAL,1-1,14.7,1-0,11.72,0-1,10.12,SCORE POISSON + FORME - confiance 84%,A recalculer via player_scorers,0.4642,0.5358,0.5229,0.4771,"[('1-1', 0.147), ('1-0', 0.1172), ('0-1', 0.1012), ('2-1', 0.0971), ('1-2', 0.0828), ('2-0', 0.0816), ('0-0', 0.0653), ('0-2', 0.062), ('2-2', 0.0425), ('3-1', 0.0341), ('1-3', 0.0262), ('3-0', 0.0212)]",0.0,0.0,0.0,0.0,275.32
03/10/2026 01:08,WATCHLIST,2026-10-17T13:30:00Z,soccer_germany_bundesliga,the-odds-api,football,Union Berlin,Borussia Dortmund,Away Win,Borussia Dortmund,0.629829191045459,1.72,0.5814,0.0833,Moyenne,VALUE BET,True,99.03,3 - VALUE BET,OK,BOOST|GLOBAL_BOOST,+4.0% (17 obs),MEGA 70%/3% | SAFE 63%/1% | VALUE 58%/3%,WATCHLIST,watchlist prudente,Value positive 8.3% | Proba IA 63.0% | Learning BOOST|GLOBAL_BOOST | Calibration +4.0% (17 obs) | Source the-odds-api,0.33,0.5,1.62,1.1,2.0,1.2,1,NO BET,7.43,0.1346,0.1157,0.0,1457.6,1500.0,22.6,1.34,1.22,0.2796,NO DRAW SIGNAL,1-1,14.7,1-0,11.72,0-1,10.12,SCORE POISSON + FORME - confiance 84%,A recalculer via player_scorers,0.4642,0.5358,0.5229,0.4771,"[('1-1', 0.147), ('1-0', 0.1172), ('0-1', 0.1012), ('2-1', 0.0971), ('1-2', 0.0828), ('2-0', 0.0816), ('0-0', 0.0653), ('0-2', 0.062), ('2-2', 0.0425), ('3-1', 0.0341), ('1-3', 0.0262), ('3-0', 0.0212)]",0.0,0.0,0.0,0.0,226.47
03/10/2026 01:08,NO BET,2026-10-17T13:30:00Z,soccer_germany_bundesliga,the-odds-api,football,Union Berlin,Borussia Dortmund,Home Win,Union Berlin,0.21586544447928122,4.6,0.2174,-0.007,A EVITER,NO BET,False,53.26,6 - NO BET,VALUE CLAIRE,BOOST|GLOBAL_BOOST,-5.0% (19 obs),MEGA 70%/3% | SAFE 63%/1% | VALUE 58%/3%,REFUSE,cote trop haute,Value negative ou nulle | Proba IA 21.6% | VALUE CLAIRE | Learning BOOST|GLOBAL_BOOST | Calibration -5.0% (19 obs) | Source the-odds-api,0.33,0.5,1.62,1.1,2.0,1.2,1,NO BET,7.43,0.0,0.0,0.0,1457.6,1500.0,22.6,1.34,1.22,0.2796,NO DRAW SIGNAL,1-1,14.7,1-0,11.72,0-1,10.12,SCORE POISSON + FORME - confiance 84%,A recalculer via player_scorers,0.4642,0.5358,0.5229,0.4771,"[('1-1', 0.147), ('1-0', 0.1172), ('0-1', 0.1012), ('2-1', 0.0971), ('1-2', 0.0828), ('2-0', 0.0816), ('0-0', 0.0653), ('0-2', 0.062), ('2-2', 0.0425), ('3-1', 0.0341), ('1-3', 0.0262), ('3-0', 0.0212)]",0.0,0.0,0.0,0.0,93.94
03/10/2026 01:08,WATCHLIST,2026-10-17T13:30:00Z,soccer_germany_bundesliga,the-odds-api,football,Werder Bremen,SC Paderborn,Away Win,SC Paderborn,0.3595602823404549,4.1,0.2439,0.4742,A EVITER,WATCHLIST,False,85.4,5 - WATCHLIST,VALUE CLAIRE,BOOST|GLOBAL_BOOST,+4.0% (64 obs),MEGA 70%/3% | SAFE 63%/1% | VALUE 58%/3%,WATCHLIST,cote trop haute,Value positive 47.4% | Proba IA 36.0% | VALUE CLAIRE | Learning BOOST|GLOBAL_BOOST | Calibration +4.0% (64 obs) | Source the-odds-api,0.29,0.5,1.0,1.1,1.62,1.2,1,NO BET,7.43,0.0,0.0,0.0,1441.0,1500.0,6.0,1.08,1.18,0.3024,NO DRAW SIGNAL,1-1,15.53,0-1,12.61,1-0,12.6,SCORE POISSON + FORME - confiance 84%,A recalculer via player_scorers,0.3859,0.6141,0.4606,0.5394,"[('1-1', 0.1553), ('0-1', 0.1261), ('1-0', 0.126), ('2-1', 0.0875), ('1-2', 0.0848), ('0-0', 0.0829), ('2-0', 0.0755), ('0-2', 0.0752), ('2-2', 0.0268), ('3-1', 0.0215), ('3-0', 0.0188), ('1-3', 0.0187)]",0.0,0.0,0.0,0.0,355.47
03/10/2026 01:08,WATCHLIST,2026-10-17T13:30:00Z,soccer_germany_bundesliga,the-odds-api,football,Werder Bremen,SC Paderborn,Draw,Draw,0.285107351758206,4.3,0.2326,0.226,A EVITER,NUL POSSIBLE,True,78.27,3B - NUL POSSIBLE,OK,BOOST|GLOBAL_BOOST,+1.2% (179 obs),MEGA 70%/3% | SAFE 63%/1% | VALUE 58%/3%,WATCHLIST,cote trop haute,Value positive 22.6% | Proba IA 28.5% | Learning BOOST|GLOBAL_BOOST | Calibration +1.2% (179 obs) | Source the-odds-api,0.29,0.5,1.0,1.1,1.62,1.2,1,NO BET,7.43,0.1346,0.0685,0.0,1441.0,1500.0,6.0,1.08,1.18,0.3024,DRAW POSSIBLE - tight 42%,1-1,15.53,0-1,12.61,1-0,12.6,SCORE POISSON + FORME - confiance 84%,A recalculer via player_scorers,0.3859,0.6141,0.4606,0.5394,"[('1-1', 0.1553), ('0-1', 0.1261), ('1-0', 0.126), ('2-1', 0.0875), ('1-2', 0.0848), ('0-0', 0.0829), ('2-0', 0.0755), ('0-2', 0.0752), ('2-2', 0.0268), ('3-1', 0.0215), ('3-0', 0.0188), ('1-3', 0.0187)]",0.0,0.0,0.0,0.0,232.96
03/10/2026 01:08,NO BET,2026-10-17T13:30:00Z,soccer_germany_bundesliga,the-odds-api,football,Werder Bremen,SC Paderborn,Home Win,Werder Bremen,0.4802436359079032,1.83,0.5464,-0.1212,A EVITER,NO BET,False,71.67,5 - WATCHLIST,OK,BOOST|GLOBAL_BOOST,-3.2% (50 obs),MEGA 70%/3% | SAFE 63%/1% | VALUE 58%/3%,REFUSE,value negative,Value negative ou nulle | Proba IA 48.0% | Learning BOOST|GLOBAL_BOOST | Calibration -3.2% (50 obs) | Source the-odds-api,0.29,0.5,1.0,1.1,1.62,1.2,1,NO BET,7.43,0.0,0.0,0.0,1441.0,1500.0,6.0,1.08,1.18,0.3024,NO DRAW SIGNAL,1-1,15.53,0-1,12.61,1-0,12.6,SCORE POISSON + FORME - confiance 84%,A recalculer via player_scorers,0.3859,0.6141,0.4606,0.5394,"[('1-1', 0.1553), ('0-1', 0.1261), ('1-0', 0.126), ('2-1', 0.0875), ('1-2', 0.0848), ('0-0', 0.0829), ('2-0', 0.0755), ('0-2', 0.0752), ('2-2', 0.0268), ('3-1', 0.0215), ('3-0', 0.0188), ('1-3', 0.0187)]",0.0,0.0,0.0,0.0,139.69
03/10/2026 01:08,WATCHLIST,2026-10-17T14:00:00Z,soccer_epl,the-odds-api,football,Brentford,Liverpool,Draw,Draw,0.32949597256867663,3.9,0.2564,0.285,A EVITER,NUL POSSIBLE,True,90.14,3B - NUL POSSIBLE,NUL SERRE,BOOST|GLOBAL_BOOST,+1.2% (179 obs),MEGA 70%/3% | SAFE 63%/1% | VALUE 58%/3%,WATCHLIST,cote trop haute,Value positive 28.5% | Proba IA 32.9% | NUL SERRE | Learning BOOST|GLOBAL_BOOST | Calibration +1.2% (179 obs) | Source the-odds-api,0.33,0.46,1.12,1.75,1.25,1.62,1,NO BET,7.43,0.1346,0.0983,0.0,1540.0,1586.0,19.0,1.32,1.26,0.2817,DRAW POSSIBLE - tight 73%,1-1,14.83,1-0,11.39,0-1,10.18,SCORE POISSON + FORME - confiance 84%,A recalculer via player_scorers,0.468,0.532,0.5282,0.4718,"[('1-1', 0.1483), ('1-0', 0.1139), ('0-1', 0.1018), ('2-1', 0.0956), ('1-2', 0.0844), ('2-0', 0.0789), ('0-0', 0.0651), ('0-2', 0.0642), ('2-2', 0.0431), ('3-1', 0.0335), ('1-3', 0.0273), ('3-0', 0.0206)]",0.0,0.0,0.0,0.0,279.04
03/10/2026 01:08,WATCHLIST,2026-10-17T14:00:00Z,soccer_epl,the-odds-api,football,Brentford,Liverpool,Home Win,Brentford,0.42272292923418825,2.8,0.3571,0.1836,A EVITER,WATCHLIST,False,96.87,5 - WATCHLIST,MARCHE JUSTE,BOOST|GLOBAL_BOOST,+4.0% (33 obs),MEGA 70%/3% | SAFE 63%/1% | VALUE 58%/3%,WATCHLIST,proba trop basse,Value positive 18.4% | Proba IA 42.3% | MARCHE JUSTE | Learning BOOST|GLOBAL_BOOST | Calibration +4.0% (33 obs) | Source the-odds-api,0.33,0.46,1.12,1.75,1.25,1.62,1,NO BET,7.43,0.0,0.0,0.0,1540.0,1586.0,19.0,1.32,1.26,0.2817,NO DRAW SIGNAL,1-1,14.83,1-0,11.39,0-1,10.18,SCORE POISSON + FORME - confiance 84%,A recalculer via player_scorers,0.468,0.532,0.5282,0.4718,"[('1-1', 0.1483), ('1-0', 0.1139), ('0-1', 0.1018), ('2-1', 0.0956), ('1-2', 0.0844), ('2-0', 0.0789), ('0-0', 0.0651), ('0-2', 0.0642), ('2-2', 0.0431), ('3-1', 0.0335), ('1-3', 0.0273), ('3-0', 0.0206)]",0.0,0.0,0.0,0.0,251.92
03/10/2026 01:08,NO BET,2026-10-17T14:00:00Z,soccer_epl,the-odds-api,football,Brentford,Liverpool,Away Win,Liverpool,0.37792032213011967,2.48,0.4032,-0.0628,A EVITER,NO BET,False,66.66,5 - WATCHLIST,OK,BOOST|GLOBAL_BOOST,-2.8% (18 obs),MEGA 70%/3% | SAFE 63%/1% | VALUE 58%/3%,REFUSE,value negative,Value negative ou nulle | Proba IA 37.8% | Learning BOOST|GLOBAL_BOOST | Calibration -2.8% (18 obs) | Source the-odds-api,0.33,0.46,1.12,1.75,1.25,1.62,1,NO BET,7.43,0.0,0.0,0.0,1540.0,1586.0,19.0,1.32,1.26,0.2817,NO DRAW SIGNAL,1-1,14.83,1-0,11.39,0-1,10.18,SCORE POISSON + FORME - confiance 84%,A recalculer via player_scorers,0.468,0.532,0.5282,0.4718,"[('1-1', 0.1483), ('1-0', 0.1139), ('0-1', 0.1018), ('2-1', 0.0956), ('1-2', 0.0844), ('2-0', 0.0789), ('0-0', 0.0651), ('0-2', 0.0642), ('2-2', 0.0431), ('3-1', 0.0335), ('1-3', 0.0273), ('3-0', 0.0206)]",0.0,0.0,0.0,0.0,125.11
03/10/2026 01:08,WATCHLIST,2026-10-17T14:00:00Z,soccer_epl,the-odds-api,football,Fulham,Hull City,Away Win,Hull City,0.2832691853262575,5.0,0.2,0.4163,A EVITER,WATCHLIST,False,82.2,5 - WATCHLIST,COTE HAUTE,BOOST|GLOBAL_BOOST,+4.0% (49 obs),MEGA 70%/3% | SAFE 63%/1% | VALUE 58%/3%,WATCHLIST,cote trop haute,Value positive 41.6% | Proba IA 28.3% | COTE HAUTE | Learning BOOST|GLOBAL_BOOST | Calibration +4.0% (49 obs) | Source the-odds-api,0.46,0.5,0.88,1.1,1.0,1.2,1,NO BET,7.43,0.0,0.0,0.0,1519.8,1500.0,84.8,1.15,0.94,0.3199,NO DRAW SIGNAL,1-1,14.91,1-0,14.76,0-0,12.34,SCORE POISSON + FORME - confiance 81%,A recalculer via player_scorers,0.3044,0.6956,0.3954,0.6046,"[('1-1', 0.1491), ('1-0', 0.1476), ('0-0', 0.1234), ('0-1', 0.1182), ('2-0', 0.0905), ('2-1', 0.0803), ('1-2', 0.0626), ('0-2', 0.059), ('2-2', 0.0226), ('3-1', 0.021), ('3-0', 0.0198), ('1-3', 0.0142)]",0.0,0.0,0.0,0.0,320.51
03/10/2026 01:08,WATCHLIST,2026-10-17T14:00:00Z,soccer_epl,the-odds-api,football,Fulham,Hull City,Draw,Draw,0.3000844414204186,4.1,0.2439,0.2303,A EVITER,NUL POSSIBLE,True,78.9,3B - NUL POSSIBLE,OK,BOOST|GLOBAL_BOOST,+1.2% (179 obs),MEGA 70%/3% | SAFE 63%/1% | VALUE 58%/3%,WATCHLIST,cote trop haute,Value positive 23.0% | Proba IA 30.0% | Learning BOOST|GLOBAL_BOOST | Calibration +1.2% (179 obs) | Source the-odds-api,0.46,0.5,0.88,1.1,1.0,1.2,1,NO BET,7.43,0.1346,0.0743,0.0,1519.8,1500.0,84.8,1.15,0.94,0.3199,DRAW POSSIBLE - tight 26%,1-1,14.91,1-0,14.76,0-0,12.34,SCORE POISSON + FORME - confiance 81%,A recalculer via player_scorers,0.3044,0.6956,0.3954,0.6046,"[('1-1', 0.1491), ('1-0', 0.1476), ('0-0', 0.1234), ('0-1', 0.1182), ('2-0', 0.0905), ('2-1', 0.0803), ('1-2', 0.0626), ('0-2', 0.059), ('2-2', 0.0226), ('3-1', 0.021), ('3-0', 0.0198), ('1-3', 0.0142)]",0.0,0.0,0.0,0.0,236.83
03/10/2026 01:08,NO BET,2026-10-17T14:00:00Z,soccer_epl,the-odds-api,football,Fulham,Hull City,Home Win,Fulham,0.5075931039867262,1.74,0.5747,-0.1168,Faible,NO BET,False,72.82,5 - WATCHLIST,OK,BOOST|GLOBAL_BOOST,-6.0% (26 obs),MEGA 70%/3% | SAFE 63%/1% | VALUE 58%/3%,REFUSE,value negative,Value negative ou nulle | Proba IA 50.8% | Learning BOOST|GLOBAL_BOOST | Calibration -6.0% (26 obs) | Source the-odds-api,0.46,0.5,0.88,1.1,1.0,1.2,1,NO BET,7.43,0.0,0.0,0.0,1519.8,1500.0,84.8,1.15,0.94,0.3199,NO DRAW SIGNAL,1-1,14.91,1-0,14.76,0-0,12.34,SCORE POISSON + FORME - confiance 81%,A recalculer via player_scorers,0.3044,0.6956,0.3954,0.6046,"[('1-1', 0.1491), ('1-0', 0.1476), ('0-0', 0.1234), ('0-1', 0.1182), ('2-0', 0.0905), ('2-1', 0.0803), ('1-2', 0.0626), ('0-2', 0.059), ('2-2', 0.0226), ('3-1', 0.021), ('3-0', 0.0198), ('1-3', 0.0142)]",0.0,0.0,0.0,0.0,143.31
03/10/2026 01:08,WATCHLIST,2026-10-17T14:00:00Z,soccer_epl,the-odds-api,football,Manchester City,Ipswich Town,Draw,Draw,0.17722889433618214,7.2,0.1389,0.276,A EVITER,WATCHLIST,False,66.59,5 - WATCHLIST,DRAW RISQUE,BOOST|GLOBAL_BOOST,+4.0% (36 obs),MEGA 70%/3% | SAFE 63%/1% | VALUE 58%/3%,WATCHLIST,cote trop haute,Value positive 27.6% | Proba IA 17.7% | DRAW RISQUE | Learning BOOST|GLOBAL_BOOST | Calibration +4.0% (36 obs) | Source the-odds-api,0.5,0.5,1.2,1.1,1.2,1.2,0,NO BET,7.43,0.0,0.0,0.0,1500.0,1500.0,65.0,2.811,0.25,0.0631,NO DRAW SIGNAL,2-0,22.09,3-0,21.2,4-0,13.66,SCORE POISSON + FORME - confiance 75%,A recalculer via player_scorers,0.6302,0.3698,0.1965,0.8035,"[('2-0', 0.2209), ('3-0', 0.212), ('4-0', 0.1366), ('1-0', 0.095), ('5-0', 0.0531), ('3-1', 0.046), ('2-1', 0.0458), ('1-1', 0.0261), ('4-1', 0.0249), ('6-0', 0.0248), ('0-0', 0.0219), ('0-1', 0.0154)]",0.0,0.0,0.0,0.0,229.66
03/10/2026 01:08,WATCHLIST,2026-10-17T14:00:00Z,soccer_epl,the-odds-api,football,Manchester City,Ipswich Town,Home Win,Manchester City,0.8193987460123546,1.25,0.8,0.0242,Elite,SAFE PICK,True,85.05,2 - SAFE PICK,OK,BOOST|GLOBAL_BOOST,-6.0% (16 obs),MEGA 70%/3% | SAFE 63%/1% | VALUE 58%/3%,WATCHLIST,watchlist prudente,Value positive 2.4% | Proba IA 81.9% | Learning BOOST|GLOBAL_BOOST | Calibration -6.0% (16 obs) | Source the-odds-api,0.5,0.5,1.2,1.1,1.2,1.2,0,NO BET,7.43,0.2692,0.097,0.0,1500.0,1500.0,65.0,2.811,0.25,0.0631,NO DRAW SIGNAL,2-0,22.09,3-0,21.2,4-0,13.66,SCORE POISSON + FORME - confiance 75%,A recalculer via player_scorers,0.6302,0.3698,0.1965,0.8035,"[('2-0', 0.2209), ('3-0', 0.212), ('4-0', 0.1366), ('1-0', 0.095), ('5-0', 0.0531), ('3-1', 0.046), ('2-1', 0.0458), ('1-1', 0.0261), ('4-1', 0.0249), ('6-0', 0.0248), ('0-0', 0.0219), ('0-1', 0.0154)]",0.0,0.0,0.0,0.0,193.66
03/10/2026 01:08,NO BET,2026-10-17T14:00:00Z,soccer_epl,the-odds-api,football,Manchester City,Ipswich Town,Away Win,Ipswich Town,0.06808039599024789,13.0,0.0769,-0.115,A EVITER,NO BET,False,29.21,6 - NO BET,COTE HAUTE,BOOST|GLOBAL_BOOST,-0.2% (13 obs),MEGA 70%/3% | SAFE 63%/1% | VALUE 58%/3%,REFUSE,cote trop haute,Value negative ou nulle | Proba IA 6.8% | COTE HAUTE | Learning BOOST|GLOBAL_BOOST | Calibration -0.2% (13 obs) | Source the-odds-api,0.5,0.5,1.2,1.1,1.2,1.2,0,NO BET,7.43,0.0,0.0,0.0,1500.0,1500.0,65.0,2.811,0.25,0.0631,NO DRAW SIGNAL,2-0,22.09,3-0,21.2,4-0,13.66,SCORE POISSON + FORME - confiance 75%,A recalculer via player_scorers,0.6302,0.3698,0.1965,0.8035,"[('2-0', 0.2209), ('3-0', 0.212), ('4-0', 0.1366), ('1-0', 0.095), ('5-0', 0.0531), ('3-1', 0.046), ('2-1', 0.0458), ('1-1', 0.0261), ('4-1', 0.0249), ('6-0', 0.0248), ('0-0', 0.0219), ('0-1', 0.0154)]",0.0,0.0,0.0,0.0,48.0
03/10/2026 01:08,WATCHLIST,2026-10-17T14:15:00Z,soccer_spain_la_liga,the-odds-api,football,Villarreal,Elche CF,Away Win,Elche CF,0.20606578819828797,6.6,0.1515,0.36,A EVITER,WATCHLIST,False,78.95,5 - WATCHLIST,COTE HAUTE,BOOST|GLOBAL_BOOST,+3.2% (24 obs),MEGA 70%/3% | SAFE 63%/1% | VALUE 58%/3%,WATCHLIST,cote trop haute,Value positive 36.0% | Proba IA 20.6% | COTE HAUTE | Learning BOOST|GLOBAL_BOOST | Calibration +3.2% (24 obs) | Source the-odds-api,0.58,0.5,2.25,1.1,1.38,1.2,1,NO BET,7.43,0.0,0.0,0.0,1603.5,1500.0,168.5,1.85,1.07,0.2239,NO DRAW SIGNAL,1-1,12.85,1-0,12.34,2-1,11.91,SCORE POISSON + FORME - confiance 84%,A recalculer via player_scorers,0.5578,0.4422,0.553,0.447,"[('1-1', 0.1285), ('1-0', 0.1234), ('2-1', 0.1191), ('2-0', 0.1073), ('0-1', 0.0751), ('1-2', 0.0715), ('3-1', 0.0598), ('2-2', 0.053), ('0-0', 0.0488), ('0-2', 0.0408), ('3-0', 0.0273), ('1-3', 0.0233)]",0.0,0.0,0.0,0.0,286.09
03/10/2026 01:08,WATCHLIST,2026-10-17T14:15:00Z,soccer_spain_la_liga,the-odds-api,football,Villarreal,Elche CF,Draw,Draw,0.26133936164208604,5.0,0.2,0.3067,A EVITER,WATCHLIST,False,77.28,5 - WATCHLIST,COTE HAUTE,BOOST|GLOBAL_BOOST,+3.7% (114 obs),MEGA 70%/3% | SAFE 63%/1% | VALUE 58%/3%,WATCHLIST,cote trop haute,Value positive 30.7% | Proba IA 26.1% | COTE HAUTE | Learning BOOST|GLOBAL_BOOST | Calibration +3.7% (114 obs) | Source the-odds-api,0.58,0.5,2.25,1.1,1.38,1.2,1,NO BET,7.43,0.0,0.0,0.0,1603.5,1500.0,168.5,1.85,1.07,0.2239,NO DRAW SIGNAL,1-1,12.85,1-0,12.34,2-1,11.91,SCORE POISSON + FORME - confiance 84%,A recalculer via player_scorers,0.5578,0.4422,0.553,0.447,"[('1-1', 0.1285), ('1-0', 0.1234), ('2-1', 0.1191), ('2-0', 0.1073), ('0-1', 0.0751), ('1-2', 0.0715), ('3-1', 0.0598), ('2-2', 0.053), ('0-0', 0.0488), ('0-2', 0.0408), ('3-0', 0.0273), ('1-3', 0.0233)]",0.0,0.0,0.0,0.0,264.55
03/10/2026 01:08,WATCHLIST,2026-10-17T14:15:00Z,soccer_spain_la_liga,the-odds-api,football,Villarreal,Elche CF,Home Win,Villarreal,0.6711472642834967,1.48,0.6757,-0.0067,Moyenne,WATCHLIST,False,90.42,5 - WATCHLIST,MARCHE JUSTE,BOOST|GLOBAL_BOOST,-2.9% (29 obs),MEGA 70%/3% | SAFE 63%/1% | VALUE 58%/3%,WATCHLIST,value negative,Value negative ou nulle | Proba IA 67.1% | MARCHE JUSTE | Learning BOOST|GLOBAL_BOOST | Calibration -2.9% (29 obs) | Source the-odds-api,0.58,0.5,2.25,1.1,1.38,1.2,1,NO BET,7.43,0.0,0.0,0.0,1603.5,1500.0,168.5,1.85,1.07,0.2239,NO DRAW SIGNAL,1-1,12.85,1-0,12.34,2-1,11.91,SCORE POISSON + FORME - confiance 84%,A recalculer via player_scorers,0.5578,0.4422,0.553,0.447,"[('1-1', 0.1285), ('1-0', 0.1234), ('2-1', 0.1191), ('2-0', 0.1073), ('0-1', 0.0751), ('1-2', 0.0715), ('3-1', 0.0598), ('2-2', 0.053), ('0-0', 0.0488), ('0-2', 0.0408), ('3-0', 0.0273), ('1-3', 0.0233)]",0.0,0.0,0.0,0.0,180.8
03/10/2026 01:08,WATCHLIST,2026-10-17T15:15:00Z,soccer_france_ligue_one,the-odds-api,football,Strasbourg,Paris Saint Germain,Home Win,Strasbourg,0.2961773745520153,6.5,0.1538,0.9252,A EVITER,WATCHLIST,False,82.74,5 - WATCHLIST,VALUE CLAIRE,BOOST|GLOBAL_BOOST,+1.2% (35 obs),MEGA 70%/3% | SAFE 63%/1% | VALUE 58%/3%,WATCHLIST,cote trop haute,Value positive 92.5% | Proba IA 29.6% | VALUE CLAIRE | Learning BOOST|GLOBAL_BOOST | Calibration +1.2% (35 obs) | Source the-odds-api,0.67,0.67,2.25,2.0,2.0,0.88,1,NO BET,7.43,0.0,0.0,0.0,1558.7,1500.0,123.7,1.57,1.24,0.2519,NO DRAW SIGNAL,1-1,13.82,1-0,11.45,2-1,10.76,SCORE POISSON + FORME - confiance 84%,A recalculer via player_scorers,0.5296,0.4704,0.5632,0.4368,"[('1-1', 0.1382), ('1-0', 0.1145), ('2-1', 0.1076), ('0-1', 0.0889), ('2-0', 0.088), ('1-2', 0.0828), ('0-0', 0.0548), ('0-2', 0.0546), ('2-2', 0.046), ('3-1', 0.0408), ('1-3', 0.0262), ('3-0', 0.0237)]",0.0,0.0,0.0,0.0,541.0
03/10/2026 01:08,WATCHLIST,2026-10-17T15:15:00Z,soccer_france_ligue_one,the-odds-api,football,Strasbourg,Paris Saint Germain,Away Win,Paris Saint Germain,0.6643825578545798,1.42,0.7042,-0.0566,Moyenne,WATCHLIST,False,84.4,5 - WATCHLIST,OK,BOOST|GLOBAL_BOOST,+4.0% (17 obs),MEGA 70%/3% | SAFE 63%/1% | VALUE 58%/3%,WATCHLIST,value negative,Value negative ou nulle | Proba IA 66.4% | Learning BOOST|GLOBAL_BOOST | Calibration +4.0% (17 obs) | Source the-odds-api,0.67,0.67,2.25,2.0,2.0,0.88,1,NO BET,7.43,0.0,0.0,0.0,1558.7,1500.0,123.7,1.57,1.24,0.2519,NO DRAW SIGNAL,1-1,13.82,1-0,11.45,2-1,10.76,SCORE POISSON + FORME - confiance 84%,A recalculer via player_scorers,0.5296,0.4704,0.5632,0.4368,"[('1-1', 0.1382), ('1-0', 0.1145), ('2-1', 0.1076), ('0-1', 0.0889), ('2-0', 0.088), ('1-2', 0.0828), ('0-0', 0.0548), ('0-2', 0.0546), ('2-2', 0.046), ('3-1', 0.0408), ('1-3', 0.0262), ('3-0', 0.0237)]",0.0,0.0,0.0,0.0,171.42
03/10/2026 01:08,NO BET,2026-10-17T15:15:00Z,soccer_france_ligue_one,the-odds-api,football,Strasbourg,Paris Saint Germain,Draw,Draw,0.16474798628433832,5.5,0.1818,-0.0939,A EVITER,NO BET,False,37.12,6 - NO BET,COTE HAUTE,BOOST|GLOBAL_BOOST,-4.5% (32 obs),MEGA 70%/3% | SAFE 63%/1% | VALUE 58%/3%,REFUSE,cote trop haute,Value negative ou nulle | Proba IA 16.5% | COTE HAUTE | Learning BOOST|GLOBAL_BOOST | Calibration -4.5% (32 obs) | Source the-odds-api,0.67,0.67,2.25,2.0,2.0,0.88,1,NO BET,7.43,0.0,0.0,0.0,1558.7,1500.0,123.7,1.57,1.24,0.2519,NO DRAW SIGNAL,1-1,13.82,1-0,11.45,2-1,10.76,SCORE POISSON + FORME - confiance 84%,A recalculer via player_scorers,0.5296,0.4704,0.5632,0.4368,"[('1-1', 0.1382), ('1-0', 0.1145), ('2-1', 0.1076), ('0-1', 0.0889), ('2-0', 0.088), ('1-2', 0.0828), ('0-0', 0.0548), ('0-2', 0.0546), ('2-2', 0.046), ('3-1', 0.0408), ('1-3', 0.0262), ('3-0', 0.0237)]",0.0,0.0,0.0,0.0,66.47
03/10/2026 01:08,WATCHLIST,2026-10-17T16:00:00Z,soccer_italy_serie_a,the-odds-api,football,Bologna,Inter Milan,Draw,Draw,0.31061181603806076,4.33,0.2309,0.3449,A EVITER,NUL POSSIBLE,True,79.35,3B - NUL POSSIBLE,OK,BOOST|GLOBAL_BOOST,+3.7% (114 obs),MEGA 70%/3% | SAFE 63%/1% | VALUE 58%/3%,WATCHLIST,cote trop haute,Value positive 34.5% | Proba IA 31.1% | Learning BOOST|GLOBAL_BOOST | Calibration +3.7% (114 obs) | Source the-odds-api,0.58,0.5,1.38,1.1,1.25,1.2,1,NO BET,7.43,0.1346,0.1036,0.0,1537.9,1500.0,102.9,1.2,1.08,0.2995,DRAW POSSIBLE - tight 30%,1-1,15.48,1-0,13.48,0-1,11.62,SCORE POISSON + FORME - confiance 84%,A recalculer via player_scorers,0.3916,0.6084,0.4644,0.5356,"[('1-1', 0.1548), ('1-0', 0.1348), ('0-1', 0.1162), ('2-1', 0.0942), ('2-0', 0.0862), ('0-0', 0.0816), ('1-2', 0.0795), ('0-2', 0.0647), ('2-2', 0.027), ('3-1', 0.0234), ('3-0', 0.0209), ('1-3', 0.0172)]",0.0,0.0,0.0,0.0,287.51
03/10/2026 01:08,WATCHLIST,2026-10-17T16:00:00Z,soccer_italy_serie_a,the-odds-api,football,Bologna,Inter Milan,Away Win,Inter Milan,0.6527507314039847,1.67,0.5988,0.0901,Moyenne,SAFE PICK,True,100.0,2 - SAFE PICK,OK,BOOST|GLOBAL_BOOST,+4.0% (17 obs),MEGA 70%/3% | SAFE 63%/1% | VALUE 58%/3%,WATCHLIST,watchlist prudente,Value positive 9.0% | Proba IA 65.3% | Learning BOOST|GLOBAL_BOOST | Calibration +4.0% (17 obs) | Source the-odds-api,0.58,0.5,1.38,1.1,1.25,1.2,1,NO BET,7.43,0.2692,0.1345,0.0,1537.9,1500.0,102.9,1.2,1.08,0.2995,NO DRAW SIGNAL,1-1,15.48,1-0,13.48,0-1,11.62,SCORE POISSON + FORME - confiance 84%,A recalculer via player_scorers,0.3916,0.6084,0.4644,0.5356,"[('1-1', 0.1548), ('1-0', 0.1348), ('0-1', 0.1162), ('2-1', 0.0942), ('2-0', 0.0862), ('0-0', 0.0816), ('1-2', 0.0795), ('0-2', 0.0647), ('2-2', 0.027), ('3-1', 0.0234), ('3-0', 0.0209), ('1-3', 0.0172)]",0.0,0.0,0.0,0.0,232.43
03/10/2026 01:08,NO BET,2026-10-17T16:00:00Z,soccer_italy_serie_a,the-odds-api,football,Bologna,Inter Milan,Home Win,Bologna,0.18352361317972074,5.3,0.1887,-0.0273,A EVITER,NO BET,False,49.57,6 - NO BET,COTE HAUTE,BOOST|GLOBAL_BOOST,-5.0% (19 obs),MEGA 70%/3% | SAFE 63%/1% | VALUE 58%/3%,REFUSE,cote trop haute,Value negative ou nulle | Proba IA 18.4% | COTE HAUTE | Learning BOOST|GLOBAL_BOOST | Calibration -5.0% (19 obs) | Source the-odds-api,0.58,0.5,1.38,1.1,1.25,1.2,1,NO BET,7.43,0.0,0.0,0.0,1537.9,1500.0,102.9,1.2,1.08,0.2995,NO DRAW SIGNAL,1-1,15.48,1-0,13.48,0-1,11.62,SCORE POISSON + FORME - confiance 84%,A recalculer via player_scorers,0.3916,0.6084,0.4644,0.5356,"[('1-1', 0.1548), ('1-0', 0.1348), ('0-1', 0.1162), ('2-1', 0.0942), ('2-0', 0.0862), ('0-0', 0.0816), ('1-2', 0.0795), ('0-2', 0.0647), ('2-2', 0.027), ('3-1', 0.0234), ('3-0', 0.0209), ('1-3', 0.0172)]",0.0,0.0,0.0,0.0,86.21
03/10/2026 01:08,WATCHLIST,2026-10-17T16:30:00Z,soccer_epl,the-odds-api,football,Newcastle United,Aston Villa,Away Win,Aston Villa,0.3824818226989805,3.25,0.3077,0.2431,A EVITER,WATCHLIST,False,99.36,5 - WATCHLIST,MARCHE JUSTE,BOOST|GLOBAL_BOOST,+4.0% (64 obs),MEGA 70%/3% | SAFE 63%/1% | VALUE 58%/3%,WATCHLIST,cote trop haute,Value positive 24.3% | Proba IA 38.2% | MARCHE JUSTE | Learning BOOST|GLOBAL_BOOST | Calibration +4.0% (64 obs) | Source the-odds-api,0.5,0.58,1.2,2.0,1.2,1.5,1,NO BET,7.43,0.0,0.0,0.0,1500.0,1588.6,-23.6,1.34,1.2,0.2797,NO DRAW SIGNAL,1-1,14.67,1-0,11.89,0-1,10.14,SCORE POISSON + FORME - confiance 84%,A recalculer via player_scorers,0.4595,0.5405,0.5183,0.4817,"[('1-1', 0.1467), ('1-0', 0.1189), ('0-1', 0.1014), ('2-1', 0.0973), ('2-0', 0.0826), ('1-2', 0.0819), ('0-0', 0.0659), ('0-2', 0.0613), ('2-2', 0.042), ('3-1', 0.0341), ('1-3', 0.0257), ('3-0', 0.0213)]",0.0,0.0,0.0,0.0,278.34
03/10/2026 01:08,WATCHLIST,2026-10-17T16:30:00Z,soccer_epl,the-odds-api,football,Newcastle United,Aston Villa,Home Win,Newcastle United,0.5281052050458434,2.15,0.4651,0.1354,Faible,WATCHLIST,False,100.0,5 - WATCHLIST,MARCHE JUSTE,BOOST|GLOBAL_BOOST,+3.9% (57 obs),MEGA 70%/3% | SAFE 63%/1% | VALUE 58%/3%,WATCHLIST,proba trop basse,Value positive 13.5% | Proba IA 52.8% | MARCHE JUSTE | Learning BOOST|GLOBAL_BOOST | Calibration +3.9% (57 obs) | Source the-odds-api,0.5,0.58,1.2,2.0,1.2,1.5,1,NO BET,7.43,0.0,0.0,0.0,1500.0,1588.6,-23.6,1.34,1.2,0.2797,NO DRAW SIGNAL,1-1,14.67,1-0,11.89,0-1,10.14,SCORE POISSON + FORME - confiance 84%,A recalculer via player_scorers,0.4595,0.5405,0.5183,0.4817,"[('1-1', 0.1467), ('1-0', 0.1189), ('0-1', 0.1014), ('2-1', 0.0973), ('2-0', 0.0826), ('1-2', 0.0819), ('0-0', 0.0659), ('0-2', 0.0613), ('2-2', 0.042), ('3-1', 0.0341), ('1-3', 0.0257), ('3-0', 0.0213)]",0.0,0.0,0.0,0.0,243.2
03/10/2026 01:08,WATCHLIST,2026-10-17T16:30:00Z,soccer_epl,the-odds-api,football,Newcastle United,Aston Villa,Draw,Draw,0.292270307683612,3.95,0.2532,0.1545,A EVITER,NUL POSSIBLE,True,81.04,3B - NUL POSSIBLE,MARCHE JUSTE,BOOST|GLOBAL_BOOST,+1.2% (179 obs),MEGA 70%/3% | SAFE 63%/1% | VALUE 58%/3%,WATCHLIST,cote trop haute,Value positive 15.4% | Proba IA 29.2% | MARCHE JUSTE | Learning BOOST|GLOBAL_BOOST | Calibration +1.2% (179 obs) | Source the-odds-api,0.5,0.58,1.2,2.0,1.2,1.5,1,NO BET,7.43,0.1346,0.0524,0.0,1500.0,1588.6,-23.6,1.34,1.2,0.2797,NO DRAW SIGNAL,1-1,14.67,1-0,11.89,0-1,10.14,SCORE POISSON + FORME - confiance 84%,A recalculer via player_scorers,0.4595,0.5405,0.5183,0.4817,"[('1-1', 0.1467), ('1-0', 0.1189), ('0-1', 0.1014), ('2-1', 0.0973), ('2-0', 0.0826), ('1-2', 0.0819), ('0-0', 0.0659), ('0-2', 0.0613), ('2-2', 0.042), ('3-1', 0.0341), ('1-3', 0.0257), ('3-0', 0.0213)]",0.0,0.0,0.0,0.0,206.82
03/10/2026 01:08,WATCHLIST,2026-10-17T16:30:00Z,soccer_germany_bundesliga,the-odds-api,football,Bayern Munich,RB Leipzig,Away Win,RB Leipzig,0.17345105913093303,10.0,0.1,0.7345,A EVITER,WATCHLIST,False,77.58,5 - WATCHLIST,COTE HAUTE,BOOST|GLOBAL_BOOST,+3.2% (24 obs),MEGA 70%/3% | SAFE 63%/1% | VALUE 58%/3%,WATCHLIST,cote trop haute,Value positive 73.5% | Proba IA 17.3% | COTE HAUTE | Learning BOOST|GLOBAL_BOOST | Calibration +3.2% (24 obs) | Source the-odds-api,0.92,0.75,3.62,2.25,1.38,1.5,1,NO BET,7.43,0.0,0.0,0.0,1743.4,1580.4,228.1,2.48,1.45,0.1619,NO DRAW SIGNAL,2-1,12.93,3-1,9.47,1-1,9.0,SCORE POISSON + FORME - confiance 84%,A recalculer via player_scorers,0.7899,0.2101,0.7246,0.2754,"[('2-1', 0.1293), ('3-1', 0.0947), ('1-1', 0.09), ('2-0', 0.0873), ('1-2', 0.0764), ('2-2', 0.0721), ('3-2', 0.0509), ('1-3', 0.0334), ('0-2', 0.0314), ('1-0', 0.0309), ('4-2', 0.0307), ('2-3', 0.0301)]",0.0,0.0,0.0,0.0,442.8
03/10/2026 01:08,WATCHLIST,2026-10-17T16:30:00Z,soccer_germany_bundesliga,the-odds-api,football,Bayern Munich,RB Leipzig,Draw,Draw,0.19936893992380073,7.4,0.1351,0.4753,A EVITER,WATCHLIST,False,74.67,5 - WATCHLIST,DRAW RISQUE,BOOST|GLOBAL_BOOST,+4.0% (36 obs),MEGA 70%/3% | SAFE 63%/1% | VALUE 58%/3%,WATCHLIST,cote trop haute,Value positive 47.5% | Proba IA 19.9% | DRAW RISQUE | Learning BOOST|GLOBAL_BOOST | Calibration +4.0% (36 obs) | Source the-odds-api,0.92,0.75,3.62,2.25,1.38,1.5,1,NO BET,7.43,0.0,0.0,0.0,1743.4,1580.4,228.1,2.48,1.45,0.1619,NO DRAW SIGNAL,2-1,12.93,3-1,9.47,1-1,9.0,SCORE POISSON + FORME - confiance 84%,A recalculer via player_scorers,0.7899,0.2101,0.7246,0.2754,"[('2-1', 0.1293), ('3-1', 0.0947), ('1-1', 0.09), ('2-0', 0.0873), ('1-2', 0.0764), ('2-2', 0.0721), ('3-2', 0.0509), ('1-3', 0.0334), ('0-2', 0.0314), ('1-0', 0.0309), ('4-2', 0.0307), ('2-3', 0.0301)]",0.0,0.0,0.0,0.0,328.86
03/10/2026 01:08,MEGA VALUE,2026-10-17T16:30:00Z,soccer_germany_bundesliga,the-odds-api,football,Bayern Munich,RB Leipzig,Home Win,Bayern Munich,0.842515558317074,1.28,0.7812,0.0784,Elite,MEGA VALUE,True,99.4,1 - MEGA VALUE,OK,BOOST|GLOBAL_BOOST,+4.0% (27 obs),MEGA 70%/3% | SAFE 63%/1% | VALUE 58%/3%,JOUABLE,ok,Value positive 7.8% | Proba IA 84.3% | Mode MEGA VALUE | Learning BOOST|GLOBAL_BOOST | Calibration +4.0% (27 obs) | Source the-odds-api,0.92,0.75,3.62,2.25,1.38,1.5,1,VALUE BET,7.43,0.4038,0.22,3.0,1743.4,1580.4,228.1,2.48,1.45,0.1619,NO DRAW SIGNAL,2-1,12.93,3-1,9.47,1-1,9.0,SCORE POISSON + FORME - confiance 84%,A recalculer via player_scorers,0.7899,0.2101,0.7246,0.2754,"[('2-1', 0.1293), ('3-1', 0.0947), ('1-1', 0.09), ('2-0', 0.0873), ('1-2', 0.0764), ('2-2', 0.0721), ('3-2', 0.0509), ('1-3', 0.0334), ('0-2', 0.0314), ('1-0', 0.0309), ('4-2', 0.0307), ('2-3', 0.0301)]",0.0,0.0,0.0,0.0,239.81
03/10/2026 01:08,WATCHLIST,2026-10-17T16:30:00Z,soccer_spain_la_liga,the-odds-api,football,Real Betis,Barcelona,Draw,Draw,0.25906023930218414,6.0,0.1667,0.5544,A EVITER,WATCHLIST,False,77.18,5 - WATCHLIST,VALUE CLAIRE,BOOST|GLOBAL_BOOST,+3.7% (114 obs),MEGA 70%/3% | SAFE 63%/1% | VALUE 58%/3%,WATCHLIST,cote trop haute,Value positive 55.4% | Proba IA 25.9% | VALUE CLAIRE | Learning BOOST|GLOBAL_BOOST | Calibration +3.7% (114 obs) | Source the-odds-api,0.5,0.75,1.2,1.88,1.2,0.88,1,NO BET,7.43,0.0,0.0,0.0,1500.0,1721.2,-156.2,1.13,1.3,0.2852,DRAW POSSIBLE - tight 21%,1-1,14.67,0-1,11.66,1-0,11.3,SCORE POISSON + FORME - confiance 84%,A recalculer via player_scorers,0.4318,0.5682,0.4947,0.5053,"[('1-1', 0.1467), ('0-1', 0.1166), ('1-0', 0.113), ('1-2', 0.0877), ('2-1', 0.087), ('0-2', 0.0747), ('0-0', 0.0704), ('2-0', 0.0703), ('2-2', 0.0396), ('1-3', 0.0287), ('3-1', 0.0284), ('3-0', 0.0184)]",0.0,0.0,0.0,0.0,370.74
03/10/2026 01:08,WATCHLIST,2026-10-17T16:30:00Z,soccer_spain_la_liga,the-odds-api,football,Real Betis,Barcelona,Away Win,Barcelona,0.665751008025238,1.5,0.6667,-0.0014,Moyenne,WATCHLIST,False,90.8,5 - WATCHLIST,OK,BOOST|GLOBAL_BOOST,-1.6% (36 obs),MEGA 70%/3% | SAFE 63%/1% | VALUE 58%/3%,WATCHLIST,value negative,Value negative ou nulle | Proba IA 66.6% | Learning BOOST|GLOBAL_BOOST | Calibration -1.6% (36 obs) | Source the-odds-api,0.5,0.75,1.2,1.88,1.2,0.88,1,NO BET,7.43,0.0,0.0,0.0,1500.0,1721.2,-156.2,1.13,1.3,0.2852,NO DRAW SIGNAL,1-1,14.67,0-1,11.66,1-0,11.3,SCORE POISSON + FORME - confiance 84%,A recalculer via player_scorers,0.4318,0.5682,0.4947,0.5053,"[('1-1', 0.1467), ('0-1', 0.1166), ('1-0', 0.113), ('1-2', 0.0877), ('2-1', 0.087), ('0-2', 0.0747), ('0-0', 0.0704), ('2-0', 0.0703), ('2-2', 0.0396), ('1-3', 0.0287), ('3-1', 0.0284), ('3-0', 0.0184)]",0.0,0.0,0.0,0.0,180.99
03/10/2026 01:08,NO BET,2026-10-17T16:30:00Z,soccer_spain_la_liga,the-odds-api,football,Real Betis,Barcelona,Home Win,Real Betis,0.16984887914030927,5.6,0.1786,-0.0488,A EVITER,NO BET,False,46.52,6 - NO BET,COTE HAUTE,BOOST|GLOBAL_BOOST,-4.3% (77 obs),MEGA 70%/3% | SAFE 63%/1% | VALUE 58%/3%,REFUSE,cote trop haute,Value negative ou nulle | Proba IA 17.0% | COTE HAUTE | Learning BOOST|GLOBAL_BOOST | Calibration -4.3% (77 obs) | Source the-odds-api,0.5,0.75,1.2,1.88,1.2,0.88,1,NO BET,7.43,0.0,0.0,0.0,1500.0,1721.2,-156.2,1.13,1.3,0.2852,NO DRAW SIGNAL,1-1,14.67,0-1,11.66,1-0,11.3,SCORE POISSON + FORME - confiance 84%,A recalculer via player_scorers,0.4318,0.5682,0.4947,0.5053,"[('1-1', 0.1467), ('0-1', 0.1166), ('1-0', 0.113), ('1-2', 0.0877), ('2-1', 0.087), ('0-2', 0.0747), ('0-0', 0.0704), ('2-0', 0.0703), ('2-2', 0.0396), ('1-3', 0.0287), ('3-1', 0.0284), ('3-0', 0.0184)]",0.0,0.0,0.0,0.0,80.74
03/10/2026 01:08,WATCHLIST,2026-10-17T18:45:00Z,soccer_france_ligue_one,the-odds-api,football,Lille,Brest,Draw,Draw,0.28521588139343945,4.2,0.2381,0.1979,A EVITER,NUL POSSIBLE,True,75.74,3B - NUL POSSIBLE,MARCHE JUSTE,BOOST|GLOBAL_BOOST,+3.7% (114 obs),MEGA 70%/3% | SAFE 63%/1% | VALUE 58%/3%,WATCHLIST,cote trop haute,Value positive 19.8% | Proba IA 28.5% | MARCHE JUSTE | Learning BOOST|GLOBAL_BOOST | Calibration +3.7% (114 obs) | Source the-odds-api,0.71,0.12,1.5,1.12,0.5,2.38,1,NO BET,7.43,0.1346,0.0618,0.0,1595.4,1474.9,185.5,1.56,0.61,0.2209,NO DRAW SIGNAL,1-0,20.87,2-0,15.73,1-1,11.87,SCORE POISSON + FORME - confiance 84%,A recalculer via player_scorers,0.3777,0.6223,0.3534,0.6466,"[('1-0', 0.2087), ('2-0', 0.1573), ('1-1', 0.1187), ('2-1', 0.108), ('0-1', 0.0896), ('0-0', 0.0805), ('1-2', 0.0485), ('3-0', 0.033), ('0-2', 0.0322), ('3-1', 0.0257), ('2-2', 0.0175), ('1-3', 0.009)]",0.0,0.0,0.0,0.0,217.16
03/10/2026 01:08,WATCHLIST,2026-10-17T18:45:00Z,soccer_france_ligue_one,the-odds-api,football,Lille,Brest,Home Win,Lille,0.6297974732595621,1.62,0.6173,0.0203,Moyenne,WATCHLIST,False,91.78,5 - WATCHLIST,OK,BOOST|GLOBAL_BOOST,-2.9% (29 obs),MEGA 70%/3% | SAFE 63%/1% | VALUE 58%/3%,WATCHLIST,watchlist prudente,Value positive 2.0% | Proba IA 63.0% | Learning BOOST|GLOBAL_BOOST | Calibration -2.9% (29 obs) | Source the-odds-api,0.71,0.12,1.5,1.12,0.5,2.38,1,NO BET,7.43,0.0,0.0,0.0,1595.4,1474.9,185.5,1.56,0.61,0.2209,NO DRAW SIGNAL,1-0,20.87,2-0,15.73,1-1,11.87,SCORE POISSON + FORME - confiance 84%,A recalculer via player_scorers,0.3777,0.6223,0.3534,0.6466,"[('1-0', 0.2087), ('2-0', 0.1573), ('1-1', 0.1187), ('2-1', 0.108), ('0-1', 0.0896), ('0-0', 0.0805), ('1-2', 0.0485), ('3-0', 0.033), ('0-2', 0.0322), ('3-1', 0.0257), ('2-2', 0.0175), ('1-3', 0.009)]",0.0,0.0,0.0,0.0,188.64
03/10/2026 01:08,NO BET,2026-10-17T18:45:00Z,soccer_france_ligue_one,the-odds-api,football,Lille,Brest,Away Win,Brest,0.153950644199053,5.25,0.1905,-0.1918,A EVITER,NO BET,False,39.97,6 - NO BET,COTE HAUTE,BOOST|GLOBAL_BOOST,-3.0% (36 obs),MEGA 70%/3% | SAFE 63%/1% | VALUE 58%/3%,REFUSE,cote trop haute,Value negative ou nulle | Proba IA 15.4% | COTE HAUTE | Learning BOOST|GLOBAL_BOOST | Calibration -3.0% (36 obs) | Source the-odds-api,0.71,0.12,1.5,1.12,0.5,2.38,1,NO BET,7.43,0.0,0.0,0.0,1595.4,1474.9,185.5,1.56,0.61,0.2209,NO DRAW SIGNAL,1-0,20.87,2-0,15.73,1-1,11.87,SCORE POISSON + FORME - confiance 84%,A recalculer via player_scorers,0.3777,0.6223,0.3534,0.6466,"[('1-0', 0.2087), ('2-0', 0.1573), ('1-1', 0.1187), ('2-1', 0.108), ('0-1', 0.0896), ('0-0', 0.0805), ('1-2', 0.0485), ('3-0', 0.033), ('0-2', 0.0322), ('3-1', 0.0257), ('2-2', 0.0175), ('1-3', 0.009)]",0.0,0.0,0.0,0.0,69.93
03/10/2026 01:08,WATCHLIST,2026-10-17T18:45:00Z,soccer_france_ligue_one,the-odds-api,football,Troyes,RC Lens,Away Win,RC Lens,0.6400925673253959,1.81,0.5525,0.1586,Moyenne,SAFE PICK,True,100.0,2 - SAFE PICK,MARCHE JUSTE,BOOST|GLOBAL_BOOST,+4.0% (17 obs),MEGA 70%/3% | SAFE 63%/1% | VALUE 58%/3%,WATCHLIST,watchlist prudente,Value positive 15.9% | Proba IA 64.0% | MARCHE JUSTE | Learning BOOST|GLOBAL_BOOST | Calibration +4.0% (17 obs) | Source the-odds-api,0.5,0.5,1.2,1.1,1.2,1.2,0,NO BET,7.43,0.2692,0.1958,0.0,1500.0,1500.0,65.0,0.871,1.472,0.2609,NO DRAW SIGNAL,0-1,14.23,1-1,13.48,1-0,10.27,SCORE POISSON + FORME - confiance 74%,A recalculer via player_scorers,0.415,0.585,0.4472,0.5528,"[('0-1', 0.1423), ('1-1', 0.1348), ('1-0', 0.1027), ('0-2', 0.0991), ('1-2', 0.0956), ('2-1', 0.0729), ('0-0', 0.0716), ('2-0', 0.0549), ('2-2', 0.0346), ('1-3', 0.0332), ('3-1', 0.0221), ('0-3', 0.0212)]",0.0,0.0,0.0,0.0,260.99
03/10/2026 01:08,WATCHLIST,2026-10-17T18:45:00Z,soccer_france_ligue_one,the-odds-api,football,Troyes,RC Lens,Draw,Draw,0.3059450417230235,4.0,0.25,0.2238,A EVITER,NUL POSSIBLE,True,82.0,3B - NUL POSSIBLE,MARCHE JUSTE,BOOST|GLOBAL_BOOST,+3.7% (114 obs),MEGA 70%/3% | SAFE 63%/1% | VALUE 58%/3%,WATCHLIST,cote trop haute,Value positive 22.4% | Proba IA 30.6% | MARCHE JUSTE | Learning BOOST|GLOBAL_BOOST | Calibration +3.7% (114 obs) | Source the-odds-api,0.5,0.5,1.2,1.1,1.2,1.2,0,NO BET,7.43,0.1346,0.0746,0.0,1500.0,1500.0,65.0,0.871,1.472,0.2609,NO DRAW SIGNAL,0-1,14.23,1-1,13.48,1-0,10.27,SCORE POISSON + FORME - confiance 74%,A recalculer via player_scorers,0.415,0.585,0.4472,0.5528,"[('0-1', 0.1423), ('1-1', 0.1348), ('1-0', 0.1027), ('0-2', 0.0991), ('1-2', 0.0956), ('2-1', 0.0729), ('0-0', 0.0716), ('2-0', 0.0549), ('2-2', 0.0346), ('1-3', 0.0332), ('3-1', 0.0221), ('0-3', 0.0212)]",0.0,0.0,0.0,0.0,239.0
03/10/2026 01:08,NO BET,2026-10-17T18:45:00Z,soccer_france_ligue_one,the-odds-api,football,Troyes,RC Lens,Home Win,Troyes,0.2002371770056681,4.0,0.25,-0.1991,A EVITER,NO BET,False,44.76,6 - NO BET,MARCHE JUSTE,BOOST|GLOBAL_BOOST,-5.0% (19 obs),MEGA 70%/3% | SAFE 63%/1% | VALUE 58%/3%,REFUSE,cote trop haute,Value negative ou nulle | Proba IA 20.0% | MARCHE JUSTE | Learning BOOST|GLOBAL_BOOST | Calibration -5.0% (19 obs) | Source the-odds-api,0.5,0.5,1.2,1.1,1.2,1.2,0,NO BET,7.43,0.0,0.0,0.0,1500.0,1500.0,65.0,0.871,1.472,0.2609,NO DRAW SIGNAL,0-1,14.23,1-1,13.48,1-0,10.27,SCORE POISSON + FORME - confiance 74%,A recalculer via player_scorers,0.415,0.585,0.4472,0.5528,"[('0-1', 0.1423), ('1-1', 0.1348), ('1-0', 0.1027), ('0-2', 0.0991), ('1-2', 0.0956), ('2-1', 0.0729), ('0-0', 0.0716), ('2-0', 0.0549), ('2-2', 0.0346), ('1-3', 0.0332), ('3-1', 0.0221), ('0-3', 0.0212)]",0.0,0.0,0.0,0.0,80.26
03/10/2026 01:08,WATCHLIST,2026-10-17T18:45:00Z,soccer_italy_serie_a,the-odds-api,football,AS Roma,Genoa,Away Win,Genoa,0.17253875901716084,11.0,0.0909,0.8979,A EVITER,WATCHLIST,False,77.55,5 - WATCHLIST,COTE HAUTE,BOOST|GLOBAL_BOOST,+3.2% (24 obs),MEGA 70%/3% | SAFE 63%/1% | VALUE 58%/3%,WATCHLIST,cote trop haute,Value positive 89.8% | Proba IA 17.3% | COTE HAUTE | Learning BOOST|GLOBAL_BOOST | Calibration +3.2% (24 obs) | Source the-odds-api,0.5,0.33,1.2,0.62,1.2,1.12,1,NO BET,7.43,0.0,0.0,0.0,1500.0,1462.0,103.0,1.18,0.78,0.3139,NO DRAW SIGNAL,1-0,17.1,1-1,14.11,0-0,13.54,SCORE POISSON + FORME - confiance 84%,A recalculer via player_scorers,0.275,0.725,0.3535,0.6465,"[('1-0', 0.171), ('1-1', 0.1411), ('0-0', 0.1354), ('0-1', 0.1154), ('2-0', 0.1037), ('2-1', 0.0797), ('1-2', 0.0539), ('0-2', 0.0492), ('3-0', 0.0202), ('3-1', 0.0198), ('2-2', 0.0195), ('1-3', 0.0116)]",0.0,0.0,0.0,0.0,512.96
03/10/2026 01:08,WATCHLIST,2026-10-17T18:45:00Z,soccer_italy_serie_a,the-odds-api,football,AS Roma,Genoa,Draw,Draw,0.2677426101208581,5.9,0.1695,0.5797,A EVITER,WATCHLIST,False,77.55,5 - WATCHLIST,VALUE CLAIRE,BOOST|GLOBAL_BOOST,+3.7% (114 obs),MEGA 70%/3% | SAFE 63%/1% | VALUE 58%/3%,WATCHLIST,cote trop haute,Value positive 58.0% | Proba IA 26.8% | VALUE CLAIRE | Learning BOOST|GLOBAL_BOOST | Calibration +3.7% (114 obs) | Source the-odds-api,0.5,0.33,1.2,0.62,1.2,1.12,1,NO BET,7.43,0.0,0.0,0.0,1500.0,1462.0,103.0,1.18,0.78,0.3139,DRAW POSSIBLE - tight 9%,1-0,17.1,1-1,14.11,0-0,13.54,SCORE POISSON + FORME - confiance 84%,A recalculer via player_scorers,0.275,0.725,0.3535,0.6465,"[('1-0', 0.171), ('1-1', 0.1411), ('0-0', 0.1354), ('0-1', 0.1154), ('2-0', 0.1037), ('2-1', 0.0797), ('1-2', 0.0539), ('0-2', 0.0492), ('3-0', 0.0202), ('3-1', 0.0198), ('2-2', 0.0195), ('1-3', 0.0116)]",0.0,0.0,0.0,0.0,382.78
03/10/2026 01:08,WATCHLIST,2026-10-17T18:45:00Z,soccer_italy_serie_a,the-odds-api,football,AS Roma,Genoa,Home Win,AS Roma,0.7718627657801147,1.29,0.7752,-0.0043,Forte,FAVORI SOLIDE,True,86.92,2B - FAVORI SOLIDE,OK,BOOST|GLOBAL_BOOST,+4.0% (19 obs),MEGA 70%/3% | SAFE 63%/1% | VALUE 58%/3%,WATCHLIST,value negative,Value negative ou nulle | Proba IA 77.2% | Learning BOOST|GLOBAL_BOOST | Calibration +4.0% (19 obs) | Source the-odds-api,0.5,0.33,1.2,0.62,1.2,1.12,1,NO BET,7.43,0.2692,0.0,0.0,1500.0,1462.0,103.0,1.18,0.78,0.3139,NO DRAW SIGNAL,1-0,17.1,1-1,14.11,0-0,13.54,SCORE POISSON + FORME - confiance 84%,A recalculer via player_scorers,0.275,0.725,0.3535,0.6465,"[('1-0', 0.171), ('1-1', 0.1411), ('0-0', 0.1354), ('0-1', 0.1154), ('2-0', 0.1037), ('2-1', 0.0797), ('1-2', 0.0539), ('0-2', 0.0492), ('3-0', 0.0202), ('3-1', 0.0198), ('2-2', 0.0195), ('1-3', 0.0116)]",0.0,0.0,0.0,0.0,182.67
03/10/2026 01:08,WATCHLIST,2026-10-17T19:00:00Z,soccer_spain_la_liga,the-odds-api,football,Valencia,Athletic Bilbao,Home Win,Valencia,0.3821328456568875,3.55,0.2817,0.3566,A EVITER,WATCHLIST,False,96.35,5 - WATCHLIST,VALUE CLAIRE,BOOST|GLOBAL_BOOST,+4.0% (33 obs),MEGA 70%/3% | SAFE 63%/1% | VALUE 58%/3%,WATCHLIST,cote trop haute,Value positive 35.7% | Proba IA 38.2% | VALUE CLAIRE | Learning BOOST|GLOBAL_BOOST | Calibration +4.0% (33 obs) | Source the-odds-api,0.58,0.5,1.5,1.1,1.25,1.2,1,NO BET,7.43,0.0,0.0,0.0,1515.0,1500.0,80.0,1.4,1.09,0.2714,NO DRAW SIGNAL,1-1,14.21,1-0,12.87,2-1,10.13,SCORE POISSON + FORME - confiance 84%,A recalculer via player_scorers,0.45,0.55,0.5009,0.4991,"[('1-1', 0.1421), ('1-0', 0.1287), ('2-1', 0.1013), ('0-1', 0.099), ('2-0', 0.0911), ('1-2', 0.077), ('0-0', 0.0664), ('0-2', 0.0553), ('2-2', 0.0399), ('3-1', 0.0359), ('3-0', 0.023), ('1-3', 0.0228)]",0.0,0.0,0.0,0.0,322.67
03/10/2026 01:08,WATCHLIST,2026-10-17T19:00:00Z,soccer_spain_la_liga,the-odds-api,football,Valencia,Athletic Bilbao,Draw,Draw,0.3108288753085276,3.5,0.2857,0.0879,A EVITER,NUL POSSIBLE,True,77.16,3B - NUL POSSIBLE,MARCHE JUSTE,BOOST|GLOBAL_BOOST,+1.2% (179 obs),MEGA 70%/3% | SAFE 63%/1% | VALUE 58%/3%,WATCHLIST,cote trop haute,Value positive 8.8% | Proba IA 31.1% | MARCHE JUSTE | Learning BOOST|GLOBAL_BOOST | Calibration +1.2% (179 obs) | Source the-odds-api,0.58,0.5,1.5,1.1,1.25,1.2,1,NO BET,7.43,0.1346,0.0352,0.0,1515.0,1500.0,80.0,1.4,1.09,0.2714,NO DRAW SIGNAL,1-1,14.21,1-0,12.87,2-1,10.13,SCORE POISSON + FORME - confiance 84%,A recalculer via player_scorers,0.45,0.55,0.5009,0.4991,"[('1-1', 0.1421), ('1-0', 0.1287), ('2-1', 0.1013), ('0-1', 0.099), ('2-0', 0.0911), ('1-2', 0.077), ('0-0', 0.0664), ('0-2', 0.0553), ('2-2', 0.0399), ('3-1', 0.0359), ('3-0', 0.023), ('1-3', 0.0228)]",0.0,0.0,0.0,0.0,173.75
03/10/2026 01:08,NO BET,2026-10-17T19:00:00Z,soccer_spain_la_liga,the-odds-api,football,Valencia,Athletic Bilbao,Away Win,Athletic Bilbao,0.40369280034418337,2.12,0.4717,-0.1442,A EVITER,NO BET,False,68.46,5 - WATCHLIST,OK,BOOST|GLOBAL_BOOST,-6.0% (21 obs),MEGA 70%/3% | SAFE 63%/1% | VALUE 58%/3%,REFUSE,value negative,Value negative ou nulle | Proba IA 40.4% | Learning BOOST|GLOBAL_BOOST | Calibration -6.0% (21 obs) | Source the-odds-api,0.58,0.5,1.5,1.1,1.25,1.2,1,NO BET,7.43,0.0,0.0,0.0,1515.0,1500.0,80.0,1.4,1.09,0.2714,NO DRAW SIGNAL,1-1,14.21,1-0,12.87,2-1,10.13,SCORE POISSON + FORME - confiance 84%,A recalculer via player_scorers,0.45,0.55,0.5009,0.4991,"[('1-1', 0.1421), ('1-0', 0.1287), ('2-1', 0.1013), ('0-1', 0.099), ('2-0', 0.0911), ('1-2', 0.077), ('0-0', 0.0664), ('0-2', 0.0553), ('2-2', 0.0399), ('3-1', 0.0359), ('3-0', 0.023), ('1-3', 0.0228)]",0.0,0.0,0.0,0.0,129.58
03/10/2026 01:08,WATCHLIST,2026-10-18T10:30:00Z,soccer_italy_serie_a,the-odds-api,football,Udinese,Lecce,Away Win,Lecce,0.3086995509976566,4.4,0.2273,0.3583,A EVITER,WATCHLIST,False,83.27,5 - WATCHLIST,MARCHE JUSTE,BOOST|GLOBAL_BOOST,+4.0% (49 obs),MEGA 70%/3% | SAFE 63%/1% | VALUE 58%/3%,WATCHLIST,cote trop haute,Value positive 35.8% | Proba IA 30.9% | MARCHE JUSTE | Learning BOOST|GLOBAL_BOOST | Calibration +4.0% (49 obs) | Source the-odds-api,0.46,0.46,1.25,0.88,0.75,1.25,1,NO BET,7.43,0.0,0.0,0.0,1481.3,1433.8,112.5,1.13,0.78,0.3235,NO DRAW SIGNAL,1-0,16.96,1-1,14.17,0-0,14.14,SCORE POISSON + FORME - confiance 84%,A recalculer via player_scorers,0.2617,0.7383,0.3459,0.6541,"[('1-0', 0.1696), ('1-1', 0.1417), ('0-0', 0.1414), ('0-1', 0.1186), ('2-0', 0.0998), ('2-1', 0.0768), ('1-2', 0.0535), ('0-2', 0.0505), ('3-0', 0.0194), ('2-2', 0.0192), ('3-1', 0.0191), ('1-3', 0.0116)]",0.0,0.0,0.0,0.0,298.91
03/10/2026 01:08,WATCHLIST,2026-10-18T10:30:00Z,soccer_italy_serie_a,the-odds-api,football,Udinese,Lecce,Draw,Draw,0.32179036846710346,3.65,0.274,0.1745,A EVITER,NUL POSSIBLE,True,84.59,3B - NUL POSSIBLE,OK,BOOST|GLOBAL_BOOST,+1.2% (179 obs),MEGA 70%/3% | SAFE 63%/1% | VALUE 58%/3%,WATCHLIST,cote trop haute,Value positive 17.4% | Proba IA 32.2% | Learning BOOST|GLOBAL_BOOST | Calibration +1.2% (179 obs) | Source the-odds-api,0.46,0.46,1.25,0.88,0.75,1.25,1,NO BET,7.43,0.1346,0.0659,0.0,1481.3,1433.8,112.5,1.13,0.78,0.3235,DRAW POSSIBLE - tight 16%,1-0,16.96,1-1,14.17,0-0,14.14,SCORE POISSON + FORME - confiance 84%,A recalculer via player_scorers,0.2617,0.7383,0.3459,0.6541,"[('1-0', 0.1696), ('1-1', 0.1417), ('0-0', 0.1414), ('0-1', 0.1186), ('2-0', 0.0998), ('2-1', 0.0768), ('1-2', 0.0535), ('0-2', 0.0505), ('3-0', 0.0194), ('2-2', 0.0192), ('3-1', 0.0191), ('1-3', 0.0116)]",0.0,0.0,0.0,0.0,222.77
03/10/2026 01:08,NO BET,2026-10-18T10:30:00Z,soccer_italy_serie_a,the-odds-api,football,Udinese,Lecce,Home Win,Udinese,0.4921818957835799,1.9,0.5263,-0.0649,A EVITER,NO BET,False,76.21,5 - WATCHLIST,OK,BOOST|GLOBAL_BOOST,-3.2% (50 obs),MEGA 70%/3% | SAFE 63%/1% | VALUE 58%/3%,REFUSE,value negative,Value negative ou nulle | Proba IA 49.2% | Learning BOOST|GLOBAL_BOOST | Calibration -3.2% (50 obs) | Source the-odds-api,0.46,0.46,1.25,0.88,0.75,1.25,1,NO BET,7.43,0.0,0.0,0.0,1481.3,1433.8,112.5,1.13,0.78,0.3235,NO DRAW SIGNAL,1-0,16.96,1-1,14.17,0-0,14.14,SCORE POISSON + FORME - confiance 84%,A recalculer via player_scorers,0.2617,0.7383,0.3459,0.6541,"[('1-0', 0.1696), ('1-1', 0.1417), ('0-0', 0.1414), ('0-1', 0.1186), ('2-0', 0.0998), ('2-1', 0.0768), ('1-2', 0.0535), ('0-2', 0.0505), ('3-0', 0.0194), ('2-2', 0.0192), ('3-1', 0.0191), ('1-3', 0.0116)]",0.0,0.0,0.0,0.0,147.24
03/10/2026 01:08,WATCHLIST,2026-10-18T12:00:00Z,soccer_spain_la_liga,the-odds-api,football,CA Osasuna,Real Racing Club de Santander,Away Win,Real Racing Club de Santander,0.29501504929107414,4.2,0.2381,0.2391,A EVITER,WATCHLIST,False,75.54,5 - WATCHLIST,MARCHE JUSTE,BOOST|GLOBAL_BOOST,+4.0% (49 obs),MEGA 70%/3% | SAFE 63%/1% | VALUE 58%/3%,WATCHLIST,cote trop haute,Value positive 23.9% | Proba IA 29.5% | MARCHE JUSTE | Learning BOOST|GLOBAL_BOOST | Calibration +4.0% (49 obs) | Source the-odds-api,0.5,0.5,1.2,1.1,1.2,1.2,0,NO BET,7.43,0.0,0.0,0.0,1500.0,1500.0,65.0,1.732,0.759,0.2044,NO DRAW SIGNAL,1-0,17.1,2-0,14.12,1-1,11.79,SCORE POISSON + FORME - confiance 78%,A recalculer via player_scorers,0.4622,0.5378,0.4303,0.5697,"[('1-0', 0.171), ('2-0', 0.1412), ('1-1', 0.1179), ('2-1', 0.1169), ('0-1', 0.0819), ('0-0', 0.0615), ('1-2', 0.0566), ('3-1', 0.0456), ('0-2', 0.0345), ('3-0', 0.0326), ('2-2', 0.0297), ('3-2', 0.0142)]",0.0,0.0,0.0,0.0,235.25
03/10/2026 01:08,WATCHLIST,2026-10-18T12:00:00Z,soccer_spain_la_liga,the-odds-api,football,CA Osasuna,Real Racing Club de Santander,Draw,Draw,0.3042085675592887,3.75,0.2667,0.1408,A EVITER,NUL POSSIBLE,True,72.82,3B - NUL POSSIBLE,DRAW RISQUE,BOOST|GLOBAL_BOOST,+3.7% (114 obs),MEGA 70%/3% | SAFE 63%/1% | VALUE 58%/3%,WATCHLIST,cote trop haute,Value positive 14.1% | Proba IA 30.4% | DRAW RISQUE | Learning BOOST|GLOBAL_BOOST | Calibration +3.7% (114 obs) | Source the-odds-api,0.5,0.5,1.2,1.1,1.2,1.2,0,NO BET,7.43,0.1346,0.0512,0.0,1500.0,1500.0,65.0,1.732,0.759,0.2044,NO DRAW SIGNAL,1-0,17.1,2-0,14.12,1-1,11.79,SCORE POISSON + FORME - confiance 78%,A recalculer via player_scorers,0.4622,0.5378,0.4303,0.5697,"[('1-0', 0.171), ('2-0', 0.1412), ('1-1', 0.1179), ('2-1', 0.1169), ('0-1', 0.0819), ('0-0', 0.0615), ('1-2', 0.0566), ('3-1', 0.0456), ('0-2', 0.0345), ('3-0', 0.0326), ('2-2', 0.0297), ('3-2', 0.0142)]",0.0,0.0,0.0,0.0,189.6
03/10/2026 01:08,NO BET,2026-10-18T12:00:00Z,soccer_spain_la_liga,the-odds-api,football,CA Osasuna,Real Racing Club de Santander,Home Win,CA Osasuna,0.5190972453214692,1.92,0.5208,-0.0033,Faible,NO BET,False,77.27,5 - WATCHLIST,OK,BOOST|GLOBAL_BOOST,-6.0% (26 obs),MEGA 70%/3% | SAFE 63%/1% | VALUE 58%/3%,REFUSE,value negative,Value negative ou nulle | Proba IA 51.9% | Learning BOOST|GLOBAL_BOOST | Calibration -6.0% (26 obs) | Source the-odds-api,0.5,0.5,1.2,1.1,1.2,1.2,0,NO BET,7.43,0.0,0.0,0.0,1500.0,1500.0,65.0,1.732,0.759,0.2044,NO DRAW SIGNAL,1-0,17.1,2-0,14.12,1-1,11.79,SCORE POISSON + FORME - confiance 78%,A recalculer via player_scorers,0.4622,0.5378,0.4303,0.5697,"[('1-0', 0.171), ('2-0', 0.1412), ('1-1', 0.1179), ('2-1', 0.1169), ('0-1', 0.0819), ('0-0', 0.0615), ('1-2', 0.0566), ('3-1', 0.0456), ('0-2', 0.0345), ('3-0', 0.0326), ('2-2', 0.0297), ('3-2', 0.0142)]",0.0,0.0,0.0,0.0,150.7
03/10/2026 01:08,WATCHLIST,2026-10-18T13:00:00Z,soccer_epl,the-odds-api,football,Bournemouth,Sunderland,Away Win,Sunderland,0.3584199071982397,3.85,0.2597,0.3799,A EVITER,WATCHLIST,False,95.35,5 - WATCHLIST,OK,BOOST|GLOBAL_BOOST,+4.0% (64 obs),MEGA 70%/3% | SAFE 63%/1% | VALUE 58%/3%,WATCHLIST,cote trop haute,Value positive 38.0% | Proba IA 35.8% | Learning BOOST|GLOBAL_BOOST | Calibration +4.0% (64 obs) | Source the-odds-api,0.67,0.58,1.75,1.5,1.0,1.62,1,NO BET,7.43,0.0,0.0,0.0,1582.3,1539.6,107.6,1.46,1.2,0.2647,NO DRAW SIGNAL,1-1,14.21,1-0,11.85,2-1,10.32,SCORE POISSON + FORME - confiance 84%,A recalculer via player_scorers,0.4919,0.5081,0.5377,0.4623,"[('1-1', 0.1421), ('1-0', 0.1185), ('2-1', 0.1032), ('0-1', 0.0948), ('2-0', 0.0869), ('1-2', 0.0817), ('0-0', 0.0603), ('0-2', 0.057), ('2-2', 0.0436), ('3-1', 0.0376), ('1-3', 0.0255), ('3-0', 0.0228)]",0.0,0.0,0.0,0.0,329.57
03/10/2026 01:08,WATCHLIST,2026-10-18T13:00:00Z,soccer_epl,the-odds-api,football,Bournemouth,Sunderland,Draw,Draw,0.3000844414204186,3.7,0.2703,0.1103,A EVITER,NUL POSSIBLE,True,76.29,3B - NUL POSSIBLE,MARCHE JUSTE,BOOST|GLOBAL_BOOST,+1.2% (179 obs),MEGA 70%/3% | SAFE 63%/1% | VALUE 58%/3%,WATCHLIST,cote trop haute,Value positive 11.0% | Proba IA 30.0% | MARCHE JUSTE | Learning BOOST|GLOBAL_BOOST | Calibration +1.2% (179 obs) | Source the-odds-api,0.67,0.58,1.75,1.5,1.0,1.62,1,NO BET,7.43,0.1346,0.0409,0.0,1582.3,1539.6,107.6,1.46,1.2,0.2647,NO DRAW SIGNAL,1-1,14.21,1-0,11.85,2-1,10.32,SCORE POISSON + FORME - confiance 84%,A recalculer via player_scorers,0.4919,0.5081,0.5377,0.4623,"[('1-1', 0.1421), ('1-0', 0.1185), ('2-1', 0.1032), ('0-1', 0.0948), ('2-0', 0.0869), ('1-2', 0.0817), ('0-0', 0.0603), ('0-2', 0.057), ('2-2', 0.0436), ('3-1', 0.0376), ('1-3', 0.0255), ('3-0', 0.0228)]",0.0,0.0,0.0,0.0,181.35
03/10/2026 01:08,NO BET,2026-10-18T13:00:00Z,soccer_epl,the-odds-api,football,Bournemouth,Sunderland,Home Win,Bournemouth,0.4664603722332583,2.02,0.495,-0.0578,A EVITER,NO BET,False,75.95,5 - WATCHLIST,OK,BOOST|GLOBAL_BOOST,-3.2% (50 obs),MEGA 70%/3% | SAFE 63%/1% | VALUE 58%/3%,REFUSE,value negative,Value negative ou nulle | Proba IA 46.6% | Learning BOOST|GLOBAL_BOOST | Calibration -3.2% (50 obs) | Source the-odds-api,0.67,0.58,1.75,1.5,1.0,1.62,1,NO BET,7.43,0.0,0.0,0.0,1582.3,1539.6,107.6,1.46,1.2,0.2647,NO DRAW SIGNAL,1-1,14.21,1-0,11.85,2-1,10.32,SCORE POISSON + FORME - confiance 84%,A recalculer via player_scorers,0.4919,0.5081,0.5377,0.4623,"[('1-1', 0.1421), ('1-0', 0.1185), ('2-1', 0.1032), ('0-1', 0.0948), ('2-0', 0.0869), ('1-2', 0.0817), ('0-0', 0.0603), ('0-2', 0.057), ('2-2', 0.0436), ('3-1', 0.0376), ('1-3', 0.0255), ('3-0', 0.0228)]",0.0,0.0,0.0,0.0,145.06
03/10/2026 01:08,WATCHLIST,2026-10-18T13:00:00Z,soccer_epl,the-odds-api,football,Brighton and Hove Albion,Crystal Palace,Draw,Draw,0.29487501892921425,4.35,0.2299,0.2827,A EVITER,NUL POSSIBLE,True,78.68,3B - NUL POSSIBLE,MARCHE JUSTE,BOOST|GLOBAL_BOOST,+3.7% (114 obs),MEGA 70%/3% | SAFE 63%/1% | VALUE 58%/3%,WATCHLIST,cote trop haute,Value positive 28.3% | Proba IA 29.5% | MARCHE JUSTE | Learning BOOST|GLOBAL_BOOST | Calibration +3.7% (114 obs) | Source the-odds-api,0.5,0.25,1.2,1.0,1.2,2.0,1,NO BET,7.43,0.1346,0.0844,0.0,1500.0,1500.0,65.0,1.53,0.92,0.2542,NO DRAW SIGNAL,1-0,14.44,1-1,13.47,2-0,10.77,SCORE POISSON + FORME - confiance 84%,A recalculer via player_scorers,0.4429,0.5571,0.4704,0.5296,"[('1-0', 0.1444), ('1-1', 0.1347), ('2-0', 0.1077), ('2-1', 0.1067), ('0-1', 0.0915), ('1-2', 0.0672), ('0-0', 0.0668), ('0-2', 0.0453), ('3-1', 0.0394), ('2-2', 0.0366), ('3-0', 0.0268), ('1-3', 0.0187)]",0.0,0.0,0.0,0.0,258.65
03/10/2026 01:08,WATCHLIST,2026-10-18T13:00:00Z,soccer_epl,the-odds-api,football,Brighton and Hove Albion,Crystal Palace,Home Win,Brighton and Hove Albion,0.6312083585175966,1.65,0.6061,0.0415,Moyenne,SAFE PICK,True,94.28,2 - SAFE PICK,MARCHE JUSTE,BOOST|GLOBAL_BOOST,-0.7% (30 obs),MEGA 70%/3% | SAFE 63%/1% | VALUE 58%/3%,WATCHLIST,watchlist prudente,Value positive 4.2% | Proba IA 63.1% | MARCHE JUSTE | Learning BOOST|GLOBAL_BOOST | Calibration -0.7% (30 obs) | Source the-odds-api,0.5,0.25,1.2,1.0,1.2,2.0,1,NO BET,7.43,0.2692,0.0638,0.0,1500.0,1500.0,65.0,1.53,0.92,0.2542,NO DRAW SIGNAL,1-0,14.44,1-1,13.47,2-0,10.77,SCORE POISSON + FORME - confiance 84%,A recalculer via player_scorers,0.4429,0.5571,0.4704,0.5296,"[('1-0', 0.1444), ('1-1', 0.1347), ('2-0', 0.1077), ('2-1', 0.1067), ('0-1', 0.0915), ('1-2', 0.0672), ('0-0', 0.0668), ('0-2', 0.0453), ('3-1', 0.0394), ('2-2', 0.0366), ('3-0', 0.0268), ('1-3', 0.0187)]",0.0,0.0,0.0,0.0,201.56
03/10/2026 01:08,NO BET,2026-10-18T13:00:00Z,soccer_epl,the-odds-api,football,Brighton and Hove Albion,Crystal Palace,Away Win,Crystal Palace,0.16797725844830003,5.5,0.1818,-0.0761,A EVITER,NO BET,False,43.3,6 - NO BET,COTE HAUTE,BOOST|GLOBAL_BOOST,-3.0% (36 obs),MEGA 70%/3% | SAFE 63%/1% | VALUE 58%/3%,REFUSE,cote trop haute,Value negative ou nulle | Proba IA 16.8% | COTE HAUTE | Learning BOOST|GLOBAL_BOOST | Calibration -3.0% (36 obs) | Source the-odds-api,0.5,0.25,1.2,1.0,1.2,2.0,1,NO BET,7.43,0.0,0.0,0.0,1500.0,1500.0,65.0,1.53,0.92,0.2542,NO DRAW SIGNAL,1-0,14.44,1-1,13.47,2-0,10.77,SCORE POISSON + FORME - confiance 84%,A recalculer via player_scorers,0.4429,0.5571,0.4704,0.5296,"[('1-0', 0.1444), ('1-1', 0.1347), ('2-0', 0.1077), ('2-1', 0.1067), ('0-1', 0.0915), ('1-2', 0.0672), ('0-0', 0.0668), ('0-2', 0.0453), ('3-1', 0.0394), ('2-2', 0.0366), ('3-0', 0.0268), ('1-3', 0.0187)]",0.0,0.0,0.0,0.0,75.84
03/10/2026 01:08,WATCHLIST,2026-10-18T13:00:00Z,soccer_epl,the-odds-api,football,Leeds United,Manchester United,Draw,Draw,0.31712359415206626,3.8,0.2632,0.2051,A EVITER,NUL POSSIBLE,True,80.75,3B - NUL POSSIBLE,NUL SERRE,BOOST|GLOBAL_BOOST,-1.2% (23 obs),MEGA 70%/3% | SAFE 63%/1% | VALUE 58%/3%,WATCHLIST,cote trop haute,Value positive 20.5% | Proba IA 31.7% | NUL SERRE | Learning BOOST|GLOBAL_BOOST | Calibration -1.2% (23 obs) | Source the-odds-api,0.5,0.5,1.2,1.1,1.2,1.2,0,NO BET,7.43,0.1346,0.0732,0.0,1500.0,1500.0,65.0,1.198,1.193,0.2977,DRAW POSSIBLE - tight 67%,1-1,15.11,1-0,11.91,0-1,11.03,SCORE POISSON + FORME - confiance 78%,A recalculer via player_scorers,0.4185,0.5815,0.4904,0.5096,"[('1-1', 0.1511), ('1-0', 0.1191), ('0-1', 0.1103), ('2-1', 0.0898), ('1-2', 0.0814), ('2-0', 0.0773), ('0-0', 0.074), ('0-2', 0.0669), ('2-2', 0.0394), ('3-1', 0.0302), ('1-3', 0.0257), ('3-0', 0.0197)]",0.0,0.0,0.0,0.0,229.89
03/10/2026 01:08,WATCHLIST,2026-10-18T13:00:00Z,soccer_epl,the-odds-api,football,Leeds United,Manchester United,Home Win,Leeds United,0.3933113980859302,2.9,0.3448,0.1406,A EVITER,WATCHLIST,False,83.54,5 - WATCHLIST,MARCHE JUSTE,BOOST|GLOBAL_BOOST,+4.0% (33 obs),MEGA 70%/3% | SAFE 63%/1% | VALUE 58%/3%,WATCHLIST,proba trop basse,Value positive 14.1% | Proba IA 39.3% | MARCHE JUSTE | Learning BOOST|GLOBAL_BOOST | Calibration +4.0% (33 obs) | Source the-odds-api,0.5,0.5,1.2,1.1,1.2,1.2,0,NO BET,7.43,0.0,0.0,0.0,1500.0,1500.0,65.0,1.198,1.193,0.2977,NO DRAW SIGNAL,1-1,15.11,1-0,11.91,0-1,11.03,SCORE POISSON + FORME - confiance 78%,A recalculer via player_scorers,0.4185,0.5815,0.4904,0.5096,"[('1-1', 0.1511), ('1-0', 0.1191), ('0-1', 0.1103), ('2-1', 0.0898), ('1-2', 0.0814), ('2-0', 0.0773), ('0-0', 0.074), ('0-2', 0.0669), ('2-2', 0.0394), ('3-1', 0.0302), ('1-3', 0.0257), ('3-0', 0.0197)]",0.0,0.0,0.0,0.0,211.63
03/10/2026 01:08,NO BET,2026-10-18T13:00:00Z,soccer_epl,the-odds-api,football,Leeds United,Manchester United,Away Win,Manchester United,0.39331538655002496,2.4,0.4167,-0.056,A EVITER,NO BET,False,60.92,5 - WATCHLIST,OK,BOOST|GLOBAL_BOOST,-2.8% (18 obs),MEGA 70%/3% | SAFE 63%/1% | VALUE 58%/3%,REFUSE,value negative,Value negative ou nulle | Proba IA 39.3% | Learning BOOST|GLOBAL_BOOST | Calibration -2.8% (18 obs) | Source the-odds-api,0.5,0.5,1.2,1.1,1.2,1.2,0,NO BET,7.43,0.0,0.0,0.0,1500.0,1500.0,65.0,1.198,1.193,0.2977,NO DRAW SIGNAL,1-1,15.11,1-0,11.91,0-1,11.03,SCORE POISSON + FORME - confiance 78%,A recalculer via player_scorers,0.4185,0.5815,0.4904,0.5096,"[('1-1', 0.1511), ('1-0', 0.1191), ('0-1', 0.1103), ('2-1', 0.0898), ('1-2', 0.0814), ('2-0', 0.0773), ('0-0', 0.074), ('0-2', 0.0669), ('2-2', 0.0394), ('3-1', 0.0302), ('1-3', 0.0257), ('3-0', 0.0197)]",0.0,0.0,0.0,0.0,117.69
03/10/2026 01:08,WATCHLIST,2026-10-18T13:00:00Z,soccer_france_ligue_one,the-odds-api,football,Angers,Marseille,Draw,Draw,0.3054023935468564,4.0,0.25,0.2216,A EVITER,NUL POSSIBLE,True,89.13,3B - NUL POSSIBLE,OK,BOOST|GLOBAL_BOOST,+1.2% (179 obs),MEGA 70%/3% | SAFE 63%/1% | VALUE 58%/3%,WATCHLIST,cote trop haute,Value positive 22.2% | Proba IA 30.5% | Learning BOOST|GLOBAL_BOOST | Calibration +1.2% (179 obs) | Source the-odds-api,0.17,0.42,0.75,1.25,2.0,1.5,1,NO BET,7.43,0.1346,0.0739,0.0,1435.3,1571.3,-71.1,0.9,1.1,0.3286,DRAW POSSIBLE - tight 33%,1-1,14.98,0-1,14.62,0-0,13.59,SCORE POISSON + FORME - confiance 83%,A recalculer via player_scorers,0.2816,0.7184,0.3758,0.6242,"[('1-1', 0.1498), ('0-1', 0.1462), ('0-0', 0.1359), ('1-0', 0.1309), ('0-2', 0.0812), ('1-2', 0.0695), ('2-0', 0.0677), ('2-1', 0.0672), ('2-2', 0.0205), ('3-1', 0.0167), ('1-3', 0.0151), ('3-0', 0.0151)]",0.0,0.0,0.0,0.0,248.58
03/10/2026 01:08,WATCHLIST,2026-10-18T13:00:00Z,soccer_france_ligue_one,the-odds-api,football,Angers,Marseille,Home Win,Angers,0.3301471503800772,3.15,0.3175,0.04,A EVITER,WATCHLIST,False,76.46,5 - WATCHLIST,OK,BOOST|GLOBAL_BOOST,+1.2% (35 obs),MEGA 70%/3% | SAFE 63%/1% | VALUE 58%/3%,WATCHLIST,cote trop haute,Value positive 4.0% | Proba IA 33.0% | Learning BOOST|GLOBAL_BOOST | Calibration +1.2% (35 obs) | Source the-odds-api,0.17,0.42,0.75,1.25,2.0,1.5,1,NO BET,7.43,0.0,0.0,0.0,1435.3,1571.3,-71.1,0.9,1.1,0.3286,NO DRAW SIGNAL,1-1,14.98,0-1,14.62,0-0,13.59,SCORE POISSON + FORME - confiance 83%,A recalculer via player_scorers,0.2816,0.7184,0.3758,0.6242,"[('1-1', 0.1498), ('0-1', 0.1462), ('0-0', 0.1359), ('1-0', 0.1309), ('0-2', 0.0812), ('1-2', 0.0695), ('2-0', 0.0677), ('2-1', 0.0672), ('2-2', 0.0205), ('3-1', 0.0167), ('1-3', 0.0151), ('3-0', 0.0151)]",0.0,0.0,0.0,0.0,153.46
03/10/2026 01:08,NO BET,2026-10-18T13:00:00Z,soccer_france_ligue_one,the-odds-api,football,Angers,Marseille,Away Win,Marseille,0.43197410387112056,2.16,0.463,-0.0669,A EVITER,NO BET,False,73.45,5 - WATCHLIST,MARCHE JUSTE,BOOST|GLOBAL_BOOST,-6.0% (21 obs),MEGA 70%/3% | SAFE 63%/1% | VALUE 58%/3%,REFUSE,value negative,Value negative ou nulle | Proba IA 43.2% | MARCHE JUSTE | Learning BOOST|GLOBAL_BOOST | Calibration -6.0% (21 obs) | Source the-odds-api,0.17,0.42,0.75,1.25,2.0,1.5,1,NO BET,7.43,0.0,0.0,0.0,1435.3,1571.3,-71.1,0.9,1.1,0.3286,NO DRAW SIGNAL,1-1,14.98,0-1,14.62,0-0,13.59,SCORE POISSON + FORME - confiance 83%,A recalculer via player_scorers,0.2816,0.7184,0.3758,0.6242,"[('1-1', 0.1498), ('0-1', 0.1462), ('0-0', 0.1359), ('1-0', 0.1309), ('0-2', 0.0812), ('1-2', 0.0695), ('2-0', 0.0677), ('2-1', 0.0672), ('2-2', 0.0205), ('3-1', 0.0167), ('1-3', 0.0151), ('3-0', 0.0151)]",0.0,0.0,0.0,0.0,138.94
03/10/2026 01:08,WATCHLIST,2026-10-18T13:00:00Z,soccer_italy_serie_a,the-odds-api,football,Fiorentina,Como,Draw,Draw,0.3197283053976684,3.8,0.2632,0.215,A EVITER,NUL POSSIBLE,True,89.15,3B - NUL POSSIBLE,OK,BOOST|GLOBAL_BOOST,+1.2% (179 obs),MEGA 70%/3% | SAFE 63%/1% | VALUE 58%/3%,WATCHLIST,cote trop haute,Value positive 21.5% | Proba IA 32.0% | Learning BOOST|GLOBAL_BOOST | Calibration +1.2% (179 obs) | Source the-odds-api,0.54,0.58,0.75,1.5,0.75,0.88,1,NO BET,7.43,0.1346,0.0768,0.0,1516.0,1598.4,-17.4,0.81,1.08,0.3331,DRAW POSSIBLE - tight 31%,0-1,15.65,0-0,14.52,1-1,14.42,SCORE POISSON + FORME - confiance 84%,A recalculer via player_scorers,0.2554,0.7446,0.3469,0.6531,"[('0-1', 0.1565), ('0-0', 0.1452), ('1-1', 0.1442), ('1-0', 0.1302), ('0-2', 0.0851), ('1-2', 0.0672), ('2-0', 0.0627), ('2-1', 0.0619), ('2-2', 0.0192), ('3-1', 0.0157), ('1-3', 0.0146), ('3-0', 0.0143)]",0.0,0.0,0.0,0.0,246.76
03/10/2026 01:08,WATCHLIST,2026-10-18T13:00:00Z,soccer_italy_serie_a,the-odds-api,football,Fiorentina,Como,Home Win,Fiorentina,0.3016038563136865,3.65,0.274,0.1009,A EVITER,WATCHLIST,False,79.27,5 - WATCHLIST,MARCHE JUSTE,BOOST|GLOBAL_BOOST,+1.2% (35 obs),MEGA 70%/3% | SAFE 63%/1% | VALUE 58%/3%,WATCHLIST,cote trop haute,Value positive 10.1% | Proba IA 30.2% | MARCHE JUSTE | Learning BOOST|GLOBAL_BOOST | Calibration +1.2% (35 obs) | Source the-odds-api,0.54,0.58,0.75,1.5,0.75,0.88,1,NO BET,7.43,0.0,0.0,0.0,1516.0,1598.4,-17.4,0.81,1.08,0.3331,NO DRAW SIGNAL,0-1,15.65,0-0,14.52,1-1,14.42,SCORE POISSON + FORME - confiance 84%,A recalculer via player_scorers,0.2554,0.7446,0.3469,0.6531,"[('0-1', 0.1565), ('0-0', 0.1452), ('1-1', 0.1442), ('1-0', 0.1302), ('0-2', 0.0851), ('1-2', 0.0672), ('2-0', 0.0627), ('2-1', 0.0619), ('2-2', 0.0192), ('3-1', 0.0157), ('1-3', 0.0146), ('3-0', 0.0143)]",0.0,0.0,0.0,0.0,181.8
03/10/2026 01:08,NO BET,2026-10-18T13:00:00Z,soccer_italy_serie_a,the-odds-api,football,Fiorentina,Como,Away Win,Como,0.44702705574836127,2.1,0.4762,-0.0612,A EVITER,NO BET,False,74.73,5 - WATCHLIST,OK,BOOST|GLOBAL_BOOST,-6.0% (28 obs),MEGA 70%/3% | SAFE 63%/1% | VALUE 58%/3%,REFUSE,value negative,Value negative ou nulle | Proba IA 44.7% | Learning BOOST|GLOBAL_BOOST | Calibration -6.0% (28 obs) | Source the-odds-api,0.54,0.58,0.75,1.5,0.75,0.88,1,NO BET,7.43,0.0,0.0,0.0,1516.0,1598.4,-17.4,0.81,1.08,0.3331,NO DRAW SIGNAL,0-1,15.65,0-0,14.52,1-1,14.42,SCORE POISSON + FORME - confiance 84%,A recalculer via player_scorers,0.2554,0.7446,0.3469,0.6531,"[('0-1', 0.1565), ('0-0', 0.1452), ('1-1', 0.1442), ('1-0', 0.1302), ('0-2', 0.0851), ('1-2', 0.0672), ('2-0', 0.0627), ('2-1', 0.0619), ('2-2', 0.0192), ('3-1', 0.0157), ('1-3', 0.0146), ('3-0', 0.0143)]",0.0,0.0,0.0,0.0,141.89
03/10/2026 01:08,WATCHLIST,2026-10-18T13:30:00Z,soccer_germany_bundesliga,the-odds-api,football,Bayer Leverkusen,SC Freiburg,Home Win,Bayer Leverkusen,0.6263245249320925,1.69,0.5917,0.0585,Moyenne,VALUE BET,True,88.88,3 - VALUE BET,OK,BOOST|GLOBAL_BOOST,-2.9% (29 obs),MEGA 70%/3% | SAFE 63%/1% | VALUE 58%/3%,WATCHLIST,watchlist prudente,Value positive 5.9% | Proba IA 62.6% | Learning BOOST|GLOBAL_BOOST | Calibration -2.9% (29 obs) | Source the-odds-api,0.5,0.5,1.2,1.1,1.2,1.2,0,NO BET,7.43,0.1346,0.0848,0.0,1500.0,1500.0,65.0,1.89,0.667,0.1729,NO DRAW SIGNAL,2-0,17.38,1-0,17.08,2-1,11.28,SCORE POISSON + FORME - confiance 70%,A recalculer via player_scorers,0.4897,0.5103,0.3988,0.6012,"[('2-0', 0.1738), ('1-0', 0.1708), ('2-1', 0.1128), ('1-1', 0.1065), ('0-1', 0.0691), ('0-0', 0.0574), ('3-1', 0.0532), ('1-2', 0.0468), ('3-0', 0.0416), ('0-2', 0.0276), ('2-2', 0.0265), ('4-0', 0.0155)]",0.0,0.0,0.0,0.0,200.54
03/10/2026 01:08,WATCHLIST,2026-10-18T13:30:00Z,soccer_germany_bundesliga,the-odds-api,football,Bayer Leverkusen,SC Freiburg,Draw,Draw,0.2601455356545184,4.5,0.2222,0.1707,A EVITER,WATCHLIST,False,64.4,5 - WATCHLIST,DRAW RISQUE,BOOST|GLOBAL_BOOST,+3.7% (114 obs),MEGA 70%/3% | SAFE 63%/1% | VALUE 58%/3%,WATCHLIST,cote trop haute,Value positive 17.1% | Proba IA 26.0% | DRAW RISQUE | Learning BOOST|GLOBAL_BOOST | Calibration +3.7% (114 obs) | Source the-odds-api,0.5,0.5,1.2,1.1,1.2,1.2,0,NO BET,7.43,0.0,0.0,0.0,1500.0,1500.0,65.0,1.89,0.667,0.1729,NO DRAW SIGNAL,2-0,17.38,1-0,17.08,2-1,11.28,SCORE POISSON + FORME - confiance 70%,A recalculer via player_scorers,0.4897,0.5103,0.3988,0.6012,"[('2-0', 0.1738), ('1-0', 0.1708), ('2-1', 0.1128), ('1-1', 0.1065), ('0-1', 0.0691), ('0-0', 0.0574), ('3-1', 0.0532), ('1-2', 0.0468), ('3-0', 0.0416), ('0-2', 0.0276), ('2-2', 0.0265), ('4-0', 0.0155)]",0.0,0.0,0.0,0.0,186.9
03/10/2026 01:08,NO BET,2026-10-18T13:30:00Z,soccer_germany_bundesliga,the-odds-api,football,Bayer Leverkusen,SC Freiburg,Away Win,SC Freiburg,0.18394251043931295,4.6,0.2174,-0.1539,A EVITER,NO BET,False,34.08,6 - NO BET,COTE HAUTE,BOOST|GLOBAL_BOOST,-3.0% (36 obs),MEGA 70%/3% | SAFE 63%/1% | VALUE 58%/3%,REFUSE,cote trop haute,Value negative ou nulle | Proba IA 18.4% | COTE HAUTE | Learning BOOST|GLOBAL_BOOST | Calibration -3.0% (36 obs) | Source the-odds-api,0.5,0.5,1.2,1.1,1.2,1.2,0,NO BET,7.43,0.0,0.0,0.0,1500.0,1500.0,65.0,1.89,0.667,0.1729,NO DRAW SIGNAL,2-0,17.38,1-0,17.08,2-1,11.28,SCORE POISSON + FORME - confiance 70%,A recalculer via player_scorers,0.4897,0.5103,0.3988,0.6012,"[('2-0', 0.1738), ('1-0', 0.1708), ('2-1', 0.1128), ('1-1', 0.1065), ('0-1', 0.0691), ('0-0', 0.0574), ('3-1', 0.0532), ('1-2', 0.0468), ('3-0', 0.0416), ('0-2', 0.0276), ('2-2', 0.0265), ('4-0', 0.0155)]",0.0,0.0,0.0,0.0,63.31
03/10/2026 01:08,WATCHLIST,2026-10-18T14:15:00Z,soccer_spain_la_liga,the-odds-api,football,Celta Vigo,Alavés,Away Win,Alavés,0.33629662943926464,3.9,0.2564,0.3116,A EVITER,WATCHLIST,False,94.42,5 - WATCHLIST,MARCHE JUSTE,BOOST|GLOBAL_BOOST,+4.0% (64 obs),MEGA 70%/3% | SAFE 63%/1% | VALUE 58%/3%,WATCHLIST,cote trop haute,Value positive 31.2% | Proba IA 33.6% | MARCHE JUSTE | Learning BOOST|GLOBAL_BOOST | Calibration +4.0% (64 obs) | Source the-odds-api,0.5,0.46,1.2,1.5,1.2,1.62,1,NO BET,7.43,0.0,0.0,0.0,1500.0,1500.0,65.0,1.26,1.02,0.2911,NO DRAW SIGNAL,1-1,15.11,1-0,14.15,0-1,11.23,SCORE POISSON + FORME - confiance 84%,A recalculer via player_scorers,0.3939,0.6061,0.4596,0.5404,"[('1-1', 0.1511), ('1-0', 0.1415), ('0-1', 0.1123), ('2-1', 0.098), ('2-0', 0.0927), ('0-0', 0.0802), ('1-2', 0.0765), ('0-2', 0.0596), ('2-2', 0.0266), ('3-1', 0.0243), ('3-0', 0.0222), ('1-3', 0.0163)]",0.0,0.0,0.0,0.0,297.25
03/10/2026 01:08,WATCHLIST,2026-10-18T14:15:00Z,soccer_spain_la_liga,the-odds-api,football,Celta Vigo,Alavés,Draw,Draw,0.3230927240899046,3.4,0.2941,0.0985,A EVITER,NUL POSSIBLE,True,78.9,3B - NUL POSSIBLE,MARCHE JUSTE,BOOST|GLOBAL_BOOST,+1.2% (179 obs),MEGA 70%/3% | SAFE 63%/1% | VALUE 58%/3%,WATCHLIST,cote trop haute,Value positive 9.8% | Proba IA 32.3% | MARCHE JUSTE | Learning BOOST|GLOBAL_BOOST | Calibration +1.2% (179 obs) | Source the-odds-api,0.5,0.46,1.2,1.5,1.2,1.62,1,NO BET,7.43,0.1346,0.041,0.0,1500.0,1500.0,65.0,1.26,1.02,0.2911,DRAW POSSIBLE - tight 32%,1-1,15.11,1-0,14.15,0-1,11.23,SCORE POISSON + FORME - confiance 84%,A recalculer via player_scorers,0.3939,0.6061,0.4596,0.5404,"[('1-1', 0.1511), ('1-0', 0.1415), ('0-1', 0.1123), ('2-1', 0.098), ('2-0', 0.0927), ('0-0', 0.0802), ('1-2', 0.0765), ('0-2', 0.0596), ('2-2', 0.0266), ('3-1', 0.0243), ('3-0', 0.0222), ('1-3', 0.0163)]",0.0,0.0,0.0,0.0,181.75
03/10/2026 01:08,NO BET,2026-10-18T14:15:00Z,soccer_spain_la_liga,the-odds-api,football,Celta Vigo,Alavés,Home Win,Celta Vigo,0.46450683879905663,2.04,0.4902,-0.0524,A EVITER,NO BET,False,76.48,5 - WATCHLIST,MARCHE JUSTE,BOOST|GLOBAL_BOOST,-3.2% (50 obs),MEGA 70%/3% | SAFE 63%/1% | VALUE 58%/3%,REFUSE,value negative,Value negative ou nulle | Proba IA 46.5% | MARCHE JUSTE | Learning BOOST|GLOBAL_BOOST | Calibration -3.2% (50 obs) | Source the-odds-api,0.5,0.46,1.2,1.5,1.2,1.62,1,NO BET,7.43,0.0,0.0,0.0,1500.0,1500.0,65.0,1.26,1.02,0.2911,NO DRAW SIGNAL,1-1,15.11,1-0,14.15,0-1,11.23,SCORE POISSON + FORME - confiance 84%,A recalculer via player_scorers,0.3939,0.6061,0.4596,0.5404,"[('1-1', 0.1511), ('1-0', 0.1415), ('0-1', 0.1123), ('2-1', 0.098), ('2-0', 0.0927), ('0-0', 0.0802), ('1-2', 0.0765), ('0-2', 0.0596), ('2-2', 0.0266), ('3-1', 0.0243), ('3-0', 0.0222), ('1-3', 0.0163)]",0.0,0.0,0.0,0.0,145.71
03/10/2026 01:08,WATCHLIST,2026-10-18T15:15:00Z,soccer_france_ligue_one,the-odds-api,football,Le Havre,Auxerre,Draw,Draw,0.3197283053976684,3.5,0.2857,0.119,A EVITER,NUL POSSIBLE,True,81.12,3B - NUL POSSIBLE,NUL SERRE,BOOST|GLOBAL_BOOST,+1.2% (179 obs),MEGA 70%/3% | SAFE 63%/1% | VALUE 58%/3%,WATCHLIST,cote trop haute,Value positive 11.9% | Proba IA 32.0% | NUL SERRE | Learning BOOST|GLOBAL_BOOST | Calibration +1.2% (179 obs) | Source the-odds-api,0.33,0.62,1.5,1.88,1.5,1.0,1,NO BET,7.43,0.1346,0.0476,0.0,1451.9,1471.0,45.9,1.18,1.36,0.2772,DRAW POSSIBLE - tight 59%,1-1,14.56,0-1,11.21,1-0,10.9,SCORE POISSON + FORME - confiance 84%,A recalculer via player_scorers,0.4603,0.5397,0.517,0.483,"[('1-1', 0.1456), ('0-1', 0.1121), ('1-0', 0.109), ('1-2', 0.0904), ('2-1', 0.0892), ('0-2', 0.0744), ('2-0', 0.0699), ('0-0', 0.0656), ('2-2', 0.0418), ('1-3', 0.0303), ('3-1', 0.0296), ('3-0', 0.0186)]",0.0,0.0,0.0,0.0,193.63
03/10/2026 01:08,NO BET,2026-10-18T15:15:00Z,soccer_france_ligue_one,the-odds-api,football,Le Havre,Auxerre,Away Win,Auxerre,0.34120024255079007,2.9,0.3448,-0.0105,A EVITER,NO BET,False,71.12,5 - WATCHLIST,MARCHE JUSTE,BOOST|GLOBAL_BOOST,-4.1% (61 obs),MEGA 70%/3% | SAFE 63%/1% | VALUE 58%/3%,REFUSE,value negative,Value negative ou nulle | Proba IA 34.1% | MARCHE JUSTE | Learning BOOST|GLOBAL_BOOST | Calibration -4.1% (61 obs) | Source the-odds-api,0.33,0.62,1.5,1.88,1.5,1.0,1,NO BET,7.43,0.0,0.0,0.0,1451.9,1471.0,45.9,1.18,1.36,0.2772,NO DRAW SIGNAL,1-1,14.56,0-1,11.21,1-0,10.9,SCORE POISSON + FORME - confiance 84%,A recalculer via player_scorers,0.4603,0.5397,0.517,0.483,"[('1-1', 0.1456), ('0-1', 0.1121), ('1-0', 0.109), ('1-2', 0.0904), ('2-1', 0.0892), ('0-2', 0.0744), ('2-0', 0.0699), ('0-0', 0.0656), ('2-2', 0.0418), ('1-3', 0.0303), ('3-1', 0.0296), ('3-0', 0.0186)]",0.0,0.0,0.0,0.0,129.14
03/10/2026 01:08,NO BET,2026-10-18T15:15:00Z,soccer_france_ligue_one,the-odds-api,football,Le Havre,Auxerre,Home Win,Le Havre,0.34458159186612264,2.4,0.4167,-0.173,A EVITER,NO BET,False,60.97,5 - WATCHLIST,OK,BOOST|GLOBAL_BOOST,-6.0% (36 obs),MEGA 70%/3% | SAFE 63%/1% | VALUE 58%/3%,REFUSE,value negative,Value negative ou nulle | Proba IA 34.5% | Learning BOOST|GLOBAL_BOOST | Calibration -6.0% (36 obs) | Source the-odds-api,0.33,0.62,1.5,1.88,1.5,1.0,1,NO BET,7.43,0.0,0.0,0.0,1451.9,1471.0,45.9,1.18,1.36,0.2772,NO DRAW SIGNAL,1-1,14.56,0-1,11.21,1-0,10.9,SCORE POISSON + FORME - confiance 84%,A recalculer via player_scorers,0.4603,0.5397,0.517,0.483,"[('1-1', 0.1456), ('0-1', 0.1121), ('1-0', 0.109), ('1-2', 0.0904), ('2-1', 0.0892), ('0-2', 0.0744), ('2-0', 0.0699), ('0-0', 0.0656), ('2-2', 0.0418), ('1-3', 0.0303), ('3-1', 0.0296), ('3-0', 0.0186)]",0.0,0.0,0.0,0.0,114.36
03/10/2026 01:08,WATCHLIST,2026-10-18T15:15:00Z,soccer_france_ligue_one,the-odds-api,football,Lorient,AS Monaco,Home Win,Lorient,0.3208136017500026,3.65,0.274,0.171,A EVITER,WATCHLIST,False,86.19,5 - WATCHLIST,OK,BOOST|GLOBAL_BOOST,+1.2% (35 obs),MEGA 70%/3% | SAFE 63%/1% | VALUE 58%/3%,WATCHLIST,cote trop haute,Value positive 17.1% | Proba IA 32.1% | Learning BOOST|GLOBAL_BOOST | Calibration +1.2% (35 obs) | Source the-odds-api,0.33,0.5,1.38,1.1,1.38,1.2,0.85,NO BET,7.43,0.0,0.0,0.0,1510.9,1500.0,75.9,1.21,1.147,0.2971,NO DRAW SIGNAL,1-1,14.99,1-0,12.32,0-1,11.01,SCORE POISSON + FORME - confiance 84%,A recalculer via player_scorers,0.4108,0.5892,0.4824,0.5176,"[('1-1', 0.1499), ('1-0', 0.1232), ('0-1', 0.1101), ('2-1', 0.0909), ('2-0', 0.08), ('1-2', 0.0795), ('0-0', 0.075), ('0-2', 0.0645), ('2-2', 0.0386), ('3-1', 0.0306), ('1-3', 0.0245), ('3-0', 0.0201)]",0.0,0.0,0.0,0.0,223.54
03/10/2026 01:08,WATCHLIST,2026-10-18T15:15:00Z,soccer_france_ligue_one,the-odds-api,football,Lorient,AS Monaco,Draw,Draw,0.3134335865541298,3.6,0.2778,0.1284,A EVITER,NUL POSSIBLE,True,76.98,3B - NUL POSSIBLE,MARCHE JUSTE,BOOST|GLOBAL_BOOST,+1.2% (179 obs),MEGA 70%/3% | SAFE 63%/1% | VALUE 58%/3%,WATCHLIST,cote trop haute,Value positive 12.8% | Proba IA 31.3% | MARCHE JUSTE | Learning BOOST|GLOBAL_BOOST | Calibration +1.2% (179 obs) | Source the-odds-api,0.33,0.5,1.38,1.1,1.38,1.2,0.85,NO BET,7.43,0.1346,0.0494,0.0,1510.9,1500.0,75.9,1.21,1.147,0.2971,DRAW POSSIBLE - tight 42%,1-1,14.99,1-0,12.32,0-1,11.01,SCORE POISSON + FORME - confiance 84%,A recalculer via player_scorers,0.4108,0.5892,0.4824,0.5176,"[('1-1', 0.1499), ('1-0', 0.1232), ('0-1', 0.1101), ('2-1', 0.0909), ('2-0', 0.08), ('1-2', 0.0795), ('0-0', 0.075), ('0-2', 0.0645), ('2-2', 0.0386), ('3-1', 0.0306), ('1-3', 0.0245), ('3-0', 0.0201)]",0.0,0.0,0.0,0.0,191.07
03/10/2026 01:08,NO BET,2026-10-18T15:15:00Z,soccer_france_ligue_one,the-odds-api,football,Lorient,AS Monaco,Away Win,AS Monaco,0.4333425540417788,2.05,0.4878,-0.1116,A EVITER,NO BET,False,67.75,5 - WATCHLIST,OK,BOOST|GLOBAL_BOOST,-6.0% (21 obs),MEGA 70%/3% | SAFE 63%/1% | VALUE 58%/3%,REFUSE,value negative,Value negative ou nulle | Proba IA 43.3% | Learning BOOST|GLOBAL_BOOST | Calibration -6.0% (21 obs) | Source the-odds-api,0.33,0.5,1.38,1.1,1.38,1.2,0.85,NO BET,7.43,0.0,0.0,0.0,1510.9,1500.0,75.9,1.21,1.147,0.2971,NO DRAW SIGNAL,1-1,14.99,1-0,12.32,0-1,11.01,SCORE POISSON + FORME - confiance 84%,A recalculer via player_scorers,0.4108,0.5892,0.4824,0.5176,"[('1-1', 0.1499), ('1-0', 0.1232), ('0-1', 0.1101), ('2-1', 0.0909), ('2-0', 0.08), ('1-2', 0.0795), ('0-0', 0.075), ('0-2', 0.0645), ('2-2', 0.0386), ('3-1', 0.0306), ('1-3', 0.0245), ('3-0', 0.0201)]",0.0,0.0,0.0,0.0,130.6
03/10/2026 01:08,WATCHLIST,2026-10-18T15:15:00Z,soccer_france_ligue_one,the-odds-api,football,Paris FC,Rennes,Home Win,Paris FC,0.5088954596095272,2.3,0.4348,0.1705,Faible,WATCHLIST,False,100.0,5 - WATCHLIST,MARCHE JUSTE,BOOST|GLOBAL_BOOST,+3.9% (57 obs),MEGA 70%/3% | SAFE 63%/1% | VALUE 58%/3%,WATCHLIST,proba trop basse,Value positive 17.1% | Proba IA 50.9% | MARCHE JUSTE | Learning BOOST|GLOBAL_BOOST | Calibration +3.9% (57 obs) | Source the-odds-api,0.67,0.67,2.25,2.0,1.12,1.62,1,NO BET,7.43,0.0,0.0,0.0,1520.0,1553.1,31.9,1.81,1.51,0.2305,NO DRAW SIGNAL,1-1,13.55,2-1,11.89,1-2,9.79,SCORE POISSON + FORME - confiance 84%,A recalculer via player_scorers,0.6843,0.3157,0.6922,0.3078,"[('1-1', 0.1355), ('2-1', 0.1189), ('1-2', 0.0979), ('2-2', 0.0815), ('2-0', 0.0796), ('3-1', 0.0649), ('0-2', 0.0546), ('1-3', 0.0451), ('1-0', 0.0398), ('3-2', 0.0364), ('0-1', 0.0321), ('2-3', 0.0302)]",0.0,0.0,0.0,0.0,256.92
03/10/2026 01:08,WATCHLIST,2026-10-18T15:15:00Z,soccer_france_ligue_one,the-odds-api,football,Paris FC,Rennes,Draw,Draw,0.2965029634577156,3.5,0.2857,0.0378,A EVITER,NUL POSSIBLE,True,70.8,3B - NUL POSSIBLE,MARCHE JUSTE,BOOST|GLOBAL_BOOST,+1.2% (179 obs),MEGA 70%/3% | SAFE 63%/1% | VALUE 58%/3%,WATCHLIST,cote trop haute,Value positive 3.8% | Proba IA 29.7% | MARCHE JUSTE | Learning BOOST|GLOBAL_BOOST | Calibration +1.2% (179 obs) | Source the-odds-api,0.67,0.67,2.25,2.0,1.12,1.62,1,NO BET,7.43,0.1346,0.0151,0.0,1520.0,1553.1,31.9,1.81,1.51,0.2305,NO DRAW SIGNAL,1-1,13.55,2-1,11.89,1-2,9.79,SCORE POISSON + FORME - confiance 84%,A recalculer via player_scorers,0.6843,0.3157,0.6922,0.3078,"[('1-1', 0.1355), ('2-1', 0.1189), ('1-2', 0.0979), ('2-2', 0.0815), ('2-0', 0.0796), ('3-1', 0.0649), ('0-2', 0.0546), ('1-3', 0.0451), ('1-0', 0.0398), ('3-2', 0.0364), ('0-1', 0.0321), ('2-3', 0.0302)]",0.0,0.0,0.0,0.0,141.78
03/10/2026 01:08,NO BET,2026-10-18T15:15:00Z,soccer_france_ligue_one,the-odds-api,football,Paris FC,Rennes,Away Win,Rennes,0.30562053811367557,3.1,0.3226,-0.0526,A EVITER,NO BET,False,64.79,5 - WATCHLIST,MARCHE JUSTE,BOOST|GLOBAL_BOOST,-4.1% (61 obs),MEGA 70%/3% | SAFE 63%/1% | VALUE 58%/3%,REFUSE,cote trop haute,Value negative ou nulle | Proba IA 30.6% | MARCHE JUSTE | Learning BOOST|GLOBAL_BOOST | Calibration -4.1% (61 obs) | Source the-odds-api,0.67,0.67,2.25,2.0,1.12,1.62,1,NO BET,7.43,0.0,0.0,0.0,1520.0,1553.1,31.9,1.81,1.51,0.2305,NO DRAW SIGNAL,1-1,13.55,2-1,11.89,1-2,9.79,SCORE POISSON + FORME - confiance 84%,A recalculer via player_scorers,0.6843,0.3157,0.6922,0.3078,"[('1-1', 0.1355), ('2-1', 0.1189), ('1-2', 0.0979), ('2-2', 0.0815), ('2-0', 0.0796), ('3-1', 0.0649), ('0-2', 0.0546), ('1-3', 0.0451), ('1-0', 0.0398), ('3-2', 0.0364), ('0-1', 0.0321), ('2-3', 0.0302)]",0.0,0.0,0.0,0.0,117.28
03/10/2026 01:08,WATCHLIST,2026-10-18T15:30:00Z,soccer_epl,the-odds-api,football,Nottingham Forest,Arsenal,Draw,Draw,0.28836324081520875,4.1,0.2439,0.1823,A EVITER,NUL POSSIBLE,True,74.07,3B - NUL POSSIBLE,MARCHE JUSTE,BOOST|GLOBAL_BOOST,+1.2% (179 obs),MEGA 70%/3% | SAFE 63%/1% | VALUE 58%/3%,WATCHLIST,cote trop haute,Value positive 18.2% | Proba IA 28.8% | MARCHE JUSTE | Learning BOOST|GLOBAL_BOOST | Calibration +1.2% (179 obs) | Source the-odds-api,0.5,0.75,1.2,1.5,1.2,0.62,1,NO BET,7.43,0.1346,0.0588,0.0,1500.0,1688.9,-123.9,1.08,1.29,0.2867,DRAW POSSIBLE - tight 21%,1-1,14.58,0-1,12.13,1-0,11.4,SCORE POISSON + FORME - confiance 84%,A recalculer via player_scorers,0.417,0.583,0.4805,0.5195,"[('1-1', 0.1458), ('0-1', 0.1213), ('1-0', 0.114), ('1-2', 0.0875), ('2-1', 0.0847), ('0-2', 0.0771), ('0-0', 0.0728), ('2-0', 0.0687), ('2-2', 0.0382), ('1-3', 0.0284), ('3-1', 0.0271), ('3-0', 0.018)]",0.0,0.0,0.0,0.0,208.19
03/10/2026 01:08,WATCHLIST,2026-10-18T15:30:00Z,soccer_epl,the-odds-api,football,Nottingham Forest,Arsenal,Away Win,Arsenal,0.6272063282183641,1.62,0.6173,0.0161,Moyenne,WATCHLIST,False,91.19,5 - WATCHLIST,OK,BOOST|GLOBAL_BOOST,-1.6% (36 obs),MEGA 70%/3% | SAFE 63%/1% | VALUE 58%/3%,WATCHLIST,watchlist prudente,Value positive 1.6% | Proba IA 62.7% | Learning BOOST|GLOBAL_BOOST | Calibration -1.6% (36 obs) | Source the-odds-api,0.5,0.75,1.2,1.5,1.2,0.62,1,NO BET,7.43,0.0,0.0,0.0,1500.0,1688.9,-123.9,1.08,1.29,0.2867,NO DRAW SIGNAL,1-1,14.58,0-1,12.13,1-0,11.4,SCORE POISSON + FORME - confiance 84%,A recalculer via player_scorers,0.417,0.583,0.4805,0.5195,"[('1-1', 0.1458), ('0-1', 0.1213), ('1-0', 0.114), ('1-2', 0.0875), ('2-1', 0.0847), ('0-2', 0.0771), ('0-0', 0.0728), ('2-0', 0.0687), ('2-2', 0.0382), ('1-3', 0.0284), ('3-1', 0.0271), ('3-0', 0.018)]",0.0,0.0,0.0,0.0,185.78
03/10/2026 01:08,NO BET,2026-10-18T15:30:00Z,soccer_epl,the-odds-api,football,Nottingham Forest,Arsenal,Home Win,Nottingham Forest,0.15031354479829287,6.2,0.1613,-0.0681,A EVITER,NO BET,False,43.49,6 - NO BET,COTE HAUTE,BOOST|GLOBAL_BOOST,-4.3% (77 obs),MEGA 70%/3% | SAFE 63%/1% | VALUE 58%/3%,REFUSE,cote trop haute,Value negative ou nulle | Proba IA 15.0% | COTE HAUTE | Learning BOOST|GLOBAL_BOOST | Calibration -4.3% (77 obs) | Source the-odds-api,0.5,0.75,1.2,1.5,1.2,0.62,1,NO BET,7.43,0.0,0.0,0.0,1500.0,1688.9,-123.9,1.08,1.29,0.2867,NO DRAW SIGNAL,1-1,14.58,0-1,12.13,1-0,11.4,SCORE POISSON + FORME - confiance 84%,A recalculer via player_scorers,0.417,0.583,0.4805,0.5195,"[('1-1', 0.1458), ('0-1', 0.1213), ('1-0', 0.114), ('1-2', 0.0875), ('2-1', 0.0847), ('0-2', 0.0771), ('0-0', 0.0728), ('2-0', 0.0687), ('2-2', 0.0382), ('1-3', 0.0284), ('3-1', 0.0271), ('3-0', 0.018)]",0.0,0.0,0.0,0.0,74.89
03/10/2026 01:08,WATCHLIST,2026-10-18T15:30:00Z,soccer_germany_bundesliga,the-odds-api,football,Borussia Monchengladbach,TSG Hoffenheim,Draw,Draw,0.2963944338224822,4.4,0.2273,0.3041,A EVITER,NUL POSSIBLE,True,71.6,3B - NUL POSSIBLE,MARCHE JUSTE,BOOST|GLOBAL_BOOST,+3.7% (114 obs),MEGA 70%/3% | SAFE 63%/1% | VALUE 58%/3%,WATCHLIST,cote trop haute,Value positive 30.4% | Proba IA 29.6% | MARCHE JUSTE | Learning BOOST|GLOBAL_BOOST | Calibration +3.7% (114 obs) | Source the-odds-api,0.5,0.5,1.2,1.1,1.2,1.2,0,NO BET,7.43,0.1346,0.0895,0.0,1500.0,1500.0,65.0,0.96,1.412,0.2671,NO DRAW SIGNAL,1-1,13.78,0-1,13.37,1-0,10.72,SCORE POISSON + FORME - confiance 71%,A recalculer via player_scorers,0.4221,0.5779,0.4661,0.5339,"[('1-1', 0.1378), ('0-1', 0.1337), ('1-0', 0.1072), ('1-2', 0.0941), ('0-2', 0.09), ('2-1', 0.0785), ('0-0', 0.0702), ('2-0', 0.06), ('2-2', 0.0364), ('1-3', 0.0318), ('3-1', 0.0241), ('0-3', 0.0192)]",0.0,0.0,0.0,0.0,257.49
03/10/2026 01:08,WATCHLIST,2026-10-18T15:30:00Z,soccer_germany_bundesliga,the-odds-api,football,Borussia Monchengladbach,TSG Hoffenheim,Home Win,Borussia Monchengladbach,0.30279768230125426,3.6,0.2778,0.0901,A EVITER,WATCHLIST,False,70.93,5 - WATCHLIST,MARCHE JUSTE,BOOST|GLOBAL_BOOST,+1.2% (35 obs),MEGA 70%/3% | SAFE 63%/1% | VALUE 58%/3%,WATCHLIST,cote trop haute,Value positive 9.0% | Proba IA 30.3% | MARCHE JUSTE | Learning BOOST|GLOBAL_BOOST | Calibration +1.2% (35 obs) | Source the-odds-api,0.5,0.5,1.2,1.1,1.2,1.2,0,NO BET,7.43,0.0,0.0,0.0,1500.0,1500.0,65.0,0.96,1.412,0.2671,NO DRAW SIGNAL,1-1,13.78,0-1,13.37,1-0,10.72,SCORE POISSON + FORME - confiance 71%,A recalculer via player_scorers,0.4221,0.5779,0.4661,0.5339,"[('1-1', 0.1378), ('0-1', 0.1337), ('1-0', 0.1072), ('1-2', 0.0941), ('0-2', 0.09), ('2-1', 0.0785), ('0-0', 0.0702), ('2-0', 0.06), ('2-2', 0.0364), ('1-3', 0.0318), ('3-1', 0.0241), ('0-3', 0.0192)]",0.0,0.0,0.0,0.0,164.9
03/10/2026 01:08,NO BET,2026-10-18T15:30:00Z,soccer_germany_bundesliga,the-odds-api,football,Borussia Monchengladbach,TSG Hoffenheim,Away Win,TSG Hoffenheim,0.4983439371480456,1.93,0.5181,-0.0382,A EVITER,NO BET,False,72.39,5 - WATCHLIST,MARCHE JUSTE,BOOST|GLOBAL_BOOST,-6.0% (28 obs),MEGA 70%/3% | SAFE 63%/1% | VALUE 58%/3%,REFUSE,value negative,Value negative ou nulle | Proba IA 49.8% | MARCHE JUSTE | Learning BOOST|GLOBAL_BOOST | Calibration -6.0% (28 obs) | Source the-odds-api,0.5,0.5,1.2,1.1,1.2,1.2,0,NO BET,7.43,0.0,0.0,0.0,1500.0,1500.0,65.0,0.96,1.412,0.2671,NO DRAW SIGNAL,1-1,13.78,0-1,13.37,1-0,10.72,SCORE POISSON + FORME - confiance 71%,A recalculer via player_scorers,0.4221,0.5779,0.4661,0.5339,"[('1-1', 0.1378), ('0-1', 0.1337), ('1-0', 0.1072), ('1-2', 0.0941), ('0-2', 0.09), ('2-1', 0.0785), ('0-0', 0.0702), ('2-0', 0.06), ('2-2', 0.0364), ('1-3', 0.0318), ('3-1', 0.0241), ('0-3', 0.0192)]",0.0,0.0,0.0,0.0,142.02
03/10/2026 01:08,WATCHLIST,2026-10-18T16:00:00Z,soccer_italy_serie_a,the-odds-api,football,AC Milan,Atalanta BC,Away Win,Atalanta BC,0.2935325616061944,4.25,0.2353,0.2475,A EVITER,WATCHLIST,False,75.48,5 - WATCHLIST,MARCHE JUSTE,BOOST|GLOBAL_BOOST,+4.0% (49 obs),MEGA 70%/3% | SAFE 63%/1% | VALUE 58%/3%,WATCHLIST,cote trop haute,Value positive 24.8% | Proba IA 29.4% | MARCHE JUSTE | Learning BOOST|GLOBAL_BOOST | Calibration +4.0% (49 obs) | Source the-odds-api,0.5,0.5,1.2,1.1,1.2,1.2,0,NO BET,7.43,0.0,0.0,0.0,1500.0,1500.0,65.0,1.734,0.757,0.2042,NO DRAW SIGNAL,1-0,17.12,2-0,14.15,1-1,11.78,SCORE POISSON + FORME - confiance 78%,A recalculer via player_scorers,0.4622,0.5378,0.4297,0.5703,"[('1-0', 0.1712), ('2-0', 0.1415), ('1-1', 0.1178), ('2-1', 0.1169), ('0-1', 0.0817), ('0-0', 0.0615), ('1-2', 0.0564), ('3-1', 0.0456), ('0-2', 0.0344), ('3-0', 0.0327), ('2-2', 0.0296), ('3-2', 0.0142)]",0.0,0.0,0.0,0.0,238.69
03/10/2026 01:08,WATCHLIST,2026-10-18T16:00:00Z,soccer_italy_serie_a,the-odds-api,football,AC Milan,Atalanta BC,Draw,Draw,0.30518533427638955,3.75,0.2667,0.1444,A EVITER,NUL POSSIBLE,True,73.28,3B - NUL POSSIBLE,DRAW RISQUE,BOOST|GLOBAL_BOOST,+3.7% (114 obs),MEGA 70%/3% | SAFE 63%/1% | VALUE 58%/3%,WATCHLIST,cote trop haute,Value positive 14.4% | Proba IA 30.5% | DRAW RISQUE | Learning BOOST|GLOBAL_BOOST | Calibration +3.7% (114 obs) | Source the-odds-api,0.5,0.5,1.2,1.1,1.2,1.2,0,NO BET,7.43,0.1346,0.0525,0.0,1500.0,1500.0,65.0,1.734,0.757,0.2042,NO DRAW SIGNAL,1-0,17.12,2-0,14.15,1-1,11.78,SCORE POISSON + FORME - confiance 78%,A recalculer via player_scorers,0.4622,0.5378,0.4297,0.5703,"[('1-0', 0.1712), ('2-0', 0.1415), ('1-1', 0.1178), ('2-1', 0.1169), ('0-1', 0.0817), ('0-0', 0.0615), ('1-2', 0.0564), ('3-1', 0.0456), ('0-2', 0.0344), ('3-0', 0.0327), ('2-2', 0.0296), ('3-2', 0.0142)]",0.0,0.0,0.0,0.0,191.93
03/10/2026 01:08,WATCHLIST,2026-10-18T16:00:00Z,soccer_italy_serie_a,the-odds-api,football,AC Milan,Atalanta BC,Home Win,AC Milan,0.5195313638624028,1.93,0.5181,0.0027,Faible,WATCHLIST,False,77.98,5 - WATCHLIST,OK,BOOST|GLOBAL_BOOST,-6.0% (26 obs),MEGA 70%/3% | SAFE 63%/1% | VALUE 58%/3%,WATCHLIST,proba trop basse,Value positive 0.3% | Proba IA 52.0% | Learning BOOST|GLOBAL_BOOST | Calibration -6.0% (26 obs) | Source the-odds-api,0.5,0.5,1.2,1.1,1.2,1.2,0,NO BET,7.43,0.0,0.0,0.0,1500.0,1500.0,65.0,1.734,0.757,0.2042,NO DRAW SIGNAL,1-0,17.12,2-0,14.15,1-1,11.78,SCORE POISSON + FORME - confiance 78%,A recalculer via player_scorers,0.4622,0.5378,0.4297,0.5703,"[('1-0', 0.1712), ('2-0', 0.1415), ('1-1', 0.1178), ('2-1', 0.1169), ('0-1', 0.0817), ('0-0', 0.0615), ('1-2', 0.0564), ('3-1', 0.0456), ('0-2', 0.0344), ('3-0', 0.0327), ('2-2', 0.0296), ('3-2', 0.0142)]",0.0,0.0,0.0,0.0,152.94
03/10/2026 01:08,WATCHLIST,2026-10-18T16:30:00Z,soccer_spain_la_liga,the-odds-api,football,Málaga,Real Sociedad,Home Win,Málaga,0.33546510250651496,3.3,0.303,0.107,A EVITER,WATCHLIST,False,77.25,5 - WATCHLIST,MARCHE JUSTE,BOOST|GLOBAL_BOOST,+1.2% (35 obs),MEGA 70%/3% | SAFE 63%/1% | VALUE 58%/3%,WATCHLIST,cote trop haute,Value positive 10.7% | Proba IA 33.5% | MARCHE JUSTE | Learning BOOST|GLOBAL_BOOST | Calibration +1.2% (35 obs) | Source the-odds-api,0.5,0.5,1.2,1.1,1.2,1.2,0,NO BET,7.43,0.0,0.0,0.0,1500.0,1500.0,65.0,1.081,1.277,0.2886,NO DRAW SIGNAL,1-1,14.63,0-1,12.12,1-0,11.48,SCORE POISSON + FORME - confiance 78%,A recalculer via player_scorers,0.4136,0.5864,0.4785,0.5215,"[('1-1', 0.1463), ('0-1', 0.1212), ('1-0', 0.1148), ('1-2', 0.0868), ('2-1', 0.0847), ('0-2', 0.0765), ('0-0', 0.0735), ('2-0', 0.0692), ('2-2', 0.038), ('1-3', 0.028), ('3-1', 0.0271), ('3-0', 0.0181)]",0.0,0.0,0.0,0.0,183.84
03/10/2026 01:08,WATCHLIST,2026-10-18T16:30:00Z,soccer_spain_la_liga,the-odds-api,football,Málaga,Real Sociedad,Draw,Draw,0.31267387910749583,3.6,0.2778,0.1256,A EVITER,NUL POSSIBLE,True,71.43,3B - NUL POSSIBLE,MARCHE JUSTE,BOOST|GLOBAL_BOOST,+1.2% (179 obs),MEGA 70%/3% | SAFE 63%/1% | VALUE 58%/3%,WATCHLIST,cote trop haute,Value positive 12.6% | Proba IA 31.3% | MARCHE JUSTE | Learning BOOST|GLOBAL_BOOST | Calibration +1.2% (179 obs) | Source the-odds-api,0.5,0.5,1.2,1.1,1.2,1.2,0,NO BET,7.43,0.1346,0.0483,0.0,1500.0,1500.0,65.0,1.081,1.277,0.2886,DRAW POSSIBLE - tight 38%,1-1,14.63,0-1,12.12,1-0,11.48,SCORE POISSON + FORME - confiance 78%,A recalculer via player_scorers,0.4136,0.5864,0.4785,0.5215,"[('1-1', 0.1463), ('0-1', 0.1212), ('1-0', 0.1148), ('1-2', 0.0868), ('2-1', 0.0847), ('0-2', 0.0765), ('0-0', 0.0735), ('2-0', 0.0692), ('2-2', 0.038), ('1-3', 0.028), ('3-1', 0.0271), ('3-0', 0.0181)]",0.0,0.0,0.0,0.0,181.62
03/10/2026 01:08,NO BET,2026-10-18T16:30:00Z,soccer_spain_la_liga,the-odds-api,football,Málaga,Real Sociedad,Away Win,Real Sociedad,0.41885978973564564,2.23,0.4484,-0.0659,A EVITER,NO BET,False,65.86,5 - WATCHLIST,MARCHE JUSTE,BOOST|GLOBAL_BOOST,-6.0% (21 obs),MEGA 70%/3% | SAFE 63%/1% | VALUE 58%/3%,REFUSE,value negative,Value negative ou nulle | Proba IA 41.9% | MARCHE JUSTE | Learning BOOST|GLOBAL_BOOST | Calibration -6.0% (21 obs) | Source the-odds-api,0.5,0.5,1.2,1.1,1.2,1.2,0,NO BET,7.43,0.0,0.0,0.0,1500.0,1500.0,65.0,1.081,1.277,0.2886,NO DRAW SIGNAL,1-1,14.63,0-1,12.12,1-0,11.48,SCORE POISSON + FORME - confiance 78%,A recalculer via player_scorers,0.4136,0.5864,0.4785,0.5215,"[('1-1', 0.1463), ('0-1', 0.1212), ('1-0', 0.1148), ('1-2', 0.0868), ('2-1', 0.0847), ('0-2', 0.0765), ('0-0', 0.0735), ('2-0', 0.0692), ('2-2', 0.038), ('1-3', 0.028), ('3-1', 0.0271), ('3-0', 0.0181)]",0.0,0.0,0.0,0.0,126.79
03/10/2026 01:08,WATCHLIST,2026-10-18T18:45:00Z,soccer_france_ligue_one,the-odds-api,football,Lyon,Nice,Draw,Draw,0.3060535713582569,4.0,0.25,0.2242,A EVITER,NUL POSSIBLE,True,89.15,3B - NUL POSSIBLE,MARCHE JUSTE,BOOST|GLOBAL_BOOST,+3.7% (114 obs),MEGA 70%/3% | SAFE 63%/1% | VALUE 58%/3%,WATCHLIST,cote trop haute,Value positive 22.4% | Proba IA 30.6% | MARCHE JUSTE | Learning BOOST|GLOBAL_BOOST | Calibration +3.7% (114 obs) | Source the-odds-api,0.54,0.21,1.62,0.62,1.62,1.5,1,NO BET,7.43,0.1346,0.0747,0.0,1570.5,1470.4,165.1,1.48,0.92,0.2594,NO DRAW SIGNAL,1-0,14.54,1-1,13.55,2-0,10.57,SCORE POISSON + FORME - confiance 84%,A recalculer via player_scorers,0.4299,0.5701,0.4637,0.5363,"[('1-0', 0.1454), ('1-1', 0.1355), ('2-0', 0.1057), ('2-1', 0.1048), ('0-1', 0.0944), ('0-0', 0.0689), ('1-2', 0.0677), ('0-2', 0.0466), ('3-1', 0.038), ('2-2', 0.0361), ('3-0', 0.026), ('1-3', 0.0188)]",0.0,0.0,0.0,0.0,249.78
03/10/2026 01:08,WATCHLIST,2026-10-18T18:45:00Z,soccer_france_ligue_one,the-odds-api,football,Lyon,Nice,Home Win,Lyon,0.6045100682501743,1.67,0.5988,0.0095,Moyenne,WATCHLIST,False,89.49,5 - WATCHLIST,MARCHE JUSTE,BOOST|GLOBAL_BOOST,-0.7% (30 obs),MEGA 70%/3% | SAFE 63%/1% | VALUE 58%/3%,WATCHLIST,watchlist prudente,Value positive 0.9% | Proba IA 60.5% | MARCHE JUSTE | Learning BOOST|GLOBAL_BOOST | Calibration -0.7% (30 obs) | Source the-odds-api,0.54,0.21,1.62,0.62,1.62,1.5,1,NO BET,7.43,0.0,0.0,0.0,1570.5,1470.4,165.1,1.48,0.92,0.2594,NO DRAW SIGNAL,1-0,14.54,1-1,13.55,2-0,10.57,SCORE POISSON + FORME - confiance 84%,A recalculer via player_scorers,0.4299,0.5701,0.4637,0.5363,"[('1-0', 0.1454), ('1-1', 0.1355), ('2-0', 0.1057), ('2-1', 0.1048), ('0-1', 0.0944), ('0-0', 0.0689), ('1-2', 0.0677), ('0-2', 0.0466), ('3-1', 0.038), ('2-2', 0.0361), ('3-0', 0.026), ('1-3', 0.0188)]",0.0,0.0,0.0,0.0,178.86
03/10/2026 01:08,NO BET,2026-10-18T18:45:00Z,soccer_france_ligue_one,the-odds-api,football,Lyon,Nice,Away Win,Nice,0.18439866049619905,5.0,0.2,-0.078,A EVITER,NO BET,False,43.77,6 - NO BET,COTE HAUTE,BOOST|GLOBAL_BOOST,-3.0% (36 obs),MEGA 70%/3% | SAFE 63%/1% | VALUE 58%/3%,REFUSE,cote trop haute,Value negative ou nulle | Proba IA 18.4% | COTE HAUTE | Learning BOOST|GLOBAL_BOOST | Calibration -3.0% (36 obs) | Source the-odds-api,0.54,0.21,1.62,0.62,1.62,1.5,1,NO BET,7.43,0.0,0.0,0.0,1570.5,1470.4,165.1,1.48,0.92,0.2594,NO DRAW SIGNAL,1-0,14.54,1-1,13.55,2-0,10.57,SCORE POISSON + FORME - confiance 84%,A recalculer via player_scorers,0.4299,0.5701,0.4637,0.5363,"[('1-0', 0.1454), ('1-1', 0.1355), ('2-0', 0.1057), ('2-1', 0.1048), ('0-1', 0.0944), ('0-0', 0.0689), ('1-2', 0.0677), ('0-2', 0.0466), ('3-1', 0.038), ('2-2', 0.0361), ('3-0', 0.026), ('1-3', 0.0188)]",0.0,0.0,0.0,0.0,77.69
03/10/2026 01:08,WATCHLIST,2026-10-18T18:45:00Z,soccer_italy_serie_a,the-odds-api,football,Juventus,Lazio,Draw,Draw,0.2920532484131452,4.0,0.25,0.1682,A EVITER,NUL POSSIBLE,True,82.61,3B - NUL POSSIBLE,MARCHE JUSTE,BOOST|GLOBAL_BOOST,+1.2% (179 obs),MEGA 70%/3% | SAFE 63%/1% | VALUE 58%/3%,WATCHLIST,cote trop haute,Value positive 16.8% | Proba IA 29.2% | MARCHE JUSTE | Learning BOOST|GLOBAL_BOOST | Calibration +1.2% (179 obs) | Source the-odds-api,0.62,0.46,1.12,1.25,0.62,1.5,1,NO BET,7.43,0.1346,0.0561,0.0,1614.0,1545.5,133.5,1.3,0.87,0.2832,NO DRAW SIGNAL,1-0,15.89,1-1,14.31,0-1,10.87,SCORE POISSON + FORME - confiance 84%,A recalculer via player_scorers,0.3682,0.6318,0.4223,0.5777,"[('1-0', 0.1589), ('1-1', 0.1431), ('0-1', 0.1087), ('2-0', 0.1047), ('2-1', 0.0994), ('0-0', 0.0837), ('1-2', 0.0677), ('0-2', 0.0511), ('3-1', 0.0247), ('2-2', 0.0245), ('3-0', 0.0242), ('1-3', 0.0143)]",0.0,0.0,0.0,0.0,215.04
03/10/2026 01:08,NO BET,2026-10-18T18:45:00Z,soccer_italy_serie_a,the-odds-api,football,Juventus,Lazio,Home Win,Juventus,0.5308184459266789,1.68,0.5952,-0.1082,Faible,NO BET,False,73.79,5 - WATCHLIST,OK,BOOST|GLOBAL_BOOST,-6.0% (26 obs),MEGA 70%/3% | SAFE 63%/1% | VALUE 58%/3%,REFUSE,value negative,Value negative ou nulle | Proba IA 53.1% | Learning BOOST|GLOBAL_BOOST | Calibration -6.0% (26 obs) | Source the-odds-api,0.62,0.46,1.12,1.25,0.62,1.5,1,NO BET,7.43,0.0,0.0,0.0,1614.0,1545.5,133.5,1.3,0.87,0.2832,NO DRAW SIGNAL,1-0,15.89,1-1,14.31,0-1,10.87,SCORE POISSON + FORME - confiance 84%,A recalculer via player_scorers,0.3682,0.6318,0.4223,0.5777,"[('1-0', 0.1589), ('1-1', 0.1431), ('0-1', 0.1087), ('2-0', 0.1047), ('2-1', 0.0994), ('0-0', 0.0837), ('1-2', 0.0677), ('0-2', 0.0511), ('3-1', 0.0247), ('2-2', 0.0245), ('3-0', 0.0242), ('1-3', 0.0143)]",0.0,0.0,0.0,0.0,146.37
03/10/2026 01:08,WATCHLIST,2026-10-18T18:45:00Z,soccer_italy_serie_a,the-odds-api,football,Juventus,Lazio,Away Win,Lazio,0.1875917108944016,5.7,0.1754,0.0693,A EVITER,WATCHLIST,False,60.85,5 - WATCHLIST,COTE HAUTE,BOOST|GLOBAL_BOOST,-3.0% (36 obs),MEGA 70%/3% | SAFE 63%/1% | VALUE 58%/3%,WATCHLIST,cote trop haute,Value positive 6.9% | Proba IA 18.8% | COTE HAUTE | Learning BOOST|GLOBAL_BOOST | Calibration -3.0% (36 obs) | Source the-odds-api,0.62,0.46,1.12,1.25,0.62,1.5,1,NO BET,7.43,0.0,0.0,0.0,1614.0,1545.5,133.5,1.3,0.87,0.2832,NO DRAW SIGNAL,1-0,15.89,1-1,14.31,0-1,10.87,SCORE POISSON + FORME - confiance 84%,A recalculer via player_scorers,0.3682,0.6318,0.4223,0.5777,"[('1-0', 0.1589), ('1-1', 0.1431), ('0-1', 0.1087), ('2-0', 0.1047), ('2-1', 0.0994), ('0-0', 0.0837), ('1-2', 0.0677), ('0-2', 0.0511), ('3-1', 0.0247), ('2-2', 0.0245), ('3-0', 0.0242), ('1-3', 0.0143)]",0.0,0.0,0.0,0.0,132.98
03/10/2026 01:08,WATCHLIST,2026-10-18T19:00:00Z,soccer_spain_la_liga,the-odds-api,football,Real Madrid,Sevilla,Away Win,Sevilla,0.10069512505760281,12.0,0.0833,0.2083,A EVITER,WATCHLIST,False,73.19,5 - WATCHLIST,COTE HAUTE,BOOST|GLOBAL_BOOST,-0.2% (13 obs),MEGA 70%/3% | SAFE 63%/1% | VALUE 58%/3%,WATCHLIST,cote trop haute,Value positive 20.8% | Proba IA 10.1% | COTE HAUTE | Learning BOOST|GLOBAL_BOOST | Calibration -0.2% (13 obs) | Source the-odds-api,0.71,0.5,1.62,1.12,0.88,1.25,1,NO BET,7.43,0.0,0.0,0.0,1681.8,1449.5,297.3,1.75,0.89,0.2053,NO DRAW SIGNAL,1-0,15.32,2-0,12.75,2-1,12.11,SCORE POISSON + FORME - confiance 84%,A recalculer via player_scorers,0.4999,0.5001,0.4793,0.5207,"[('1-0', 0.1532), ('2-0', 0.1275), ('2-1', 0.1211), ('1-1', 0.1209), ('0-1', 0.0832), ('1-2', 0.0655), ('0-0', 0.0552), ('3-1', 0.0475), ('0-2', 0.0392), ('2-2', 0.0342), ('3-0', 0.0302), ('1-3', 0.0163)]",0.0,0.0,0.0,0.0,204.96
03/10/2026 01:08,WATCHLIST,2026-10-18T19:00:00Z,soccer_spain_la_liga,the-odds-api,football,Real Madrid,Sevilla,Home Win,Real Madrid,0.7511336054505307,1.26,0.7937,-0.0536,Forte,FAVORI SOLIDE,True,80.39,2B - FAVORI SOLIDE,OK,BOOST|GLOBAL_BOOST,-6.0% (14 obs),MEGA 70%/3% | SAFE 63%/1% | VALUE 58%/3%,WATCHLIST,value negative,Value negative ou nulle | Proba IA 75.1% | Learning BOOST|GLOBAL_BOOST | Calibration -6.0% (14 obs) | Source the-odds-api,0.71,0.5,1.62,1.12,0.88,1.25,1,NO BET,7.43,0.2692,0.0,0.0,1681.8,1449.5,297.3,1.75,0.89,0.2053,NO DRAW SIGNAL,1-0,15.32,2-0,12.75,2-1,12.11,SCORE POISSON + FORME - confiance 84%,A recalculer via player_scorers,0.4999,0.5001,0.4793,0.5207,"[('1-0', 0.1532), ('2-0', 0.1275), ('2-1', 0.1211), ('1-1', 0.1209), ('0-1', 0.0832), ('1-2', 0.0655), ('0-0', 0.0552), ('3-1', 0.0475), ('0-2', 0.0392), ('2-2', 0.0342), ('3-0', 0.0302), ('1-3', 0.0163)]",0.0,0.0,0.0,0.0,171.56
03/10/2026 01:08,NO BET,2026-10-18T19:00:00Z,soccer_spain_la_liga,the-odds-api,football,Real Madrid,Sevilla,Draw,Draw,0.12252995817853621,7.2,0.1389,-0.1178,A EVITER,NO BET,False,34.65,6 - NO BET,DRAW RISQUE,BOOST|GLOBAL_BOOST,-4.5% (32 obs),MEGA 70%/3% | SAFE 63%/1% | VALUE 58%/3%,REFUSE,cote trop haute,Value negative ou nulle | Proba IA 12.3% | DRAW RISQUE | Learning BOOST|GLOBAL_BOOST | Calibration -4.5% (32 obs) | Source the-odds-api,0.71,0.5,1.62,1.12,0.88,1.25,1,NO BET,7.43,0.0,0.0,0.0,1681.8,1449.5,297.3,1.75,0.89,0.2053,NO DRAW SIGNAL,1-0,15.32,2-0,12.75,2-1,12.11,SCORE POISSON + FORME - confiance 84%,A recalculer via player_scorers,0.4999,0.5001,0.4793,0.5207,"[('1-0', 0.1532), ('2-0', 0.1275), ('2-1', 0.1211), ('1-1', 0.1209), ('0-1', 0.0832), ('1-2', 0.0655), ('0-0', 0.0552), ('3-1', 0.0475), ('0-2', 0.0392), ('2-2', 0.0342), ('3-0', 0.0302), ('1-3', 0.0163)]",0.0,0.0,0.0,0.0,59.86
03/10/2026 01:08,WATCHLIST,2026-10-19T16:30:00Z,soccer_italy_serie_a,the-odds-api,football,Monza,Cagliari,Away Win,Cagliari,0.3479284558898597,3.65,0.274,0.2699,A EVITER,WATCHLIST,False,94.91,5 - WATCHLIST,VALUE CLAIRE,BOOST|GLOBAL_BOOST,-4.1% (61 obs),MEGA 70%/3% | SAFE 63%/1% | VALUE 58%/3%,WATCHLIST,cote trop haute,Value positive 27.0% | Proba IA 34.8% | VALUE CLAIRE | Learning BOOST|GLOBAL_BOOST | Calibration -4.1% (61 obs) | Source the-odds-api,0.12,0.54,0.5,1.12,2.12,1.38,1,NO BET,7.43,0.0,0.0,0.0,1342.5,1456.4,-48.9,0.83,1.27,0.2982,NO DRAW SIGNAL,0-1,15.42,1-1,14.1,0-0,11.84,SCORE POISSON + FORME - confiance 84%,A recalculer via player_scorers,0.311,0.689,0.3822,0.6178,"[('0-1', 0.1542), ('1-1', 0.141), ('0-0', 0.1184), ('1-0', 0.1177), ('0-2', 0.0952), ('1-2', 0.0775), ('2-1', 0.0657), ('2-0', 0.0596), ('2-2', 0.0219), ('1-3', 0.018), ('3-1', 0.0175), ('0-3', 0.0169)]",0.0,0.0,0.0,0.0,280.9
03/10/2026 01:08,WATCHLIST,2026-10-19T16:30:00Z,soccer_italy_serie_a,the-odds-api,football,Monza,Cagliari,Draw,Draw,0.33513951360081473,3.4,0.2941,0.1395,A EVITER,NUL POSSIBLE,True,84.12,3B - NUL POSSIBLE,MARCHE JUSTE,BOOST|GLOBAL_BOOST,+1.2% (179 obs),MEGA 70%/3% | SAFE 63%/1% | VALUE 58%/3%,WATCHLIST,cote trop haute,Value positive 14.0% | Proba IA 33.5% | MARCHE JUSTE | Learning BOOST|GLOBAL_BOOST | Calibration +1.2% (179 obs) | Source the-odds-api,0.12,0.54,0.5,1.12,2.12,1.38,1,NO BET,7.43,0.1346,0.0581,0.0,1342.5,1456.4,-48.9,0.83,1.27,0.2982,DRAW POSSIBLE - tight 23%,0-1,15.42,1-1,14.1,0-0,11.84,SCORE POISSON + FORME - confiance 84%,A recalculer via player_scorers,0.311,0.689,0.3822,0.6178,"[('0-1', 0.1542), ('1-1', 0.141), ('0-0', 0.1184), ('1-0', 0.1177), ('0-2', 0.0952), ('1-2', 0.0775), ('2-1', 0.0657), ('2-0', 0.0596), ('2-2', 0.0219), ('1-3', 0.018), ('3-1', 0.0175), ('0-3', 0.0169)]",0.0,0.0,0.0,0.0,207.93
03/10/2026 01:08,NO BET,2026-10-19T16:30:00Z,soccer_italy_serie_a,the-odds-api,football,Monza,Cagliari,Home Win,Monza,0.3227671351842043,2.34,0.4274,-0.2447,A EVITER,NO BET,False,60.06,5 - WATCHLIST,OK,BOOST|GLOBAL_BOOST,-6.0% (36 obs),MEGA 70%/3% | SAFE 63%/1% | VALUE 58%/3%,REFUSE,value negative,Value negative ou nulle | Proba IA 32.3% | Learning BOOST|GLOBAL_BOOST | Calibration -6.0% (36 obs) | Source the-odds-api,0.12,0.54,0.5,1.12,2.12,1.38,1,NO BET,7.43,0.0,0.0,0.0,1342.5,1456.4,-48.9,0.83,1.27,0.2982,NO DRAW SIGNAL,0-1,15.42,1-1,14.1,0-0,11.84,SCORE POISSON + FORME - confiance 84%,A recalculer via player_scorers,0.311,0.689,0.3822,0.6178,"[('0-1', 0.1542), ('1-1', 0.141), ('0-0', 0.1184), ('1-0', 0.1177), ('0-2', 0.0952), ('1-2', 0.0775), ('2-1', 0.0657), ('2-0', 0.0596), ('2-2', 0.0219), ('1-3', 0.018), ('3-1', 0.0175), ('0-3', 0.0169)]",0.0,0.0,0.0,0.0,111.48
03/10/2026 01:08,WATCHLIST,2026-10-19T18:45:00Z,soccer_italy_serie_a,the-odds-api,football,Parma,Torino,Home Win,Parma,0.40861407665384303,3.15,0.3175,0.2871,A EVITER,WATCHLIST,False,100.0,5 - WATCHLIST,OK,BOOST|GLOBAL_BOOST,+4.0% (33 obs),MEGA 70%/3% | SAFE 63%/1% | VALUE 58%/3%,WATCHLIST,cote trop haute,Value positive 28.7% | Proba IA 40.9% | Learning BOOST|GLOBAL_BOOST | Calibration +4.0% (33 obs) | Source the-odds-api,0.46,0.5,0.88,1.25,1.0,1.25,1,NO BET,7.43,0.0,0.0,0.0,1476.9,1468.5,73.4,1.09,0.95,0.3296,NO DRAW SIGNAL,1-1,15.26,1-0,14.77,0-0,13.34,SCORE POISSON + FORME - confiance 84%,A recalculer via player_scorers,0.2906,0.7094,0.3873,0.6127,"[('1-1', 0.1526), ('1-0', 0.1477), ('0-0', 0.1334), ('0-1', 0.125), ('2-0', 0.0865), ('2-1', 0.0764), ('1-2', 0.0626), ('0-2', 0.0624), ('2-2', 0.0211), ('3-1', 0.0189), ('3-0', 0.0178), ('1-3', 0.0134)]",0.0,0.0,0.0,0.0,300.07
03/10/2026 01:08,WATCHLIST,2026-10-19T18:45:00Z,soccer_italy_serie_a,the-odds-api,football,Parma,Torino,Draw,Draw,0.3489227772754596,3.2,0.3125,0.1166,A EVITER,NUL POSSIBLE,True,82.06,3B - NUL POSSIBLE,NUL SERRE,BOOST|GLOBAL_BOOST,-1.2% (23 obs),MEGA 70%/3% | SAFE 63%/1% | VALUE 58%/3%,WATCHLIST,cote trop haute,Value positive 11.7% | Proba IA 34.9% | NUL SERRE | Learning BOOST|GLOBAL_BOOST | Calibration -1.2% (23 obs) | Source the-odds-api,0.46,0.5,0.88,1.25,1.0,1.25,1,NO BET,7.43,0.1346,0.053,0.0,1476.9,1468.5,73.4,1.09,0.95,0.3296,DRAW POSSIBLE - tight 61%,1-1,15.26,1-0,14.77,0-0,13.34,SCORE POISSON + FORME - confiance 84%,A recalculer via player_scorers,0.2906,0.7094,0.3873,0.6127,"[('1-1', 0.1526), ('1-0', 0.1477), ('0-0', 0.1334), ('0-1', 0.125), ('2-0', 0.0865), ('2-1', 0.0764), ('1-2', 0.0626), ('0-2', 0.0624), ('2-2', 0.0211), ('3-1', 0.0189), ('3-0', 0.0178), ('1-3', 0.0134)]",0.0,0.0,0.0,0.0,195.99
03/10/2026 01:08,NO BET,2026-10-19T18:45:00Z,soccer_italy_serie_a,the-odds-api,football,Parma,Torino,Away Win,Torino,0.32877015350064426,2.5,0.4,-0.1781,A EVITER,NO BET,False,60.31,5 - WATCHLIST,OK,BOOST|GLOBAL_BOOST,-4.1% (61 obs),MEGA 70%/3% | SAFE 63%/1% | VALUE 58%/3%,REFUSE,value negative,Value negative ou nulle | Proba IA 32.9% | Learning BOOST|GLOBAL_BOOST | Calibration -4.1% (61 obs) | Source the-odds-api,0.46,0.5,0.88,1.25,1.0,1.25,1,NO BET,7.43,0.0,0.0,0.0,1476.9,1468.5,73.4,1.09,0.95,0.3296,NO DRAW SIGNAL,1-1,15.26,1-0,14.77,0-0,13.34,SCORE POISSON + FORME - confiance 84%,A recalculer via player_scorers,0.2906,0.7094,0.3873,0.6127,"[('1-1', 0.1526), ('1-0', 0.1477), ('0-0', 0.1334), ('0-1', 0.125), ('2-0', 0.0865), ('2-1', 0.0764), ('1-2', 0.0626), ('0-2', 0.0624), ('2-2', 0.0211), ('3-1', 0.0189), ('3-0', 0.0178), ('1-3', 0.0134)]",0.0,0.0,0.0,0.0,112.27
03/10/2026 01:08,MEGA VALUE,2026-10-19T19:00:00Z,soccer_epl,the-odds-api,football,Tottenham Hotspur,Coventry City,Home Win,Tottenham Hotspur,0.727552,1.53,0.6536,0.1132,Forte,MEGA VALUE,True,99.42,1 - MEGA VALUE,OK,GLOBAL_BOOST,+4.0% (19 obs),MEGA 70%/3% | SAFE 63%/1% | VALUE 58%/3%,JOUABLE,ok,Value positive 11.3% | Proba IA 72.8% | Mode MEGA VALUE | Learning GLOBAL_BOOST | Calibration +4.0% (19 obs) | Source the-odds-api,0.5,0.5,1.2,1.1,1.2,1.2,0,VALUE BET,7.43,0.4038,0.2135,3.0,1500.0,1500.0,65.0,2.114,0.51,0.1359,NO DRAW SIGNAL,2-0,20.4,1-0,17.73,2-1,9.95,SCORE POISSON + FORME - confiance 78%,A recalculer via player_scorers,0.5244,0.4756,0.3336,0.6664,"[('2-0', 0.204), ('1-0', 0.1773), ('2-1', 0.0995), ('3-0', 0.0929), ('1-1', 0.0831), ('3-1', 0.0518), ('0-0', 0.0513), ('0-1', 0.049), ('4-0', 0.0359), ('1-2', 0.029), ('4-1', 0.0198), ('2-2', 0.0176)]",0.0,0.0,0.0,0.0,246.73
03/10/2026 01:08,WATCHLIST,2026-10-19T19:00:00Z,soccer_epl,the-odds-api,football,Tottenham Hotspur,Coventry City,Away Win,Coventry City,0.18998649869305353,6.4,0.1562,0.2159,A EVITER,WATCHLIST,False,70.66,5 - WATCHLIST,COTE HAUTE,BOOST|GLOBAL_BOOST,+3.2% (24 obs),MEGA 70%/3% | SAFE 63%/1% | VALUE 58%/3%,WATCHLIST,cote trop haute,Value positive 21.6% | Proba IA 19.0% | COTE HAUTE | Learning BOOST|GLOBAL_BOOST | Calibration +3.2% (24 obs) | Source the-odds-api,0.5,0.5,1.2,1.1,1.2,1.2,0,NO BET,7.43,0.0,0.0,0.0,1500.0,1500.0,65.0,2.114,0.51,0.1359,NO DRAW SIGNAL,2-0,20.4,1-0,17.73,2-1,9.95,SCORE POISSON + FORME - confiance 78%,A recalculer via player_scorers,0.5244,0.4756,0.3336,0.6664,"[('2-0', 0.204), ('1-0', 0.1773), ('2-1', 0.0995), ('3-0', 0.0929), ('1-1', 0.0831), ('3-1', 0.0518), ('0-0', 0.0513), ('0-1', 0.049), ('4-0', 0.0359), ('1-2', 0.029), ('4-1', 0.0198), ('2-2', 0.0176)]",0.0,0.0,0.0,0.0,210.72
03/10/2026 01:08,NO BET,2026-10-19T19:00:00Z,soccer_epl,the-odds-api,football,Tottenham Hotspur,Coventry City,Draw,Draw,0.15606561546566436,4.6,0.2174,-0.2821,A EVITER,NO BET,False,28.9,6 - NO BET,DRAW RISQUE,BOOST|GLOBAL_BOOST,-4.5% (32 obs),MEGA 70%/3% | SAFE 63%/1% | VALUE 58%/3%,REFUSE,cote trop haute,Value negative ou nulle | Proba IA 15.6% | DRAW RISQUE | Learning BOOST|GLOBAL_BOOST | Calibration -4.5% (32 obs) | Source the-odds-api,0.5,0.5,1.2,1.1,1.2,1.2,0,NO BET,7.43,0.0,0.0,0.0,1500.0,1500.0,65.0,2.114,0.51,0.1359,NO DRAW SIGNAL,2-0,20.4,1-0,17.73,2-1,9.95,SCORE POISSON + FORME - confiance 78%,A recalculer via player_scorers,0.5244,0.4756,0.3336,0.6664,"[('2-0', 0.204), ('1-0', 0.1773), ('2-1', 0.0995), ('3-0', 0.0929), ('1-1', 0.0831), ('3-1', 0.0518), ('0-0', 0.0513), ('0-1', 0.049), ('4-0', 0.0359), ('1-2', 0.029), ('4-1', 0.0198), ('2-2', 0.0176)]",0.0,0.0,0.0,0.0,53.7
03/10/2026 01:08,WATCHLIST,2026-10-19T19:00:00Z,soccer_spain_la_liga,the-odds-api,football,Getafe,Rayo Vallecano,Draw,Draw,0.35825632590553413,3.2,0.3125,0.1464,A EVITER,NUL POSSIBLE,True,85.89,3B - NUL POSSIBLE,NUL SERRE,BOOST|GLOBAL_BOOST,-1.2% (23 obs),MEGA 70%/3% | SAFE 63%/1% | VALUE 58%/3%,WATCHLIST,cote trop haute,Value positive 14.6% | Proba IA 35.8% | NUL SERRE | Learning BOOST|GLOBAL_BOOST | Calibration -1.2% (23 obs) | Source the-odds-api,0.42,0.5,0.62,1.1,0.88,1.2,1,NO BET,7.43,0.1346,0.0666,0.0,1486.1,1500.0,51.1,1.08,0.94,0.3315,DRAW POSSIBLE - tight 77%,1-1,15.22,1-0,14.84,0-0,13.53,SCORE POISSON + FORME - confiance 83%,A recalculer via player_scorers,0.2856,0.7144,0.3829,0.6171,"[('1-1', 0.1522), ('1-0', 0.1484), ('0-0', 0.1353), ('0-1', 0.1255), ('2-0', 0.0864), ('2-1', 0.0757), ('0-2', 0.0621), ('1-2', 0.062), ('2-2', 0.0209), ('3-1', 0.0187), ('3-0', 0.0177), ('1-3', 0.0133)]",0.0,0.0,0.0,0.0,215.16
03/10/2026 01:08,NO BET,2026-10-19T19:00:00Z,soccer_spain_la_liga,the-odds-api,football,Getafe,Rayo Vallecano,Home Win,Getafe,0.31712359415206626,2.76,0.3623,-0.1247,A EVITER,NO BET,False,59.82,5 - WATCHLIST,MARCHE JUSTE,BOOST|GLOBAL_BOOST,-6.0% (36 obs),MEGA 70%/3% | SAFE 63%/1% | VALUE 58%/3%,REFUSE,value negative,Value negative ou nulle | Proba IA 31.7% | MARCHE JUSTE | Learning BOOST|GLOBAL_BOOST | Calibration -6.0% (36 obs) | Source the-odds-api,0.42,0.5,0.62,1.1,0.88,1.2,1,NO BET,7.43,0.0,0.0,0.0,1486.1,1500.0,51.1,1.08,0.94,0.3315,NO DRAW SIGNAL,1-1,15.22,1-0,14.84,0-0,13.53,SCORE POISSON + FORME - confiance 83%,A recalculer via player_scorers,0.2856,0.7144,0.3829,0.6171,"[('1-1', 0.1522), ('1-0', 0.1484), ('0-0', 0.1353), ('0-1', 0.1255), ('2-0', 0.0864), ('2-1', 0.0757), ('0-2', 0.0621), ('1-2', 0.062), ('2-2', 0.0209), ('3-1', 0.0187), ('3-0', 0.0177), ('1-3', 0.0133)]",0.0,0.0,0.0,0.0,110.73
03/10/2026 01:08,NO BET,2026-10-19T19:00:00Z,soccer_spain_la_liga,the-odds-api,football,Getafe,Rayo Vallecano,Away Win,Rayo Vallecano,0.3010590375448147,2.95,0.339,-0.1119,A EVITER,NO BET,False,59.14,5 - WATCHLIST,OK,BOOST|GLOBAL_BOOST,-4.1% (61 obs),MEGA 70%/3% | SAFE 63%/1% | VALUE 58%/3%,REFUSE,value negative,Value negative ou nulle | Proba IA 30.1% | Learning BOOST|GLOBAL_BOOST | Calibration -4.1% (61 obs) | Source the-odds-api,0.42,0.5,0.62,1.1,0.88,1.2,1,NO BET,7.43,0.0,0.0,0.0,1486.1,1500.0,51.1,1.08,0.94,0.3315,NO DRAW SIGNAL,1-1,15.22,1-0,14.84,0-0,13.53,SCORE POISSON + FORME - confiance 83%,A recalculer via player_scorers,0.2856,0.7144,0.3829,0.6171,"[('1-1', 0.1522), ('1-0', 0.1484), ('0-0', 0.1353), ('0-1', 0.1255), ('2-0', 0.0864), ('2-1', 0.0757), ('0-2', 0.0621), ('1-2', 0.062), ('2-2', 0.0209), ('3-1', 0.0187), ('3-0', 0.0177), ('1-3', 0.0133)]",0.0,0.0,0.0,0.0,108.6
