segment,bets,wins,losses,stake,profit,avg_odds,dimension,winrate,roi,ai_recommendation
MEDIUM,2,1,1,0.67,0.11999999999999997,1.655,Mode de pari,0.5,0.17910447761194023,WAIT_MORE_DATA
OTHER,1,1,0,1.0,0.24,1.24,Mode de pari,1.0,0.24,WAIT_MORE_DATA
tennis,3,2,1,1.67,0.36,1.5166666666666666,Sport,0.6666666666666666,0.2155688622754491,BOOST
tennis_atp_french_open,1,1,0,0.5,0.29,1.58,Compétition,1.0,0.58,WAIT_MORE_DATA
tennis_wta_french_open,2,1,1,1.17,0.06999999999999998,1.4849999999999999,Compétition,0.5,0.05982905982905982,WAIT_MORE_DATA
Player 1 Win,3,2,1,1.67,0.36,1.5166666666666666,Marché,0.6666666666666666,0.2155688622754491,BOOST
the-odds-api,3,2,1,1.67,0.36,1.5166666666666666,Source cote,0.6666666666666666,0.2155688622754491,BOOST
