segment,bets,wins,losses,stake,profit,avg_odds,dimension,winrate,roi,ai_recommendation
MEDIUM,3,1,2,1.67,-0.88,1.6266666666666667,Mode de pari,0.3333333333333333,-0.5269461077844312,REDUCE
OTHER,2,1,1,2.5,-1.26,1.175,Mode de pari,0.5,-0.504,WAIT_MORE_DATA
tennis,5,2,3,4.17,-2.14,1.4460000000000002,Sport,0.4,-0.513189448441247,REDUCE
tennis_atp_french_open,2,1,1,1.5,-0.71,1.5750000000000002,Compétition,0.5,-0.47333333333333333,WAIT_MORE_DATA
tennis_wta_french_open,3,1,2,2.67,-1.43,1.36,Compétition,0.3333333333333333,-0.5355805243445693,REDUCE
Player 1 Win,5,2,3,4.17,-2.14,1.4460000000000002,Marché,0.4,-0.513189448441247,REDUCE
the-odds-api,5,2,3,4.17,-2.14,1.4460000000000002,Source cote,0.4,-0.513189448441247,REDUCE
