segment,bets,wins,stake,profit,avg_probability,avg_odds,dimension,winrate,roi
football,1050,350,1050.0,-14.600000000000001,0.33333266666666667,3.5420857142857143,category,0.3333333333333333,-0.013904761904761906
Away Win,350,112,350.0,-10.78,0.31517485714285715,3.912257142857143,market,0.32,-0.030799999999999998
Draw,350,93,350.0,27.75,0.24770285714285714,4.063657142857143,market,0.26571428571428574,0.07928571428571428
Home Win,350,145,350.0,-31.57,0.4371202857142857,2.6503428571428573,market,0.4142857142857143,-0.0902
NO BET,703,229,703.0,-57.61,0.3242500711237553,3.229146514935989,bet_mode,0.32574679943101,-0.08194879089615932
SAFE PICK,1,1,1.0,0.6499999999999999,0.6325,1.65,bet_mode,1.0,0.6499999999999999
WATCHLIST,346,120,346.0,42.36,0.3509219653179191,4.183381502890174,bet_mode,0.3468208092485549,0.12242774566473988
historical-backtest,1050,350,1050.0,-14.600000000000001,0.33333266666666667,3.5420857142857143,odds_source,0.3333333333333333,-0.013904761904761906
